ticker,last_close,last_close_date,avg_price_1y,return_1y,div_ttm,last_div,last_ex_div
AAAP,25.350000381469727,2026-10-02,25.332083384195965,,0.278,0.124,2026-09-30
AACG,0.7699999809265137,2026-10-02,1.0259362549420847,-0.44604317348853983,,,
AACI,10.0600004196167,2026-10-02,9.971526706491717,,,,
AACO,10.0,2026-10-02,9.936499865849813,,,,
AACP,10.069999694824219,2026-10-02,10.016067344151185,,,,
AADR,81.66999816894531,2026-10-02,85.62310748461233,-0.05200235957729882,0.95,0.357,2026-09-22
AAEQ,55.36399841308594,2026-10-02,51.47607410544216,0.11747133548748034,0.049,0.049,2025-12-30
AAL,12.9399995803833,2026-10-02,13.69912353454833,0.11744383986506901,,,
AALG,9.706999778747559,2026-10-02,13.11494820811359,-0.1325290310319157,0.276,0.276,2025-12-30
AAME,1.2699999809265137,2026-10-02,2.262948202896878,-0.543165469785376,,,
AAOI,115.58999633789062,2026-10-02,92.55133480664743,3.1385605110956742,,,
AAON,83.2699966430664,2026-10-02,97.39239033854815,-0.15307163444336425,0.4,0.1,2026-09-04
AAPB,43.45100021362305,2026-10-02,34.37753783754144,0.41304065735359496,1.409,1.409,2025-12-29
AAPD,10.28600025177002,2026-10-02,12.529884444764885,-0.2562544968537023,0.449,0.178,2026-09-22
AAPG,15.364999771118164,2026-10-02,23.847549795629494,-0.6098273399093752,,,
AAPL,333.69000244140625,2026-10-02,284.85493967732583,0.29327190392107494,1.06,0.27,2026-08-10
AAPU,44.33000183105469,2026-10-02,35.76438251814519,0.3356433764773046,2.938,0.189,2026-09-22
AARD,4.989999771118164,2026-10-02,8.331772912545983,-0.6896766296769927,,,
AAUB,51.520599365234375,2026-10-02,50.872364717371326,,,,
AAUS,62.18980026245117,2026-10-02,57.18317458924069,0.14756148122285984,0.203,0.203,2025-12-23
AAVM,33.73469924926758,2026-10-02,32.22829758693498,0.1628644944194766,0.606,0.606,2025-12-30
AAXJ,118.19999694824219,2026-10-02,105.35370526560749,0.269875318253449,1.546,0.421,2026-06-15
ABAT,2.190000057220459,2026-10-02,3.522589635089099,-0.5512295069953377,,,
ABCL,13.739999771118164,2026-10-02,5.701673293018721,1.3288134828856277,,,
ABCS,33.54750061035156,2026-10-02,32.03720516037656,0.09941340622187944,0.389,0.089,2026-09-28
ABEO,5.03000020980835,2026-10-02,5.435179288643765,-0.07024023074335828,,,
ABI,24.5049991607666,2026-10-02,24.86007568085811,-0.021561226347867946,1.569,0.126,2026-09-09
ABIG,35.672000885009766,2026-10-02,32.79240244983202,0.11831463047826807,0.031,0.031,2025-12-23
ABLV,2.4000000953674316,2026-10-02,0.8716254968092261,1.4922119382718702,,,
ABNB,162.42999267578125,2026-10-02,139.1756373249677,0.35110623046482825,,,
ABOS,2.0399999618530273,2026-10-02,2.397868525459472,0.1791907163940747,,,
ABSI,11.069999694824219,2026-10-02,5.419940249378462,2.2751477278145877,,,
ABTC,8.510000228881836,2026-10-02,25.498286737388824,-0.9187201482623853,,,
ABTS,1.1820000410079956,2026-10-02,3.117023899260745,-0.8834894048621313,,,
ABUS,4.449999809265137,2026-10-02,4.522270902694459,0.015981665067411388,,,
ABVC,1.0099999904632568,2026-10-02,1.660776891556394,-0.6633333365122478,,,
ABVX,92.87999725341797,2026-10-02,115.36298805024045,0.10676834223035425,,,
ACAA,10.050000190734863,2026-10-02,9.98385244901063,,,,
ACAD,19.950000762939453,2026-10-02,24.168725093522394,-0.08486231829660107,,,
ACB,3.9200000762939453,2026-10-02,3.8436852736302107,-0.30619468847300624,,,
ACBE,25.084999084472656,2026-10-02,24.986218690872192,,0.1432,0.1432,2026-09-30
ACBH,25.15999984741211,2026-10-02,25.10881221294403,,0.2102,0.2102,2026-09-30
ACCL,2.5999999046325684,2026-10-02,2.299099589779169,-0.3580247451393812,,,
ACCV,17.719999313354492,2026-10-02,17.418333053588867,,,,
ACDC,4.579999923706055,2026-10-02,5.235159373378374,0.09832130453496135,,,
ACEP,20.003000259399414,2026-10-02,18.70000464860783,0.2926009542042831,0.022,0.022,2025-12-30
ACET,6.5,2026-10-02,8.754494019238598,-0.5134730413895378,,,
ACFN,19.020000457763672,2026-10-02,18.6563346718412,-0.35040983566511263,,,
ACGC,10.050000190734863,2026-10-02,9.982921364602078,,,,
ACGL,93.5999984741211,2026-10-02,95.1813544163191,0.030950518011429784,,,
ACHC,28.059999465942383,2026-10-02,23.248764892973274,0.03389830865821053,,,
ACHV,7.239999771118164,2026-10-02,5.226573710422592,1.2984125561664959,,,
ACIC,9.329999923706055,2026-10-02,11.059322706731667,-0.1998284694852024,0.75,0.75,2026-01-02
ACIU,2.7249999046325684,2026-10-02,2.8840039859255,-0.3170426320502808,,,
ACIW,50.150001525878906,2026-10-02,46.991195222771026,-0.06471461162119585,,,
ACLS,147.77000427246094,2026-10-02,112.5232270685325,0.6657649171177349,,,
ACMR,83.37999725341797,2026-10-02,60.84067720815955,1.0062558830184019,,,
ACNB,63.779998779296875,2026-10-02,53.526972067783554,0.4578285435267857,2.1,0.42,2026-09-01
ACNT,13.770000457763672,2026-10-02,14.589880506355923,0.09285714610093287,,,
ACOG,9.100000381469727,2026-10-02,6.777171313525196,0.2165775880033891,,,
ACON,2.380000114440918,2026-10-02,4.008792832553149,-0.6761904564188024,,,
ACQQ,25.184999465942383,2026-10-02,24.616714150565013,,0.496,0.496,2026-10-01
ACRS,4.389999866485596,2026-10-02,4.0416334786738055,1.3602149638292742,,,
ACRT,22.659299850463867,2026-10-02,23.893408639090403,,0.56,0.56,2026-10-01
ACRV,1.9900000095367432,2026-10-02,1.8839840561270238,0.041884839954660524,,,
ACSP,21.945899963378906,2026-10-02,24.087597056797573,,2.288,2.288,2026-10-01
ACT,45.2599983215332,2026-10-02,42.33998006083576,0.23056008220994406,0.8999999999999999,0.24,2026-08-20
ACTG,4.340000152587891,2026-10-02,4.287131465288748,0.3191489978448119,,,
ACTU,0.8190000057220459,2026-10-02,3.5893545822793267,-0.8826647559478433,,,
ACWI,160.08999633789062,2026-10-02,149.12314742494866,0.1475985400565636,2.245,1.01,2026-06-15
ACWX,76.01000213623047,2026-10-02,71.96111545334774,0.14870793772974955,1.9009999999999998,0.852,2026-06-15
ACXP,1.2699999809265137,2026-10-02,2.768984072711838,-0.7208791367717727,,,
ADAC,10.149999618530273,2026-10-02,9.995609795174948,,,,
ADAG,2.8499999046325684,2026-10-02,3.0414422356274975,0.43939387736278235,,,
ADAM,7.809999942779541,2026-10-02,8.234701181312957,0.11891116352980013,1.03,0.3,2026-09-22
ADBE,237.69000244140625,2026-10-02,275.53067715709426,-0.31450075233392505,,,
ADBG,3.6549999713897705,2026-10-02,6.122505954537258,-0.6528964801446904,,,
ADBT,0.14000000059604645,2026-10-02,1.2596428460840667,,,,
ADEA,25.34000015258789,2026-10-01,22.90092000579834,0.46558697575494157,0.2,0.05,2026-08-24
ADGM,0.15299999713897705,2026-10-02,0.9107649376786563,-0.9235000014305115,,,
ADI,417.1499938964844,2026-10-02,336.56541910969406,0.7238314989346466,4.29,1.1,2026-09-01
ADIL,4.119999885559082,2026-10-02,4.463625496602154,-0.5880000114440918,,,
ADMA,9.720000267028809,2026-10-02,12.704083663058945,-0.3369713254980249,,,
ADP,257.67999267578125,2026-10-02,243.80107596955926,-0.11544404642703077,6.8,1.7,2026-09-11
ADPT,28.350000381469727,2026-10-02,18.18701197331645,0.9714881888630604,,,
ADRX,18.25,2026-10-02,19.635000228881836,,,,
ADSE,10.59000015258789,2026-10-02,11.46346611995621,-0.07752608232901237,,,
ADSK,212.0,2026-10-02,251.95274863680046,-0.33521478815450945,,,
ADTN,7.039999961853027,2026-10-02,10.775179277853187,-0.23891892304291595,,,
ADUR,12.279999732971191,2026-10-02,13.210199234495125,-0.1862160630352805,,,
ADUS,111.2699966430664,2026-10-02,107.67179268764785,-0.03125547578102328,,,
ADV,27.639999389648438,2026-10-02,29.600757009954567,-0.2579865935664849,,,
ADVB,6.730000019073486,2026-10-02,6.678215148439445,-0.27789697001696967,,,
ADXN,3.069999933242798,2026-10-02,6.778338649833345,-0.6663043481641096,,,
AEAQ,10.079999923706055,2026-10-02,9.98344828068525,,,,
AEBI,10.90999984741211,2026-10-02,12.433784864813209,-0.120161275560972,0.1,0.025,2026-08-20
AEC,3.440000057220459,2026-10-02,5.644780888500442,-0.6424116322096466,,,
AEHL,10.0,2026-10-02,83.43103584920267,-0.9689054732269463,,,
AEHR,107.20999908447266,2026-10-02,60.43920312554713,2.456157237342664,,,
AEI,0.7419999837875366,2026-10-02,1.967960159854585,-0.733093528264823,,,
AEIS,304.2799987792969,2026-10-02,284.304900393543,0.7501437806919009,0.4,0.1,2026-08-24
AEMD,6.449999809265137,2026-10-02,11.849282872154419,-0.8367088655882244,,,
AENT,4.489999771118164,2026-10-02,6.376258964082634,-0.33283807453297765,,,
AEP,119.56999969482422,2026-10-02,125.398047944939,0.04830792788155125,3.8,0.95,2026-08-10
AERT,7.409999847412109,2026-10-02,5.208450188199837,0.43382343850138794,,,
AESP,9.989999771118164,2026-10-02,9.937575759309711,,,,
AEVA,14.760000228881836,2026-10-02,16.695996029918412,-0.09724771348567784,,,
AEYE,6.920000076293945,2026-10-02,8.530796791927749,-0.5194444264158786,,,
AFCG,3.5,2026-10-02,2.994920325944148,-0.10485935468811713,0.15000000000000002,0.05,2026-09-30
AFDM,88.98179626464844,2026-10-02,84.88558081516706,0.14042671611016178,3.097,0.682,2026-09-24
AFEM,98.80819702148438,2026-10-02,87.7575906396387,0.28609612711022847,2.491,0.673,2026-09-24
AFJK,12.109999656677246,2026-10-02,28.730462180665764,0.06884375447692426,,,
AFOS,45.494998931884766,2026-10-02,39.613537921373585,0.4471340202732996,0.102,0.102,2025-12-23
AFRI,11.239999771118164,2026-10-02,10.112290861122162,0.2934407725969519,,,
AFRM,70.7699966430664,2026-10-02,67.65348607705408,-0.054256382315139406,,,
AFSC,37.35879898071289,2026-10-02,33.975050990799986,0.2418574860659506,0.024,0.024,2025-12-19
AFYA,12.220000267028809,2026-10-02,14.401593630057407,-0.21161288599814143,0.656,0.656,2026-03-25
AGCC,15.0,2026-10-02,13.233420201710292,1.4793387648105223,,,
AGEM,48.842201232910156,2026-10-02,43.898534706389285,0.29785565821090465,1.169,0.556,2026-09-22
AGEN,8.359999656677246,2026-10-02,4.499601596855072,1.0193236536922803,,,
AGGA,24.405000686645508,2026-10-02,25.149892457452903,-0.04030670885684795,1.047,0.09,2026-09-08
AGIO,31.799999237060547,2026-10-02,32.18633476196532,-0.21481483365282605,,,
AGIX,48.81999969482422,2026-10-02,39.94831471994104,0.31025233209981895,0.438,0.438,2025-12-22
AGMB,8.5600004196167,2026-10-02,12.526787861910734,,,,
AGMH,0.699999988079071,2026-10-02,1.7783625482088066,-0.9102564139792513,,,
AGMI,69.23500061035156,2026-10-02,67.87617140082249,0.2756333240698219,2.865,2.865,2025-12-18
AGNC,8.789999961853027,2026-10-02,10.611035867516263,-0.12624258496920227,1.4400000000000004,0.12,2026-09-30
AGNG,35.94499969482422,2026-10-02,36.18341034057131,0.04067743897091969,0.32799999999999996,0.156,2026-06-29
AGNT,3.6500000953674316,2026-10-02,6.955139453667568,-0.6601489596691656,0.2,0.05,2026-08-14
AGPU,12.079999923706055,2026-10-02,6.711254987583692,-0.15671901678540046,,,
AGRZ,3.25,2026-10-02,21.086095614262312,-0.9413357416879884,,,
AGYS,99.26000213623047,2026-10-02,98.37454171959622,-0.053223906873063,,,
AGZD,22.559999465942383,2026-10-02,22.558844608139708,0.004005347367073586,0.922,0.095,2026-09-25
AHCO,5.599999904632568,2026-10-02,9.573904364232524,-0.38393841467227385,,,
AHD,26.545000076293945,2026-10-02,25.9191052487022,,2.487,0.72,2026-09-09
AHG,1.149999976158142,2026-10-02,1.5297848613138694,-0.28125002561137047,,,
AHMA,1.3200000524520874,2026-10-02,4.876154820041178,-0.716129026799991,,,
AIA,144.6699981689453,2026-10-02,119.01808780502988,0.4848609023483703,2.14,0.515,2026-06-15
AIAI,3.5,2026-10-02,8.521836704137375,,,,
AIBZ,4.0,2026-10-02,6.194814799744406,,,,
AICH,24.889999389648438,2026-10-02,26.373846200796272,,,,
AIDX,0.3799999952316284,2026-10-02,1.4912101876963475,,,,
AIFA,4.46999979019165,2026-10-02,2.6198764873215876,-0.19021742651503126,,,
AIFC,0.5,2026-10-02,1.205856571871921,-0.8257839651785913,,,
AIFD,55.65999984741211,2026-10-02,44.42696815277951,0.5509794142201774,,,
AIFF,1.3600000143051147,2026-10-02,1.4934661371774407,-0.538983053450131,,,
AIFR,26.80069923400879,2026-10-02,25.414158877204446,,,,
AIFU,10.220000267028809,2026-10-02,44.469123551570085,-0.9105078761809361,,,
AIIO,1.190000057220459,2026-10-02,5.995231081052605,-0.9654069766152414,,,
AIIR,7.389999866485596,2026-10-02,9.13453778802636,-0.28529983003568626,,,
AIMD,1.3530000448226929,2026-10-02,1.9477011957966475,-0.6167138652156949,,,
AIMG,21.119699478149414,2026-10-02,19.87409995583927,,,,
AIMS,27.414100646972656,2026-10-02,26.777141746567803,,,,
AINF,21.05270004272461,2026-10-02,19.249778747558594,,0.051,0.051,2026-09-23
AIOS,11.319999694824219,2026-10-02,27.630079603765115,-0.858145372657666,,,
AIOT,2.809999942779541,2026-10-02,4.053545815061288,-0.44793715942211465,,,
AIP,24.65999984741211,2026-10-02,22.51601593807874,1.24590171908054,,,
AIPI,37.7599983215332,2026-10-02,38.099446148511426,-0.10974896837241443,12.687999999999999,0.25,2026-09-30
AIPO,28.8700008392334,2026-10-02,27.267876537672553,0.24439654697561108,0.003,0.003,2025-12-30
AIQ,66.2300033569336,2026-10-02,56.007968340261996,0.31906003912704906,0.045,0.045,2025-12-30
AIRE,1.3200000524520874,2026-10-02,6.7497609549784565,-0.9223529380910537,,,
AIRG,4.610000133514404,2026-10-02,5.195258973604179,0.10551559932140475,,,
AIRJ,3.9200000762939453,2026-10-02,4.056952196288393,-0.20162928755282117,,,
AIRO,6.590000152587891,2026-10-02,9.537489999337975,-0.6604842759199444,,,
AIRR,106.72000122070312,2026-10-02,113.15019876548493,0.099526106584515,0.095,0.067,2026-03-26
AIRS,1.7699999809265137,2026-10-02,3.9301792796389514,-0.7713178251592107,,,
AIRT,29.799999237060547,2026-10-02,23.624462226472527,0.3121972892299889,,,
AISP,2.119999885559082,2026-10-02,2.8585856678001433,-0.6369863304507548,,,
AIX,25.5,2026-10-02,23.74357133592878,,,,
AIXI,1.809999942779541,2026-10-02,8.952019928817256,-0.9252066162926976,,,
AKAM,108.91999816894531,2026-10-02,105.47147411939157,0.4043321505607349,,,
AKAN,1.9800000190734863,2026-10-02,14.609533749728564,-0.9711763937417673,,,
AKBA,0.8650000095367432,2026-10-02,1.4214701149093203,-0.6943462781426603,,,
AKTS,18.520000457763672,2026-10-02,21.497934740522634,,,,
AKTX,8.720000267028809,2026-10-02,12.57006771251025,-0.7620087223720754,,,
ALAB,350.3299865722656,2026-10-02,226.04691211350885,0.7451926720416258,,,
ALAR,1.7400000095367432,2026-10-02,7.220677325925029,-0.8823529402282203,,,
ALBG,4.171999931335449,2026-10-02,11.269956028068458,,,,
ALCO,38.310001373291016,2026-10-02,38.961314699089385,0.14187786123620527,0.2,0.05,2026-10-02
ALDF,10.819999694824219,2026-10-02,10.609916291863795,0.03590234666888725,,,
ALDX,1.1699999570846558,2026-10-02,3.1741235080468226,-0.796167246735493,,,
ALEC,1.809999942779541,2026-10-02,1.9519521919379672,-0.4548192833812409,,,
ALF,10.920000076293945,2026-10-02,10.761171401734371,0.03507107856585834,,,
ALGM,39.529998779296875,2026-10-02,37.71211156807098,0.3958333052708827,,,
ALGN,143.74000549316406,2026-10-02,164.26549785355647,0.08753883244690286,,,
ALGS,5.539999961853027,2026-10-02,7.215916331545765,-0.4498510298167657,,,
ALGT,77.61000061035156,2026-10-02,85.02705188766419,0.23602483641880911,,,
ALHC,7.940000057220459,2026-10-02,17.94225102876762,-0.5222623552173844,,,
ALIL,30.846599578857422,2026-10-02,30.131827054270712,0.05725935528139625,0.068,0.068,2025-12-23
ALIS,10.329999923706055,2026-10-02,10.072834784831477,0.041435655344648215,,,
ALKS,41.75,2026-10-02,37.30346621175211,0.3441725923330847,,,
ALKT,13.890000343322754,2026-10-02,18.813585665121497,-0.43513622378481576,,,
ALLO,1.5,2026-10-02,1.8531872499511537,0.12781951248062962,,,
ALLR,1.0399999618530273,2026-10-02,1.2517569661140442,-0.32903226203402436,,,
ALLT,8.430000305175781,2026-10-02,8.438645412247494,-0.20845064721803785,,,
ALLW,28.579999923706055,2026-10-02,29.201796801441695,0.014914775517391954,1.285,1.285,2025-12-29
ALM,13.399999618530273,2026-10-02,13.950996060770347,1.1269840020381383,,,
ALMR,34.36000061035156,2026-10-02,26.548717938936672,,,,
ALMS,6.849999904632568,2026-10-02,18.90498004396598,0.7039800838640322,,,
ALMU,13.119999885559082,2026-10-02,17.178565713038957,-0.2715158401542316,,,
ALNT,118.30000305175781,2026-10-02,72.9360158699917,1.7052367777296347,0.14,0.04,2026-08-19
ALNY,219.72000122070312,2026-10-02,333.05693218337586,-0.5185274498038175,,,
ALOV,10.020099639892578,2026-10-02,9.93164347921099,,,,
ALOY,8.119999885559082,2026-10-02,10.680490035934753,0.33993398716678547,,,
ALP,4.599999904632568,2026-10-02,1.4328634557594735,-0.20000001658564026,,,
ALPS,0.39500001072883606,2026-10-02,0.7857489143357133,-0.8457031173602443,,,
ALPX,9.960000038146973,2026-10-02,9.910158626616948,,,,
ALRM,54.68000030517578,2026-10-02,49.5800199470672,0.04750956908025672,,,
ALRS,32.66999816894531,2026-10-02,26.652470159340666,0.4836511121609324,0.86,0.22,2026-09-25
ALT,2.734999895095825,2026-10-02,3.6545816740666726,-0.3005115511359975,,,
ALTI,2.9100000858306885,2026-10-02,3.8550796869741495,-0.20491802798135095,,,
ALTO,3.7699999809265137,2026-10-02,3.6832270864471495,2.396396335442049,,,
ALTY,11.779999732971191,2026-10-02,12.18123109597134,-0.006494106072517214,0.9339999999999998,0.08,2026-09-03
ALVO,5.449999809265137,2026-10-02,4.655497998355394,-0.3449519219747661,,,
ALXO,1.2200000286102295,2026-10-02,1.7787250959540744,-0.44036697649050704,,,
ALZN,1.3700000047683716,2026-10-02,1.7130796771600427,-0.458498015707167,,,
AMA,28.1200008392334,2026-10-02,28.627009275917693,,,,
AMAC,9.800000190734863,2026-10-02,9.816842179549369,,,,
AMAL,48.189998626708984,2026-10-02,39.51581674553009,0.7795420517901501,0.6500000000000001,0.17,2026-08-04
AMAN,10.5,2026-10-02,10.344315749720524,,,,
AMAT,540.0399780273438,2026-10-02,388.81713119446044,1.4826000140571938,1.9800000000000002,0.53,2026-08-20
AMBA,68.6500015258789,2026-10-02,71.07653408886426,-0.18429184245881158,,,
AMBR,1.809999942779541,2026-10-02,1.901322708424344,-0.436137096177608,,,
AMCI,3.009999990463257,2026-10-02,6.2525378565389325,-0.7537026380828126,,,
AMCX,11.15999984741211,2026-10-02,9.174501990892022,0.38289966164059397,,,
AMD,633.9099731445312,2026-10-02,345.25274931767075,2.8495778234852662,,,
AMDD,21.690000534057617,2026-10-02,63.65157373587924,-0.846822036729283,3.202,0.242,2026-09-22
AMDG,143.76199340820312,2026-10-02,61.44379671256381,6.08885545072349,2.968,2.968,2025-12-30
AMDL,84.54000091552734,2026-10-02,35.724601597425,6.930581812911641,,,
AMEI,26.03219985961914,2026-10-02,26.035101312986562,,,,
AMEM,24.994699478149414,2026-10-02,25.032601396802445,,,,
AMGN,403.0400085449219,2026-10-02,354.5585665151892,0.35298260675363635,9.94,2.52,2026-08-21
AMGR,26.080799102783203,2026-10-02,25.244377485463318,,,,
AMID,37.05500030517578,2026-10-02,34.87973299824384,0.07994287737702876,0.12,0.12,2025-12-23
AMIX,3.7799999713897705,2026-10-02,10.333808752645059,-0.842105267875318,,,
AMKR,56.02000045776367,2026-10-02,52.71462154768378,0.9067393484670869,0.336,0.084,2026-09-02
AMLX,27.790000915527344,2026-10-02,17.57460164073929,1.070789922320314,,,
AMOD,3.490000009536743,2026-10-02,17.82705174119349,-0.922098212746181,,,
AMPG,3.049999952316284,2026-10-02,3.7895219107548077,-0.2939815205740325,,,
AMPH,25.43000030517578,2026-10-02,22.996533861198273,-0.049345782984082986,,,
AMPL,14.520000457763672,2026-10-02,9.371235078074543,0.4319526593828147,,,
AMRN,12.350000381469727,2026-10-02,15.061035897152358,-0.34447981520991056,,,
AMRX,20.299999237060547,2026-10-02,14.23661355478355,0.9538015944442737,,,
AMSC,30.010000228881836,2026-10-02,37.62486051278285,-0.4939291633223737,,,
AMSF,23.59000015258789,2026-10-02,33.94462146227103,-0.45304893187152506,2.62,0.41,2026-09-11
AMSS,0.41999998688697815,2026-10-02,1.737234042045918,,,,
AMST,0.9399999976158142,2026-10-02,1.7622111518069568,-0.7044025226784423,,,
AMTX,1.7200000286102295,2026-10-02,2.0042828701406834,-0.35094340878816244,,,
AMUN,25.915000915527344,2026-10-02,26.062828502894444,-0.011255176621508323,0.748,0.067,2026-10-01
AMUU,300.6300048828125,2026-10-02,127.27457786651246,6.162973460542016,8.091,0.171,2026-09-22
AMYY,13.65999984741211,2026-10-02,18.12202786449417,-0.43542054061962854,16.538000000000004,0.178,2026-10-02
AMZD,8.680000305175781,2026-10-02,9.64607967513491,-0.19592401631962464,0.238,0.045,2026-09-22
AMZN,251.52000427246094,2026-10-02,238.85709159212757,0.14582483971875893,,,
AMZU,34.59000015258789,2026-10-02,35.60778888383235,-0.0034571862590007107,1.985,0.191,2026-09-22
AMZZ,32.380001068115234,2026-10-02,32.22132671401795,0.09060291295622913,,,
ANAB,48.529998779296875,2026-10-02,43.9184461418851,1.3527794735754854,,,
ANDE,67.72000122070312,2026-10-02,64.06892414776928,0.6401065565304123,0.8,0.2,2026-10-01
ANEL,28.378999710083008,2026-10-02,19.846864525540415,0.30646347254408446,,,
ANGH,3.7260000705718994,2026-10-02,3.313848611368126,0.24615386578182274,,,
ANGI,6.050000190734863,2026-10-02,8.530876482625407,-0.6292891970669839,,,
ANGL,27.56999969482422,2026-10-02,29.156334637645706,-0.06983804782219905,1.91,0.158,2026-10-01
ANGO,15.109999656677246,2026-10-02,12.420597570350921,0.29810989785279896,,,
ANGU,25.5,2026-10-02,25.35951214301877,,,,
ANIK,19.100000381469727,2026-10-02,13.887012010551544,1.105843552824937,,,
ANIP,72.18000030517578,2026-10-02,80.35892410582281,-0.1947791075787192,,,
ANIX,2.950000047683716,2026-10-02,3.2671713107135667,-0.09785930737287951,,,
ANL,15.09000015258789,2026-10-02,8.54774898884306,7.722543344635017,,,
ANNA,2.6700000762939453,2026-10-02,3.404103579274212,-0.33746899819121357,,,
ANNX,4.190000057220459,2026-10-02,4.997868523654709,0.313479618201427,,,
ANPA,1.9700000286102295,2026-10-02,18.247418386052804,-0.9242307681303757,,,
ANTA,2.319999933242798,2026-10-02,7.632788853816302,-0.817178880223988,,,
ANTX,5.710000038146973,2026-10-02,3.246896410368353,3.3923078827604103,,,
ANV,25.540000915527344,2026-10-02,25.127065841309324,,2.3670000000000004,0.297,2026-09-09
AOHY,10.6899995803833,2026-10-02,11.068394410182755,-0.04434116714357483,0.728,0.063,2026-09-30
AOSL,30.239999771118164,2026-10-02,28.896733082623122,0.0715804573676142,,,
AOTG,68.38700103759766,2026-10-02,57.88376091580942,0.24046797955078736,,,
AOUT,16.350000381469727,2026-10-02,9.945019949954819,0.8749999863292104,,,
APA,43.68000030517578,2026-10-02,33.0650598366422,0.7799510462747321,1.0,0.25,2026-07-22
APAC,10.270000457763672,2026-10-02,10.089078726591888,0.03632700463114258,,,
APC,15.5,2026-10-02,18.909006201702617,,0.76,0.5,2026-08-18
APEI,43.72999954223633,2026-10-02,46.10382460028052,0.13969248786966992,,,
API,4.079999923706055,2026-10-02,4.022031881894724,0.08222810194904984,,,
APLD,25.3799991607666,2026-10-02,31.630259008521577,-0.04334721055841462,,,
APLM,23.266000747680664,2026-10-02,18.670641435569976,0.2621928082828575,,,
APMC,9.970000267028809,2026-10-02,9.932352893492755,,,,
APMD,21.510000228881836,2026-10-02,26.68777766757541,,,,
APOG,35.619998931884766,2026-10-02,37.940478138714674,-0.19828947361642746,1.07,0.27,2026-07-14
APP,268.2200012207031,2026-10-02,487.894562618666,-0.6071533227132377,,,
APPF,202.97000122070312,2026-10-02,196.26824726241517,-0.18766508955057537,,,
APPN,36.68000030517578,2026-10-02,29.563207200798857,0.2218520901351193,,,
APPS,11.170000076293945,2026-10-02,6.762948203371815,0.7646129875076195,,,
APPX,9.180000305175781,2026-10-02,52.32420705134175,-0.9310603780961899,9.975,9.975,2025-12-26
APRE,0.6949999928474426,2026-10-02,0.8889561763322685,-0.5366666714350383,,,
APUR,10.03499984741211,2026-10-02,9.972741957633726,,,,
APVO,1.7599999904632568,2026-10-02,9.531661353738185,-0.9316239313864298,,,
APWC,1.3200000524520874,2026-10-02,1.5954581693824068,-0.3653845668897103,,,
APXT,10.149999618530273,2026-10-02,10.00685909878124,0.023185437547118992,,,
APYX,2.549999952316284,2026-10-02,3.6702191364242736,0.06694553991181706,,,
AQB,0.925000011920929,2026-10-02,1.055597607595512,-0.5942982352946713,,,
AQLG,26.162799835205078,2026-10-02,26.038814614458783,,,,
AQMS,2.3299999237060547,2026-10-02,4.821872518357052,-0.6666666666666667,,,
AQST,4.550000190734863,2026-10-02,4.736872503956951,-0.2155172342919569,,,
AQWA,18.125999450683594,2026-10-02,19.273358569202195,-0.0737864213928694,0.299,0.127,2026-06-29
ARAI,0.2160000056028366,2026-10-02,1.6628246990689244,-0.9446153845330902,,,
ARAY,0.2800000011920929,2026-10-02,0.6162948199358594,-0.8343195315314909,,,
ARBB,4.599999904632568,2026-10-02,5.123470110722272,-0.45172828171651824,,,
ARBE,0.6129999756813049,2026-10-02,1.0587490034768305,-0.700975614663464,,,
ARBK,2.25,2026-10-02,18.165179326714746,-0.9750797453725122,,,
ARCB,132.61000061035156,2026-10-02,109.62737059878162,0.842317232923242,0.48,0.12,2026-08-07
ARCC,18.860000610351562,2026-10-02,19.38812755113579,-0.06401980310671607,1.92,0.48,2026-09-15
ARCI,10.079999923706055,2026-10-02,10.011214338030134,,,,
ARCL,10.0,2026-10-02,9.938295375217091,,,,
ARCT,13.029999732971191,2026-10-02,9.074342634573402,-0.42242907617786596,,,
ARDX,3.3399999141693115,2026-10-02,5.614083679548773,-0.3650190553548085,,,
AREC,1.7899999618530273,2026-10-02,2.7135059838275986,-0.5162162327609676,0.043,0.043,2026-08-14
ARGX,919.2100219726562,2026-10-02,853.15633316344,0.14901252746582028,,,
ARHS,10.239999771118164,2026-10-02,8.73717129657943,-0.07162284505697103,0.35,0.35,2026-03-18
ARKO,4.170000076293945,2026-10-02,5.730338639947048,-0.07126942341570053,0.12,0.03,2026-08-20
ARKR,4.5,2026-10-02,6.4039043772268105,-0.3975903445260274,,,
ARM,307.489990234375,2026-10-02,202.8666134716505,1.01447845560741,,,
ARMG,23.520000457763672,2026-10-02,16.810753007334068,0.8541584296198528,0.277,0.277,2025-12-30
ARMY,23.09000015258789,2026-10-02,25.20289640692601,-0.14227339943727546,,,
AROW,37.790000915527344,2026-10-02,34.92741039929637,0.3692029127977494,1.19,0.3,2026-08-11
ARQ,1.940000057220459,2026-10-02,3.141035841755658,-0.7228571346827916,,,
ARQQ,24.6200008392334,2026-10-02,22.516673319843186,-0.5068108625342612,,,
ARQT,25.15999984741211,2026-10-02,25.18970122470324,0.263052196337795,,,
ARRY,4.079999923706055,2026-10-02,7.671015921816883,-0.5501653736510818,,,
ARTC,10.020000457763672,2026-10-02,9.911258324882052,,,,
ARTL,3.680000066757202,2026-10-02,35.29001987692844,-0.9709389548560708,,,
ARTNA,33.619998931884766,2026-10-02,33.04250995286432,0.05358818842524493,1.268,0.32,2026-08-17
ARTV,6.829999923706055,2026-10-02,7.018386464669885,1.315254174002079,,,
ARTW,3.130000114440918,2026-10-02,2.539083664160801,0.11785720276589395,,,
ARVN,7.409999847412109,2026-10-02,10.267131484362233,-0.2289281881229337,,,
ARVR,58.858001708984375,2026-10-02,51.77932669347026,0.15015441346550729,0.367,0.107,2026-06-25
ARWR,64.19000244140625,2026-10-02,67.00386457709202,0.7771319030893662,,,
ARXS,50.029998779296875,2026-10-02,45.21296617540263,,,,
ASBP,8.779999732971191,2026-10-02,5.332816739006346,-0.4283854212747733,,,
ASCI,36.748600006103516,2026-10-02,35.64934830665588,0.06870814605233311,0.276,0.276,2025-12-19
ASD,26.37459945678711,2026-10-02,26.89377447616222,,0.008,0.002,2026-09-23
ASEC,49.275001525878906,2026-10-02,49.87320199173488,,0.652,0.197,2026-09-04
ASLE,5.039999961853027,2026-10-02,6.603366523149954,-0.3604061055003407,,,
ASMB,22.540000915527344,2026-10-02,29.148764880054976,-0.033447632483030953,,,
ASMG,52.731998443603516,2026-10-02,38.201358605191054,1.1271479022243422,2.531,2.531,2025-12-30
ASML,1867.31005859375,2026-10-02,1440.7801178100099,0.8090233783422931,9.062,2.138,2026-07-28
ASMU,34.5099983215332,2026-10-02,28.820123448783967,,0.401,0.215,2026-09-22
ASND,227.8699951171875,2026-10-02,229.630438572857,0.11673605346326643,,,
ASO,48.72999954223633,2026-10-02,51.73001986195842,-0.09507890579319711,0.5800000000000001,0.15,2026-09-16
ASPC,10.82699966430664,2026-10-02,11.751219183325292,0.047098598117221835,,,
ASPI,2.9100000858306885,2026-10-02,5.8831075757623195,-0.6884368267355545,,,
ASPS,6.369999885559082,2026-10-02,7.028605573205834,-0.5046656255350976,,,
ASRV,4.650000095367432,2026-10-02,3.7643824583030794,0.5870307131132086,0.12,0.03,2026-08-03
ASST,30.030000686645508,2026-10-02,17.328764949661803,-0.42249998679527867,,,
ASTC,7.059999942779541,2026-10-02,6.360358564027277,0.20068023900894416,,,
ASTE,42.0,2026-10-02,50.28199211819713,-0.15082893697049482,0.52,0.13,2026-08-10
ASTH,35.880001068115234,2026-10-02,31.52717124513421,0.24800003715183427,,,
ASTI,2.309999942779541,2026-10-02,4.1092828649923625,0.008733616270600209,,,
ASTL,4.340000152587891,2026-10-02,4.323545817834923,0.3111783164997328,,,
ASTS,58.45000076293945,2026-10-02,79.08254962328421,-0.1373967101502358,,,
ASUR,7.679999828338623,2026-10-02,8.564741026357826,-0.0769230636971937,,,
ASYS,18.010000228881836,2026-10-02,14.382151373829025,0.9640130947698504,,,
ATAT,32.2599983215332,2026-10-02,36.48553782915214,-0.10488353213014423,0.9,0.54,2026-06-05
ATC,24.834999084472656,2026-10-02,22.62570704835834,,2.6350000000000002,0.749,2026-09-09
ATCX,2.9100000858306885,2026-10-02,4.903548931298048,,,,
ATEC,10.029999732971191,2026-10-02,12.896215138682331,-0.2815186457332878,,,
ATER,0.6549999713897705,2026-10-02,0.8102071703192723,-0.4449152538092168,,,
ATEX,84.33000183105469,2026-10-02,51.450677240987226,2.7396897864395373,,,
ATGL,5.199999809265137,2026-10-02,15.494207201725933,-0.775571869134975,,,
ATHE,3.450000047683716,2026-10-02,4.02402390521836,-0.18823528289794922,,,
ATHR,3.450000047683716,2026-10-02,4.372003983691394,-0.383928552421988,,,
ATII,10.680000305175781,2026-10-02,10.595820696705365,0.04603332666726501,,,
ATLC,91.88999938964844,2026-10-02,73.57976088200907,0.6197778976048636,,,
ATLO,32.36000061035156,2026-10-02,27.009601608215576,0.6147704157677192,0.9199999999999999,0.24,2026-09-01
ATLQ,9.970000267028809,2026-10-02,9.951538306016188,,,,
ATLX,2.4100000858306885,2026-10-02,4.363645427255516,-0.5990016648836184,,,
ATNI,27.90999984741211,2026-10-02,24.825577678908388,0.8361842235287142,1.1300000000000001,0.29,2026-10-02
ATOM,4.710000038146973,2026-10-02,4.920179298674443,-0.05421686343221066,,,
ATOS,2.3399999141693115,2026-10-02,6.403984061750283,-0.8455445562317236,,,
ATPC,2.061000108718872,2026-10-02,14.199374505248203,-0.9646180238846546,,,
ATRA,9.479999542236328,2026-10-02,9.523705191821216,-0.3421235501304436,,,
ATRC,55.13999938964844,2026-10-02,36.25031880078563,0.5840274982567568,,,
ATRO,68.19000244140625,2026-10-02,59.544078507746356,0.8090636155728685,,,
ATTO,17.170000076293945,2026-10-02,20.880237988063268,,,,
ATTT,2.9600000381469727,2026-09-18,3.3608838235688903,-0.5697674434722727,,,
ATXG,3.2799999713897705,2026-10-02,5.639298806627433,-0.7937106886740316,,,
ATYR,0.28700000047683716,2026-10-02,0.6963227065910856,-0.6296774073470763,,,
AUBN,26.979999542236328,2026-10-02,25.39486053740361,-0.020689644668209217,1.08,0.27,2026-09-10
AUC,8.670000076293945,2026-10-02,7.3207051934474014,-0.08928575006281025,,,
AUDC,11.09000015258789,2026-10-02,9.087729104486595,0.1504149126166261,0.4,0.2,2026-08-19
AUGO,81.94999694824219,2026-10-02,65.49163344181866,1.2681980217421902,2.16,0.72,2026-08-18
AUID,0.4390000104904175,2026-10-02,1.2764023906918636,-0.8459649034454916,,,
AUMI,91.41500091552734,2026-10-02,92.62311949103002,0.12456789071351726,0.795,0.795,2025-12-18
AUPH,15.829999923706055,2026-10-02,15.216892447604602,0.3947136027898712,,,
AUR,5.670000076293945,2026-10-02,5.359681277636038,0.05194809216032814,,,
AURA,6.090000152587891,2026-10-02,6.498665336593689,0.006611563734210124,,,
AURE,1.0299999713897705,2026-10-02,2.839338631743929,-0.8712500035762787,,,
AUTL,1.7799999713897705,2026-10-02,1.636613545664753,0.1055900345181231,,,
AUUD,1.2100000381469727,2026-10-02,5.001455381809477,-0.9234852912761761,,,
AVAH,12.59000015258789,2026-10-02,8.887410350054859,0.45886442475482125,,,
AVAT,1.8300000429153442,2026-10-02,7.342780843080278,-0.8243761967834634,,,
AVAV,140.82000732421875,2026-10-02,226.9243429115569,-0.6241191495351495,,,
AVBH,31.260000228881836,2026-10-02,29.228844616042664,0.22348341144131512,,,
AVBP,28.270000457763672,2026-10-02,25.977490064157433,0.4248992056623644,,,
AVGB,49.755001068115234,2026-10-02,51.02944624091525,-0.03247444226973939,1.827,0.501,2026-09-08
AVGG,22.459999084472656,2026-10-02,28.40386459077022,-0.22417967210470746,0.611,0.611,2025-12-30
AVGO,355.1400146484375,2026-10-02,366.29015943063683,0.04956118974273127,2.6,0.65,2026-09-21
AVGU,28.649999618530273,2026-10-02,36.07897614862814,-0.2039455881528376,,,
AVGX,38.47999954223633,2026-10-02,48.88539037666473,-0.2343812012076788,0.775,0.775,2025-12-30
AVIR,5.130000114440918,2026-10-02,4.477450195061733,0.7689654985307661,,,
AVL,36.45000076293945,2026-10-02,47.75817929606039,-0.3365489320340218,12.992999999999999,0.198,2026-09-22
AVLN,28.1299991607666,2026-10-02,30.85935179392497,,,,
AVNW,20.68000030517578,2026-10-02,21.56338649157034,-0.09258448993365209,,,
AVO,12.8100004196167,2026-10-02,12.713386459654545,0.05605938159606705,,,
AVOS,26.790000915527344,2026-10-02,26.63794518823493,,,,
AVPT,14.069999694824219,2026-10-02,12.129163343118007,-0.06882858937680003,,,
AVR,7.710000038146973,2026-10-02,6.683326679396914,0.7888631416488499,,,
AVS,8.145000457763672,2026-10-02,8.72145419291766,-0.21075574625756743,0.269,0.043,2026-09-22
AVT,106.94000244140625,2026-10-02,70.90836636668658,1.0620902657694993,1.42,0.37,2026-09-09
AVTX,14.989999771118164,2026-10-02,16.71627492258748,0.11865673118297315,,,
AVUQ,68.45259857177734,2026-10-02,62.68846847716556,0.15023184195287476,0.20600000000000002,0.043,2026-09-08
AVX,6.199999809265137,2026-10-02,12.503103532639157,-0.8724279834583418,,,
AVXC,83.81099700927734,2026-10-02,73.28895225372922,0.3800592399311433,1.787,0.448,2026-09-08
AVXL,1.8200000524520874,2026-10-02,3.9931872527437857,-0.8172690717388097,,,
AVXX,20.670000076293945,2026-10-02,91.6671739028672,-0.9361830198755515,0.435,0.435,2025-12-30
AWRE,1.100000023841858,2026-10-02,1.6099203202828942,-0.5817490585639407,,,
AXG,0.11500000208616257,2026-10-02,3.325438244735815,-0.9586330923490363,,,
AXGN,37.38999938964844,2026-10-02,35.74601588686149,1.0911633749788918,,,
AXIN,10.350000381469727,2026-10-02,10.188450193975076,0.03707423408864097,,,
AXON,413.3500061035156,2026-10-02,523.2050603737395,-0.4223001768501966,,,
AXSM,179.25,2026-10-02,187.1027692513637,0.49002489985706466,,,
AXTI,85.87000274658203,2026-10-02,49.85505977759798,15.738791584986231,,,
AYA,27.1200008392334,2026-10-02,18.11764938612858,1.2487562102502272,,,
AYTU,2.069999933242798,2026-10-02,2.3426294777972765,0.08947366274624957,,,
AZ,6.190000057220459,2026-10-02,6.413725106364702,-0.21146495128394638,,,
AZI,1.1299999952316284,2026-10-02,16.40683267933439,-0.989910714328289,,,
AZIO,1.1799999475479126,2026-10-02,1.582569717411026,-0.19727896286946978,,,
AZTA,38.75,2026-10-02,29.022191173051933,0.19414481013682017,,,
AZYY,14.319999694824219,2026-10-02,17.717972143712746,-0.3846947426825076,8.18,0.094,2026-10-02
BABU,8.449999809265137,2026-10-02,12.90459626357748,,0.14600000000000002,0.049,2026-09-22
BABX,15.710000038146973,2026-10-02,31.26707575900621,-0.7502781739588062,,,
BACC,10.489999771118164,2026-10-02,10.324119457685615,0.04899997711181636,,,
BAER,0.6800000071525574,2026-10-02,1.8738804765906467,-0.6179775179312875,,,
BAFE,29.78700065612793,2026-10-02,27.877354564894716,0.09623876365177098,0.081,0.081,2025-12-30
BAFN,7.760000228881836,2026-10-02,7.084282880760284,-0.2520481707101845,,,
BAIG,11.517999649047852,2026-10-02,67.01561344192322,-0.9482801984423702,4.75,4.75,2025-12-30
BAIV,27.235000610351562,2026-10-02,26.15358550925004,,,,
BALQ,57.733001708984375,2026-10-02,52.60668423301295,0.1538523410622219,4.645,0.369,2026-10-01
BAND,63.7400016784668,2026-10-02,32.99904380281608,2.961466816283091,,,
BANF,108.08000183105469,2026-10-02,112.07338647728422,-0.1458151989744666,1.99,0.52,2026-09-30
BANL,4.630000114440918,2026-10-02,6.472306788205151,-0.512117995141386,0.1,0.1,2026-08-28
BANR,67.87999725341797,2026-10-02,65.1513947110727,0.056498011726349606,2.04,0.52,2026-08-04
BANX,20.0,2026-10-02,20.478087573412406,-0.08966770026965931,2.3,0.15,2026-09-23
BAOS,0.23499999940395355,2026-10-02,2.357051797656424,-0.9302670601233665,,,
BASG,28.549400329589844,2026-10-02,25.96660715840252,0.06982685483323392,,,
BASV,30.060300827026367,2026-10-02,28.933176450995337,0.1057679388475321,0.115,0.115,2025-12-30
BATRA,57.619998931884766,2026-10-02,49.63378480706082,0.28444044021231685,,,
BATRK,52.029998779296875,2026-10-02,45.51679290528316,0.26747867835094685,,,
BBB,32.354000091552734,2026-10-02,29.683282836974854,0.028057557793795596,0.028999999999999998,0.006,2026-06-26
BBCP,9.850000381469727,2026-10-02,7.9832270933812355,0.39518420131767806,0.13,0.13,2026-09-18
BBGI,11.079999923706055,2026-10-02,11.94900401749934,0.9404553151810084,,,
BBH,237.4499969482422,2026-10-02,197.91649387557194,0.35778814225993405,0.957,0.957,2025-12-22
BBIO,67.25,2026-10-02,71.61920334713392,0.2722285134977931,,,
BBLG,0.4749999940395355,2026-10-02,1.3561354611974314,-0.8100000023841858,,,
BBNX,18.959999084472656,2026-10-02,17.909163342054146,-0.1482480283233557,,,
BBOT,3.890000104904175,2026-10-02,9.675697207925804,-0.6852750636766661,,,
BBSI,30.510000228881836,2026-10-02,34.4546215239749,-0.32033859114024865,0.32,0.08,2026-08-21
BBUL,14.65999984741211,2026-10-02,13.788571342589362,,,,
BBYY,8.630000114440918,2026-10-02,14.430810984443216,-0.6495431425607749,11.288000000000002,0.067,2026-10-02
BCAL,21.780000686645508,2026-10-02,19.32812750007052,0.2707118706083129,0.42000000000000004,0.12,2026-09-21
BCAX,17.6299991607666,2026-10-02,20.444960142036834,0.03462430830632379,,,
BCBP,8.5,2026-10-02,8.92517931812788,-0.004683836303477906,0.32,0.08,2026-05-06
BCCQ,9.9399995803833,2026-10-02,9.952954509041525,,,,
BCDA,1.0399999618530273,2026-10-02,1.1641035844605283,-0.23529415373983642,,,
BCFN,21.37299919128418,2026-10-02,22.407915400035346,-0.1385328637099047,,,
BCG,1.0099999904632568,2026-10-02,1.872366536186036,-0.4062316254050208,,,
BCIC,6.889999866485596,2026-10-02,9.447689271068192,-0.41659613702967047,1.36,0.09,2026-09-15
BCLO,49.82699966430664,2026-10-02,49.601111499436826,-0.0025623493555448906,3.1410000000000005,0.229,2026-10-01
BCML,31.190000534057617,2026-10-02,30.059521922077316,0.10996441674874724,1.2,0.3,2026-09-10
BCPC,166.55999755859375,2026-10-02,164.75999997811488,0.14718640924199788,0.96,0.96,2025-12-23
BCRX,8.170000076293945,2026-10-02,8.371792819870421,0.14265733808694403,,,
BCTK,31.799999237060547,2026-10-02,27.67972629224483,0.2887538083202299,0.049,0.049,2026-09-22
BCTX,4.039999961853027,2026-10-02,5.606135469033899,-0.6911314995857933,,,
BCYC,3.380000114440918,2026-10-02,5.392888436754387,-0.5961768027891499,,,
BDCI,10.145000457763672,2026-10-02,10.067789274798937,-0.0004925281728558328,,,
BDGS,38.231998443603516,2026-10-02,35.61261352599855,0.11431060662578751,0.192,0.192,2025-12-23
BDMD,0.7509999871253967,2026-10-02,1.42343027396981,-0.6318627445251379,,,
BDRX,0.6200000047683716,2026-10-02,9.902944225476558,-0.9814925371710934,,,
BDSX,27.719999313354492,2026-10-02,14.995756971883583,2.5813953660298243,,,
BDTX,1.8899999856948853,2026-10-02,2.5697011957130584,-0.5141388342606631,,,
BDVL,26.256999969482422,2026-10-02,25.61815532365168,0.05112091475770186,0.9159999999999999,0.224,2026-06-15
BDYN,28.017000198364258,2026-10-02,26.51159366288508,0.10177353639181175,0.557,0.557,2025-12-16
BEAG,10.699999809265137,2026-10-02,10.637589648425342,0.021967481983799164,,,
BEAM,24.5,2026-10-02,27.800816752521165,-0.04854368932038833,,,
BEAT,0.4350000023841858,2026-10-02,1.1642350601959988,-0.7769230811553594,,,
BEDY,28.556900024414062,2026-10-02,28.313248276129002,0.09317080383105258,1.7369999999999999,0.192,2026-10-01
BEEM,1.1299999952316284,2026-10-02,1.6478844605594043,-0.6208053731546762,,,
BEEP,2.569999933242798,2026-10-02,2.5752191158879802,-0.23511904360654656,,,
BEEX,27.424999237060547,2026-10-02,26.276896434951112,0.060108169593442895,0.089,0.089,2025-12-23
BEEZ,34.355098724365234,2026-10-02,33.51886089674505,0.017416426188705314,0.183,0.183,2025-12-23
BEG,54.43000030517578,2026-10-02,48.26329508781433,,,,
BELFA,209.30999755859375,2026-10-02,197.11665316881886,0.8462555569171863,0.24,0.06,2026-07-15
BELFB,257.94000244140625,2026-10-02,225.28163402299006,0.8560840481807488,0.28,0.07,2026-07-15
BENF,1.4299999475479126,2026-10-02,3.877143434556832,-0.799382717288204,,,
BESO,36.619998931884766,2026-10-02,27.36570179253294,,,,
BETR,11.789999961853027,2026-10-02,33.60356582018483,-0.8041528270359886,,,
BFC,152.60000610351562,2026-10-02,139.80410350176442,0.18902922282897539,2.1,0.6,2026-09-23
BFLX,25.8799991607666,2026-10-02,25.659574447794164,,,,
BFRG,0.6179999709129333,2026-10-02,0.7915019903524938,-0.5708333705862348,,,
BFRI,1.0149999856948853,2026-10-02,1.0056693226217748,-0.05140192902903151,,,
BFST,30.899999618530273,2026-10-02,28.105697130302033,0.32220789511721226,0.6,0.15,2026-08-14
BGC,11.779999732971191,2026-10-02,10.2651793111368,0.27904448253849257,0.08,0.02,2026-08-19
BGCG,27.028900146484375,2026-10-02,26.884470161350293,,,,
BGDE,5.46999979019165,2026-10-02,7.440159343628294,-0.644805199630668,,,
BGEG,23.533199310302734,2026-10-02,23.519920124727136,,,,
BGGG,34.82640075683594,2026-10-02,35.275705666377625,,,,
BGIA,25.119699478149414,2026-10-02,25.041408247106215,,,,
BGIN,2.319999933242798,2026-10-02,2.7654853620289757,-0.532258081572609,,,
BGL,0.1899999976158142,2026-10-02,2.2009322791104298,-0.9801876960800108,,,
BGLC,1.2699999809265137,2026-10-02,2.776139448838405,-0.7599243875076236,,,
BGM,9.34000015258789,2026-10-02,77.02984072962605,-0.9674677814210136,,,
BGMS,0.8799999952316284,2026-10-02,1.2892031876214471,-0.8158995906682374,,,
BGRN,45.44499969482422,2026-10-02,47.5173984238826,-0.0547062095970402,2.049,0.176,2026-10-01
BGRO,44.85100173950195,2026-10-02,39.89599603295801,0.15277456539150913,,,
BGUS,27.005199432373047,2026-10-02,26.49073334534963,,,,
BHAV,10.03499984741211,2026-10-02,9.958601676811606,,,,
BHDG,20.84280014038086,2026-10-02,23.717173736460886,,,,
BHF,50.02000045776367,2026-10-02,60.18486074622409,-0.0576488558352074,,,
BHRB,69.86000061035156,2026-10-02,65.97187271726084,0.1593097005677797,2.2,0.55,2026-08-14
BHST,1.4700000286102295,2026-10-02,4.602322722811148,-0.8323831297740804,,,
BIAF,6.054999828338623,2026-10-02,22.987490066969062,-0.8453384523028395,,,
BIB,109.80000305175781,2026-10-02,88.03003995067095,0.7068241866387281,0.22500000000000003,0.083,2026-09-23
BID,9.900099754333496,2026-10-02,9.88574254071271,,,,
BIDG,5.679999828338623,2026-10-02,13.714186918855917,,,,
BIDU,84.31999969482422,2026-10-02,120.56083679199219,-0.40619718524771675,,,
BIIB,219.8800048828125,2026-10-02,188.30374534576538,0.3752814496345449,,,
BILI,14.4399995803833,2026-10-02,23.070517919927955,-0.4935110675392078,,,
BIOA,6.610000133514404,2026-10-02,14.942071739895885,0.17825311518728015,,,
BIOT,0.3400000035762787,2026-10-02,0.7769999974966049,,,,
BIOX,0.34200000762939453,2026-10-02,0.7974302782955398,-0.7447761200668818,,,
BIOY,20.25189971923828,2026-10-02,22.252018065679643,,5.621,0.232,2026-10-02
BIRD,3.365000009536743,2026-10-02,4.205816741958557,-0.47829455673733956,0.31,0.31,2026-08-21
BIS,11.710000038146973,2026-10-02,16.909442206302963,-0.5153145648963535,0.62,0.139,2026-09-23
BITA,62.91999816894531,2026-10-02,55.204210532339,,2.702,0.726,2026-10-02
BITS,66.95500183105469,2026-10-02,69.42133857149527,-0.36430093737427705,14.226,0.185,2026-06-29
BIVI,1.4600000381469727,2026-10-02,1.5452310761132564,-0.2512820500280417,,,
BIXI,10.100000381469727,2026-10-02,9.973324853151583,,,,
BIYA,1.600000023841858,2026-10-02,30.708027860082954,-0.9890034362622553,,,
BJDX,0.8370000123977661,2026-10-02,3.1336812737928446,-0.8641233712449847,,,
BJRI,61.93000030517578,2026-10-02,46.12382472368825,0.9647842451068824,,,
BKCH,70.0,2026-10-02,75.83880887278522,-0.2596510022143399,1.218,1.218,2025-12-30
BKHA,12.380000114440918,2026-10-02,11.645593627990479,0.1063450025631596,,,
BKMI,24.969999313354492,2026-10-02,26.1781967350694,,0.551,0.07,2026-10-01
BKMS,24.989999771118164,2026-10-02,25.506983637158335,,0.554,0.065,2026-10-01
BKNG,159.02000427246094,2026-10-02,186.80652925407745,-0.2662489078963294,1.644,0.42,2026-09-11
BKR,56.0,2026-10-02,57.01673313156067,0.15463917525773185,0.92,0.23,2026-08-07
BKYI,2.119999885559082,2026-10-02,5.542031870895173,-0.7316455873459733,,,
BL,27.40999984741211,2026-10-02,39.34784864144496,-0.4689013849398326,,,
BLBD,56.529998779296875,2026-10-02,60.43533866244008,0.048210614860159096,,,
BLCR,49.709999084472656,2026-10-02,45.42398399565799,0.24135351123632964,0.159,0.066,2026-09-15
BLDP,2.049999952316284,2026-10-02,3.0262948241366807,-0.41926346489198596,,,
BLFS,37.29999923706055,2026-10-02,26.52426300960708,0.40278296438559047,,,
BLIN,0.8100000023841858,2026-10-02,1.0055378480736479,-0.4000000088303176,,,
BLIV,2.299999952316284,2026-10-02,2.8194820852393647,-0.38911025544982747,,,
BLKB,41.7599983215332,2026-10-02,46.305258959887986,-0.33756348802261327,,,
BLLN,105.9000015258789,2026-10-02,96.46905299115286,-0.027905276733974915,,,
BLMN,8.479999542236328,2026-10-02,7.498286839975304,0.14131894187842664,,,
BLNE,0.8629999756813049,2026-10-02,1.929649396959054,-0.7648501477545517,,,
BLNK,0.5609999895095825,2026-10-02,0.8527250977388892,-0.7195000052452087,,,
BLRK,10.119999885559082,2026-10-02,9.98301770701211,,,,
BLRX,2.369999885559082,2026-10-02,2.9689641397787754,-0.4075000286102295,,,
BLSG,3.0,2026-10-02,5.048451061451689,-0.8148033761214166,,,
BLSM,19.690000534057617,2026-10-02,19.833499932289122,,,,
BLTE,159.55999755859375,2026-10-02,151.01225092306555,1.1105820208873856,,,
BLUW,10.380000114440918,2026-10-02,10.274019963237869,0.03800001144409171,,,
BLZE,14.359999656677246,2026-10-02,8.349203179082073,0.4819401732223003,,,
BLZR,10.25,2026-10-02,10.1045956901882,0.009852254702272356,,,
BMBL,2.5399999618530273,2026-10-02,3.487470116748278,-0.5665529174092836,,,
BMEA,1.2699999809265137,2026-10-02,1.4107330681318306,-0.409302360654327,,,
BMGL,3.2799999713897705,2026-10-02,8.729302782461463,-0.8302277420703855,,,
BMHL,4.498000144958496,2026-10-02,4.299984064710093,0.2156756991866382,,,
BMM,4.929999828338623,2026-10-02,5.9272126493782835,,,,
BMNG,27.979999542236328,2026-10-02,48.62609797538595,-0.9180193362350517,,,
BMOP,23.535400390625,2026-10-02,24.758559617839875,,0.626,0.084,2026-10-01
BMR,1.2599999904632568,2026-10-02,1.7846533857968698,-0.5961538343975055,,,
BMRA,2.140000104904175,2026-10-02,2.225936257981684,-0.2357142352328,,,
BMRC,27.709999084472656,2026-10-02,26.489840670885794,0.16330812088522761,1.0,0.25,2026-08-06
BMRN,57.18000030517578,2026-10-02,57.66007975848073,0.03157135108001419,,,
BNAI,6.019999980926514,2026-10-02,17.044940230855904,0.0,,,
BNC,5.849999904632568,2026-10-02,4.418824694546095,-0.28044282628711137,,,
BND,69.94000244140625,2026-10-02,73.47601598002521,-0.05880763370691455,2.94,0.249,2026-10-01
BNDP,70.72699737548828,2026-10-02,74.11773050748386,-0.059193695705123006,2.659,0.28,2026-10-01
BNDW,65.75,2026-10-02,68.50147411452822,-0.0554518111838308,2.918,0.197,2026-10-01
BNDX,46.86000061035156,2026-10-02,48.37701209322865,-0.05160897075360149,2.198,0.114,2026-10-01
BNGO,1.4800000190734863,2026-10-02,1.370517926387103,-0.22916663950309102,,,
BNKK,1.75,2026-10-02,3.388063746382041,-0.8648648628745188,,,
BNR,16.25,2026-10-02,16.449366501128058,0.8015520150016557,,,
BNTC,8.979999542236328,2026-10-02,12.350079692217458,-0.35115610959316423,,,
BNTX,96.9000015258789,2026-10-02,98.61330669144711,-0.08142948631948788,,,
BODI,4.920000076293945,2026-10-02,9.193984052574493,-0.15753425552330913,,,
BOEG,10.076000213623047,2026-10-02,14.408179298340087,-0.36660798224444024,,,
BOEU,25.459999084472656,2026-10-02,36.49876509434674,-0.37120281479235717,0.771,0.145,2026-09-22
BOF,3.890000104904175,2026-10-02,3.5535418455344274,0.8657074502316948,,,
BOKF,128.36000061035156,2026-10-02,127.92780908835361,0.13252165835335927,2.52,0.63,2026-08-19
BOLD,2.619999885559082,2026-10-02,1.6805378417094865,1.1300811747406567,,,
BOLT,3.450000047683716,2026-10-02,4.752553796388239,-0.3502824698943783,,,
BON,1.1399999856948853,2026-10-02,1.4627410368140474,-0.4300000071525574,,,
BOOM,5.800000190734863,2026-10-02,6.714820711736185,-0.2848334850471269,,,
BOSC,4.630000114440918,2026-10-02,4.688007975954458,-0.0273109470987265,,,
BOT,29.329999923706055,2026-10-02,29.57059397555814,,,,
BOTJ,27.299999237060547,2026-10-02,21.846573765059393,0.7444089394568529,0.4,0.1,2026-08-21
BOTT,43.198001861572266,2026-10-02,47.16447003429155,0.03416250403994803,0.058,0.058,2025-12-18
BOTZ,36.029998779296875,2026-10-02,36.75478103911259,-0.0195918699511054,0.176,0.018,2026-06-29
BOXL,4.739999771118164,2026-10-02,15.180338636337524,-0.9430014482637898,,,
BPAC,10.1899995803833,2026-10-02,10.074523951280563,,,,
BPOP,158.13999938964844,2026-10-02,143.3532268934516,0.2557770110888249,3.15,0.9,2026-09-10
BPRN,43.720001220703125,2026-10-02,36.43719130588243,0.40623998089829305,1.4,0.35,2026-08-05
BRAG,1.2000000476837158,2026-10-02,1.908828690707446,-0.5866345161593667,,,
BRAI,4.630000114440918,2026-10-02,6.818095230908128,,,,
BRBI,11.237000465393066,2026-10-02,13.291944230220233,-0.1376054723194743,1.049,0.141,2026-08-17
BRCB,6.960000038146973,2026-10-02,14.263187250768047,-0.6942003528930145,,,
BREM,48.23550033569336,2026-10-02,50.9627003945595,-0.04066226120206973,2.979,0.239,2026-10-01
BRES,26.644800186157227,2026-10-02,26.206836079976643,,0.044,0.044,2026-03-30
BREZ,10.0600004196167,2026-10-02,9.974810201910477,,,,
BRFH,0.8500000238418579,2026-10-02,2.4801195202120745,-0.7343749965075403,,,
BRHY,49.119998931884766,2026-10-02,51.13968915293416,-0.05638269822465436,3.625,0.26,2026-10-01
BRID,5.590000152587891,2026-10-02,7.247529886633276,-0.30299253946094806,,,
BRKH,10.010000228881836,2026-10-02,9.98034487099483,,,,
BRKR,63.2400016784668,2026-10-02,47.722270813596204,0.7101136414628095,0.2,0.05,2026-09-21
BRKU,22.468000411987305,2026-10-02,23.21316735013073,-0.11473596710281919,0.549,0.114,2026-09-22
BRLS,1.2100000381469727,2026-10-02,1.6472868496678266,-0.6848958163560985,,,
BRLT,1.3899999856948853,2026-10-02,1.5396812736275662,-0.31527093335707346,,,
BRNX,1.8200000524520874,2026-10-02,84.22757768393512,-0.9947474745960979,,,
BRNY,58.24599838256836,2026-10-02,53.27018724114772,0.1964095112620705,0.101,0.049,2026-03-30
BRRR,23.753000259399414,2026-10-02,22.485756953873956,-0.3158698322500121,,,
BRTM,9.800000190734863,2026-10-02,9.825294214136461,,,,
BRTR,47.685001373291016,2026-10-02,50.326908385136214,-0.06380681088396345,2.335,0.19,2026-10-01
BRTX,2.140000104904175,2026-10-02,0.7899555998444557,0.4266667366027832,,,
BRUN,16.510000228881836,2026-10-02,17.06766533186711,0.359967031464103,,,
BRVE,21.270000457763672,2026-10-02,26.109268374559356,,,,
BRZE,25.420000076293945,2026-10-02,25.13209160960528,-0.10555946488200041,,,
BSAA,11.300000190734863,2026-10-02,10.772087708887351,0.12437810709221475,,,
BSBK,9.09000015258789,2026-10-02,8.689270908614079,-0.02152850485321678,,,
BSCA,18.905899047851562,2026-10-02,19.758323740959167,,0.304,0.088,2026-09-21
BSCQ,19.520000457763672,2026-10-02,19.55201592768331,-0.0028097217385508744,0.7910000000000001,0.066,2026-09-21
BSCR,19.55500030517578,2026-10-02,19.672729043846587,-0.008869703047175603,0.831,0.07,2026-09-21
BSCS,20.139999389648438,2026-10-02,20.46091630639308,-0.022330144820534747,0.8989999999999998,0.074,2026-09-21
BSCT,18.204999923706055,2026-10-02,18.679976087167443,-0.033704895102912746,0.8350000000000002,0.069,2026-09-21
BSCU,16.145000457763672,2026-10-02,16.739258929552786,-0.04693034540911667,0.7589999999999999,0.063,2026-09-21
BSCV,15.774999618530273,2026-10-02,16.48755775314878,-0.057083081281327885,0.7649999999999999,0.063,2026-09-21
BSCW,19.584999084472656,2026-10-02,20.61368923263246,-0.0651552090098958,0.9819999999999999,0.079,2026-09-21
BSCX,20.020000457763672,2026-10-02,21.169553825104853,-0.07056640636760436,1.027,0.085,2026-09-21
BSCY,19.524999618530273,2026-10-02,20.738003909350393,-0.07508294391256731,1.0019999999999998,0.081,2026-09-21
BSCZ,19.235000610351562,2026-10-02,20.521812750523782,-0.07966502576882806,0.9429999999999998,0.076,2026-09-21
BSEM,2.7300000190734863,2026-10-02,4.424677281740652,-0.44926363911130707,,,
BSET,20.719999313354492,2026-10-02,16.31486057950206,0.32820505171054326,0.8,0.2,2026-08-14
BSGR,24.985000610351562,2026-10-02,25.027687501907348,,0.262,0.064,2026-09-21
BSGT,24.614999771118164,2026-10-02,24.957437467575073,,0.29300000000000004,0.084,2026-09-21
BSIN,1.4199999570846558,2026-10-02,1.1137450173556567,0.17355364654308825,,,
BSJQ,22.829999923706055,2026-10-02,23.15952196159211,-0.025608210569983858,1.239,0.088,2026-09-21
BSJR,22.149999618530273,2026-10-02,22.478366502252708,-0.025731294309045638,1.2180000000000002,0.094,2026-09-21
BSJS,21.459999084472656,2026-10-02,21.859302779117904,-0.02785964472079616,1.317,0.105,2026-09-21
BSJT,20.665000915527344,2026-10-02,21.270609547892416,-0.042843873576798974,1.379,0.111,2026-09-21
BSJU,24.945999145507812,2026-10-02,25.858263000549073,-0.04695320448424778,1.7179999999999997,0.139,2026-09-21
BSJV,25.14299964904785,2026-10-02,26.306597637465277,-0.06077701833747884,1.717,0.136,2026-09-21
BSJW,24.264999389648438,2026-10-02,25.448513942885683,-0.06004265397416009,1.6760000000000002,0.133,2026-09-21
BSJX,24.03499984741211,2026-10-02,25.252179210404474,-0.06332813755507039,1.697,0.129,2026-09-21
BSJY,23.729999542236328,2026-10-02,24.85112500190735,,0.458,0.137,2026-09-21
BSMA,24.575000762939453,2026-10-02,24.793928691319056,,,,
BSMQ,23.434999465942383,2026-10-02,23.588466203545195,-0.008462058853507148,0.6480000000000001,0.053,2026-09-21
BSMR,23.299999237060547,2026-10-02,23.64161355371969,-0.015631636588119946,0.6370000000000001,0.053,2026-09-21
BSMS,22.850000381469727,2026-10-02,23.427458174200172,-0.025794054325485316,0.6500000000000001,0.053,2026-09-21
BSMT,22.293500900268555,2026-10-02,23.055133492823142,-0.03470441380885769,0.6260000000000001,0.052,2026-09-21
BSMU,20.924999237060547,2026-10-02,21.89129887919027,-0.04582768144686433,0.6130000000000001,0.052,2026-09-21
BSMV,19.985000610351562,2026-10-02,20.983139456030855,-0.050368232934169255,0.6140000000000001,0.051,2026-09-21
BSMW,23.75,2026-10-02,24.991605583890024,-0.05018993012948081,0.8089999999999999,0.067,2026-09-21
BSMY,22.885000228881836,2026-10-02,24.406310784389298,-0.061513224766075014,0.8899999999999999,0.074,2026-09-21
BSMZ,23.600500106811523,2026-10-02,25.274141433229484,-0.06179688083488111,0.843,0.07,2026-09-21
BSP,32.029998779296875,2026-10-02,37.916818127487645,,,,
BSRR,39.7599983215332,2026-10-02,35.95940243390452,0.379118918721874,1.04,0.27,2026-08-03
BSSX,24.10460090637207,2026-10-02,25.624329054023164,-0.05749363881537506,0.8519999999999999,0.068,2026-09-21
BSTS,24.780000686645508,2026-10-02,24.993750119209288,,0.29000000000000004,0.083,2026-09-21
BSTU,24.405000686645508,2026-10-02,24.918812441825867,,0.29400000000000004,0.085,2026-09-21
BSTV,24.26059913635254,2026-10-02,24.893507504463194,,0.3,0.087,2026-09-21
BSVN,55.47999954223633,2026-10-02,45.418007960832455,0.1938884890220125,1.11,0.3,2026-09-18
BSVO,28.481000900268555,2026-10-02,26.316884432180945,0.24371185042388532,0.354,0.354,2025-12-16
BSY,32.22999954223633,2026-10-02,36.9982868513738,-0.41389346138432503,0.28,0.07,2026-09-22
BTBD,1.8700000047683716,2026-10-02,1.4734701198410702,-0.010582000570312333,,,
BTBT,1.6299999952316284,2026-10-02,1.997051786616504,-0.5342857156481062,,,
BTCS,1.4299999475479126,2026-10-02,2.0989243055719777,-0.7201565733493573,,,
BTCT,1.149999976158142,2026-10-02,1.4206374500139776,-0.6140939702021582,,,
BTDL,14.359999656677246,2026-10-02,16.982413653669685,,,,
BTDR,11.020000457763672,2026-10-02,13.055717132006034,-0.43254374796754913,,,
BTF,22.92099952697754,2026-10-02,31.823430350102278,-0.7553919312834236,37.49,0.05,2026-09-17
BTGD,27.1200008392334,2026-10-02,30.943597565609146,-0.4165232119981094,1.154,1.154,2025-12-30
BTLN,5.199999809265137,2026-10-02,0.9583240025043488,1.988505621129038,,,
BTMD,1.149999976158142,2026-10-02,2.130179276979302,-0.6140939702021582,,,
BTOC,0.22699999809265137,2026-10-02,0.3972988052672124,-0.7204433440584994,,,
BTQ,3.1700000762939453,2026-10-02,4.563027881531126,-0.5432276584787864,,,
BTSG,60.25,2026-10-02,48.34754984122348,1.1244710403147313,,,
BTTC,0.6499999761581421,2026-10-02,1.7935976127229363,-0.9297297323072279,,,
BUFC,43.47200012207031,2026-10-02,41.829689360234845,0.07073895950463815,,,
BUFI,42.51729965209961,2026-10-02,41.27306490590373,0.08269160062344616,,,
BUFM,40.94139862060547,2026-10-02,39.656547455198734,0.07067131252566305,,,
BUG,46.91999816894531,2026-10-02,33.408087612623234,0.32880193554555515,0.012,0.012,2025-12-30
BULD,37.547000885009766,2026-10-02,30.949378435355257,0.3623730628663091,0.3,0.3,2025-12-30
BULG,34.965999603271484,2026-10-02,59.91329858027606,-0.8579772541157981,,,
BULL,7.340000152587891,2026-10-02,7.720677294104223,-0.48273429389420586,,,
BUSE,29.729999542236328,2026-10-02,26.576294849593324,0.28312470627283903,1.03,0.26,2026-07-24
BUUU,39.20000076293945,2026-10-02,17.102529882909767,3.5901640442670155,,,
BVC,11.479999542236328,2026-10-02,8.237896419616334,7.02797200232183,,,
BVFL,21.229999542236328,2026-10-02,19.390836692901246,0.3522292866339871,,,
BVS,13.130000114440918,2026-10-02,9.63982073149358,0.8703703917543308,,,
BWAY,12.5,2026-10-02,12.609910362745186,0.6329196155976264,,,
BWB,20.709999084472656,2026-10-02,19.013685241638427,0.20127606493172423,,,
BWEN,4.25,2026-10-02,3.3024701245752466,0.9953050571152384,,,
BWFG,66.6500015258789,2026-10-02,52.88856586897041,0.5332413078961686,0.8,0.2,2026-08-10
BWIN,31.770000457763672,2026-10-02,24.636454213662926,0.10312504511740594,,,
BWMN,42.599998474121094,2026-10-02,34.544422339633165,0.02749636794071675,,,
BXBL,3.2300000190734863,2026-10-02,8.887418361299066,-0.6776447234021007,,,
BYAH,2.3499999046325684,2026-10-02,40.20735457693913,-0.987836439224882,,,
BYFC,11.420000076293945,2026-10-02,8.686095649977604,0.5026316078415871,,,
BYND,8.25,2026-10-02,25.452390469402907,-0.8929961068317123,,,
BYRN,3.4800000190734863,2026-10-02,10.546015959811875,-0.8460177008701814,,,
BYSI,0.7870000004768372,2026-10-02,1.5020796787216368,-0.5502857140132359,,,
BZ,14.829999923706055,2026-10-02,16.922231051076455,-0.36812951182032017,0.678,0.51,2026-09-28
BZAI,0.47999998927116394,2026-10-02,1.7926772876802193,-0.877862600224526,,,
BZFD,1.1100000143051147,2026-10-02,1.1030876517770776,-0.36571427753993446,,,
BZUN,3.1549999713897705,2026-10-02,2.811633468149193,-0.19923859757110773,,,
CAAS,4.619999885559082,2026-10-02,4.482988040285757,-0.008583683082144522,,,
CABA,2.0,2026-10-02,2.833745024593703,-0.1803278880745961,,,
CABR,1.159999966621399,2026-10-02,1.1224363619630986,0.3925569755644571,,,
CAC,57.189998626708984,2026-10-02,48.63968129556967,0.4908758528871371,1.68,0.42,2026-07-15
CACC,527.5,2026-10-02,516.5783653715217,0.08570373338793735,,,
CADL,10.180000305175781,2026-10-02,7.422808787737234,0.83093532552927,,,
CAE,24.010000228881836,2026-10-02,27.28394417173834,-0.16574010924110394,,,
CAES,10.050000190734863,2026-10-02,10.079866689046224,,,,
CAFG,31.890399932861328,2026-10-02,29.313969707109063,0.22537561576580334,0.11599999999999999,0.023,2026-09-03
CAI,28.299999237060547,2026-10-02,22.62687250342502,-0.10950287521696989,,,
CAII,10.010000228881836,2026-10-02,9.959725954761243,,,,
CAIQ,26.100000381469727,2026-10-02,25.74296774622482,0.04358257267543508,3.809,0.382,2026-10-01
CAKE,109.6500015258789,2026-10-02,69.029920251246,0.9756757031689893,1.1700000000000002,0.3,2026-08-11
CALC,1.600000023841858,2026-10-02,8.990996020723625,-0.8999999985098839,,,
CALI,49.76350021362305,2026-10-02,50.45026084626338,-0.01585085404635167,1.2540000000000002,0.104,2026-10-01
CALM,66.66999816894531,2026-10-02,81.86250979966852,-0.27971045886490165,2.445,0.355,2026-04-29
CAMP,4.0,2026-10-02,4.356872504450886,0.32013202566642907,,,
CAMT,165.19000244140625,2026-10-02,147.0968126699744,0.4576016921596915,,,
CAN,0.3499999940395355,2026-10-02,0.610892430600892,-0.7328244203607291,,,
CANC,40.9900016784668,2026-10-02,37.39282079901828,0.3859678992749689,0.02,0.02,2025-12-10
CANQ,29.420000076293945,2026-10-02,29.94627487516973,-0.020736917300947066,1.382,0.123,2026-10-01
CAPN,11.25,2026-10-02,10.869266943152683,0.07449853993103495,,,
CAPR,8.949999809265137,2026-10-02,20.108964184840836,0.2160325607210969,,,
CAPS,0.15000000596046448,2026-10-02,0.543346611745804,-0.8854961736546366,,,
CAQ,10.0,2026-10-02,9.924384542611929,,,,
CAR,111.22000122070312,2026-10-02,152.90824707760754,-0.2804088834270356,,,
CARE,30.75,2026-10-02,24.797410364644936,0.6133263830854798,0.2,0.1,2026-08-10
CARG,30.020000457763672,2026-10-02,33.99507965604622,-0.20749737034636906,,,
CARL,14.270000457763672,2026-10-02,12.475278877167113,0.10023131564920695,,,
CART,44.25,2026-10-02,42.08131461884396,0.15898375186763292,,,
CARY,20.110000610351562,2026-10-02,20.82592430722666,-0.038948561836290474,1.071,0.102,2026-09-30
CARZ,109.75,2026-10-02,93.7724302679419,0.47473800994794346,1.077,1.077,2025-12-12
CASH,73.95999908447266,2026-10-02,82.21274891887528,0.004072704418254025,0.2,0.05,2026-09-10
CASS,54.060001373291016,2026-10-02,46.9801991679279,0.3689541422017457,1.28,0.32,2026-09-04
CAST,1.1799999475479126,2026-10-02,2.5732638852463827,,,,
CASY,617.760009765625,2026-10-02,694.8133063449328,0.08860229616442616,2.36,0.65,2026-07-31
CATH,91.4800033569336,2026-10-02,85.32098403869873,0.12576914782219095,0.685,0.282,2026-06-29
CATL,9.800000190734863,2026-10-02,9.81500013669332,,,,
CATY,60.84000015258789,2026-10-02,54.54593625011672,0.2593665581269118,1.48,0.38,2026-08-28
CBAT,1.3899999856948853,2026-10-02,0.8497609543610379,0.44791668412896524,,,
CBC,32.029998779296875,2026-10-02,27.389513898778844,0.3589308100979909,0.36,0.12,2026-08-21
CBFV,36.849998474121094,2026-10-02,35.47007962717003,0.11329305658222011,1.1,0.28,2026-08-14
CBIO,14.319999694824219,2026-10-02,15.1534262767351,0.22184294953557604,,,
CBK,31.8799991607666,2026-10-02,28.370478132331513,0.3124741852268669,0.32,0.12,2026-09-15
CBLL,23.690000534057617,2026-10-02,19.150059722809203,0.874208852104357,,,
CBNK,40.45000076293945,2026-10-02,31.875577637873796,0.3327841929002515,0.5,0.14,2026-08-10
CBRL,55.7599983215332,2026-10-02,37.7869322575421,0.26182394329904257,1.0,0.25,2026-07-17
CBRS,166.42999267578125,2026-10-02,211.58591834866272,,,,
CBSH,55.279998779296875,2026-10-02,53.77439207099823,-0.019029965193966936,1.0870000000000002,0.275,2026-09-04
CBUS,1.7100000381469727,2026-10-02,1.7999003978364496,0.18749997930394358,,,
CCAP,9.020000457763672,2026-10-02,12.639203170381219,-0.36612784624544503,1.58,0.34,2026-09-30
CCAQ,10.6899995803833,2026-10-02,10.35584462306414,0.05736893604373061,,,
CCB,40.16999816894531,2026-10-02,82.02284865360336,-0.6325466677544532,,,
CCBG,49.65999984741211,2026-10-02,45.52167337729161,0.17399528943497478,1.07,0.27,2026-09-08
CCC,6.559999942779541,2026-10-02,6.544422295938925,-0.30063967348143894,,,
CCCC,2.950000047683716,2026-10-02,2.978625495120349,0.2995595032911218,,,
CCCT,9.84000015258789,2026-10-02,9.835333506266275,,,,
CCD,22.81999969482422,2026-10-02,23.24762946201036,0.0663551449348796,2.34,0.195,2026-09-14
CCEC,20.989999771118164,2026-10-02,21.37278886620267,-0.016861854984509428,0.6,0.15,2026-08-04
CCEP,101.05999755859375,2026-10-02,97.02414335577612,0.15141849634076765,2.3899999999999997,0.96,2026-05-15
CCFE,24.0393009185791,2026-10-02,27.151100789408286,-0.14347249584377275,0.005,0.005,2025-12-23
CCG,5.349999904632568,2026-10-02,3.538800800226599,3.4214873850960412,,,
CCHH,1.0199999809265137,2026-10-02,16.5655458028098,-0.977027028246114,,,
CCII,10.3100004196167,2026-10-02,10.284490038199253,0.015263485053796044,,,
CCLD,2.0199999809265137,2026-10-02,2.718366532686697,-0.4041298175760343,,,
CCML,28.440000534057617,2026-10-02,26.575555589463974,,,,
CCNE,34.099998474121094,2026-10-02,29.75378484080037,0.41846910047728136,0.75,0.19,2026-09-01
CCNR,38.76499938964844,2026-10-02,37.51533863174013,0.23416108175633465,1.142,1.142,2025-12-08
CCOI,8.460000038146973,2026-10-02,19.915697171868555,-0.7969762320639646,0.08,0.02,2026-08-21
CCSB,19.309999465942383,2026-10-02,20.04347812606994,-0.044768769716266865,0.877,0.065,2026-09-29
CCSI,35.36000061035156,2026-10-02,29.376055683272767,0.2714851236748608,,,
CCSO,24.834999084472656,2026-10-02,26.476621529020637,-0.02131937176552723,0.156,0.156,2025-12-29
CCTG,0.45399999618530273,2026-10-02,2.0757649274936236,-0.9675714288439069,,,
CCXI,11.989999771118164,2026-10-02,12.000731683358914,,,,
CD,6.739999771118164,2026-10-02,6.447370512077058,-0.7708262561684018,,,
CDC,71.86100006103516,2026-10-02,71.36846215601462,0.07364191885680826,2.375,0.269,2026-09-09
CDIG,25.120800018310547,2026-10-02,25.599792001731842,0.003868280443357852,,,
CDIO,1.9600000381469727,2026-10-02,2.485633465873293,-0.5692307789045573,,,
CDL,74.9800033569336,2026-10-02,74.46717922621039,0.07361226104134211,2.4690000000000003,0.279,2026-09-09
CDLX,2.5299999713897705,2026-10-02,8.992270937003937,-0.8932489497913425,,,
CDNA,67.1500015258789,2026-10-02,26.21531868740857,3.4206717169760754,,,
CDNL,30.729999542236328,2026-10-02,43.87931369332706,0.30765955498877995,,,
CDNS,351.3500061035156,2026-10-02,326.0711160485013,0.011748832951076427,,,
CDRO,9.5,2026-10-02,8.332928294679558,0.3848396231929976,,,
CDT,0.9900000095367432,2026-10-02,5565.147310750893,-0.9999706666663841,,,
CDTG,1.0700000524520874,2026-10-02,7.2084780743872505,-0.9377001397389747,,,
CDW,133.2899932861328,2026-10-02,135.06577708331713,-0.1631192960972393,2.52,0.63,2026-08-25
CDXS,1.3600000143051147,2026-10-02,1.9043027893955489,-0.4645669154605252,,,
CDZI,3.8299999237060547,2026-10-02,4.719442234571236,-0.20539423499939113,,,
CDZIP,22.200000762939453,2026-10-02,20.565338643898528,0.15504690718247782,2.21,0.55,2026-07-02
CECO,73.66000366210938,2026-10-02,67.9711950385713,0.46499613067690393,,,
CEFA,40.29999923706055,2026-10-02,38.80034667847166,0.09917078406467095,1.084,0.419,2026-06-29
CEG,257.489990234375,2026-10-02,303.48021932047203,-0.28475002712673614,1.669,0.427,2026-08-18
CELC,72.0999984741211,2026-10-02,99.37442214175525,0.4274401280940794,,,
CELH,26.75,2026-10-02,39.47127490404593,-0.544293021255142,,,
CELU,1.600000023841858,2026-10-02,1.255928286280765,-0.24882632024560913,,,
CELZ,0.946399986743927,2026-10-02,1.9980107607594524,-0.7074497627716636,,,
CENN,3.7776999473571777,2026-10-02,6.965200814592886,-0.9022789628302372,,,
CENT,39.810001373291016,2026-10-02,37.452390556791386,0.23941477886453377,,,
CENTA,34.279998779296875,2026-10-02,33.23673317441902,0.1796283347999439,,,
CENX,35.619998931884766,2026-10-02,46.342111443143445,0.1925007676966286,,,
CEPF,10.270000457763672,2026-10-02,10.360462150725711,0.0,,,
CEPI,31.3799991607666,2026-10-02,33.787099511499896,-0.2488330816378972,13.567000000000002,0.253,2026-09-30
CEPL,4.5,2026-10-02,7.234354811329996,,,,
CEPO,10.75,2026-10-02,10.545617506323582,0.026743049267433205,,,
CEPS,10.279999732971191,2026-10-02,10.251204789402973,,,,
CEPV,10.289999961853027,2026-10-02,10.267528359025848,-0.0009708959899662473,,,
CERS,2.2799999713897705,2026-10-02,2.2763744948869684,0.45222923262249415,,,
CERT,9.359999656677246,2026-10-02,7.853346617573286,-0.2838561686895945,,,
CETX,2.0399999618530273,2026-10-02,16.2140836763192,-0.960233918280855,,,
CETY,0.9750000238418579,2026-10-02,1.0472430254358693,-0.6448087196756742,,,
CEVA,37.099998474121094,2026-10-02,28.74868522887211,0.32405417087855803,,,
CFA,96.52999877929688,2026-10-02,94.99484070553723,0.056519948521668084,1.229,0.161,2026-09-09
CFBK,34.41999816894531,2026-10-02,29.203227160936333,0.436560913362108,0.35,0.09,2026-07-13
CFFI,98.30000305175781,2026-10-02,76.8288844135178,0.4530672702816425,1.9,0.48,2026-09-15
CFFN,8.579999923706055,2026-10-02,7.553426279014801,0.36624198042310185,0.38000000000000006,0.085,2026-08-07
CFO,78.25399780273438,2026-10-02,77.0031234923587,0.057129296719798495,0.993,0.129,2026-09-09
CG,39.81999969482422,2026-10-02,50.879761030949446,-0.37271581628903383,1.4,0.35,2026-08-17
CGBD,10.649999618530273,2026-10-02,11.57898406298512,-0.14800003051757815,1.5,0.35,2026-09-30
CGC,0.875,2026-10-02,1.0984422334161887,-0.3613138708361261,,,
CGCF,9.819999694824219,2026-10-02,9.832058878505931,,,,
CGEM,15.510000228881836,2026-10-02,14.045936248216972,1.628813555623498,,,
CGEN,2.309999942779541,2026-10-02,2.139521906100421,0.41717788315163906,,,
CGNT,8.739999771118164,2026-10-02,8.787768876885037,0.035545048062815,,,
CGNX,64.97000122070312,2026-10-02,52.79167318154141,0.403239790308642,0.34,0.085,2026-08-20
CGO,12.6850004196167,2026-10-02,12.446992049654167,0.03975414901098895,0.9899999999999999,0.09,2026-09-14
CGON,67.37999725341797,2026-10-02,59.42888436184462,0.6921144593121626,,,
CGPT,19.715200424194336,2026-10-02,19.139033370547825,,,,
CGTL,3.759999990463257,2026-10-02,15.51235063427473,-0.5910820973077654,,,
CGTX,0.925000011920929,2026-10-02,1.240820714439529,-0.4032257804017153,,,
CHA,10.979999542236328,2026-10-02,12.022390441590572,-0.3544973900945029,0.92,0.92,2025-12-08
CHAI,0.2849999964237213,2026-10-02,1.6955657341328274,-0.9778726712817197,,,
CHAR,10.970000267028809,2026-10-02,10.64812749125568,0.05990336837756138,,,
CHCI,18.770000457763672,2026-10-02,15.11920321795095,0.31904434726452946,,,
CHCO,142.82000732421875,2026-10-02,127.93589618576475,0.16359792903643555,3.48,0.87,2026-07-15
CHDN,76.05000305175781,2026-10-02,93.33171327750522,-0.20764742246423395,0.438,0.438,2025-12-05
CHEC,10.289999961853027,2026-10-02,10.104406199284963,0.031578904093925386,,,
CHEF,116.41999816894531,2026-10-02,77.65557754942145,1.0999278689169802,,,
CHGA,2.509999990463257,2026-10-02,15.595836649377983,-0.9439732135444575,,,
CHGX,33.33300018310547,2026-10-02,29.870541804340256,0.2048362517849076,0.183,0.183,2025-12-16
CHI,11.569999694824219,2026-10-02,11.796613537457835,0.05373407806788699,1.14,0.095,2026-09-14
CHIP,28.040000915527344,2026-10-02,25.951250076293945,,,,
CHKP,130.35000610351562,2026-10-02,155.39075725297053,-0.3533263810728948,,,
CHMG,81.93000030517578,2026-10-02,64.64414336671867,0.5596802248064403,1.38,0.36,2026-09-17
CHNR,3.859999895095825,2026-10-02,4.0870916349479405,-0.21703853356996583,,,
CHPG,10.479999542236328,2026-10-02,10.301007977519852,0.0407149811159222,,,
CHPS,93.91500091552734,2026-10-02,67.0933744726903,1.2539960660992016,0.30400000000000005,0.099,2026-09-18
CHPX,104.1500015258789,2026-10-02,74.60932677675528,0.9804898274862903,0.031,0.031,2025-12-30
CHR,1.649999976158142,2026-10-02,4.779601596741087,-0.9312500009934107,,,
CHRD,137.00999450683594,2026-10-02,118.87585692386703,0.3821244658827212,5.2,1.3,2026-08-20
CHRI,91.7114028930664,2026-10-02,84.69935623108154,0.1439044924012951,0.34299999999999997,0.202,2026-06-29
CHRN,19.209999084472656,2026-10-02,12.97723107698904,2.4303570377887493,,,
CHRS,1.159999966621399,2026-10-02,1.551155379568913,-0.2926829410124082,,,
CHRW,157.72000122070312,2026-10-02,166.73976147412304,0.16484496551220507,2.52,0.63,2026-09-04
CHSN,1.0800000429153442,2026-10-02,127.58358571752609,-0.9958620688010906,,,
CHTR,109.29000091552734,2026-10-02,185.43398442971278,-0.6096925213244853,,,
CHW,8.0,2026-10-02,8.065179251104713,0.04575162095024243,0.6300000000000001,0.06,2026-09-14
CHWM,5.429999828338623,2026-10-02,6.014999866485596,,,,
CHY,11.720000267028809,2026-10-02,12.1668924544437,0.035335740546661,1.2000000000000002,0.1,2026-09-14
CHYM,27.25,2026-10-02,22.838406460218696,0.3057019120369595,,,
CIBR,104.69999694824219,2026-10-02,79.00033876335479,0.3650586846684576,0.393,0.003,2026-09-24
CIFG,3.5299999713897705,2026-10-02,9.071783225524602,-0.7732382679285039,,,
CIFR,15.710000038146973,2026-10-02,18.320776893798097,0.06870749945488108,,,
CIGI,89.77999877929688,2026-10-02,118.14139444419587,-0.42222794818237375,0.3,0.15,2026-06-30
CIGL,0.3700000047683716,2026-10-02,0.4469767406929371,,,,
CIIT,2.4800000190734863,2026-10-02,21.003506007897425,-0.9441189734252792,,,
CINF,161.9499969482422,2026-10-02,166.18780845854863,-0.008206236713737547,3.69,0.94,2026-09-23
CING,4.760000228881836,2026-10-02,5.074741036768454,0.13875608238331893,,,
CIRC,0.5109999775886536,2026-10-02,1.8921792819442977,-0.8351612924810008,,,
CISO,0.20800000429153442,2026-10-02,0.44069721095590475,-0.8126126111613187,,,
CISS,0.8309999704360962,2026-10-02,2388.5085759288763,-0.9999337531911323,,,
CIVB,26.979999542236328,2026-10-02,24.69565735775161,0.31931533181802485,0.71,0.18,2026-08-04
CJMB,2.440000057220459,2026-10-02,1.922442229620489,-0.49690719480430356,,,
CLAR,3.450000047683716,2026-10-02,3.2697211147779486,0.00583089811581905,0.1,0.025,2026-08-17
CLBK,11.40999984741211,2026-10-02,8.730961621045116,0.6858293974893168,0.05,0.05,2026-08-12
CLBT,11.069999694824219,2026-10-02,14.839083610777836,-0.4054780238516906,,,
CLDX,31.649999618530273,2026-10-02,31.121513913827112,0.19840968577785234,,,
CLFD,33.47999954223633,2026-10-02,32.40382471882489,-0.06506567276460717,,,
CLGN,3.4600000381469727,2026-10-02,9.330239039493271,-0.8558333317438761,,,
CLIK,1.059999942779541,2026-10-02,3.4402908347992307,-0.8860215138666806,,,
CLIR,3.509999990463257,2026-10-02,5.56828685965671,-0.5918604843290247,,,
CLLS,1.4299999475479126,2026-10-02,3.5538366653054836,-0.591428586414882,,,
CLMB,32.79999923706055,2026-10-02,26.016643448179938,-0.06285716465541291,0.0425,0.0425,2025-11-10
CLMT,55.279998779296875,2026-10-02,31.849482068977508,1.9736416528001706,,,
CLNE,1.559999942779541,2026-10-02,2.1727490054658682,-0.42857145352366066,,,
CLNN,4.079999923706055,2026-10-02,6.097968130947584,-0.6117983030586358,,,
CLOA,51.78499984741211,2026-10-02,51.84045414715649,-0.00015444983451695649,2.48,0.202,2026-10-01
CLOD,35.72200012207031,2026-10-02,31.525844437192635,-0.0008111473541679848,0.477,0.477,2025-12-18
CLOU,28.809999465942383,2026-10-02,22.97185656178995,0.23067063877521665,,,
CLOV,4.380000114440918,2026-10-02,3.219581668595394,0.6911197913478355,,,
CLPS,1.0299999713897705,2026-10-02,0.9524661338186834,0.029999971389770508,,,
CLPT,10.899999618530273,2026-10-02,14.614900380016799,-0.6018991982238947,,,
CLRB,1.7799999713897705,2026-10-02,3.014780866197381,-0.6920415386198073,,,
CLRO,4.079999923706055,2026-10-02,4.946015927896082,-0.28546411620863854,,,
CLSK,12.739999771118164,2026-10-02,13.22999999437674,-0.200752816405544,,,
CLSM,28.0,2026-10-02,25.181107562851622,0.21269865082080663,0.209,0.209,2025-12-30
CLST,16.299999237060547,2026-10-02,16.010932287846902,0.2255638348347968,,,
CLWT,1.340000033378601,2026-10-02,1.3291633518568549,-0.049645343900631245,,,
CLYM,10.9399995803833,2026-10-02,8.19009960695092,4.5252522600997365,,,
CMBO,101.83000183105469,2026-10-02,101.80034923969919,0.01596326868735365,1.97,1.97,2026-09-16
CMCO,16.739999771118164,2026-10-02,16.609800870675016,0.11303190249846828,0.28,0.07,2026-08-07
CMCSA,21.56999969482422,2026-10-02,26.646282712776824,-0.25517184329045284,0.99,0.33,2026-07-01
CMCT,3.799999952316284,2026-10-02,192.91338645367034,-0.994268476693339,,,
CME,263.1400146484375,2026-10-02,277.02338649552183,-0.0057807787118832055,11.3,1.3,2026-09-09
CMMB,1.4299999475479126,2026-10-02,2.0203386416948175,-0.4742647306961375,,,
CMND,0.7149999737739563,2026-10-02,53.14601569014241,-0.9982125000655651,,,
CMPR,75.04000091552734,2026-10-02,80.69884449932205,0.15856113640173142,,,
CMPS,11.899999618530273,2026-10-02,9.132270911775262,0.8506998345604908,,,
CMPX,0.8569999933242798,2026-10-02,3.814693220583091,-0.7683783831676485,,,
CMRC,3.25,2026-10-02,3.3511553846032496,-0.3326488549543578,,,
CMTL,1.3200000524520874,2026-10-02,3.447131469905139,-0.4980988612113839,,,
CMTV,41.79999923706055,2026-10-02,33.62219122776472,0.8553039486517722,1.25,0.25,2026-07-15
CNCK,1.4199999570846558,2026-10-02,2.5795019912529753,-0.694623671406086,,,
CNDT,1.649999976158142,2026-10-02,1.713685258451211,-0.4000000086697665,,,
CNET,1.600000023841858,2026-10-02,1.2017529863285354,-0.37254899852507717,,,
CNEY,0.5410000085830688,2026-10-02,0.9103744991747031,-0.7637554508318414,,,
CNL,12.130000114440918,2026-10-02,14.775159345680024,-0.08590808620928059,,,
CNOB,30.780000686645508,2026-10-02,28.674621559234254,0.2094302461266584,0.75,0.195,2026-08-14
CNQQ,21.260000228881836,2026-10-02,23.765661376405998,-0.18434683317567435,0.096,0.003,2026-09-29
CNSP,5.324999809265137,2026-10-02,5.301434287037033,-0.4053601502364538,,,
CNSY,1.600000023841858,2026-10-02,7.72633465400255,-0.9123287658168845,,,
CNTB,0.9269999861717224,2026-10-02,2.293015938593572,-0.377852362256067,,,
CNTN,2.25,2026-10-02,3.020059758923443,-0.22680414651681524,,,
CNTX,0.3100000023841858,2026-10-02,1.4866613515344749,-0.718181822122621,,,
CNTY,1.0399999618530273,2026-10-02,1.466414345688079,-0.6090225833476818,,,
CNVS,1.909999966621399,2026-10-02,2.52808765206204,-0.43657819837283196,,,
CNXC,24.90999984741211,2026-10-02,31.903705163780913,-0.48383753183229017,1.44,0.36,2026-07-24
CNXN,92.37999725341797,2026-10-02,67.29964141541743,0.511205556016298,0.75,0.2,2026-08-11
CNXU,3.0999999046325684,2026-10-02,8.93505375103284,,,,
COAG,31.110000610351562,2026-10-02,37.40897191127884,,,,
COCH,0.6779999732971191,2026-10-02,0.7165338654679606,-0.16707621061498668,,,
COCO,55.970001220703125,2026-10-02,58.18669318392932,0.3163217454877434,,,
COCP,1.149999976158142,2026-10-02,1.0965338574937615,-0.049586826526647365,,,
CODA,11.140000343322754,2026-10-02,10.762649414548836,0.2775229360306566,,,
CODX,1.0800000429153442,2026-10-02,4.5689521759629725,-0.90625,,,
COFS,33.11000061035156,2026-10-02,30.792151485306334,0.16502464889047275,1.16,0.29,2026-09-15
COGT,31.020000457763672,2026-10-02,34.33944211633082,0.9682741121358807,,,
COHU,73.4800033569336,2026-10-02,39.56382475621197,2.6412290508284775,,,
COIG,5.340000152587891,2026-10-02,12.357697244659363,-0.885970532910662,,,
COIN,183.0,2026-10-02,210.33808734787414,-0.5184463836363717,,,
COKE,192.0399932861328,2026-10-02,174.59083684792083,0.5917114865924065,1.0,0.25,2026-07-24
COLB,28.920000076293945,2026-10-02,29.197888454118097,0.09503976688314109,1.48,0.37,2026-08-28
COLL,22.020000457763672,2026-10-02,36.73890433748405,-0.3637676951910347,,,
COLM,57.27000045776367,2026-10-02,58.08856585681201,0.07448407650150024,1.2,0.3,2026-08-20
COMT,37.016998291015625,2026-10-02,30.86083273868637,0.39109347771362457,1.927,1.927,2025-12-16
CONI,24.950000762939453,2026-10-02,51.93150200406868,-0.22298348524801592,0.597,0.597,2025-12-29
CONL,5.519999980926514,2026-10-02,12.500776910211936,-0.8827776605852664,,,
CONX,6.703000068664551,2026-10-02,10.964513763375239,-0.7220632787035123,0.20700000000000002,0.032,2026-09-22
COO,56.90999984741211,2026-10-02,71.80003980051474,-0.19230768397847697,,,
COOL,22.229999542236328,2026-10-02,20.722500165303547,,,,
COOT,0.4580000042915344,2026-10-02,0.6966812749545412,-0.19930072917734754,,,
COPJ,43.970001220703125,2026-10-02,41.469525888146634,0.355425495748976,4.547,4.547,2025-12-18
COPP,42.59000015258789,2026-10-02,37.76190038886203,0.4640769999720684,0.824,0.824,2025-12-18
CORO,36.560001373291016,2026-10-02,33.93305581689356,0.18728289685587574,1.015,0.298,2026-07-02
CORT,116.2300033569336,2026-10-02,71.69350615725574,0.3185479449233024,,,
CORZ,16.450000762939453,2026-10-02,19.415298815267494,-0.0768798515907202,,,
COSM,0.3799999952316284,2026-10-02,0.422701194585557,-0.6481481665446427,,,
COST,920.6500244140625,2026-10-02,952.0458546672684,0.005757193190957466,5.54,1.47,2026-07-24
COTG,11.857000350952148,2026-10-02,13.624254997982922,-0.12072668499616723,,,
COWG,40.417999267578125,2026-10-02,36.76935063700277,0.10734244568707196,0.298,0.192,2026-09-03
COWS,36.733001708984375,2026-10-02,34.94737051397681,0.1348204237921431,0.5079999999999999,0.042,2026-09-29
COYA,4.809999942779541,2026-10-02,5.036912369063176,-0.21147540688867106,,,
COYY,14.329999923706055,2026-10-02,35.65589235313385,-0.8636796085493634,47.025,0.18,2026-10-02
CPAG,98.76499938964844,2026-10-02,102.07970504456782,-0.02882119041542297,,,
CPB,19.6200008392334,2026-10-02,24.674501935799285,-0.3859154813544885,1.81,0.25,2026-10-01
CPBI,20.075000762939453,2026-10-02,18.064155400036814,0.23538466233473554,,,
CPHC,15.75,2026-10-02,15.671912337679313,-0.03196069103461763,0.28,0.07,2026-09-30
CPHY,50.47999954223633,2026-10-02,51.245944277698776,-0.005026137085789362,,,
CPIX,7.389999866485596,2026-10-02,4.7598007974396666,1.3610222352357968,1.5,1.5,2026-08-03
CPLS,33.305999755859375,2026-10-02,35.24177680452507,-0.07109189287185158,1.6320000000000003,0.129,2026-10-01
CPOP,3.200000047683716,2026-10-02,3.445755992293358,-0.6309111857526558,,,
CPRT,27.219999313354492,2026-10-02,35.185856663373364,-0.3965861461968543,,,
CPSH,3.8399999141693115,2026-10-02,4.4991235115613595,0.12609965323032335,,,
CPSS,9.09000015258789,2026-10-02,8.856533846532207,0.17746119166179786,,,
CPTL,49.04199981689453,2026-10-02,45.41838233309438,0.12706545783029433,1.137,0.171,2026-06-29
CPZ,12.550000190734863,2026-10-02,14.048011946963124,-0.21562498807907104,1.6800000000000006,0.14,2026-09-14
CRAC,10.25,2026-10-02,10.071204832123547,0.035353575248085356,,,
CRAI,170.3800048828125,2026-10-02,171.7127893455475,-0.13000404376617214,2.28,0.57,2026-08-25
CRAM,23.549999237060547,2026-10-02,24.73000010322122,,,,
CRAN,10.100000381469727,2026-10-02,10.043590206917518,,,,
CRAQ,10.40999984741211,2026-10-02,10.21782476113612,0.03685257838295786,,,
CRBP,6.130000114440918,2026-10-02,9.831414342401512,-0.5866486752544086,,,
CRBU,1.2200000286102295,2026-10-02,1.8306772941612153,-0.46255504895983335,,,
CRCG,11.539999961853027,2026-10-02,29.119601525158522,-0.8944190334890623,,,
CRCT,6.519999980926514,2026-10-02,4.781414346390986,0.09212733836917053,0.2,0.1,2026-07-07
CRDF,1.1200000047683716,2026-10-02,1.7490836676373425,-0.4885844860708032,,,
CRDL,1.409999966621399,2026-10-02,1.2383346562366562,0.3177569135535496,,,
CRDO,218.63999938964844,2026-10-02,173.0345620083144,0.5197053368324505,,,
CRE,2.700000047683716,2026-10-02,3.556752982842495,-0.7148289047109373,,,
CRESY,11.34000015258789,2026-10-02,11.5055154937197,0.2300000444795729,0.624,0.624,2025-11-28
CREX,2.5,2026-10-02,3.236215138340376,0.02459013990675496,,,
CRGO,0.972000002861023,2026-10-02,2.0349083573694724,-0.7214899712879816,,,
CRIS,0.800000011920929,2026-10-02,14.404541867425243,-0.9757575753963355,,,
CRMD,7.190000057220459,2026-10-02,8.579800810946887,-0.3659612027800867,,,
CRMG,8.220000267028809,2026-10-02,8.196342631640187,-0.31040266657577964,,,
CRML,7.03000020980835,2026-10-02,10.029203196445785,-0.11904759486146421,,,
CRMT,1.0499999523162842,2026-10-02,14.135497985133137,-0.9656750589382571,,,
CRMU,1.8899999856948853,2026-10-02,5.759079726927119,,,,
CRNC,8.09000015258789,2026-10-02,9.599482080376006,-0.3553784836943351,,,
CRNT,2.180000066757202,2026-10-02,2.3160159269652043,-0.08016870378753582,,,
CROB,21.040000915527344,2026-10-02,22.32393929452607,,0.037,0.037,2026-09-23
CRON,3.2249999046325684,2026-10-02,2.746932269092575,0.25,,,
CROX,118.08999633789062,2026-10-02,101.57968139648438,0.39109432426607627,,,
CRSP,55.43000030517578,2026-10-02,54.756035960528,-0.18172420943015266,,,
CRSR,13.789999961853027,2026-10-02,8.023764919949718,0.7173101395298018,,,
CRTO,14.729999542236328,2026-10-02,19.06687251695124,-0.31647331490831543,,,
CRUS,121.16999816894531,2026-10-02,136.5081673732317,-0.04710605002089141,,,
CRVL,75.47000122070312,2026-10-02,63.76892446996681,0.02221318365129199,,,
CRVO,3.0199999809265137,2026-10-02,4.858525894552588,-0.6528735578005025,,,
CRVS,10.899999618530273,2026-10-02,12.898087653505849,0.5159943715972712,,,
CRWD,270.0400085449219,2026-10-02,148.57464146709063,1.2049481983615147,,,
CRWG,19.209999084472656,2026-10-02,42.019979917670625,-0.8530221917902576,2.0,2.0,2025-12-30
CRWL,108.37000274658203,2026-10-02,44.39274502560437,2.00193926114066,,,
CRWS,2.4800000190734863,2026-10-02,2.8119123551950036,-0.16778523382541966,0.27,0.03,2026-09-11
CRWV,89.62000274658203,2026-10-02,94.99655373257944,-0.33511382735707773,,,
CRY,15.430000305175781,2026-10-02,19.85572734312578,,7.990999999999999,0.249,2026-10-02
CSAI,2.680000066757202,2026-10-02,19.929223085304656,-0.9388127827981885,,,
CSB,62.16999816894531,2026-10-02,62.563358504458726,0.0501511451598593,2.0989999999999998,0.288,2026-09-09
CSBR,4.940000057220459,2026-10-02,6.083306779899445,-0.2158730305301415,,,
CSCL,53.858001708984375,2026-10-02,41.94307167691539,1.2110104422231673,0.756,0.204,2026-09-22
CSCO,112.19999694824219,2026-10-02,92.83701190720517,0.6519434625006038,2.08,0.42,2026-10-02
CSCS,13.458999633789062,2026-10-02,18.190665298249144,-0.4556521971228774,0.495,0.11,2026-09-22
CSEN,25.34000015258789,2026-10-02,24.96857145235136,,0.172,0.092,2026-09-29
CSGP,27.3799991607666,2026-10-02,46.41916336576302,-0.6771226630256701,,,
CSHR,4.949999809265137,2026-10-02,5.127968747168779,,,,
CSIQ,11.1899995803833,2026-10-02,17.672430258823105,-0.26381580784215186,,,
CSPI,7.570000171661377,2026-10-02,9.786972118088924,-0.3696919211161277,0.12,0.03,2026-08-28
CSQ,20.469999313354492,2026-10-02,19.549242977127136,0.06172191827426898,1.452,0.135,2026-09-14
CSTE,2.869999885559082,2026-10-02,1.8715139399486709,0.8050313366727428,,,
CSTL,35.560001373291016,2026-10-02,29.47834659287654,0.5651409528163742,,,
CSWC,23.520000457763672,2026-10-02,22.837330669995797,0.07643020810700851,2.5560000000000005,0.253,2026-09-15
CSX,47.43000030517578,2026-10-02,42.538167261982345,0.3171341992763621,0.55,0.14,2026-08-31
CTAA,9.949999809265137,2026-10-02,9.912881253129346,,,,
CTAS,193.02000427246094,2026-10-02,187.962589400698,-0.047332295094029364,1.87,0.52,2026-08-14
CTBI,76.20999908447266,2026-10-02,64.88645422886093,0.37986600970713713,2.3,0.71,2026-09-15
CTEC,57.104000091552734,2026-10-02,60.01438245735321,0.049512961802898436,0.35500000000000004,0.075,2026-06-29
CTKB,5.869999885559082,2026-10-02,4.612390442198492,0.47858938117287164,,,
CTMX,2.559999942779541,2026-10-02,3.989960154689166,-0.2242424303725623,,,
CTNM,13.119999885559082,2026-10-02,13.224242981686535,0.1559470876299791,,,
CTNT,2.619999885559082,2026-10-02,22618.654780877063,-0.999954035089727,,,
CTOR,0.949999988079071,2026-10-02,0.9985577695635686,-0.49735449985742186,,,
CTRM,2.0,2026-10-02,2.0980318665979394,-0.06542060656134585,,,
CTRN,47.90999984741211,2026-10-02,49.49625491715997,0.4737004712694377,,,
CTSH,58.5099983215332,2026-10-02,63.423784856302326,-0.13523507013494762,1.3,0.33,2026-08-18
CTSO,4.050000190734863,2026-10-02,11.478824672471005,-0.7942073105725651,,,
CTW,2.0299999713897705,2026-10-02,2.2223705176813193,-0.15767639041802695,,,
CTXR,0.5320000052452087,2026-10-02,0.8261035848186311,-0.6116788296397452,,,
CUB,10.90999984741211,2026-10-02,10.7414462480887,0.038058954312014226,,,
CUE,25.56999969482422,2026-10-02,20.129860517038292,0.16918146838628623,,,
CULP,3.890000104904175,2026-10-02,3.474382466054058,-0.10368664328626487,,,
CUPR,2.4200000762939453,2026-10-02,3.8750398477235164,-0.7299107069206634,,,
CURI,2.9100000858306885,2026-10-02,3.370617524561179,-0.4327485339349103,0.33,0.085,2026-09-04
CURR,3.0999999046325684,2026-10-02,2.7076095608601056,0.9745221662832861,,,
CURX,4.71999979019165,2026-10-02,7.469800781918712,-0.6974359182838068,,,
CUVL,6.03000020980835,2026-10-02,7.204262927233935,-0.26012263901237254,0.036,0.036,2026-09-08
CV,6.170000076293945,2026-10-02,6.5130278883702255,0.28810023495429427,,,
CVBF,22.280000686645508,2026-10-02,20.50800793104438,0.17386729315064864,0.8,0.2,2026-09-30
CVCO,585.1300048828125,2026-10-02,558.1626685397083,0.025770054863483383,,,
CVGI,2.9600000381469727,2026-10-02,3.019920328698785,0.6263736004616935,,,
CVKD,0.9399999976158142,2026-10-02,6.116557754130953,-0.9337094515242916,,,
CVLT,150.27999877929688,2026-10-02,120.92792833183866,-0.1665002981938012,,,
CVRX,1.5499999523162842,2026-10-02,6.625717121291445,-0.8220436342677626,,,
CVV,4.329999923706055,2026-10-02,5.130000001405815,0.29253732745433436,,,
CWBC,26.530000686645508,2026-10-02,24.001992054669504,0.2718120762412761,0.48,0.12,2026-08-07
CWCO,30.149999618530273,2026-10-02,32.78187243397017,-0.09892407520950619,0.56,0.14,2026-10-01
CWD,0.5690000057220459,2026-10-02,1.3509482061008058,-0.8760348612622076,,,
CWST,82.7699966430664,2026-10-02,91.28083670566757,-0.09816956042783131,,,
CWY,15.34000015258789,2026-10-02,19.224033684289758,,7.760000000000001,0.236,2026-10-02
CXAI,2.3299999237060547,2026-10-02,13.639701156502227,-0.9437876988945845,,,
CXDO,5.920000076293945,2026-10-02,6.882609559245319,-0.06477090874466629,,,
CXII,10.800000190734863,2026-10-02,10.689333318074544,,,,
CXSE,34.529998779296875,2026-10-02,39.75780877649072,-0.23300758711249192,0.6930000000000001,0.255,2026-09-25
CYAB,0.20000000298023224,2026-10-02,0.6145038187276316,,,,
CYCU,3.819999933242798,2026-10-02,15.469804891077171,-0.9487241557246561,,,
CYN,0.6769999861717224,2026-10-02,2.1134262920850775,-0.8935534635283685,,,
CYPH,3.0299999713897705,2026-10-02,1.0988446224733177,4.6741574676642,,,
CYRX,17.43000030517578,2026-10-02,11.907330683977955,0.8006198094700645,,,
CYTK,65.5999984741211,2026-10-02,68.56298803808205,0.15148318533442118,,,
CZFS,80.9000015258789,2026-10-02,66.03326692619171,0.4178058110553615,2.02,0.51,2026-09-11
CZNC,25.6299991607666,2026-10-02,22.351155376054376,0.31638418411175584,1.12,0.28,2026-08-03
CZR,29.649999618530273,2026-10-02,26.09671319148455,0.08727536196608399,,,
CZWI,21.299999237060547,2026-10-02,19.538446209820144,0.3413097659672435,0.315,0.105,2026-08-07
DAAQ,10.470000267028809,2026-10-02,10.19104777484301,0.021463440685737467,,,
DADS,19.545000076293945,2026-10-02,20.168956156270912,-0.10158580417039098,0.9670000000000001,0.202,2026-09-28
DAIC,2.7899999618530273,2026-10-02,16.078693216065485,-0.9628000005086264,,,
DAIO,2.9800000190734863,2026-10-02,3.023187251679926,-0.11044773017677567,,,
DAK,29.93280029296875,2026-10-02,27.786529092674712,0.14317141290579505,0.24,0.058,2026-09-28
DAKT,17.959999084472656,2026-10-02,20.234820711660195,-0.09839362371056481,,,
DALI,28.393800735473633,2026-10-02,29.20322234317126,0.003491806287799326,0.44999999999999996,0.147,2026-09-24
DAPP,19.110000610351562,2026-10-02,19.2212350510981,-0.18749998986315586,,,
DARE,0.8429999947547913,2026-10-02,1.7644422222893552,-0.6133027665413,,,
DASH,189.14999389648438,2026-10-02,196.35812748760816,-0.3025957044275468,,,
DAVE,346.57000732421875,2026-10-02,261.9194221648562,0.7036327965491718,,,
DAX,44.02199935913086,2026-10-02,45.10072519674719,-0.03396972451305891,0.942,0.857,2026-06-29
DBCA,10.020000457763672,2026-10-02,9.94444445067761,,,,
DBGI,4.869999885559082,2026-10-02,162.89577678285272,-0.9848192017740911,,,
DBVT,10.550000190734863,2026-10-02,17.258545841353822,-0.18217050366573195,,,
DBX,33.900001525878906,2026-10-02,28.42083672603288,0.15266921801299804,,,
DCBO,23.329999923706055,2026-10-02,20.72266934307448,-0.14978136043584866,,,
DCGO,0.3700000047683716,2026-10-02,0.7260996008299262,-0.7086614091927448,,,
DCOY,1.7699999809265137,2026-10-02,10.868362536943291,-0.9620822628672893,,,
DCTH,15.130000114440918,2026-10-02,11.468047787943684,0.36306302652915656,,,
DCX,3.880000114440918,2026-10-02,2465.46928130488,-0.9998804240595894,,,
DDI,13.3100004196167,2026-10-02,10.228386445824368,0.45147222561375755,,,
DDIV,44.60200119018555,2026-10-02,43.29705986843641,0.10903354898130413,0.7389999999999999,0.176,2026-09-24
DDOG,277.2200012207031,2026-10-02,180.27778929448223,0.8259780519486262,,,
DECO,73.95700073242188,2026-10-02,60.64422710768255,0.44568677933807255,0.525,0.525,2025-12-29
DEFT,0.5299999713897705,2026-10-02,0.8599482046892919,-0.7590909273171224,,,
DEMZ,49.18840026855469,2026-10-02,44.37566694890361,0.16939829754747704,0.416,0.416,2025-12-30
DERM,6.610000133514404,2026-10-02,7.068286852057711,-0.09822643897486127,,,
DETX,2.109999895095825,2026-10-02,3.580347830316295,,,,
DFDV,5.25,2026-10-02,5.478167347699047,-0.6675110821606431,,,
DFGP,51.994998931884766,2026-10-02,54.2691395824174,-0.0663494305250727,2.973,0.057,2026-08-18
DFGX,51.2599983215332,2026-10-02,52.96334665610021,-0.05205737219953077,2.35,0.19,2026-08-18
DFLI,0.8510000109672546,2026-10-02,3.796310752036562,-0.9549735434844717,,,
DFNS,7.340000152587891,2026-10-02,285.04968130636024,-0.9932660549058827,,,
DFSC,1.1100000143051147,2026-10-02,2.5729004054430473,-0.7032878821221815,,,
DFTX,37.400001525878906,2026-10-02,24.329482135544737,1.9777070283744673,,,
DGCB,51.94490051269531,2026-10-02,54.34546179600446,-0.065369366658524,2.992,0.138,2026-08-18
DGICA,18.270000457763672,2026-10-02,18.521832690295945,-0.05385805473547467,0.752,0.193,2026-07-31
DGICB,16.649999618530273,2026-10-02,18.670278849354776,-0.011282691943943934,0.6799999999999999,0.175,2026-07-31
DGII,75.61000061035156,2026-10-02,55.74832676131412,1.0760572326119133,,,
DGLO,22.815000534057617,2026-10-02,22.420860533695297,0.10623545027076875,0.158,0.02,2026-09-24
DGNX,1.2799999713897705,2026-10-02,30.55914334709426,-0.9902853671466769,,,
DGRE,41.150001525878906,2026-10-02,35.68685655479887,0.4107443053688047,0.56,0.2,2026-09-25
DGRS,57.02000045776367,2026-10-02,54.76940246217279,0.1329226779916608,1.1440000000000001,0.175,2026-09-25
DGRW,98.16000366210938,2026-10-02,93.20768923208533,0.09970873081871034,1.188,0.17,2026-09-25
DGXX,3.8399999141693115,2026-10-02,3.970219131959862,0.45454536423539027,,,
DH,0.9330000281333923,2026-10-02,1.5446254938722133,-0.7271929803158279,,,
DHC,7.730000019073486,2026-10-02,6.894541827805964,0.7648401408912238,0.04,0.01,2026-07-20
DIBS,4.019999980926514,2026-10-02,4.844183264500591,0.5402299396563466,,,
DIME,11.600000381469727,2026-10-02,10.730618480697693,-0.5440968295014447,,,
DINE,24.489999771118164,2026-10-02,25.09666669936407,,0.3,0.25,2026-09-25
DIOD,103.83999633789062,2026-10-02,77.35589636084568,0.9748952590671245,,,
DIVD,42.507999420166016,2026-10-02,41.323183310459335,0.13931915989142984,1.186,0.067,2026-09-28
DJCO,656.4400024414062,2026-10-02,531.940518079051,0.5930689859018949,,,
DJT,8.90999984741211,2026-10-02,10.700677328375706,-0.4861591828716134,,,
DKI,1.3799999952316284,2026-10-02,2.028151391749363,0.28971955848892095,,,
DKNG,18.59000015258789,2026-10-02,27.08886453544951,-0.47441332445645956,,,
DLCU,49.9281005859375,2026-10-02,49.75519307454427,,0.084,0.084,2026-09-29
DLHC,4.050000190734863,2026-10-02,5.447689253970446,-0.2649727726859379,,,
DLLL,35.41999816894531,2026-10-02,12.140238565277768,8.25408156712045,,,
DLO,13.744999885559082,2026-10-02,13.633964139626796,-0.021011401502526117,0.194,0.194,2026-05-27
DLPN,1.0299999713897705,2026-10-02,1.3966135446768833,-0.28965521550490225,,,
DLTH,3.930000066757202,2026-10-02,3.2838047823582985,-0.022388038456798376,,,
DLTR,112.16000366210938,2026-10-02,114.58434240941507,0.24649921624465754,,,
DLXY,2.009999990463257,2026-10-02,0.7330756956837566,1.3591549236654785,,,
DMAA,10.890000343322754,2026-10-02,10.52901595902158,0.060369995903007956,,,
DMAC,8.229999542236328,2026-10-02,7.142848605653679,0.1640734572008311,,,
DMII,10.1899995803833,2026-10-02,10.031741598576449,0.031376463800772525,,,
DMRA,20.649999618530273,2026-10-02,24.000717161186188,4.448548766853803,,,
DMRC,6.360000133514404,2026-10-02,7.394063774807995,-0.3436532085729125,,,
DMXF,85.29499816894531,2026-10-02,80.4397331025021,0.10485753291065958,3.537,1.033,2026-06-15
DNLI,20.0,2026-10-02,20.224262936656693,0.297016854801911,,,
DNMX,10.079999923706055,2026-10-02,9.97502297655158,0.013065338385219505,,,
DNTH,88.20999908447266,2026-10-02,72.39900383816297,1.5246136963795638,,,
DNUT,2.890000104904175,2026-10-02,3.553904386155634,-0.23544970191054648,,,
DOCU,69.01000213623047,2026-10-02,56.81065747082471,-0.010325558382918598,,,
DOGZ,0.8899999856948853,2026-10-02,4.41894144365987,-0.9322163002332325,,,
DOMH,2.240000009536743,2026-10-02,3.562629488834822,-0.6927297638877679,0.756,0.311,2026-05-15
DOO,56.0099983215332,2026-10-02,65.59661346982675,-0.17656570000371263,0.69,0.176,2026-09-29
DORM,123.05999755859375,2026-10-02,126.07709144501098,-0.21692648846264606,,,
DOX,58.119998931884766,2026-10-02,67.86127493201025,-0.29397474310803484,2.234,0.569,2026-09-30
DOYU,4.449999809265137,2026-10-02,5.504071721992645,-0.4018817506665946,,,
DPRO,5.284999847412109,2026-10-02,6.5997011870502,-0.4863945707478521,,,
DPU,1.5509999990463257,2026-10-02,2.3192509982690392,-0.5271341425075834,,,
DPZ,297.6199951171875,2026-10-02,366.03545838618186,-0.30252395988595115,7.71,1.99,2026-09-15
DRCT,0.9100000262260437,2026-10-02,14.257653321165488,-0.9869515334943996,,,
DRDB,10.729999542236328,2026-10-02,10.51284859949849,0.04174750908143299,,,
DRH,12.569999694824219,2026-10-02,10.386772953656566,0.5871211583000611,0.41,0.11,2026-09-30
DRIO,6.460000038146973,2026-10-02,9.463633468901493,-0.6048929732461406,,,
DRIV,33.529998779296875,2026-10-02,33.43850185956613,0.1424190236285725,0.21899999999999997,0.074,2026-06-29
DRK,2.640000104904175,2026-10-02,3.1338047829282236,-0.6853396904798414,,,
DRMA,1.1050000190734863,2026-10-02,1.8473426379055615,-0.7726337471776098,,,
DRNZ,19.850000381469727,2026-10-02,23.557798238271296,-0.18757418561804673,,,
DRS,36.79999923706055,2026-10-02,41.19940226581467,-0.1709844617469819,0.36,0.09,2026-08-13
DRTS,14.770000457763672,2026-10-02,8.631231086662567,2.4269143048383484,,,
DRUG,50.689998626708984,2026-10-02,73.94298822471345,-0.048253844833208714,,,
DRVN,11.680000305175781,2026-10-02,13.86073705209679,-0.25367408371396005,,,
DSAC,10.140000343322754,2026-10-02,10.04309936991909,,,,
DSC,6.019999980926514,2026-10-02,6.820428562164307,,,,
DSGN,12.34000015258789,2026-10-02,11.105916332913585,1.0196399153742832,,,
DSGR,34.97999954223633,2026-10-02,29.318685288448258,0.17976391204993414,,,
DSGX,80.08000183105469,2026-10-02,77.71000008754046,-0.14717784313363846,,,
DSP,12.239999771118164,2026-10-02,11.226633444250343,0.40851557677270667,,,
DSWL,3.069999933242798,2026-10-02,3.3890836599813516,-0.22474749907341873,0.4,0.3,2026-07-02
DSY,3.559999942779541,2026-10-02,5.320780881847519,-0.8320754804404104,,,
DTCR,27.270000457763672,2026-10-02,25.896832675097947,0.2899716766840066,0.247,0.112,2026-06-29
DTCX,1.8300000429153442,2026-10-02,2.682609560480156,-0.6453488184048799,,,
DTI,2.2899999618530273,2026-10-02,2.8364502015816737,0.017777760823567634,,,
DTIL,6.309999942779541,2026-10-02,6.24101593579904,0.1599264478691209,,,
DTSQ,11.579999923706055,2026-10-02,11.07580483197216,0.10601715648210219,,,
DTSS,0.8389999866485596,2026-10-02,1.0260199194410409,-0.5805000066757202,,,
DTST,3.319999933242798,2026-10-02,3.9183267036757146,-0.23325635294672153,,,
DUKH,23.189899444580078,2026-10-02,24.116979720583,-0.05961477745046728,1.2930000000000001,0.114,2026-09-08
DUKR,5.320000171661377,2026-10-02,4.172569722115281,16.674419230953543,,,
DUKX,28.583499908447266,2026-10-02,27.51427680847654,0.10510342785174442,0.524,0.104,2026-06-25
DUO,0.6480000019073486,2026-10-02,1.2884501997693127,-0.7936305795355622,,,
DUOG,52.933998107910156,2026-10-02,54.69264037973188,-0.6595884366050794,,,
DUOL,144.27000427246094,2026-10-02,151.15784889008418,-0.5528314103182576,,,
DUOT,9.109999656677246,2026-10-02,9.361633473658467,0.15170667919263447,,,
DUSG,50.02799987792969,2026-10-02,51.251038477971,,0.146,0.073,2026-09-29
DVAL,15.231599807739258,2026-10-02,15.22745262009214,0.049369579570568645,0.81,0.522,2026-10-01
DVGR,25.754199981689453,2026-10-02,25.941145966018457,0.029303388190919266,0.23399999999999999,0.073,2026-09-28
DVLT,0.15000000596046448,2026-10-02,0.8374900426641404,-0.8880596998327956,,,
DVLU,39.371299743652344,2026-10-02,37.27112065653402,0.15526108064278543,0.304,0.092,2026-09-24
DVOL,35.519500732421875,2026-10-02,35.98892222552661,0.008790163476195767,0.29500000000000004,0.066,2026-09-24
DVQQ,33.8489990234375,2026-10-02,29.02092034693258,0.2226034102450094,0.01,0.01,2025-12-30
DVSP,30.021099090576172,2026-10-02,27.8477533803993,0.10918122764726723,0.075,0.075,2025-12-30
DVY,153.0500030517578,2026-10-02,151.92075746087914,0.06945707776544618,5.341,1.329,2026-09-15
DWAS,109.11000061035156,2026-10-02,105.779800688603,0.1606211906286268,0.035,0.035,2026-09-21
DWAW,49.8849983215332,2026-10-02,46.95886456918907,0.14161155054436936,0.337,0.337,2025-12-22
DWSH,6.074999809265137,2026-10-02,6.336565741504806,-0.08852215393319474,0.406,0.406,2025-12-22
DWSN,2.759999990463257,2026-10-02,3.1296414307864064,0.5505618173175204,,,
DWTX,1.4600000381469727,2026-10-02,3.0419003958721085,-0.7722308778624364,,,
DWUS,59.277801513671875,2026-10-02,56.52979597722392,0.09435268178141376,0.016,0.016,2025-12-22
DXCM,85.36000061035156,2026-10-02,71.23816737140793,0.2730797423597391,,,
DXLG,0.4300000071525574,2026-10-02,0.7282868508561199,-0.6504065036710646,,,
DXPE,193.97999572753906,2026-10-02,145.50406324530977,0.5277624152366285,,,
DXR,10.619999885559082,2026-10-02,11.488844613155045,-0.2359712102868392,,,
DXST,2.4200000762939453,2026-10-02,14.542912311762928,-0.9288235271678251,,,
DYAI,0.46000000834465027,2026-10-02,0.8552589625476366,-0.6034482572577649,,,
DYFI,22.19499969482422,2026-10-02,22.904972076416016,-0.04885362907114943,1.024,0.084,2026-09-23
DYN,15.199999809265137,2026-10-02,19.49328686231636,0.1638590597925298,,,
DYNB,37.67499923706055,2026-10-02,39.436625537644346,-0.05847807542871608,1.5570000000000002,0.112,2026-09-29
DYNC,10.904999732971191,2026-10-02,10.592713173642101,0.029745002440469737,,,
DYOR,10.149999618530273,2026-10-02,10.007401792970422,0.019076263017630435,,,
DYTA,31.884000778198242,2026-10-02,30.173609562604074,0.09585844752241002,0.478,0.478,2025-12-30
EART,27.8700008392334,2026-10-02,29.447856507928247,0.11217529918444269,0.187,0.137,2026-06-29
EASY,25.76289939880371,2026-10-02,26.51207530261036,0.004519048721837615,3.8799999999999994,0.062,2026-09-18
EBAY,106.4000015258789,2026-10-02,98.17191238707281,0.15438866919418137,1.22,0.31,2026-08-28
EBC,21.46500015258789,2026-10-02,20.269282823539825,0.1774547828625297,0.56,0.15,2026-09-08
EBI,66.22850036621094,2026-10-02,61.08802585677797,0.20011776240101464,0.726,0.37,2026-06-29
EBIZ,27.70400047302246,2026-10-02,30.060422289418984,-0.21775468187949887,0.15200000000000002,0.083,2026-06-29
EBMT,21.25,2026-10-02,21.034900490506235,0.2522098326354896,0.583,0.148,2026-08-14
EBON,2.0850000381469727,2026-10-02,2.731633469877965,-0.5974903267871936,,,
ECBK,20.43000030517578,2026-10-02,18.278466141081427,0.2922200988575996,,,
ECHO,94.25,2026-10-02,102.12366531189694,0.22212132576949584,,,
ECHX,8.6899995803833,2026-10-02,14.201660032272338,,,,
ECOR,10.140000343322754,2026-10-02,6.932231095682577,1.0239520718716344,,,
ECOW,26.125,2026-10-02,26.496804765496123,0.06960085224322166,1.513,0.559,2026-09-03
ECPG,95.91999816894531,2026-10-02,72.21601624507828,1.321955821356191,,,
ECX,0.8579999804496765,2026-10-02,1.4531035786605926,-0.6236842143788783,,,
EDBL,1.1399999856948853,2026-10-02,206.12507957148836,-0.9986596120097649,,,
EDHL,5.230000019073486,2026-10-02,5.910298820510803,-0.40783512793349075,,,
EDIT,2.619999885559082,2026-10-02,2.710378483947055,-0.33163269526359607,,,
EDRY,55.880001068115234,2026-10-02,23.335976118110565,3.539398794744736,,,
EDSA,3.859999895095825,2026-10-02,4.80306773807898,0.5078124927240422,,,
EDTK,1.0,2026-10-02,0.9771155306542537,-0.09909911070945099,,,
EDUC,1.2999999523162842,2026-10-02,1.3897211147969462,-0.02255645836920439,,,
EEE,23.154499053955078,2026-10-02,20.579614740259508,,0.018,0.005,2026-06-26
EEFT,63.5,2026-10-02,72.8621514156995,-0.2786549939730989,,,
EEIQ,5.085000038146973,2026-10-02,4.021641428727078,-0.3238031847015421,,,
EEMA,117.29000091552734,2026-10-02,105.24171317051132,0.2533660891274363,1.543,0.339,2026-06-15
EFAS,21.415000915527344,2026-10-02,20.942569778260008,0.1399447309517432,1.069,0.09,2026-09-03
EFOI,2.990000009536743,2026-10-02,2.709043818640994,0.15444019637959072,,,
EFRA,34.33100128173828,2026-10-02,34.98127103706755,-0.00319388532006748,1.449,0.342,2026-06-15
EFSC,60.08000183105469,2026-10-02,59.016613629709674,0.0448695970618207,1.3399999999999999,0.35,2026-09-15
EFSI,45.5099983215332,2026-10-02,39.17111546489822,0.2243745107191253,1.24,0.31,2026-08-03
EFTY,15.020000457763672,2026-10-02,15.020000457763672,0.0,,,
EGAN,5.869999885559082,2026-10-02,8.853346623272534,-0.4082661451196198,,,
EGBN,28.3799991607666,2026-10-02,24.74131471322352,0.35400765269072676,0.04,0.01,2026-08-06
EGGQ,55.768001556396484,2026-10-02,50.35135463699402,0.09909341173836594,4.119,0.4,2026-09-29
EGHA,10.430000305175781,2026-10-02,10.246027942672669,0.03574981343212902,,,
EGHT,2.2799999713897705,2026-10-02,2.0046613553605708,0.10679613335978311,,,
EH,4.139999866485596,2026-10-02,10.507270911775262,-0.7831325388478655,,,
EHGO,0.6399999856948853,2026-10-02,3.29392430031917,-0.9343185594076727,,,
EHLD,11.84000015258789,2026-10-02,8.095573708355664,0.6914285932268416,0.56,0.14,2026-09-09
EHLS,25.970399856567383,2026-10-02,25.326447787037882,0.10691330554933431,,,
EHTH,0.6700000166893005,2026-10-02,2.3809561805421136,-0.8490990972849817,,,
EIKN,7.329999923706055,2026-10-02,10.842108410525034,,,,
EJH,1.4900000095367432,2026-10-02,9.88167333840374,-0.9424154585686283,,,
EKG,23.344999313354492,2026-10-02,18.75663351157747,0.310780461167141,,,
ELAB,3.359999895095825,2026-10-02,331.96069767275657,-0.9973782771854691,,,
ELBM,0.49900001287460327,2026-10-02,0.8241752971453495,-0.5806722782516986,,,
ELDN,2.490000009536743,2026-10-02,2.9315936323181093,-0.1232394067641871,,,
ELE,18.170000076293945,2026-10-02,18.100458129943604,0.04998553920045001,0.09,0.03,2026-09-29
ELFY,39.481998443603516,2026-10-02,39.9346773063994,0.08900833762011096,0.43999999999999995,0.11,2026-09-17
ELIL,26.989999771118164,2026-10-02,25.672529896891923,0.3461347031489994,3.161,0.088,2026-09-22
ELMT,22.1299991607666,2026-10-02,17.179114983145116,,,,
ELOG,0.4970000088214874,2026-10-02,1.237956175647409,-0.7857758521023741,,,
ELOL,25.25,2026-10-02,21.71456529783166,,,,
ELOX,15.510000228881836,2026-10-02,14.973086451306756,,,,
ELPW,2.9700000286102295,2026-10-02,4622.836739988441,-0.9998947704071496,,,
ELTK,7.96999979019165,2026-10-02,9.024541805464908,-0.2767695590632461,,,
ELTX,1.9199999570846558,2026-10-02,7.775219080932587,-0.8260869598080696,,,
ELUT,0.7789999842643738,2026-10-02,0.9235856540174598,-0.11477274035742469,,,
ELVA,6.630000114440918,2026-10-02,8.076892419640286,0.07281558229804497,,,
ELVN,46.970001220703125,2026-10-02,36.4046215194155,1.3952065149813913,,,
ELVR,37.08000183105469,2026-10-02,56.48956178763948,0.5625791212114051,,,
ELWT,6.349999904632568,2026-10-02,6.745513156840675,-0.11805554543748287,,,
EMAT,2.0399999618530273,2026-10-02,6.760430096298136,,,,
EMB,90.13999938964844,2026-10-02,95.57478065034783,-0.05325070626590378,4.935,0.444,2026-10-01
EMBC,5.650000095367432,2026-10-02,8.32033863295597,-0.6054469123061816,0.32,0.01,2026-08-27
EMCB,63.97999954223633,2026-10-02,66.4200798277836,-0.04407591139232858,3.5589999999999997,0.3,2026-09-25
EMEM,25.344999313354492,2026-10-02,25.747074411270468,,,,
EMEQ,67.19999694824219,2026-10-02,53.24327877698192,0.7996303704294709,1.109,1.109,2025-12-24
EMIF,26.31999969482422,2026-10-02,27.26151397978642,0.028124972758815092,1.109,0.285,2026-06-15
EMIS,10.270000457763672,2026-10-02,10.09086563607224,0.03216086981233501,,,
EML,24.610000610351562,2026-10-02,21.736533890682388,0.07796761684599063,0.44,0.11,2026-08-14
EMPD,3.130000114440918,2026-10-02,4.41585657036162,-0.597686371461162,,,
EMSC,25.084999084472656,2026-10-02,25.50284937376617,,,,
EMXC,101.29000091552734,2026-10-02,85.86747030432956,0.47116925432612167,1.924,0.588,2026-06-15
EMXF,57.63999938964844,2026-10-02,51.940378394259874,0.26016609695018555,1.533,0.466,2026-06-15
ENDW,34.164398193359375,2026-10-02,32.821790406428484,0.12675700524931344,0.8160000000000001,0.163,2026-09-28
ENGN,1.940000057220459,2026-10-02,5.63804782386795,-0.7496774119715537,,,
ENGS,3.049999952316284,2026-10-02,2.3178087693761547,-0.5534407047751018,,,
ENHE,24.554899215698242,2026-10-02,24.279966354370117,,,,
ENHI,26.755300521850586,2026-10-02,26.413065507378377,,,,
ENHU,28.718000411987305,2026-10-02,26.54494731468067,0.15111433640697203,0.21300000000000002,0.075,2026-09-15
ENLT,66.58000183105469,2026-10-02,67.7335656610618,1.1264772585984053,,,
ENLV,0.3869999945163727,2026-10-02,11.059239018367107,-0.9756603771194212,,,
ENPH,33.470001220703125,2026-10-02,39.38537852222701,-0.09048907840747578,,,
ENRD,3.3299999237060547,2026-10-02,5.805374976992607,,,,
ENSC,0.39500001072883606,2026-10-02,0.7945497972794263,-0.8444881824168735,,,
ENSG,171.77999877929688,2026-10-02,181.50517905185896,-0.020638513358922417,0.26,0.065,2026-09-30
ENTA,12.960000038146973,2026-10-02,13.221235066296096,0.25459827046129946,,,
ENTG,166.47000122070312,2026-10-02,122.92928283812991,0.6881655023864586,0.4,0.1,2026-07-29
ENTX,2.859999895095825,2026-10-02,1.937071718067762,0.5052631215705761,,,
ENVB,1.4800000190734863,2026-10-02,3.2279322707795526,-0.8217726352660819,,,
ENVX,2.799999952316284,2026-10-02,6.558505979667147,-0.7651006766447241,,,
ENZL,44.97999954223633,2026-10-02,45.66912343302571,-0.04683193788485984,1.012,0.437,2026-06-15
EOCN,3.609999895095825,2026-10-02,5.923988050673588,-0.7125796357890573,,,
EOLS,7.139999866485596,2026-10-02,6.281633458764429,0.09846151792086077,,,
EOSE,3.2100000381469727,2026-10-02,8.911215141949901,-0.7452380999235698,,,
EPOW,4.21999979019165,2026-10-02,19.11906770690979,-0.8730827130769429,,,
EPRX,7.239999771118164,2026-10-02,7.056314749546735,0.23760681865735855,,,
EPSM,1.25,2026-10-02,3.951215134198922,-0.9535833648037592,,,
EPSN,5.739999771118164,2026-10-02,5.412191206715496,0.11240308931345067,0.252,0.063,2026-09-15
EQ,1.409999966621399,2026-10-02,1.8924302753224316,0.060150316635100065,,,
EQIX,1025.719970703125,2026-10-02,947.3050583311286,0.3171533291804074,20.17,5.16,2026-08-19
EQPT,18.5,2026-10-02,22.23845711844308,,,,
EQQQ,41.59000015258789,2026-10-02,41.14235283346737,,0.004,0.004,2026-09-23
EQRR,85.43800354003906,2026-10-02,73.23123878691776,0.3601529158310093,0.861,0.211,2026-09-23
ERAS,14.739999771118164,2026-10-02,11.68494026214478,5.090908804305248,,,
ERET,26.823999404907227,2026-10-02,28.21479679578804,-0.028467989426615548,0.9630000000000001,0.281,2026-06-15
ERIC,9.289999961853027,2026-10-02,10.606215161631306,0.10332540114916622,0.324,0.158,2026-09-29
ERIE,221.08999633789062,2026-10-02,259.464661677995,-0.307275367210624,5.7540000000000004,1.463,2026-07-07
ERII,6.769999980926514,2026-10-02,11.355338647546047,-0.5707038817748671,,,
ERNA,2.9600000381469727,2026-10-02,15.267450199659127,-0.9013333320617676,,,
ESCA,19.260000228881836,2026-10-02,16.531992000412657,0.5129615806332037,0.606,0.153,2026-07-06
ESEA,72.41999816894531,2026-10-02,65.16123504942632,0.2533748649869145,3.05,0.8,2026-09-09
ESGD,103.1500015258789,2026-10-02,100.01091638694247,0.08899915748030218,3.424,1.629,2026-06-15
ESGE,54.93000030517578,2026-10-02,49.3019443223201,0.24699208300919961,1.134,0.402,2026-06-15
ESGU,168.4600067138672,2026-10-02,155.32051797692046,0.15021165500135814,1.549,0.381,2026-09-15
ESLA,0.46799999475479126,2026-10-02,1.2599242974325005,-0.6427480800023587,,,
ESLT,696.22998046875,2026-10-02,715.6185256532464,0.3519291513838776,3.5,1.0,2026-06-23
ESMV,30.958099365234375,2026-10-02,29.674331072317177,0.06253774388070421,0.43499999999999994,0.106,2026-09-15
ESN,20.395000457763672,2026-10-02,18.63690035086704,0.1799248271799776,0.156,0.156,2025-12-11
ESOA,11.010000228881836,2026-10-02,12.796095587817796,0.10210215026356351,0.17,0.04,2026-09-30
ESPO,97.55000305175781,2026-10-02,98.34725113219,-0.19426775173331312,1.289,1.289,2025-12-22
ESQ,119.91999816894531,2026-10-02,110.35942235695889,0.18862125973260135,0.7749999999999999,0.2,2026-08-14
ESTA,64.05999755859375,2026-10-02,70.17701198380307,0.546222473732177,,,
ESYN,2.180000066757202,2026-10-02,1.600904376145853,-0.22419924870146724,,,
ETEC,24.69499969482422,2026-10-02,26.920888437217926,-0.007515484080361623,0.13,0.096,2026-06-15
ETHA,20.110000610351562,2026-10-02,18.962211175743803,-0.4130180503332961,,,
ETHB,34.31999969482422,2026-10-02,27.31464788947307,,0.11499999999999999,0.036,2026-09-09
ETON,55.36000061035156,2026-10-02,29.188685310789314,1.7777220151860549,,,
ETOR,25.420000076293945,2026-10-02,34.8608367129626,-0.3796974045816023,,,
ETRA,10.369999885559082,2026-10-02,11.981818199157715,,,,
ETS,1.6100000143051147,2026-10-02,0.7458645421195316,0.8421052523898631,,,
EU,1.0199999809265137,2026-10-02,2.0502390467313183,-0.6861538520226111,,,
EUDA,17.236000061035156,2026-10-02,25.95365338116528,-0.6135425863066732,,,
EUFN,38.97999954223633,2026-10-02,37.67286856905873,0.12854656945631393,1.653,1.137,2026-06-15
EURK,11.550000190734863,2026-10-02,11.319493970073077,0.0794392894038849,,,
EVAX,3.200000047683716,2026-10-02,4.179067733278313,-0.4106813722197121,,,
EVCM,8.9399995803833,2026-10-02,10.548585627658433,-0.189483245982355,,,
EVER,19.5,2026-10-02,21.483585627430465,-0.12438259545693031,,,
EVGN,0.4300000071525574,2026-10-02,0.8262948177725196,-0.6260869425501396,,,
EVGO,1.3799999952316284,2026-10-02,2.4382071723026106,-0.7228915682838947,,,
EVLV,4.570000171661377,2026-10-02,6.148984067468529,-0.3873994439286166,,,
EVMT,17.229999542236328,2026-10-02,17.82271718029007,0.036079399383569744,2.001,2.001,2025-12-22
EVO,1.600000023841858,2026-10-02,2.8600000024316796,-0.6009975230629829,,,
EVOX,10.130000114440918,2026-10-02,10.012378021860806,0.02426691231413347,,,
EVRG,79.16999816894531,2026-10-02,80.1533067558866,0.03328106670522191,2.78,0.695,2026-08-18
EVSD,49.845001220703125,2026-10-02,51.13321512533849,-0.03166580479332015,2.356,0.207,2026-09-30
EVYM,46.77439880371094,2026-10-02,50.03069484756287,-0.054680694493860704,2.4590000000000005,0.208,2026-09-30
EWAV,9.9399995803833,2026-10-02,9.882285690307617,,,,
EWBC,126.20999908447266,2026-10-02,118.2052589203732,0.18495912640246792,3.0,0.8,2026-08-03
EWJV,48.47999954223633,2026-10-02,43.67225882541611,0.22967661332669964,2.232,0.483,2026-06-15
EWTX,41.400001525878906,2026-10-02,31.682749045322616,1.6453675741218245,,,
EWZS,13.699999809265137,2026-10-02,13.810159348871604,0.00292825492678217,0.51,0.138,2026-06-15
EXC,40.72999954223633,2026-10-02,45.73035857971921,-0.10167623720416852,1.66,0.42,2026-09-04
EXE,85.5199966430664,2026-10-02,101.02394420122245,-0.20402089817797797,2.3,0.575,2026-08-13
EXEL,58.38999938964844,2026-10-02,47.375298762226485,0.4564729151261737,,,
EXFY,2.25,2026-10-02,1.5226215086135257,0.25000003311369245,,,
EXLS,35.75,2026-10-02,34.52167324810864,-0.16995587988601435,,,
EXOZ,5.769999980926514,2026-10-02,9.591976114478244,-0.5661654211895388,,,
EXPE,265.0,2026-10-02,255.95195183620984,0.20877619470167885,1.8399999999999999,0.48,2026-08-27
EXPO,67.30000305175781,2026-10-02,67.19083659867367,0.0029806942203411957,1.23,0.31,2026-09-04
EXTR,23.1200008392334,2026-10-02,20.82597607920369,0.13947756510648257,,,
EXUS,28.149999618530273,2026-10-02,26.905219135056456,0.07792455926661401,0.009,0.009,2025-12-24
EXYN,2.3399999141693115,2026-10-02,3.9790721554117106,,,,
EYE,16.399999618530273,2026-10-02,23.231334652083802,-0.4319362957467183,,,
EYEG,33.27000045776367,2026-10-02,35.35726288875261,-0.08030404535076707,1.7120000000000002,0.137,2026-10-01
EYPT,3.25,2026-10-02,12.715139421333829,-0.7632920532879608,,,
EZGO,0.8500000238418579,2026-10-02,196.03147405884656,-0.9987121211759972,,,
EZMO,27.069000244140625,2026-10-02,26.584210782011677,0.08172154981526747,,,
EZPW,30.200000762939453,2026-10-02,26.537848628374686,0.6611661306926173,,,
EZRA,2.200000047683716,2026-10-02,12.497808770829463,-0.9485981288107422,1.2,1.2,2025-10-30
EZRO,25.677000045776367,2026-10-02,25.27847926872821,0.032656355605576115,,,
FA,18.09000015258789,2026-10-02,15.448964145554015,0.14784263260580977,,,
FAAA,50.27000045776367,2026-10-02,50.1975155705991,,1.384,0.174,2026-09-29
FAAR,32.150001525878906,2026-10-02,31.301605680549287,0.0649221913596918,3.039,0.137,2026-09-24
FAB,99.54000091552734,2026-10-02,96.43900411537444,0.12563610281590476,1.7640000000000002,0.539,2026-09-24
FABC,2.3399999141693115,2026-10-02,3.1671713120433913,-0.5813953756180117,,,
FAC,6.0,2026-10-02,9.42764544392012,-0.4023904359763949,,,
FACT,10.720000267028809,2026-10-02,10.533127488368061,0.03976719987634603,,,
FAD,184.39999389648438,2026-10-02,174.1124304053318,0.1414422185891624,0.154,0.052,2026-09-24
FALN,25.75,2026-10-02,27.141765016958534,-0.06989342616107996,1.7619999999999998,0.147,2026-10-01
FAMI,0.12999999523162842,2026-10-02,1.0507171322921833,-0.9329896951560475,,,
FANG,184.7100067138672,2026-10-02,177.06247002954976,0.25252597263785725,4.25,1.1,2026-08-13
FAST,50.75,2026-10-02,45.36386448833572,0.059941496822479845,0.96,0.26,2026-07-28
FATE,2.319999933242798,2026-10-02,1.7270916299041048,0.9173552562822309,,,
FATN,5.579999923706055,2026-10-02,3.851167326429451,-0.21408450723143713,,,
FBDT,1.0499999523162842,2026-10-02,1.1396774188164742,,,,
FBGL,3.809999942779541,2026-10-02,6.399601619082143,-0.5207547126807137,,,
FBIO,2.0299999713897705,2026-10-02,2.916254975406297,-0.2618181922219016,,,
FBIZ,70.93000030517578,2026-10-02,58.906812766633664,0.4123854755291203,1.31,0.34,2026-08-12
FBL,32.0,2026-10-02,28.73397205550357,-0.21201675648723972,0.674,0.674,2025-12-29
FBLA,16.959999084472656,2026-10-02,13.9118127632901,0.41098156726926405,,,
FBLG,1.2400000095367432,2026-10-02,3.751250990121013,-0.8870673896873233,,,
FBNC,62.33000183105469,2026-10-02,57.79235051067702,0.19155037649989026,0.95,0.24,2026-09-30
FBOT,39.625,2026-10-02,36.300318714157044,0.1901187018823376,0.155,0.028,2026-09-18
FBYD,8.5649995803833,2026-10-02,11.37665337965308,-0.2741525896661954,,,
FBYY,10.633000373840332,2026-10-02,15.288424379685345,-0.5739130271950235,6.489999999999999,0.06,2026-10-02
FCA,25.5,2026-10-02,29.83533867611828,-0.12581419495012292,1.423,0.892,2026-09-24
FCAL,46.44919967651367,2026-10-02,49.109275741881106,-0.04904906304258594,1.6889999999999998,0.145,2026-09-24
FCAP,62.900001525878906,2026-10-02,55.49936256560672,0.3500751517465934,1.25,0.32,2026-09-11
FCBC,48.0,2026-10-02,40.561434134069195,0.40556362680176017,2.2600000000000002,0.33,2026-08-07
FCCO,32.66999816894531,2026-10-02,30.50091635563459,0.191031637093376,0.65,0.17,2026-08-04
FCEF,22.790000915527344,2026-10-02,23.333804780268576,-0.011708523706334129,1.6409999999999996,0.138,2026-09-11
FCEL,18.469999313354492,2026-10-02,13.05541831658656,0.8090106997400794,,,
FCFS,210.36000061035156,2026-10-02,193.14103613621685,0.3858621115675982,1.68,0.42,2026-08-14
FCHL,0.9269999861717224,2026-10-02,70.9328602749513,-0.996714513534557,,,
FCLO,50.400001525878906,2026-10-02,50.227888166534235,,1.8290000000000002,0.237,2026-09-29
FCNCA,2073.4599609375,2026-10-02,2014.781832630416,0.17631101377262626,8.4,2.1,2026-08-31
FCTE,29.479000091552734,2026-10-02,26.914852621070892,0.12002281281749894,0.022,0.022,2025-12-24
FCUV,4.385000228881836,2026-10-02,41.562641374143475,-0.9678046965702342,,,
FCVT,49.80799865722656,2026-10-02,47.46528286572946,0.13846854073660708,0.55,0.045,2026-09-24
FCXG,15.600000381469727,2026-10-02,14.364012742498119,,,,
FDBC,55.31999969482422,2026-10-02,47.37490036193118,0.2679348691387502,1.72,0.43,2026-08-14
FDCF,51.77000045776367,2026-10-02,48.23645823505295,0.05140238685287901,,,
FDFF,34.3650016784668,2026-10-02,34.49111955954259,-0.05939505071871565,0.35000000000000003,0.064,2026-09-18
FDIF,42.04249954223633,2026-10-02,37.257711190151504,0.17175301813458965,0.10300000000000001,0.02,2026-09-18
FDIG,42.06100082397461,2026-10-02,42.58021921560584,-0.1999048684012884,0.628,0.023,2026-09-18
FDIQ,67.27210235595703,2026-10-02,67.39781710256143,0.1033639660337411,1.49,0.365,2026-09-21
FDIV,26.138999938964844,2026-10-02,27.476844635617685,-0.02973276092107524,0.6699999999999999,0.179,2026-09-28
FDMM,9.819999694824219,2026-10-02,9.834186110385629,,,,
FDMT,13.670000076293945,2026-10-02,10.465637491993695,0.5988303826130117,,,
FDNI,25.469999313354492,2026-10-02,30.370756947186837,-0.35779124025850295,0.378,0.378,2025-12-12
FDRS,26.170000076293945,2026-10-02,23.16884815755315,,,,
FDRX,25.338300704956055,2026-10-02,21.215485016504925,,,,
FDSB,17.399999618530273,2026-10-02,15.48443027131586,0.2691465769596042,,,
FDT,94.83999633789062,2026-10-02,88.93725093522394,0.2424995946915487,2.749,0.532,2026-09-24
FDTS,71.9000015258789,2026-10-02,64.86932283378692,0.2703180824068987,1.8190000000000002,0.284,2026-09-24
FDTX,60.130001068115234,2026-10-02,46.16419906920171,0.46587031684770985,,,
FDUS,19.260000228881836,2026-10-02,19.215458235417703,-0.054491927570943344,2.14,0.5,2026-09-15
FEAM,3.880000114440918,2026-10-02,2.52876494747709,-0.051344750687624785,,,
FEBO,0.6349999904632568,2026-10-02,0.9455019912396769,-0.15333334604899085,,,
FEIM,86.02999877929688,2026-10-02,55.23521914995049,1.4643368420316483,,,
FELE,98.6500015258789,2026-10-02,99.08892436236499,0.024190218422310616,1.105,0.28,2026-08-06
FEM,32.709999084472656,2026-10-02,30.362151377704514,0.20879525979449265,0.717,0.285,2026-09-24
FEMB,28.329999923706055,2026-10-02,29.57024299955938,-0.03770382439590858,1.917,0.2,2026-09-24
FEMS,44.779998779296875,2026-10-02,45.058127475449766,0.015189257757300512,1.796,0.399,2026-09-24
FEMY,2.049999952316284,2026-10-02,8.991155381221695,-0.8373015960117645,,,
FENC,10.199999809265137,2026-10-02,8.794362539314179,0.03238863270421399,,,
FEP,56.040000915527344,2026-10-02,56.1925100501315,0.07935290623808822,1.7449999999999999,0.325,2026-09-24
FEPI,43.209999084472656,2026-10-02,43.709422214097714,-0.08122474577876926,10.515,0.207,2026-09-30
FER,53.63999938964844,2026-10-02,65.36818720904954,-0.10301003220740013,1.2930000000000001,0.649,2026-05-18
FERA,10.550000190734863,2026-10-02,10.369123531052791,0.037364809399234034,,,
FEUZ,63.65999984741211,2026-10-02,64.46266938775659,0.06914331878602131,1.996,0.413,2026-09-24
FEX,134.24000549316406,2026-10-02,127.71824728065278,0.14033302838222883,1.378,0.408,2026-09-24
FFAI,1.2300000190734863,2026-10-02,85.18099602570096,-0.9946753245927554,,,
FFBC,31.8700008392334,2026-10-02,29.243227103791863,0.22247799049881367,1.01,0.26,2026-09-01
FFIN,32.150001525878906,2026-10-02,32.343784826210296,-0.0402984619140625,0.82,0.22,2026-09-14
FFIV,454.0400085449219,2026-10-02,329.59035877972485,0.39713211027007844,,,
FFR,1.2300000190734863,2026-10-02,1.3759999871253967,,,,
FFUT,64.32499694824219,2026-10-02,57.49064935631011,0.22302491596714225,1.117,0.015,2025-12-30
FGBI,8.3100004196167,2026-10-02,8.302415940866052,-0.0578230490763848,0.04,0.01,2026-09-25
FGC,6.940000057220459,2026-10-02,10.1307967801493,-0.7631399236201244,,,
FGI,7.760000228881836,2026-10-02,5.8927450275041195,0.32649578724552697,,,
FGII,10.020000457763672,2026-10-02,9.943055517143673,,,,
FGL,4.360000133514404,2026-10-02,1191.4988645766362,-0.9990045661795629,,,
FGM,58.40999984741211,2026-10-02,62.89613542898718,-0.0329470468243972,1.072,0.191,2026-09-24
FGSI,20.350000381469727,2026-10-02,20.315872526738747,-0.0323347733225513,1.698,0.142,2026-09-24
FHB,25.260000228881836,2026-10-02,26.253625497400048,0.02641201147540273,1.04,0.26,2026-08-17
FHTX,2.0199999809265137,2026-10-02,4.91117530230032,-0.5646551639975603,,,
FIBK,36.0,2026-10-02,35.45378488183496,0.1288805484168707,1.88,0.47,2026-08-04
FICS,39.93299865722656,2026-10-02,40.52460958473236,0.03466763555394592,0.779,0.104,2026-09-24
FID,22.239999771118164,2026-10-02,21.512470146574348,0.12209889573943356,0.892,0.157,2026-09-24
FIEE,3.6700000762939453,2026-10-02,4.487729077320175,0.32490978395833725,,,
FIGG,15.751999855041504,2026-10-02,52.04523771317279,-0.941254572258847,,,
FIGR,28.530000686645508,2026-10-02,37.12300796812749,-0.2920595229091507,,,
FIGX,10.319999694824219,2026-10-02,10.170238988807952,0.031999969482421786,,,
FIMU,19.04170036315918,2026-10-02,19.718941843187487,,0.143,0.018,2026-10-01
FINW,11.170000076293945,2026-10-02,15.847908407568456,-0.3942516403042614,,,
FINX,24.34000015258789,2026-10-02,27.104745028978325,-0.29037898851353483,0.21400000000000002,0.043,2026-06-29
FINY,24.437299728393555,2026-10-02,25.31883136204311,,2.022,0.052,2026-10-02
FIP,2.684999942779541,2026-10-02,4.796992031226595,-0.46513945159737125,0.12,0.03,2026-08-24
FISI,39.97999954223633,2026-10-02,34.53422306258365,0.4758213110758165,1.27,0.32,2026-09-15
FISN,5.570000171661377,2026-10-02,8.762837828816595,,,,
FISV,44.36000061035156,2026-10-02,62.58428005981445,-0.6522420707167611,,,
FIVE,221.19000244140625,2026-10-02,203.20884431025897,0.41743029872318016,,,
FIVN,34.36000061035156,2026-10-02,22.33916343445797,0.5070176210576649,,,
FIXD,41.27000045776367,2026-10-02,43.78056181949448,-0.07341716188927372,2.055,0.165,2026-09-24
FIYY,23.540000915527344,2026-10-02,24.479619180588497,,0.38900000000000007,0.009,2026-10-02
FIZZ,30.31999969482422,2026-10-02,33.791434215834414,-0.1955425630252483,3.25,3.25,2026-07-13
FJDI,9.869999885559082,2026-10-02,9.86000006539481,,,,
FJP,79.5,2026-10-02,73.43733077030258,0.2167126485420079,1.935,0.485,2026-06-25
FKU,53.83000183105469,2026-10-02,52.50800797663837,0.1021703862177894,2.073,0.362,2026-09-24
FKWL,2.390000104904175,2026-10-02,3.5548207142438546,-0.46888886557685006,0.04,0.04,2025-11-14
FLD,0.5410000085830688,2026-10-02,1.627908364710105,-0.8686893146576737,,,
FLDB,50.099998474121094,2026-10-02,50.41676496224574,-0.009783629501712077,2.1689999999999996,0.158,2026-09-29
FLEX,116.61000061035156,2026-10-02,91.89466145124094,1.0774986351566653,,,
FLGT,21.479999542236328,2026-10-02,21.184103601007347,-0.05706765167796024,,,
FLL,1.3899999856948853,2026-10-02,2.467649404746128,-0.5382059833558485,,,
FLN,25.770000457763672,2026-10-02,24.79733061315529,0.2236467764131791,0.9480000000000001,0.151,2026-09-24
FLNA,0.9300000071525574,2026-10-02,1.890039841967275,-0.7438016589991779,,,
FLNC,7.610000133514404,2026-10-02,17.324920331339438,-0.448150822729095,,,
FLNT,2.9800000190734863,2026-10-02,2.9955378509612673,0.3070175686261223,,,
FLUX,0.6399999856948853,2026-10-02,1.4770956162912436,-0.8284182352755435,,,
FLWS,2.559999942779541,2026-10-02,3.7961753022623252,-0.4410480381169888,,,
FLX,1.409999966621399,2026-10-02,2.6108326828812225,-0.5740181296083755,,,
FLXS,88.81999969482422,2026-10-02,55.29059760409047,0.9650442078675767,0.9,0.25,2026-09-30
FLY,23.31999969482422,2026-10-02,26.84410358140193,-0.14797226964654397,,,
FLYE,1.3849999904632568,2026-10-02,4.107717139312471,-0.9020509224303317,,,
FLYW,17.579999923706055,2026-10-02,14.777390438247012,0.29741695027626647,,,
FMAC,10.100000381469727,2026-10-02,10.020208398501078,,,,
FMAO,35.4900016784668,2026-10-02,28.142390452533128,0.4027669070629649,0.918,0.23,2026-07-10
FMB,48.060001373291016,2026-10-02,50.90482076515715,-0.0536575461712826,1.847,0.159,2026-09-24
FMBH,49.97999954223633,2026-10-02,43.580637441688324,0.33351121004987494,1.01,0.26,2026-08-18
FMED,31.81800079345703,2026-10-02,27.269641397483795,0.23733231983881398,,,
FMET,39.25,2026-10-02,36.436645469817506,0.03797537566153686,0.27,0.108,2026-09-18
FMFC,0.17299999296665192,2026-10-02,1.0642788803197474,-0.9887953369385806,,,
FMHI,44.86000061035156,2026-10-02,47.83213155678069,-0.057464030679799105,2.093,0.179,2026-09-24
FMNB,15.34000015258789,2026-10-02,14.100756975759072,0.07498245693762962,0.69,0.18,2026-09-11
FMST,0.5860000252723694,2026-10-02,1.9840597610074686,-0.8033556974759473,,,
FMTM,39.486000061035156,2026-10-02,36.44729872623763,0.2986679549189488,0.095,0.095,2025-12-23
FMUB,48.400001525878906,2026-10-02,50.91000002978807,-0.04902247587079389,1.8119999999999998,0.157,2026-09-29
FMUN,46.97740173339844,2026-10-02,49.99983833890512,-0.05753033237189753,1.656,0.143,2026-09-29
FNGR,0.24799999594688416,2026-10-02,0.9187768910273137,-0.853254445236665,,,
FNK,59.93000030517578,2026-10-02,58.96414342629482,0.07286071697732854,0.983,0.276,2026-09-24
FNKO,5.860000133514404,2026-10-02,4.461553782580858,0.7920489809464912,,,
FNLC,34.209999084472656,2026-10-02,29.576015859961036,0.32238105816336704,1.4899999999999998,0.38,2026-07-07
FNRN,17.780000686645508,2026-10-02,15.252750936257412,0.47115844261603,,,
FNUC,1.2799999713897705,2026-10-02,2.6246414431537763,-0.7408906970519398,,,
FNWB,9.949999809265137,2026-10-02,9.973904393108718,0.2594936315380334,,,
FNWD,42.380001068115234,2026-10-02,36.93848612963916,0.33396287244178446,0.48,0.12,2026-09-18
FNX,137.22999572753906,2026-10-02,134.96517965613134,0.08140263260401581,1.3820000000000001,0.411,2026-09-24
FNY,100.52940368652344,2026-10-02,98.0999578954689,0.08422565102465263,,,
FOCL,4.199999809265137,2026-10-02,3.9093227054018422,0.8103447974649527,,,
FOFO,2.0899999141693115,2026-10-02,5.683486046069172,-0.8683049824044984,,,
FORM,149.14999389648438,2026-10-02,96.53533839799493,2.7578734960226323,,,
FORR,11.220000267028809,2026-10-02,8.12107567198248,0.18354438911523574,,,
FORTY,113.5,2026-10-02,134.61478050201538,-0.1586984143572635,15.177,1.63,2026-09-22
FOSL,6.800000190734863,2026-10-02,4.132948210039936,1.6254827861319918,,,
FOX,55.88999938964844,2026-10-02,56.81613554327611,0.002511199814321685,0.5700000000000001,0.29,2026-09-02
FOXA,62.279998779296875,2026-10-02,63.29450195434084,0.005164617487936951,0.5700000000000001,0.29,2026-09-02
FOXF,18.649999618530273,2026-10-02,18.433525875745065,-0.2714844007568896,,,
FOXX,2.5999999046325684,2026-10-02,3.915804779862028,-0.41573033346670485,,,
FPA,50.43000030517578,2026-10-02,45.77430281316142,0.32258061611611,1.938,0.367,2026-09-24
FPXE,32.18000030517578,2026-10-02,32.759761012407886,0.0015561542296418374,0.572,0.094,2026-09-24
FPXI,68.20999908447266,2026-10-02,67.23760940734134,0.12062165752569487,0.6930000000000001,0.228,2026-09-24
FRAF,63.15999984741211,2026-10-02,55.20091636627319,0.39027073350506614,1.34,0.34,2026-08-07
FRBA,17.790000915527344,2026-10-02,16.634302758600608,0.11676086470301161,0.32999999999999996,0.09,2026-08-07
FRBT,17.790000915527344,2026-10-02,18.75987345055689,,,,
FRD,41.08000183105469,2026-10-02,25.874302814681215,0.9441553934053395,0.16,0.04,2026-07-17
FREI,23.739999771118164,2026-10-02,24.79337859798122,,0.46399999999999997,0.286,2026-10-02
FRGT,0.25200000405311584,2026-10-02,8.543095612193484,-0.9927482013222125,,,
FRHC,173.0,2026-10-02,144.99739071667432,0.012821277868439784,,,
FRME,40.150001525878906,2026-10-02,39.779282695268726,0.057135387303767216,1.46,0.37,2026-09-04
FRMI,4.03000020980835,2026-10-02,9.961832696223164,-0.8590909036344128,,,
FRMM,4.829999923706055,2026-10-02,6.863366527861333,-0.8090909063494809,,,
FRNM,16.31999969482422,2026-10-02,12.150231080226215,0.5396225573117757,,,
FROG,95.5,2026-10-02,65.74081682303988,0.9866860954085392,,,
FRPH,20.280000686645508,2026-10-02,23.00203182022885,-0.16198346912026307,,,
FRPT,60.2599983215332,2026-10-02,61.94177279529344,0.1263551088137047,,,
FRSH,12.779999732971191,2026-10-02,10.505179281728676,0.1289752718645849,,,
FRST,15.619999885559082,2026-10-02,13.872310752412712,0.48620357234957945,0.4,0.1,2026-08-07
FRSX,1.1200000047683716,2026-10-02,3.077828687975606,-0.8325859498970309,,,
FRTT,0.800000011920929,2026-10-02,1.1565853669876005,,,,
FRVO,14.449999809265137,2026-10-02,25.416969684639362,,,,
FRWD,33.301998138427734,2026-10-02,28.882983501140888,,,,
FSBC,43.650001525878906,2026-10-02,40.52922308112521,0.3610851868178715,0.95,0.25,2026-08-03
FSBW,44.33000183105469,2026-10-02,41.347808777098635,0.10714287755831942,1.1500000000000001,0.29,2026-08-07
FSCS,35.79169845581055,2026-10-02,36.38017412770792,-0.023525423926376132,0.459,0.139,2026-09-24
FSGS,32.07979965209961,2026-10-02,31.230106809699677,0.026849347050093453,0.01,0.01,2026-06-25
FSHP,11.289999961853027,2026-10-02,10.957490092729667,0.06009393110298311,,,
FSLR,174.61000061035156,2026-10-02,229.4807581198643,-0.2412549563049503,,,
FSLY,25.809999465942383,2026-10-02,17.899621490463318,1.9229897722478828,,,
FSTB,19.760000228881836,2026-10-02,19.966351586419183,,0.22,0.057,2026-10-01
FSTR,37.27000045776367,2026-10-02,33.43043819746648,0.4021821130452099,,,
FSUN,39.52000045776367,2026-10-02,37.43599611259552,0.0038100464807842016,,,
FSV,129.1300048828125,2026-10-02,147.98906419001727,-0.31575877465262236,1.19,0.305,2026-09-29
FSZ,78.91999816894531,2026-10-02,80.65266923030534,0.024935041155133897,1.637,0.808,2026-06-25
FTA,95.8499984741211,2026-10-02,92.90123508650943,0.13418525678901894,1.75,0.526,2026-09-24
FTAG,28.780000686645508,2026-10-02,28.47649398742919,0.10564732721697023,0.338,0.058,2026-09-24
FTAI,167.02999877929688,2026-10-02,222.0951395224765,-0.015617597895279833,1.7,0.5,2026-08-12
FTC,180.58999633789062,2026-10-02,169.54374494210657,0.12398082028979251,0.20400000000000001,0.068,2026-09-24
FTCI,2.1500000953674316,2026-10-02,6.220637425958397,-0.7144754268974778,,,
FTCS,93.69000244140625,2026-10-02,95.03968133204486,0.0003202944493265747,1.145,0.333,2026-09-24
FTDR,77.23999786376953,2026-10-02,65.41390425845447,0.12398132263856265,,,
FTDS,62.23500061035156,2026-10-02,60.304645431944095,0.10975389761646737,1.061,0.309,2026-09-24
FTEK,1.659999966621399,2026-10-02,1.6556573678772764,-0.44295303490047944,,,
FTFT,3.4100000858306885,2026-10-02,36.51175295356735,-0.9756706621237586,,,
FTG,24.639999389648438,2026-10-02,23.70181823499275,,,,
FTGC,30.648000717163086,2026-10-02,27.652322731170045,0.18309206349346585,4.374999999999999,0.132,2026-09-24
FTGS,38.130001068115234,2026-10-02,36.49329090498358,0.0517170030274523,0.015,0.009,2026-09-24
FTH,28.350000381469727,2026-10-02,21.12063345966111,1.9685863680897184,,,
FTHA,9.979999542236328,2026-10-02,9.94082184360452,,,,
FTHI,23.770000457763672,2026-10-02,23.695657372949608,0.002107974108626065,2.1149999999999998,0.179,2026-09-24
FTHM,0.33399999141693115,2026-10-02,0.9573545803824269,-0.8144444442972725,,,
FTLF,9.220000267028809,2026-10-02,13.30517931098482,-0.5424317398720968,,,
FTNT,180.9499969482422,2026-10-02,111.41011941005509,1.1092201307517597,,,
FTQI,22.290000915527344,2026-10-02,21.23617530154042,0.08256438806902033,2.499,0.222,2026-09-24
FTRE,20.0,2026-10-02,14.41858569749323,1.116402159118696,,,
FTRI,16.729999542236328,2026-10-02,16.889442200679703,0.09993422092552051,0.35400000000000004,0.08,2026-09-24
FTSL,44.56999969482422,2026-10-02,45.24721125872487,-0.028552775562191823,2.8150000000000004,0.225,2026-09-24
FTSM,59.540000915527344,2026-10-02,59.89974898076152,-0.007170256735418157,2.4380000000000006,0.205,2026-09-30
FTXG,21.18600082397461,2026-10-02,22.190231057277238,-0.018030123995779856,0.547,0.134,2026-09-24
FTXH,40.72999954223633,2026-10-02,35.19503177779604,0.37188860091743403,0.28900000000000003,0.011,2026-09-24
FTXL,263.25,2026-10-02,186.24576526049123,1.2683405833639574,0.169,0.036,2026-06-25
FTXN,39.08700180053711,2026-10-02,33.93596804189492,0.3805319881224718,0.717,0.245,2026-09-24
FTXO,38.939998626708984,2026-10-02,38.62212756335498,0.10502569256476613,0.7689999999999999,0.21,2026-09-24
FTXR,41.68600082397461,2026-10-02,40.84718707263232,0.1807392851902443,0.449,0.119,2026-09-24
FUFU,1.399999976158142,2026-10-02,2.2553784885254515,-0.6373056958014796,,,
FULC,3.690000057220459,2026-10-02,7.262729062502128,-0.5997830856452263,,,
FULT,22.809999465942383,2026-10-02,21.256892428455124,0.2430517161719774,0.76,0.19,2026-10-01
FUNC,43.619998931884766,2026-10-02,39.479003936645995,0.20730688188048418,1.04,0.26,2026-07-20
FUND,9.649999618530273,2026-10-02,9.534262932629224,0.14744349507922183,0.617,0.15,2026-09-15
FUSB,16.5,2026-10-02,15.185737066534886,0.3546797690135093,0.28,0.07,2026-09-11
FUSE,0.4959999918937683,2026-10-02,2.089745018111757,-0.9645714291504451,,,
FUTG,3.4049999713897705,2026-10-02,9.849163930924213,-0.7640005638232371,,,
FUTU,102.16999816894531,2026-10-02,140.332649352541,-0.3989292814625457,2.6,2.6,2026-04-16
FV,74.0999984741211,2026-10-02,67.04944615155102,0.19227669597508013,0.263,0.076,2026-06-25
FVAV,10.25,2026-10-02,10.126447370177821,,,,
FVC,42.74150085449219,2026-10-02,38.756906365018445,0.18266468113816892,0.324,0.001,2026-06-25
FVCB,17.790000915527344,2026-10-02,15.526015946589618,0.40299688386172505,0.26,0.07,2026-07-27
FVN,8.005000114440918,2026-10-02,10.676521996577897,-0.2347036247373635,,,
FWAC,9.949999809265137,2026-10-02,9.919110976325141,,,,
FWDI,8.15999984741211,2026-10-02,7.003745011599415,-0.6378162628175644,,,
FWONA,83.38999938964844,2026-10-02,85.65211131183274,-0.13477898146867673,,,
FWONK,91.19999694824219,2026-10-02,93.42470118913992,-0.1300200767408054,,,
FWRD,15.90999984741211,2026-10-02,19.302669300976028,-0.3209560546229474,,,
FWRG,10.569999694824219,2026-10-02,13.729282869285797,-0.3499385273040003,,,
FXAC,10.079999923706055,2026-10-02,10.049365134466262,,,,
FXHO,9.9350004196167,2026-10-02,259.3011713331914,-0.9983017093299801,,,
FXNC,30.059999465942383,2026-10-02,27.359123442752427,0.3413654471494203,0.68,0.17,2026-08-28
FYC,116.45999908447266,2026-10-02,106.98382461973395,0.2660071941401869,0.13,0.13,2026-06-25
FYT,67.61710357666016,2026-10-02,63.72815573642928,0.19086130733265727,1.29,0.466,2026-09-24
FYX,136.2899932861328,2026-10-02,126.7440637535308,0.2335052576810963,1.5210000000000001,0.51,2026-09-24
GABC,49.400001525878906,2026-10-02,43.628884440874195,0.262458476295113,1.22,0.31,2026-08-10
GAIA,1.3899999856948853,2026-10-02,2.9941434261808357,-0.7582608720530635,,,
GAIN,15.65999984741211,2026-10-02,14.94573703705077,0.12258064957185488,0.9599999999999999,0.08,2026-09-21
GALT,3.9000000953674316,2026-10-02,3.7040637498832796,-0.09930712145846543,,,
GAME,3.0799999237060547,2026-10-02,3.456752997470567,-0.5422116752951652,,,
GANX,1.7100000381469727,2026-10-02,2.128764938073329,-0.10937496022476412,,,
GARY,28.5310001373291,2026-10-02,24.319688777534328,,0.011,0.011,2025-12-30
GASS,9.34000015258789,2026-10-02,8.414701195827043,0.43913720831745096,,,
GAUZ,5.144999980926514,2026-10-02,27.297669311918586,-0.9593601892342974,,,
GAVA,25.84000015258789,2026-10-02,19.674507114249216,,0.025,0.025,2026-09-03
GBDC,12.539999961853027,2026-10-02,13.147808781658036,-0.09327548582569645,1.3800000000000001,0.33,2026-09-14
GBFH,17.93000030517578,2026-10-02,29.839840611613603,-0.5595676563890043,,,
GBLI,24.350000381469727,2026-10-02,27.793466096855255,-0.18315998598760963,1.4,0.35,2026-09-18
GBUG,46.11000061035156,2026-10-02,44.67680082283172,0.21118993905903327,0.68,0.68,2025-12-18
GCBC,34.2599983215332,2026-10-02,26.490956181074043,0.5544463202538608,0.41000000000000003,0.11,2026-08-14
GCGR,10.130000114440918,2026-10-02,10.14479455555955,,,,
GCL,0.7580000162124634,2026-10-02,0.8574183274550267,-0.7013396436910576,,,
GCMG,13.050000190734863,2026-10-02,11.67914343450174,0.08931558342103219,0.48,0.12,2026-09-01
GCT,53.75,2026-10-02,40.08709164349681,0.9210150421504968,,,
GCTK,1.2100000381469727,2026-10-02,33.2060955316422,-0.9890990987554327,,,
GDC,1.4299999475479126,2026-10-02,603.3721115555896,-0.9991020408492635,,,
GDEV,10.760000228881836,2026-10-02,15.92342628235836,-0.6926592189447834,,,
GDHG,1.1699999570846558,2026-10-02,2.341741037083812,-0.8431635454287105,,,
GDRX,3.2799999713897705,2026-10-02,2.872171307939932,-0.2759382296963432,,,
GDS,27.56999969482422,2026-10-02,36.88876493233609,-0.30431493939559906,,,
GDTC,0.9200000166893005,2026-10-02,1.2315298784301576,-0.5422885467391159,,,
GDYN,8.020000457763672,2026-10-02,7.35780875711327,-0.04976293169442958,,,
GECC,5.019999980926514,2026-10-02,6.2353784781528185,-0.43212670879231607,1.17,0.25,2026-09-15
GEG,2.1600000858306885,2026-10-02,2.243147433516514,-0.10743800920098645,,,
GEHC,64.29000091552734,2026-10-02,72.4183266324351,-0.16026641894385896,0.14,0.035,2026-07-24
GELS,0.5210000276565552,2026-10-02,0.7860478068965365,-0.5897637515896137,,,
GEME,41.599998474121094,2026-10-02,37.954207074594684,0.27529122735374245,2.255,2.255,2025-12-30
GEMG,7.579999923706055,2026-10-02,44.36928508783642,-0.9764698591325938,,,
GEMI,4.670000076293945,2026-10-02,8.04922310764571,-0.8115415679221223,,,
GEMQ,24.600000381469727,2026-10-02,23.84637387593587,,,,
GEN,21.989999771118164,2026-10-02,25.031274962710196,-0.2095614661272156,0.5,0.125,2026-08-17
GENB,13.6899995803833,2026-10-02,14.156291374307594,,,,
GENK,1.6100000143051147,2026-10-02,2.110262941554248,-0.4633333285649618,,,
GENZ,36.40999984741211,2026-10-02,38.288605663405946,-0.17940047951528149,1.364,1.364,2025-12-22
GEOS,4.800000190734863,2026-10-02,12.048884450676907,-0.7552269229302788,,,
GEQ,50.93190002441406,2026-10-02,51.30273960254811,,0.172,0.172,2026-09-28
GERN,1.2000000476837158,2026-10-02,1.4010756956153656,-0.1111110914881831,,,
GEVG,23.610000610351562,2026-10-02,23.745985016822814,,,,
GEVO,1.309999942779541,2026-10-02,1.890637450959103,-0.38785052403621245,,,
GEW,55.09299850463867,2026-10-02,53.26878890383291,0.08711861120273534,0.875,0.184,2026-09-28
GFAI,0.30799999833106995,2026-10-02,0.5652310741375167,-0.7389830406593607,,,
GFGF,36.5890007019043,2026-10-02,34.88303964166527,0.07157710386221194,0.075,0.075,2025-12-23
GFLW,33.86000061035156,2026-10-02,30.06760949062636,0.18574033127325085,0.113,0.113,2026-09-09
GFS,50.16999816894531,2026-10-02,50.4361951455652,0.4010052009203422,0.24,0.12,2026-09-23
GFUZ,7.579999923706055,2026-10-02,9.845143407464503,-0.24950498639456165,,,
GGAL,35.88999938964844,2026-10-02,47.0990437131479,0.2509584775728315,1.81,0.048,2026-09-28
GGLL,99.05999755859375,2026-10-02,101.50766936526355,0.54083055137535,4.961,0.605,2026-09-22
GGLS,58.237998962402344,2026-10-02,64.78261338192154,-0.3397052043371639,1.875,0.375,2026-09-22
GGR,3.200000047683716,2026-10-02,3.5512270936927948,-0.46666665871938073,,,
GH,177.8000030517578,2026-10-02,116.65231063356437,1.829408062062769,,,
GHRS,22.940000534057617,2026-10-02,19.51362555150492,0.7511450279426566,,,
GHXI,10.010000228881836,2026-10-02,10.013611078262329,,,,
GIBO,32.446998596191406,2026-10-02,40.12991635447954,-0.5008154062124399,,,
GIEQ,41.47999954223633,2026-10-02,41.82225807764197,,,,
GIFT,0.550000011920929,2026-10-02,0.9665099611557812,-0.481132036216234,,,
GIGM,1.4299999475479126,2026-10-02,1.481713144902689,-0.1488095284555776,,,
GIII,27.3700008392334,2026-10-02,30.455976037865142,-0.004365184899377095,0.4,0.1,2026-09-15
GILD,144.74000549316406,2026-10-02,133.6217130379848,0.2844085753607324,3.2499999999999996,0.82,2026-09-15
GILT,10.029999732971191,2026-10-02,14.098964125036717,-0.2553823656914007,,,
GIND,23.420000076293945,2026-10-02,24.85252982211778,-0.10354066693611697,0.173,0.173,2026-09-24
GINX,35.314300537109375,2026-10-02,33.499574858828844,0.18923390806650153,0.801,0.15,2026-09-28
GIPR,0.4399999976158142,2026-10-02,4.879964142800327,-0.9731707312286361,,,
GITS,1.809999942779541,2026-10-02,1.9238924289129644,-0.20960699872024402,,,
GIW,10.1850004196167,2026-10-02,10.019770208318183,0.025679769043713385,,,
GIX,10.010000228881836,2026-10-02,9.927883134271106,,,,
GIXI,4.360000133514404,2026-10-02,5.520909114317461,,,,
GKAT,43.98939895629883,2026-10-02,42.55337221973921,0.08629213771043354,0.327,0.04,2026-09-29
GLAD,19.149999618530273,2026-10-02,19.446334641293227,-0.10346446295278988,1.9799999999999995,0.15,2026-09-21
GLBE,39.310001373291016,2026-10-02,35.771294855976485,0.11155095454798936,,,
GLBS,3.5,2026-10-02,2.201752985616129,2.2710278770352894,,,
GLCR,23.64299964904785,2026-10-02,25.645852655053613,-0.10649638132844041,0.259,0.259,2025-12-24
GLDB,22.354999542236328,2026-10-02,23.296597391872083,-0.1106734966094235,0.046,0.046,2025-12-23
GLDI,140.56500244140625,2026-10-02,163.30574880653168,-0.16955659499442488,38.182,2.485,2026-09-22
GLE,0.4449999928474426,2026-10-02,0.4471872514225097,-0.409030570453638,,,
GLGG,4.209000110626221,2026-10-02,10.900131424109775,-0.8600870895519928,,,
GLIBA,23.15999984741211,2026-10-02,31.27838643138627,-0.3835507044041122,,,
GLIBK,23.239999771118164,2026-10-02,31.12583673332792,-0.37677663715365695,,,
GLND,3.7300000190734863,2026-10-02,3.3782222209153354,,,,
GLNG,49.209999084472656,2026-10-02,46.512470123777355,0.25216285088542234,1.0,0.25,2026-08-24
GLOO,4.119999885559082,2026-10-02,5.339794534526459,-0.48500001430511475,,,
GLOW,34.57600021362305,2026-10-02,32.4750956121194,0.13643388925729827,0.42300000000000004,0.141,2026-07-09
GLPI,37.68000030517578,2026-10-02,44.932211097018175,-0.19607422308809153,3.1999999999999997,0.82,2026-09-11
GLRE,14.75,2026-10-02,15.179920310518181,0.17249603254804047,,,
GLSI,16.979999542236328,2026-10-02,19.3347409369936,0.556370282284105,,,
GLUE,10.5,2026-10-02,17.147131494316923,0.356589187402923,,,
GLWG,14.989999771118164,2026-10-02,20.242847190962898,,,,
GLXG,0.9900000095367432,2026-10-02,2.006884457580597,-0.8055009862753342,,,
GLXY,23.059999465942383,2026-10-02,26.400278912122506,-0.36227877314018475,,,
GMAB,34.75,2026-10-02,29.882629516115227,0.03545883724713006,,,
GMEX,2.450000047683716,2026-10-02,291.1083338963558,-0.9990524149768031,453.6,453.6,2025-12-30
GMHS,0.6100000143051147,2026-10-02,0.9715139405185957,-0.5642856966476049,,,
GMM,1.809999942779541,2026-10-02,46.40277291816544,-0.9818090458012106,,,
GNLN,2.6600000858306885,2026-10-02,9.755274908001205,-0.9166666641769154,,,
GNLX,2.559999942779541,2026-10-02,3.4178286947577123,-0.42471908932456925,,,
GNMA,41.689998626708984,2026-10-02,44.182749197302584,-0.06209228546361789,1.8799999999999997,0.166,2026-10-01
GNOM,69.62100219726562,2026-10-02,50.11637451354251,0.7002295358055455,0.649,0.058,2026-06-29
GNPX,2.630000114440918,2026-10-02,52.00886028696341,-0.9875473477630521,,,
GNSS,1.4500000476837158,2026-10-02,1.9252988114300003,-0.3983402506046285,,,
GNTA,0.7450000047683716,2026-10-02,1.3980398363326176,-0.774242419535354,,,
GNTX,22.079999923706055,2026-10-02,23.52705175088221,-0.19941987002228168,0.48,0.12,2026-07-08
GO,11.619999885559082,2026-10-02,10.03721113888866,-0.29447478020614426,,,
GOAI,1.809999942779541,2026-10-02,3.169360467860865,,,,
GOGO,2.109999895095825,2026-10-02,4.724143416758078,-0.7583046957920785,,,
GOLI,12.09000015258789,2026-10-02,15.191920341248531,-0.3287062743508634,5.752999999999998,0.059,2026-10-01
GOOD,12.9399995803833,2026-10-02,12.029721104291331,0.06414471568740931,1.2000000000000002,0.1,2026-09-21
GOOG,340.3500061035156,2026-10-02,326.2990831473909,0.38101038879295945,0.86,0.22,2026-09-04
GOOGL,343.5,2026-10-02,327.38944174473977,0.40004072327218076,0.86,0.22,2026-09-04
GOSS,10.710000038146973,2026-10-02,96.08900425823562,-0.9479085616721495,,,
GOU,25.049999237060547,2026-10-02,26.59445711771647,-0.00409496447219071,,,
GOVI,25.260000228881836,2026-10-02,27.223187199626786,-0.0923463780765249,1.052,0.093,2026-09-21
GOVX,0.3199999928474426,2026-10-02,3.836282862966279,-0.9779310349760384,,,
GOW,3.869999885559082,2026-10-02,10.152685305036872,-0.6224390355552115,,,
GP,0.5609999895095825,2026-10-02,1.297366535046186,-0.8224683625721773,,,
GPAC,10.100000381469727,2026-10-02,9.978228569030762,,,,
GPAT,11.029999732971191,2026-10-02,10.821426266218086,0.037629314602440234,,,
GPCR,27.670000076293945,2026-10-02,49.95153395208229,0.01429616494985475,,,
GPIQ,58.02000045776367,2026-10-02,54.45243028435574,0.11192027823749573,5.766,0.509,2026-10-01
GPIX,55.880001068115234,2026-10-02,53.650358511632184,0.07337686504142193,4.586,0.397,2026-10-01
GPRE,15.229999542236328,2026-10-02,13.871752970722092,0.5782383569208791,,,
GPRO,1.350000023841858,2026-10-02,1.1927011974779258,-0.40265485418646674,,,
GPT,34.78900146484375,2026-10-02,32.10843423638211,0.15608808183420875,0.226,0.226,2025-12-23
GQQQ,36.400001525878906,2026-10-02,32.479860503360094,0.22703524026612487,0.141,0.03,2026-09-28
GRAB,3.0799999237060547,2026-10-02,4.198705174533495,-0.5,,,
GRAG,4.289999961853027,2026-10-02,7.7609261104038785,-0.7128898507469736,,,
GRAL,143.25999450683594,2026-10-02,76.33195215962323,1.18567394170302,,,
GRAN,0.9399999976158142,2026-10-02,2.005147407729312,-0.7071651132569938,,,
GRCE,2.069999933242798,2026-10-02,3.005577692472602,-0.3168316987497031,,,
GRDX,3.809999942779541,2026-10-02,3.4585219122974045,-0.12413792498660747,,,
GRFS,7.309999942779541,2026-10-02,8.337928262839755,-0.2653266248334305,0.094,0.094,2026-07-02
GRI,1.9600000381469727,2026-10-02,12.473725058168053,-0.9633507843133199,,,
GRID,182.91000366210938,2026-10-02,172.1938247984624,0.2013793343980912,1.547,0.353,2026-09-24
GRIN,33.095001220703125,2026-10-02,30.21671319482811,0.19046770248050016,0.16699999999999998,0.008,2026-09-09
GRML,7.880000114440918,2026-10-02,17.003585607407103,-0.6796747970631484,,,
GRNQ,8.479999542236328,2026-10-02,16.66503584812362,-0.479754604959996,,,
GROW,2.859999895095825,2026-10-02,2.812350602738886,0.04761900187328871,0.09600000000000003,0.008,2026-09-14
GRPN,19.309999465942383,2026-10-02,17.89633466712982,-0.15897211515999965,,,
GRRR,13.170000076293945,2026-10-02,14.048426301355855,-0.28462790953552075,,,
GRSD,1.5099999904632568,2026-10-02,3.8999402342564555,-0.8182912257262069,,,
GRVY,68.5,2026-10-02,62.980318684976886,0.10483870967741926,,,
GRW,31.197999954223633,2026-10-02,30.83889238577915,-0.04050436598944207,,,
GRWG,1.5700000524520874,2026-10-02,1.4671115519041085,-0.12290497993820826,,,
GSAT,83.22000122070312,2026-10-02,69.94199202640124,0.975314481624487,,,
GSBC,79.2699966430664,2026-10-02,68.2789243872897,0.2946267717736324,1.72,0.43,2026-09-28
GSGO,46.1510009765625,2026-10-02,41.61319085901434,0.16481166201170439,,,
GSHD,45.5099983215332,2026-10-02,56.97609560233188,-0.36966758663220123,,,
GSHR,10.579999923706055,2026-10-02,10.369370471908752,0.04236456367848085,,,
GSIB,61.20500183105469,2026-10-02,55.81315944109305,0.27934203588148554,1.002,1.002,2025-12-18
GSIT,5.610000133514404,2026-10-02,7.0689243149472425,0.14256625414586122,,,
GSIW,9.510000228881836,2026-10-02,25.42727877704271,-0.6932257990683279,,,
GSM,4.260000228881836,2026-10-02,4.360119533728794,-0.15476185295136657,0.059,0.015,2026-09-22
GSRF,10.260000228881836,2026-10-02,10.093312470118205,0.01684837202409195,,,
GSRV,9.890000343322754,2026-10-02,9.872461641751803,,,,
GSUN,0.21699999272823334,2026-10-02,0.8876573698097966,-0.9099585124481699,,,
GT,4.840000152587891,2026-10-02,7.216852598456272,-0.3730569580147959,,,
GTBP,6.099999904632568,2026-10-02,0.9992719937562943,8.546165756319981,,,
GTEC,0.8100000023841858,2026-10-02,0.8404342620021319,-0.397769527766369,,,
GTEN,10.470000267028809,2026-10-02,10.386430269218536,0.023460482456679976,,,
GTERA,10.449999809265137,2026-10-02,10.218916353476475,0.04709421729326957,,,
GTIM,1.5,2026-10-02,1.3382868491320972,-0.08536584568052041,,,
GTLB,49.779998779296875,2026-10-02,34.76561750738744,0.06118096229418546,,,
GTM,3.7100000381469727,2026-10-02,6.397310731895416,-0.6441247030916886,,,
GTOP,52.255001068115234,2026-10-02,43.900718577857155,0.30640766895382554,,,
GTOQ,21.545000076293945,2026-10-02,22.420143439000345,-0.05814207316747777,1.552,0.137,2026-09-21
GTPE,61.48099899291992,2026-10-02,55.85371315227782,0.22403834929663757,,,
GTR,27.453899383544922,2026-10-02,26.430533466111143,0.05510756727728694,1.4539999999999997,0.15,2026-09-25
GTX,27.06999969482422,2026-10-02,22.93348606079223,1.00965101397101,0.32,0.08,2026-09-01
GUAC,9.920000076293945,2026-10-02,9.941093623638153,,,,
GURE,3.0199999809265137,2026-10-02,4.286972124738047,-0.5206349381754152,,,
GUSE,46.14250183105469,2026-10-02,42.85076132687655,0.1650970034437651,0.295,0.295,2025-12-23
GUTS,0.40700000524520874,2026-10-02,0.9780756965338946,-0.7374193433767547,,,
GVH,1.1100000143051147,2026-10-02,2.753023905345643,-0.7725409860093245,,,
GVLE,47.60100173950195,2026-10-02,44.06313636086204,0.20341300397546336,0.474,0.474,2025-12-23
GWAV,2.305000066757202,2026-10-02,4.541589643850744,-0.6554558973031046,,,
GWRS,8.130000114440918,2026-10-02,8.26085657522498,-0.1902390293495172,0.30000000000000004,0.025,2026-09-16
GXAI,0.515999972820282,2026-10-02,1.1920199230372668,-0.6964706127371336,,,
GXDW,25.197999954223633,2026-10-02,25.41396811283917,-0.08937153030351808,0.35800000000000004,0.083,2026-06-29
GYGY,0.5899999737739563,2026-10-02,2.056304331706918,,,,
GYRE,7.110000133514404,2026-10-02,7.232111562295739,-0.04048579218290782,,,
GYRO,4.559999942779541,2026-10-02,7.7112749202317925,-0.5572815671516795,,,
HACQ,10.039999961853027,2026-10-02,10.014365196228027,,,,
HAFC,31.670000076293945,2026-10-02,28.92075694414724,0.2790791511928903,1.11,0.28,2026-08-03
HAIN,0.5199999809265137,2026-10-02,0.867290836406419,-0.6666666666666667,,,
HALO,109.86000061035156,2026-10-02,76.02988069085961,0.5926354778773562,,,
HAO,2.700000047683716,2026-10-02,1727.1088114753663,-0.9991887019087489,,,
HAPN,15.380000114440918,2026-10-02,17.42978083849903,0.0420054116493771,,,
HAS,89.54000091552734,2026-10-02,87.81207159885847,0.1798656164930843,2.8,0.7,2026-08-19
HAVA,10.239999771118164,2026-10-02,10.06778109726028,0.03643721179224069,,,
HBAN,15.329999923706055,2026-10-02,16.758167339036188,-0.10923877168958074,0.62,0.155,2026-09-17
HBCP,67.52999877929688,2026-10-02,62.62912342937819,0.23908254640911708,1.25,0.32,2026-08-03
HBDC,24.219999313354492,2026-10-02,24.83511551632824,-0.04079210640180231,1.254,0.111,2026-09-29
HBIO,8.34000015258789,2026-10-02,6.1671314666945625,0.8533333672417536,,,
HBNB,4.760000228881836,2026-10-02,6.301374500966167,0.5504887076182814,,,
HBNC,19.479999542236328,2026-10-02,18.02462147716507,0.22670021422239484,0.8,0.16,2026-10-02
HBR,13.539999961853027,2026-10-02,13.439435905880398,-0.5002583586594044,,,
HBT,36.34000015258789,2026-10-02,29.046155382437536,0.45592954669596164,0.92,0.25,2026-08-11
HCAC,10.13010025024414,2026-10-02,10.027058408439505,,,,
HCAI,0.5070000290870667,2026-10-02,8.543227112863168,-0.9732594908455309,,,
HCAT,1.75,2026-10-02,1.9891474154365965,-0.4087837914030772,,,
HCHL,3.9600000381469727,2026-10-02,3.085334676195426,0.1681415680247922,,,
HCIC,9.979999542236328,2026-10-02,9.934230694404015,,,,
HCKT,10.779999732971191,2026-10-02,14.271673301301629,-0.4350104939163276,0.48,0.12,2026-09-18
HCM,14.199999809265137,2026-10-02,13.538844617714444,-0.11746428374140006,,,
HCMA,10.300000190734863,2026-10-02,10.199840617844783,0.017786591621669512,,,
HCOW,23.7189998626709,2026-10-02,24.234796866002785,-0.024070151878436974,2.822,0.201,2026-09-29
HCSG,20.8700008392334,2026-10-02,20.40721117832746,0.2803682095752651,,,
HCTI,0.7250000238418579,2026-10-02,37.92286457578499,-0.9954744067562242,,,
HCWB,1.6799999475479126,2026-10-02,7.584119553110039,-0.9306930708163775,,,
HDL,11.3100004196167,2026-10-02,15.035027864919716,-0.36496346104644584,,,
HDRN,1.2400000095367432,2026-10-02,7.235593624323963,-0.8819047609965006,,,
HDSN,5.230000019073486,2026-10-02,6.499322710759136,-0.4465608333721026,,,
HEAL,28.882999420166016,2026-10-02,28.111517887191468,-0.12156330651172742,0.072,0.072,2025-12-30
HECO,64.38590240478516,2026-10-02,52.43724655820079,0.48662896243848897,,,
HELE,26.739999771118164,2026-10-02,22.510278876559195,0.011346415695949519,,,
HELP,11.699999809265137,2026-10-02,7.157788854196252,0.9243420980396031,,,
HEPS,2.440000057220459,2026-10-02,2.6782868525896415,-0.10948903331099102,,,
HEQQ,62.66999816894531,2026-10-02,59.34484463573927,0.09383180736117946,0.102,0.017,2026-09-22
HERD,48.994998931884766,2026-10-02,46.73274504520979,0.14487676196323696,1.723,0.548,2026-09-04
HERE,1.7000000476837158,2026-10-02,3.74065736185507,-0.7924297759726926,,,
HERO,27.34000015258789,2026-10-02,27.945223128178206,-0.18930135973532847,0.461,0.128,2026-06-29
HERZ,15.279999732971191,2026-10-02,18.886772946057565,-0.3737704929566069,14.76,0.17,2026-09-16
HFBL,25.389999389648438,2026-10-02,19.35629478773748,0.8266187112552645,0.555,0.15,2026-07-27
HFFG,1.6299999952316284,2026-10-02,1.9753585702394585,-0.40510949286193054,,,
HFSP,13.489999771118164,2026-10-02,14.859123518742413,-0.23265074916596895,,,
HFWA,28.139999389648438,2026-10-02,26.601792871239653,0.15612157819384898,0.97,0.25,2026-08-05
HGBL,1.2899999618530273,2026-10-02,1.307609564279655,-0.19375003585591855,,,
HHS,4.559999942779541,2026-10-02,3.029999994186766,0.25619829174078657,,,
HIDE,24.40489959716797,2026-10-02,23.919071357088736,0.052388919151860724,0.719,0.719,2025-12-23
HIFS,287.7799987792969,2026-10-02,291.0984059367997,0.02995596080127938,3.2199999999999998,0.63,2026-08-03
HIHO,0.8999999761581421,2026-10-02,1.0243824699010506,-0.4705882641683392,0.05,0.05,2026-08-10
HIMX,15.239999771118164,2026-10-02,11.56733070616703,0.765932742644635,0.252,0.252,2026-06-30
HIMZ,26.06999969482422,2026-10-02,67.26727509593583,-0.9026585057804726,1.974,1.974,2025-12-30
HIND,1.909999966621399,2026-10-02,2.992031880583896,-0.653357552217561,,,
HIS,26.339399337768555,2026-10-02,25.72030946831954,,0.013,0.013,2026-09-28
HISF,42.310001373291016,2026-10-02,44.597613710806186,-0.06559181727195218,2.248,0.184,2026-09-24
HIT,0.7829999923706055,2026-10-02,1.4514183269078988,-0.7676557807239492,,,
HITI,2.630000114440918,2026-10-02,2.545378484573972,-0.2633052762967517,,,
HIVE,2.9800000190734863,2026-10-02,3.2336254998507252,-0.33033704566257116,,,
HKIT,2.4800000190734863,2026-10-02,3240.4357370627354,-0.9996425225197731,,,
HKPD,0.10999999940395355,2026-10-02,0.6549880485313823,-0.9105691075624434,,,
HLAL,75.5999984741211,2026-10-02,66.11153381469241,0.2663316165491916,0.269,0.096,2026-09-24
HLIT,11.170000076293945,2026-10-02,11.223147426468442,0.04490182551470534,,,
HLMN,7.039999961853027,2026-10-02,8.460458160871529,-0.23561347093441964,,,
HLNE,87.04000091552734,2026-10-02,107.30914337036619,-0.3178683232258802,2.2800000000000002,0.6,2026-09-21
HLP,2.549999952316284,2026-10-02,1.1440916300057415,0.8959107048876163,,,
HLTH,29.68000030517578,2026-10-02,27.97358491285792,,,,
HLXC,10.569999694824219,2026-10-02,10.408914315359933,,,,
HMH,18.309999465942383,2026-10-02,20.00085946917534,,,,
HMR,1.6699999570846558,2026-10-02,1.1288924302712855,0.25563902496125923,,,
HMYY,5.380000114440918,2026-10-02,9.722423789614723,-0.7795714260148854,8.898,0.081,2026-10-02
HNDL,21.670000076293945,2026-10-02,22.387155380856942,-0.034313745073001556,1.5740000000000003,0.129,2026-09-14
HNNA,10.3100004196167,2026-10-02,9.974262948055191,-0.03644854173835932,0.5880000000000001,0.15,2026-08-20
HNRG,13.489999771118164,2026-10-02,17.87926296978833,-0.30031124010995747,,,
HNST,5.159999847412109,2026-10-02,3.4654382510014266,0.4059944796030637,,,
HNVR,25.639999389648438,2026-10-02,23.44549799915329,0.1643959517089133,0.4,0.1,2026-08-06
HODO,0.14499999582767487,2026-10-02,4.03768526308565,-0.9895533145077704,,,
HODU,13.359999656677246,2026-10-02,13.927123811266839,-0.49923163429009376,0.234,0.036,2026-09-22
HOFT,13.170000076293945,2026-10-02,12.747211140940388,0.32096286093869675,0.46,0.115,2026-09-15
HOLO,1.559999942779541,2026-10-02,2.3892231101533805,-0.7045454771229707,,,
HON,213.99000549316406,2026-10-02,225.2042480103998,0.03556982355351912,4.444102,0.7,2026-08-14
HONA,154.6300048828125,2026-10-02,189.49376628925273,,,,
HOOD,112.73999786376953,2026-10-02,102.00316729298626,-0.2416762006302423,,,
HOOG,32.279998779296875,2026-10-02,43.293187357989915,-0.7392147431116638,6.686,6.686,2025-12-30
HOOX,36.369998931884766,2026-10-02,49.65440650575189,-0.7483846138174027,8.757,8.757,2025-12-30
HOPE,13.680000305175781,2026-10-02,12.207211152490867,0.2690167573320792,0.56,0.14,2026-08-06
HOUR,1.8600000143051147,2026-10-02,1.964119519845423,-0.34507039770486847,,,
HOVR,1.6799999475479126,2026-10-02,1.9793426316097913,-0.3612167777775763,,,
HOWL,0.9279999732971191,2026-10-02,0.7807290848507824,-0.5473170756669643,,,
HOYY,4.605000019073486,2026-10-02,10.071494026488041,-0.8201171894354047,12.551999999999998,0.068,2026-10-02
HPAI,0.30399999022483826,2026-10-02,1.9761155326052966,-0.912893985846954,,,
HPK,7.849999904632568,2026-10-02,6.46503984215725,0.08876558434111748,0.04,0.04,2025-12-01
HQ,15.789999961853027,2026-10-02,14.930514707284814,,,,
HQDG,24.911399841308594,2026-10-02,24.555570125579834,,,,
HQGO,67.65390014648438,2026-10-02,62.287852192304996,0.13928061578360795,0.33999999999999997,0.096,2026-09-25
HQI,18.809999465942383,2026-10-02,11.814900356459903,1.0139185394692505,0.24,0.06,2026-09-01
HQY,90.04000091552734,2026-10-02,90.2563544345567,0.0163675881880192,,,
HRMY,39.63999938964844,2026-10-02,34.09868523039191,0.45307911993761674,,,
HROW,30.479999542236328,2026-10-02,40.3672908691771,-0.32907771654221674,,,
HRTS,35.80400085449219,2026-10-02,35.043617522099105,0.10978859658353923,0.473,0.473,2025-12-10
HRTX,0.3499999940395355,2026-10-02,0.8839442247888482,-0.7348484999001622,,,
HRZN,4.619999885559082,2026-10-02,5.28816733797233,-0.2560386703415122,1.0899999999999999,0.09,2026-09-16
HSAI,15.380000114440918,2026-10-02,20.998167360921304,-0.43765996709597,,,
HSCS,4.300000190734863,2026-10-02,2.74101593579904,0.16216219873477056,,,
HSDT,2.630000114440918,2026-10-02,3.159382460601776,-0.8380541778628463,,,
HSIC,84.87999725341797,2026-10-02,78.01358559597061,0.2662986543218364,,,
HST,22.559999465942383,2026-10-02,20.486972064136033,0.33412180186358453,1.6700000000000002,0.2,2026-09-30
HSTM,30.81999969482422,2026-10-02,24.716733058610284,0.12646195202070198,0.136,0.035,2026-08-17
HTCO,2.3299999237060547,2026-10-02,7.268298813071384,-0.7001287092116286,,,
HTCR,1.9800000190734863,2026-10-02,5.712577706789116,-0.8842105277834322,2.6,2.6,2025-11-10
HTFL,49.31999969482422,2026-10-02,32.002948191061435,0.31030819592382763,,,
HTHT,41.779998779296875,2026-10-02,46.297011903557646,0.08519477348823057,2.17,0.87,2026-09-08
HTLD,11.899999618530273,2026-10-02,11.373665321395691,0.3631157207921112,0.08,0.02,2026-09-25
HTLM,1.899999976158142,2026-10-02,2.2474422369345253,-0.44117649327512365,0.065,0.065,2026-04-22
HTO,60.130001068115234,2026-10-02,55.92669319061644,0.27583279663438964,1.74,0.44,2026-08-10
HTOO,2.1500000953674316,2026-10-02,3.2307091680655917,-0.5530145278702401,,,
HTZ,1.7599999904632568,2026-10-02,4.383306774485159,-0.7184000015258789,,,
HUBC,1.0099999904632568,2026-10-02,4751.081987985253,-0.9999659932663144,,,
HUBG,29.770000457763672,2026-10-02,40.8029083692695,-0.12851286326867517,0.5,0.125,2026-09-21
HUCK,3.200000047683716,2026-10-02,5.895637437166921,-0.7897503290708938,,,
HUDI,0.6850000023841858,2026-10-02,1.1021354614026042,-0.5340136128896542,,,
HUHU,4.760000228881836,2026-10-02,7.647422325088684,-0.13138682257037326,,,
HUIZ,1.3300000429153442,2026-10-02,2.0645099564852467,-0.6554403940256255,,,
HUMA,0.5220000147819519,2026-10-02,0.9956772906846734,-0.751428553101156,,,
HURA,1.909999966621399,2026-10-02,1.910426293948732,-0.2653846012770066,,,
HURC,22.290000915527344,2026-10-02,18.34633465497142,0.2287762770404005,,,
HURN,162.14999389648438,2026-10-02,142.9111552143477,0.07869868278245917,,,
HUT,89.62999725341797,2026-10-02,72.86772883745779,1.2351621113218125,,,
HUTG,13.4399995803833,2026-10-02,17.895637381207813,,,,
HVMC,10.270000457763672,2026-10-02,10.10360953342392,0.03216086981233501,,,
HWBK,38.630001068115234,2026-10-02,35.1645019804814,0.27197892659295486,0.83,0.21,2026-09-15
HWC,73.08999633789062,2026-10-02,68.06478099139088,0.16943994140624996,1.95,0.5,2026-09-04
HWGV,23.94969940185547,2026-10-02,24.878833417539244,,,,
HWIV,25.434799194335938,2026-10-02,26.219707782451923,,,,
HWKN,131.41000366210938,2026-10-02,144.86992073818982,-0.28144138148773856,0.77,0.2,2026-08-14
HWMV,24.53660011291504,2026-10-02,24.59522874014718,,,,
HWO,26.014999389648438,2026-10-02,26.53721156487098,,,,
HWSM,29.97480010986328,2026-10-02,28.89524617138137,0.10282559872360619,0.362,0.362,2025-12-03
HXHX,0.3880000114440918,2026-10-02,0.5711155362813122,-0.7387205335310041,,,
HYBI,48.19900131225586,2026-10-02,49.67432668009602,-0.05045305543658629,4.016,0.328,2026-09-09
HYDR,44.98899841308594,2026-10-02,44.26435455383058,0.08832060214225823,1.319,0.369,2026-06-29
HYFM,1.0299999713897705,2026-10-02,1.3958207162252936,-0.657807317390972,,,
HYFT,1.340000033378601,2026-10-02,1.5301792830585008,-0.20710059881151865,,,
HYLS,39.36000061035156,2026-10-02,41.110836697764604,-0.06463880946639566,2.7130000000000005,0.22,2026-09-24
HYMC,18.709999084472656,2026-10-02,26.394621434914637,1.9983973991588715,,,
HYNE,16.600000381469727,2026-10-02,15.478850979071398,0.18571431296212326,,,
HYP,30.395999908447266,2026-10-02,26.570593655346872,0.21569410043182535,0.032,0.032,2025-12-24
HYPD,3.7300000190734863,2026-10-02,3.9180079769803235,-0.663053286187763,,,
HYPG,30.709999084472656,2026-10-02,24.77941178714528,,0.063,0.034,2026-09-03
HYPR,0.8939999938011169,2026-10-02,1.1705099600719742,-0.39594595791912135,,,
HYXF,44.85900115966797,2026-10-02,46.74214344100648,-0.05200757715612225,2.811,0.235,2026-10-01
HYZD,22.329999923706055,2026-10-02,22.522509905446572,-0.010195015411394226,1.3180000000000003,0.11,2026-09-25
IA,18.989999771118164,2026-10-02,18.31577682875067,0.5746267919053456,,,
IACO,10.0,2026-10-02,9.924682412828718,,,,
IACQ,9.949999809265137,2026-10-02,9.957972926062507,,,,
IALT,29.969999313354492,2026-10-02,27.636743742844153,0.19236121107796578,0.113,0.079,2026-06-15
IART,12.680000305175781,2026-10-02,13.914462146531063,-0.14324323366470293,,,
IBAC,10.90999984741211,2026-10-02,10.695378501101795,0.039047604515439094,,,
IBAT,42.0,2026-10-02,36.650215133727784,0.43003060265136384,0.304,0.183,2026-06-15
IBB,205.2899932861328,2026-10-02,177.03944238913488,0.359536379378363,0.34,0.011,2026-09-15
IBBQ,34.369998931884766,2026-10-02,30.1355697434262,0.3589276917883859,0.391,0.23,2026-09-21
IBCP,36.369998931884766,2026-10-02,34.46231082901062,0.17816643806699517,1.1,0.28,2026-08-04
IBEX,43.58000183105469,2026-10-02,34.11838646998918,0.1492617071575877,,,
IBG,0.8500000238418579,2026-10-02,4.8733625378741685,-0.9491017973048137,,,
IBGA,22.264999389648438,2026-10-02,24.425410396074394,-0.11245320111198898,1.1400000000000001,0.106,2026-10-01
IBGB,22.179800033569336,2026-10-02,24.375915496947755,-0.1148615398738081,1.117,0.094,2026-10-01
IBGC,22.719999313354492,2026-10-02,24.44151512781779,,0.5630000000000001,0.085,2026-10-01
IBGK,20.965999603271484,2026-10-02,23.32670123643609,-0.13079891582955427,1.0779999999999998,0.09,2026-10-01
IBGL,21.547000885009766,2026-10-02,23.979410353884752,-0.1306785485681341,1.121,0.093,2026-10-01
IBGM,22.40999984741211,2026-10-02,24.301287853356563,,0.583,0.096,2026-10-01
IBIO,1.1299999952316284,2026-10-02,1.7070916356793437,0.31395346097136434,,,
IBIT,47.72999954223633,2026-10-02,45.17940224879291,-0.31628704753677983,,,
IBKR,88.30000305175781,2026-10-02,78.4454979155643,0.25497444976950256,0.33599999999999997,0.088,2026-09-01
IBOC,69.83999633789062,2026-10-02,70.68816735924952,0.017037981653455603,1.46,0.73,2026-08-14
IBOT,66.55799865722656,2026-10-02,59.304489941236035,0.2969212598015496,0.2,0.2,2025-12-22
IBRX,10.28499984741211,2026-10-02,6.2071513702195,3.0492125991642958,,,
IBTG,22.81999969482422,2026-10-02,22.881533907704146,-0.0032758576737228484,0.8820000000000001,0.07,2026-10-01
IBTH,22.280000686645508,2026-10-02,22.412988024403848,-0.008235008443615466,0.8380000000000001,0.069,2026-10-01
IBTI,21.8700008392334,2026-10-02,22.231079641091394,-0.021695312589320337,0.8260000000000001,0.069,2026-10-01
IBTJ,21.190000534057617,2026-10-02,21.761992063180383,-0.03352331715298473,0.8109999999999999,0.067,2026-10-01
IBTK,18.934999465942383,2026-10-02,19.648956139249155,-0.04585537308634391,0.7290000000000001,0.059,2026-10-01
IBTL,19.415000915527344,2026-10-02,20.3020996154542,-0.05454097590489693,0.7870000000000001,0.066,2026-10-01
IBTM,21.684999465942383,2026-10-02,22.817844641636093,-0.06145856327320676,0.8869999999999998,0.07,2026-10-01
IBTO,22.917999267578125,2026-10-02,24.260768920776854,-0.06931982669733505,0.9939999999999998,0.079,2026-10-01
IBTP,23.985000610351562,2026-10-02,25.502832716679666,-0.0734015685427849,1.015,0.083,2026-10-01
IBTQ,23.562999725341797,2026-10-02,25.15907170573079,-0.07668498030244031,0.9719999999999999,0.082,2026-10-01
IBTR,23.360000610351562,2026-10-02,24.587727358846955,,0.46,0.064,2026-10-01
ICCC,9.75,2026-10-02,7.92231076457111,0.5451664165475645,,,
ICCM,1.5700000524520874,2026-10-02,12.439223095715283,-0.9457123081497142,,,
ICFI,81.86000061035156,2026-10-02,79.81458153287728,-0.1305363857285674,0.56,0.14,2026-09-04
ICG,0.9399999976158142,2026-10-02,1.2607211154770566,-0.480662968324576,,,
ICHR,62.91999816894531,2026-10-02,50.103486034499696,2.0425530580479596,,,
ICLN,17.190000534057617,2026-10-02,18.40167335115106,0.0757197137974357,0.184,0.056,2026-06-15
ICLR,162.0500030517578,2026-10-02,152.6260954108371,-0.16421680560173613,,,
ICMB,0.7900000214576721,2026-10-02,1.9306254925955815,-0.7357859468435015,0.14,0.14,2025-12-01
ICMO,24.58970069885254,2026-10-02,24.48276710510254,,,,
ICON,0.9700000286102295,2026-10-02,2.456083668180671,-0.9053658508672947,,,
ICOP,54.11000061035156,2026-10-02,49.036585728010806,0.41512151322878,0.893,0.271,2026-06-15
ICU,4.690000057220459,2026-10-02,3.575330674410816,-0.2773497345728847,,,
ICUI,159.3800048828125,2026-10-02,143.92848576397535,0.30564434571363597,,,
IDAC,9.989999771118164,2026-10-02,9.99234353005886,,,,
IDAI,3.25,2026-10-02,3.0053505954514463,0.012461047158154548,,,
IDCC,335.1300048828125,2026-10-02,325.7864939777025,-0.01170746431508829,2.8,0.7,2026-07-08
IDEF,31.690000534057617,2026-10-02,32.85163348984433,-0.016205179352460797,0.106,0.054,2026-06-15
IDN,2.2699999809265137,2026-10-02,5.043665338797398,-0.5659655884038309,,,
IDVY,25.97410011291504,2026-10-02,25.557416750037152,,0.34,0.14,2026-09-24
IDXX,518.3900146484375,2026-10-02,606.8821109604551,-0.17871003557829646,,,
IDYA,37.36000061035156,2026-10-02,33.54752992728792,0.35166430663321213,,,
IEAG,10.180000305175781,2026-10-02,10.119791679912144,,,,
IEF,89.05000305175781,2026-10-02,94.95836648523095,-0.0762447962425391,3.714,0.307,2026-10-01
IEI,113.16999816894531,2026-10-02,118.0929479409024,-0.05178048080591979,4.356,0.368,2026-10-01
IESC,339.3399963378906,2026-10-02,272.1004180908203,0.7719179472159501,,,
IEUS,69.68000030517578,2026-10-02,70.12322698646332,0.01871343202839837,2.255,1.443,2026-06-15
IFBD,0.8629999756813049,2026-10-02,1.0065378456476675,-0.16213592266719568,,,
IFGL,20.440000534057617,2026-10-02,23.050318714157044,-0.11782475326918485,0.954,0.202,2026-09-15
IFLO,35.334999084472656,2026-10-02,31.693609518833846,0.2686701132527656,0.576,0.079,2026-09-09
IFRX,1.7200000286102295,2026-10-02,1.5243027858525158,0.0886075834761142,,,
IFV,24.860000610351562,2026-10-02,25.936083607464674,0.00529744503675178,0.504,0.094,2026-09-24
IGAC,10.09000015258789,2026-10-02,9.979147998654113,,,,
IGF,61.7599983215332,2026-10-02,64.9501594908209,0.002434632522247293,1.9300000000000002,0.934,2026-06-15
IGIB,50.150001525878906,2026-10-02,53.22585664422389,-0.07232703936526153,2.5900000000000003,0.221,2026-10-01
IGIC,24.6200008392334,2026-10-02,25.0686055977506,0.04989339182210273,1.4,0.075,2026-08-18
IGOV,39.810001373291016,2026-10-02,41.61075710585393,-0.0652735094937057,0.587,0.587,2025-12-19
IGSB,51.06999969482422,2026-10-02,52.52358560448149,-0.034958400191455685,2.4050000000000002,0.204,2026-10-01
IHRT,1.940000057220459,2026-10-02,3.657270907405838,-0.3192982027588628,,,
III,5.699999809265137,2026-10-02,4.8676095654764975,-0.01213174556200547,0.18,0.045,2026-09-04
IIIV,14.279999732971191,2026-10-02,22.42346616570218,-0.567796630227688,,,
IJT,163.44000244140625,2026-10-02,156.00151426763648,0.14767220166073391,1.258,0.36,2026-09-15
IKT,2.0,2026-10-02,1.862211156176381,0.20481930133444748,,,
ILAG,2.9000000953674316,2026-10-02,3.7345259009129497,-0.5468749918509276,,,
ILIT,12.439000129699707,2026-10-02,16.44654182418884,-0.05543318098731542,0.322,0.023,2026-06-15
ILLR,0.24699999392032623,2026-10-02,2.716171314932436,-0.9748216122981596,,,
ILLU,9.979999542236328,2026-10-02,9.92713040061619,,,,
ILMN,273.0400085449219,2026-10-02,152.9225097595458,1.673717207220312,,,
ILPT,7.079999923706055,2026-10-02,6.8933466098223075,0.2665473578615858,0.25,0.1,2026-07-20
IMA,4.599999904632568,2026-10-02,6.216342625864948,-0.4651163138848099,,,
IMCC,2.0399999618530273,2026-10-02,22.25930282224222,-0.9658291468043093,,,
IMCR,29.709999084472656,2026-10-02,32.79613538947238,-0.13154048875851843,,,
IMCV,92.36000061035156,2026-10-02,87.94717118464618,0.14095125500010464,1.826,0.518,2026-09-15
IMDX,3.440000057220459,2026-10-02,5.198645420758373,0.02686571795522541,,,
IMKTA,86.6500015258789,2026-10-02,82.46418315385917,0.1981471500487333,0.66,0.165,2026-07-09
IMMP,4.349999904632568,2026-10-02,1.3650799959897995,1.338709608159709,,,
IMMR,7.389999866485596,2026-10-02,6.670478068499926,0.04971589581378977,0.27,0.075,2026-07-20
IMMX,9.680000305175781,2026-10-02,8.075099600263801,3.699029404881748,,,
IMNM,20.899999618530273,2026-10-02,21.574043824853174,0.6882067387181214,,,
IMNN,1.2799999713897705,2026-10-02,2.88087649079433,-0.7616387339538078,,,
IMOM,40.6870002746582,2026-10-02,41.06572515176112,0.10277814798336982,0.964,0.964,2025-12-23
IMOS,83.30000305175781,2026-10-02,44.24095611268306,3.1339952669355764,0.783,0.783,2026-06-29
IMPP,5.380000114440918,2026-10-02,4.7114741118305705,0.12788262808250983,,,
IMRN,1.090000033378601,2026-10-02,1.166804782660359,-0.49302326277696196,,,
IMRX,4.070000171661377,2026-10-02,5.317908354489452,-0.3272727201076312,,,
IMSR,3.7799999713897705,2026-10-02,8.385936249774765,-0.7797202794288002,,,
IMTE,0.44999998807907104,2026-10-02,0.6331474090002448,-0.5982142980685647,,,
IMTX,7.590000152587891,2026-10-02,9.907191238555301,-0.19255314248889122,,,
IMUX,7.960000038146973,2026-10-02,10.590239032806153,-0.1860940434066145,,,
IMVT,33.619998931884766,2026-10-02,29.68860554790117,0.9893490941278829,,,
IMXI,11.510000228881836,2026-10-02,14.789063765233257,-0.18078291298017246,,,
INAB,1.399999976158142,2026-10-02,1.6181992043062035,-0.4142259771096227,,,
INAC,10.390000343322754,2026-10-02,10.163768950686512,0.04317272123783855,,,
INBK,27.6200008392334,2026-10-02,23.33067730603465,0.233035772749965,0.24,0.06,2026-10-01
INBS,1.659999966621399,2026-10-02,4.87501196034876,-0.858119658659579,,,
INBX,96.98999786376953,2026-10-02,86.08505981566897,1.7206169344302253,,,
INCR,5.420000076293945,2026-10-02,5.191980071276783,-0.3308642196248269,,,
INCY,115.30000305175781,2026-10-02,104.76764946439826,0.32757633940677655,,,
IND,21.5,2026-10-02,23.106266351503745,-0.1468254226555772,0.078,0.078,2026-06-18
INDB,80.05999755859375,2026-10-02,78.11059770926062,0.15277179375916594,2.5100000000000002,0.64,2026-09-28
INDH,36.939998626708984,2026-10-02,40.56570928505217,-0.1332910999612542,2.224,2.224,2025-12-10
INDI,2.9700000286102295,2026-10-02,3.89157371976936,-0.3060747936871665,,,
INDP,2.380000114440918,2026-10-02,2.400027892266612,-0.2721712145800763,,,
INDQ,24.71500015258789,2026-10-02,26.275000024029588,,0.079,0.079,2026-09-03
INDV,35.709999084472656,2026-10-02,34.49689243514224,0.5412170464776489,,,
INDY,40.95000076293945,2026-10-02,46.14378487636369,-0.19972635864208999,4.094,0.099,2026-06-15
INEO,0.5860000252723694,2026-10-02,0.6245059764005273,-0.40142998791955675,,,
INGN,5.96999979019165,2026-10-02,6.525378478000839,-0.30982658341365144,,,
INHD,3.180000066757202,2026-10-02,93.00886437522463,-0.9949810603073076,,,
INIO,19.989999771118164,2026-10-02,26.945122067521257,,,,
INKT,12.4399995803833,2026-10-02,11.757310741926094,-0.17149521838569715,,,
INLF,3.549999952316284,2026-10-02,1018.675092944111,-0.998498816018684,,,
INM,1.3300000429153442,2026-10-02,1.2933306786643557,-0.4192139453840288,,,
INMB,1.9299999475479126,2026-10-02,1.6658366505368298,-0.0721153757981291,,,
INMD,14.09000015258789,2026-10-02,14.4614143523562,-0.06996696321007667,,,
INNV,8.960000038146973,2026-10-02,7.990159370034815,0.7884230796026777,,,
INO,1.159999966621399,2026-10-02,1.5295219091305219,-0.5226337717062695,,,
INOD,70.06999969482422,2026-10-02,62.59820728377992,-0.1672212954229617,,,
INRO,37.18000030517578,2026-10-02,33.86687649578687,0.17117117008862093,0.216,0.054,2026-09-15
INSE,3.4649999141693115,2026-10-02,7.4825896532887,-0.6352631669295461,,,
INSG,4.610000133514404,2026-10-02,10.709243019263583,-0.7332175954670448,,,
INSM,111.12000274658203,2026-10-02,143.5184861445332,-0.29294985901446247,,,
INTA,36.4900016784668,2026-10-02,32.41043827163271,-0.0722095097983303,,,
INTC,119.33000183105469,2026-10-02,72.41717131109351,2.2400216100569628,,,
INTG,27.8700008392334,2026-10-02,34.05545816763464,0.39489496885713926,,,
INTJ,2.859999895095825,2026-10-02,7.458996023314882,-0.7140000104904175,,,
INTR,5.480000019073486,2026-10-02,7.393486064743711,-0.3938053050665953,0.113,0.113,2026-02-20
INTS,3.440000057220459,2026-10-02,6.794067731416558,-0.5085714203970773,,,
INTU,281.0799865722656,2026-10-02,447.3940244879856,-0.5866106045194956,4.8,1.2,2026-07-09
INTW,30.809999465942383,2026-10-02,17.499880494349505,4.279074812106341,,,
INTZ,0.7200000286102295,2026-10-02,1.0523505956528196,-0.610810800361494,,,
INV,0.5040000081062317,2026-10-02,3.9440517974089815,-0.8996015916292471,,,
INVA,20.5,2026-10-02,21.306493964328233,0.17276890943083534,,,
INVE,2.3499999046325684,2026-10-02,3.4054980192526405,-0.34357543164419313,,,
INVZ,0.3619999885559082,2026-10-02,0.8939760959005926,-0.8432900443623706,,,
IOND,82.72000122070312,2026-10-02,73.46270871162415,,,,
IONL,15.0,2026-10-02,31.766338792930085,-0.8719491881706967,,,
IONR,2.930000066757202,2026-10-02,4.186115557454022,-0.3831578806826943,,,
IONS,43.540000915527344,2026-10-02,71.27298785205856,-0.3703543028956724,,,
IONX,27.110000610351562,2026-10-02,62.9554583332928,-0.8894326834682824,1.659,1.659,2025-12-30
IONZ,20.389999389648438,2026-10-02,135.60688505134735,-0.9000490225997626,,,
IOSP,97.41000366210938,2026-10-02,80.87259002320795,0.23648140608639356,1.79,0.92,2026-05-19
IOTR,1.9500000476837158,2026-10-02,2.762135455332904,-0.5100502416234508,,,
IOVA,14.220000267028809,2026-10-02,4.225896415957417,5.076923413938175,,,
IOYY,5.750999927520752,2026-10-02,11.597650634149277,-0.7626496064312365,13.168,0.084,2026-10-02
IPAR,113.94999694824219,2026-10-02,99.02470130464471,0.20582007352637244,3.2,0.8,2026-09-15
IPDN,3.2200000286102295,2026-10-02,1.3846399961709976,-0.11294767848618525,0.03,0.03,2026-09-14
IPFX,10.050000190734863,2026-10-02,10.172083328167597,,,,
IPGP,84.05000305175781,2026-10-02,97.59780880749463,-0.007205298653023551,,,
IPHA,1.559999942779541,2026-10-02,1.7850398390416604,-0.24087596491360375,,,
IPKW,58.91999816894531,2026-10-02,57.2806573085101,0.10512988252105893,2.0029999999999997,0.249,2026-09-21
IPM,1.7799999713897705,2026-10-02,1.8203585656040693,-0.11881188703113865,,,
IPSC,1.5299999713897705,2026-10-02,1.7615577666408038,1.9824560180473099,,,
IPST,3.0799999237060547,2026-10-02,51.42015961489354,-0.9904347828456334,,,
IPVV,9.84000015258789,2026-10-02,9.832857209808973,,,,
IPW,1.1200000047683716,2026-10-02,308.1281218699725,-0.9990362108915717,,,
IPWR,4.050000190734863,2026-10-02,4.359243038641029,-0.25276750300266637,,,
IPX,16.969999313354492,2026-10-02,34.528366567604095,-0.6925167650730484,,,
IPXG,10.0600004196167,2026-10-02,9.966688781384601,,,,
IQ,0.9919999837875366,2026-10-02,1.5243824691886445,-0.5983805780173632,,,
IQGR,25.200000762939453,2026-10-02,25.2492308983436,,,,
IQMX,10.350000381469727,2026-10-02,10.564091625441593,0.021717696401126974,,,
IQQ,25.360000610351562,2026-10-02,24.205245815339637,,0.021,0.021,2026-09-15
IQQQ,49.185001373291016,2026-10-02,46.26694828960525,0.11290873883751118,2.9829999999999997,0.256,2026-10-01
IQST,1.0299999713897705,2026-10-02,2.327961488548978,-0.835037788548019,,,
IRD,4.579999923706055,2026-10-02,3.591394433462287,1.4361701783630956,,,
IRDM,48.959999084472656,2026-10-02,33.080159320299366,1.6098080217022925,0.6,0.15,2026-09-15
IREG,7.900000095367432,2026-10-02,16.132239961624144,,,,
IREN,41.7599983215332,2026-10-02,47.38747018456934,-0.1724138113513478,,,
IRHO,10.0649995803833,2026-10-02,9.983181884072044,,,,
IRIX,0.6399999856948853,2026-10-02,1.0639043761439533,-0.4666666997803569,,,
IRMD,85.4000015258789,2026-10-02,91.6988644846882,0.19876479627620425,1.27,0.2,2026-08-14
IRON,64.51000213623047,2026-10-02,74.63300802223236,-0.04824427120032959,,,
IRTC,110.37000274658203,2026-10-02,138.63129494959614,-0.3715050261204992,,,
IRWD,3.640000104904175,2026-10-02,3.6920717180487643,1.3483872366993577,,,
ISBA,38.119998931884766,2026-10-02,43.23083673910316,0.08326230234496035,1.12,0.28,2026-09-28
ISHG,73.86000061035156,2026-10-02,75.29800779790992,-0.030963009348660697,1.092,1.092,2025-12-19
ISHP,33.354801177978516,2026-10-02,36.52864468335155,-0.21064935705073062,0.436,0.071,2026-09-24
ISNR,9.84000015258789,2026-10-02,9.850217342376709,,,,
ISPC,1.0800000429153442,2026-10-02,10.302788847471138,-0.976315787740031,,,
ISPR,1.3799999952316284,2026-10-02,2.011792830736989,-0.44578313656778934,,,
ISRG,391.95001220703125,2026-10-02,463.592550209319,-0.13352491009508782,,,
ISRL,24.242799758911133,2026-10-02,24.845581574873492,,,,
ISTB,47.099998474121094,2026-10-02,48.400677244026824,-0.03384618514623394,2.064,0.174,2026-10-01
ISTM,29.541400909423828,2026-10-02,30.244766531712507,0.08309445729025011,4.202,4.202,2025-12-16
ISTR,29.40999984741211,2026-10-02,27.826792796769464,0.28821725561521183,0.45999999999999996,0.12,2026-09-30
ISUL,15.159000396728516,2026-10-02,24.869433740056664,-0.3706824638973212,,,
ITG,6.880000114440918,2026-10-02,12.40303027268612,,,,
ITHA,10.069999694824219,2026-10-02,9.964213440927226,,,,
ITIC,290.20001220703125,2026-10-02,259.33529881937096,0.05927880441847666,10.560000000000002,0.46,2026-09-01
ITOC,0.24899999797344208,2026-10-02,0.40348207190692187,-0.6840101498845046,,,
ITRI,86.51000213623047,2026-10-02,95.7633467290506,-0.31034757292324044,,,
ITRN,52.529998779296875,2026-10-02,49.90326698272827,0.4628236982040117,3.0,0.5,2026-09-29
IUS,68.30370330810547,2026-10-02,61.993640352530306,0.22848390616228675,0.859,0.228,2026-09-21
IUSB,43.95000076293945,2026-10-02,46.16992020322032,-0.05828149802276561,1.9419999999999997,0.154,2026-10-01
IUSG,196.16000366210938,2026-10-02,175.67916371622883,0.1882723618022637,0.9189999999999999,0.245,2026-09-15
IUSV,111.02999877929688,2026-10-02,106.98852602894088,0.10345851469446976,1.8860000000000001,0.491,2026-09-15
IVA,3.559999942779541,2026-10-02,4.942549804292352,-0.454823916018829,,,
IVAL,35.92399978637695,2026-10-02,34.04598011913527,0.17391022247768229,1.045,0.207,2026-09-28
IVDA,0.28999999165534973,2026-10-02,0.5592031864174809,-0.8473684235292789,,,
IVF,0.8550000190734863,2026-10-02,6.124649388856622,-0.9729772428708322,,,
IVSI,28.774999618530273,2026-10-02,27.947334994236236,0.12477033235268253,0.01,0.01,2025-12-24
IVSS,29.114700317382812,2026-10-02,28.062844725755546,0.15365141976816465,0.019,0.019,2025-12-24
IVSX,25.565900802612305,2026-10-02,24.76247366880759,,,,
IVVD,0.8220000267028809,2026-10-02,1.4850159370566745,-0.2913792669347848,,,
IXHL,3.2100000381469727,2026-10-02,6.381752995380842,-0.7780082967027205,,,
IXUS,95.58000183105469,2026-10-02,90.81394396170202,0.13853490536733148,2.803,1.233,2026-06-15
IZEA,2.450000047683716,2026-10-02,3.9056772843775045,-0.3636363354877704,,,
IZM,1.2000000476837158,2026-10-02,0.8785159944295883,-0.4936708415069665,,,
JACK,12.449999809265137,2026-10-02,15.87812748943192,-0.3756269069300937,,,
JAGX,3.6600000858306885,2026-10-02,320.8789639871909,-0.9968166992078011,,,
JAKK,27.149999618530273,2026-10-02,20.957968103933144,0.436507945318231,1.0,0.25,2026-08-28
JANX,16.93000030517578,2026-10-02,17.139920329667657,-0.2945833206176758,,,
JAPN,25.572999954223633,2026-10-02,24.734593676380904,-0.08409439534874985,0.062,0.062,2025-12-23
JATT,10.760000228881836,2026-10-02,11.37034189599192,,,,
JAZZ,235.6699981689453,2026-10-02,199.4454585223559,0.6896329609107839,,,
JBDI,0.9800000190734863,2026-10-02,1.5661553809367328,-0.6838709518639027,,,
JBHT,234.1999969482422,2026-10-02,228.04497980976484,0.6977165794074811,1.79,0.45,2026-08-07
JBIO,14.119999885559082,2026-10-02,16.817171301974717,0.5936795070773724,,,
JBLU,4.150000095367432,2026-10-02,4.967609566996297,-0.14078671616558946,,,
JBSS,68.5199966430664,2026-10-02,75.5129882842896,0.06018875994061279,4.5,2.0,2026-08-17
JCAP,19.25,2026-10-02,20.131633427988486,0.06002203533846506,0.96,0.24,2026-08-24
JCSE,1.4199999570846558,2026-10-02,1.3056812782686544,-0.027397315080268658,0.44,0.44,2026-01-29
JCTC,2.950000047683716,2026-10-02,2.373346619871983,-0.15714284351893837,,,
JD,25.780000686645508,2026-10-02,29.433087717489418,-0.27175142442298394,1.0,1.0,2026-04-09
JDOC,59.55699920654297,2026-10-02,58.11364939108313,0.0938929110179556,0.512,0.512,2025-12-16
JDZG,4.840000152587891,2026-10-02,156.617729093924,-0.9897021273349194,,,
JEM,3.619999885559082,2026-10-02,31.2576493912959,-0.9612253656609584,,,
JEMA,62.83000183105469,2026-10-02,56.13969321079938,0.2970686129708373,1.434,1.434,2025-12-16
JEPQ,61.040000915527344,2026-10-02,58.76733065601364,0.06564249679400258,6.885999999999999,0.567,2026-10-01
JF,0.9200000166893005,2026-10-02,0.9709960162877087,-0.01075267783478251,,,
JFIN,1.309999942779541,2026-10-02,5.198215150738142,-0.8848857706849066,,,
JFU,2.6600000858306885,2026-10-02,3.891067730953019,0.023076993614966845,,,
JG,6.480000019073486,2026-10-02,6.521434265303896,-0.2322274477199443,,,
JGLO,72.9000015258789,2026-10-02,69.64911163755622,0.06719373636850179,0.813,0.813,2025-12-16
JHAI,36.47200012207031,2026-10-02,30.24431874552571,0.329154497530074,0.10700000000000001,0.024,2026-03-31
JINT,24.862699508666992,2026-10-02,25.067130895761345,,,,
JIVE,94.97000122070312,2026-10-02,87.98857797569488,0.2451816625238663,2.309,1.833,2025-12-16
JJSF,78.25,2026-10-02,84.09964135158584,-0.1916322568899026,3.2,0.8,2026-09-15
JKHY,142.5399932861328,2026-10-02,158.8103583590443,-0.02543416764950901,2.4099999999999997,0.61,2026-09-04
JL,4.585000038146973,2026-10-02,5.4624501965435375,-0.2568881715636889,,,
JLHL,3.990000009536743,2026-10-02,8.378996016969719,-0.07209306219708367,,,
JLVP,49.8296012878418,2026-10-02,50.6344357808431,,,,
JMID,32.05720138549805,2026-10-02,30.290048508055182,0.06807494671447212,0.16499999999999998,0.017,2026-09-30
JMSB,23.010000228881836,2026-10-02,20.974442189433184,0.16980173561937195,0.28,0.1,2026-08-05
JONE,9.819999694824219,2026-10-02,9.830476079668317,,,,
JOUT,44.90999984741211,2026-10-02,45.31430271042296,0.07543107405381844,1.32,0.33,2026-07-16
JOYT,59.63399887084961,2026-10-02,55.63324687395438,0.1499922868903103,0.45099999999999996,0.106,2026-09-22
JOYY,79.19000244140625,2026-10-02,65.40816721213291,0.34883331078691926,5.3999999999999995,1.55,2026-09-30
JPEF,82.06199645996094,2026-10-02,77.25704384609998,0.1035771353737347,0.523,0.523,2025-12-16
JPFP,52.754798889160156,2026-10-02,50.50310739656774,,,,
JPY,39.56999969482422,2026-10-02,35.004988119421725,0.23780027480187127,0.44,0.23,2026-06-18
JRSH,6.150000095367432,2026-10-02,3.7715139303549354,0.8693009625153814,0.2,0.05,2026-08-17
JRVR,3.490000009536743,2026-10-02,5.337370521993751,-0.3756708561231349,0.04,0.01,2026-09-15
JSMD,91.0999984741211,2026-10-02,88.25351788038276,0.10010869653343013,0.331,0.046,2026-09-30
JSML,87.41259765625,2026-10-02,80.53173563679852,0.1758804470202584,0.266,0.054,2026-09-30
JSPR,0.5649999976158142,2026-10-02,1.190924302277812,-0.7730923713044762,,,
JTAI,1.5499999523162842,2026-10-02,10.867406258070137,-0.9740485724814963,,,
JTEK,107.61499786376953,2026-10-02,94.52468923743503,0.15889508029761057,,,
JTTT,10.649999618530273,2026-10-02,10.985925921687373,,,,
JUNS,2.549999952316284,2026-10-02,43.266673329341934,-0.9791411046845294,,,
JVA,3.9800000190734863,2026-10-02,3.8316334690230778,-0.16033750817363313,0.08,0.08,2026-02-10
JWEL,2.450000047683716,2026-10-02,2.24847410827044,0.39204548918141824,,,
JXG,7.699999809265137,2026-10-02,6.988446229957489,-0.42322100455120515,,,
JYD,0.8410000205039978,2026-10-02,2.740398406744953,-0.8831944385023763,,,
JYNT,7.28000020980835,2026-10-02,8.698486041262806,-0.19823785561916885,,,
JZ,0.4359999895095825,2026-10-02,23.256768932024322,-0.9915257534879641,,,
JZXN,1.1299999952316284,2026-10-02,3.163203195271739,-0.9327380924673576,,,
KALA,0.38499999046325684,2026-10-02,17.37880873513887,-0.9950000001238538,,,
KALU,152.02999877929688,2026-10-02,139.22490072060393,0.9401480040214971,3.08,0.77,2026-07-24
KARD,14.789999961853027,2026-10-02,20.427027032182025,,,,
KARO,60.0,2026-10-02,51.564243027888445,0.058387748341407475,1.5,1.5,2026-07-17
KAT,56.900001525878906,2026-10-02,55.73843833649776,0.002837609356809434,0.301,0.038,2026-09-29
KAZR,2.549999952316284,2026-10-02,2.9282470195891848,-0.1904762301225138,,,
KBAB,6.138000011444092,2026-10-02,14.632330691197003,-0.8434862391434036,8.544,0.05,2025-12-30
KBDU,9.78600025177002,2026-10-02,23.93291214218846,-0.5735204124381812,,,
KBON,10.09000015258789,2026-10-02,10.085057925626721,,,,
KBSX,1.4500000476837158,2026-10-02,1.268250994948277,-0.03333330154418945,,,
KBWB,87.58000183105469,2026-10-02,86.53215154518644,0.13152454915355616,1.867,0.46,2026-09-21
KBWD,10.880000114440918,2026-10-02,12.980995987516,-0.2011747279104834,1.7149999999999999,0.135,2026-09-21
KBWP,123.69000244140625,2026-10-02,124.57167308549008,-0.009608431052179567,2.449,0.36,2026-09-21
KBWY,16.540000915527344,2026-10-02,16.675498023926025,0.03764123908023431,1.4800000000000004,0.12,2026-09-21
KC,9.0,2026-10-02,12.326952166766285,-0.41022281356417334,,,
KCHV,10.470000267028809,2026-10-02,10.268884423244522,0.04282871581768588,,,
KDK,1.6399999856948853,2026-10-02,7.00053782529565,-0.7792732135147847,,,
KDP,30.3700008392334,2026-10-02,29.013306788714285,0.17530962306096676,0.92,0.23,2026-09-28
KE,28.790000915527344,2026-10-02,26.498804776317094,-0.014715893495268695,,,
KEAT,32.55400085449219,2026-10-02,32.54189641732144,0.09631577378719514,0.918,0.217,2026-09-28
KEEL,3.619999885559082,2026-10-02,3.48918327012385,0.2026577730991761,,,
KELYA,15.720000267028809,2026-10-02,11.504462166136479,0.2055214963969174,0.3,0.075,2026-08-19
KELYB,22.399999618530273,2026-10-02,16.26019922005703,0.6905660089456811,0.3,0.075,2026-08-19
KEQU,34.15999984741211,2026-10-02,38.07418315629085,-0.20298648247891593,,,
KEYY,9.949999809265137,2026-10-02,9.886164312493312,,,,
KFFB,5.639999866485596,2026-10-02,4.717689247245333,0.44615377655631394,0.05,0.05,2026-08-31
KFII,10.680999755859375,2026-10-02,10.454131464559243,0.045107580898781086,,,
KG,5.239999771118164,2026-10-02,11.966055780767919,-0.7972136323461525,,,
KGEI,6.159999847412109,2026-10-02,4.918964147567749,0.09219858036105544,,,
KIDS,22.15999984741211,2026-10-02,18.65296807612081,0.18060731523564044,,,
KIDZ,2.2899999618530273,2026-10-02,1282.429282859977,-0.9997633074974829,,,
KINS,18.5,2026-10-02,16.723107565921616,0.22923586482005742,0.21000000000000002,0.06,2026-08-11
KIQQ,25.39430046081543,2026-10-02,24.830974578857422,,1.5910000000000002,0.14,2026-09-29
KITT,1.5199999809265137,2026-10-02,33.60598420574371,-0.9896514165958856,,,
KJD,13.536999702453613,2026-10-02,18.89821400662018,-0.47220058780663765,,,
KLAC,206.88999938964844,2026-10-02,165.2371633157312,0.8781716824686894,0.84,0.23,2026-08-17
KLAG,30.690000534057617,2026-10-02,28.65092420096349,,,,
KLIC,100.7699966430664,2026-10-02,74.60569719109402,1.4980167640530317,0.82,0.205,2026-09-17
KLRA,10.390000343322754,2026-10-02,19.00905978373992,,,,
KLRS,2.700000047683716,2026-10-02,6.0260159589379905,-0.5933734786183413,,,
KLTR,1.309999942779541,2026-10-02,1.4530079663987179,-0.1324503635409675,,,
KLXE,1.3799999952316284,2026-10-02,2.2624701214026643,-0.30303031215253207,,,
KMB,94.36000061035156,2026-10-02,104.23633462974274,-0.23021700766163478,5.1000000000000005,1.28,2026-09-04
KMDA,8.3100004196167,2026-10-02,7.752828683511194,0.21847510417178673,0.42000000000000004,0.17,2026-08-27
KMLI,7.806000232696533,2026-10-02,11.940924300615531,-0.5949143722229866,1.4669999999999999,0.015,2025-12-30
KMRK,1.149999976158142,2026-10-02,1.543733067484016,-0.1785714316124819,,,
KMTS,27.43000030517578,2026-10-02,23.987410328777663,0.10515715722977359,,,
KNDI,0.8199999928474426,2026-10-02,0.8525497996474642,-0.36434107201867727,,,
KNGZ,41.13600158691406,2026-10-02,38.460999963767975,0.14358791301671703,1.063,0.262,2026-09-24
KNSA,75.79000091552734,2026-10-02,52.87667329947787,0.9690828165883922,,,
KOD,94.44999694824219,2026-10-02,32.2801991610888,5.271579967900564,,,
KOID,36.7400016784668,2026-10-02,35.155988077718426,0.13175000038190454,0.269,0.269,2025-12-22
KOPN,4.909999847412109,2026-10-02,3.5242231039411993,0.7411347388813452,,,
KOSS,3.859999895095825,2026-10-02,4.179681284969072,-0.25626207080177277,,,
KOYN,10.260000228881836,2026-10-02,10.076187224977044,0.03375315180947802,,,
KPDD,4.239999771118164,2026-10-02,10.980390444219825,-0.8453683530517613,6.649,6.649,2025-12-22
KPLT,4.519999980926514,2026-10-02,7.262948203371815,-0.6598946580962752,,,
KPRX,2.559999942779541,2026-10-02,2.3718924180444967,-0.06909092989834875,,,
KPTI,0.8019999861717224,2026-10-02,6.5547171349069515,-0.8742946752686693,,,
KQQQ,29.735000610351562,2026-10-02,28.465609561874572,0.019683869760023676,4.539999999999999,0.35,2026-09-23
KRAQ,10.010000228881836,2026-10-02,9.961985272519728,,,,
KRKR,3.0,2026-10-02,3.926326698515995,-0.5879120997883904,,,
KRMD,2.9600000381469727,2026-10-02,4.353107584425178,-0.23116880221599234,,,
KRNT,17.489999771118164,2026-10-02,15.068784877123585,0.28319879855229013,,,
KRNY,9.319999694824219,2026-10-02,8.133466131658668,0.4099847967580845,0.44,0.11,2026-08-12
KROP,35.805999755859375,2026-10-02,34.070024019218536,0.13088241468813844,0.746,0.135,2026-06-29
KROS,11.359999656677246,2026-10-02,13.73366532192762,-0.2873274808201671,,,
KRRO,9.640000343322754,2026-10-02,14.564780883105152,-0.7914322784785053,,,
KRSA,30.489999771118164,2026-10-02,18.40511553221015,0.7422857012067523,,,
KRT,54.56999969482422,2026-10-02,30.75529882727391,1.2861331284551714,1.82,0.47,2026-08-21
KRUS,41.529998779296875,2026-10-02,55.34372512087879,-0.3079486762059316,,,
KRYS,322.2799987792969,2026-10-02,281.5972107055178,0.7576352405460376,,,
KSCP,0.7519999742507935,2026-10-02,3.289553787603796,-0.879099678518217,,,
KSMH,30.850000381469727,2026-10-02,26.411249935626984,,,,
KSPI,94.05000305175781,2026-10-02,83.0309960110729,0.17591896854558553,5.707,2.149,2026-09-10
KTCC,2.259999990463257,2026-10-02,3.0973306880054245,-0.33918130407988556,,,
KTOS,43.06999969482422,2026-10-02,71.7145019926398,-0.5522403721627918,,,
KTTA,0.47600001096725464,2026-10-02,0.7230478070409174,-0.3982300811602756,,,
KTWO,10.100000381469727,2026-10-02,9.970592109780563,,,,
KURA,10.649999618530273,2026-10-02,9.956753006969315,0.11285266020333884,,,
KUST,4.480000019073486,2026-10-02,80.97649402542419,-0.9852873562592004,,,
KVHI,7.010000228881836,2026-10-02,7.678406392435629,0.27454549616033375,,,
KXIN,1.3799999952316284,2026-10-02,75.42019541852503,-0.9956064948474505,,,
KYIV,12.510000228881836,2026-10-02,12.970956175450786,0.036454063395402914,,,
KYMR,107.38999938964844,2026-10-02,87.32318704916662,0.8547495088000914,,,
KYNB,6.309999942779541,2026-10-02,7.9625458318398765,-0.46206306998912827,,,
KYTX,6.21999979019165,2026-10-02,8.12541830967147,0.12681156008765848,,,
KZIA,9.270000457763672,2026-10-02,10.09231076107557,0.4131098382046441,,,
LAB,0.7400000095367432,2026-10-02,1.0616334636372875,-0.4477612006688175,,,
LABT,0.9300000071525574,2026-10-02,8.404247791893715,,,,
LAES,2.369999885559082,2026-10-02,3.6161354471487828,-0.4892241478976259,,,
LAFA,10.180000305175781,2026-10-02,10.029938912727463,0.02880240871424089,,,
LAKE,10.270000457763672,2026-10-02,11.097330672807427,-0.3344134637302151,0.03,0.03,2025-11-17
LAMR,144.1199951171875,2026-10-02,138.8776891639983,0.16961527097414764,6.65,1.65,2026-09-21
LAND,9.5600004196167,2026-10-02,9.568744982381267,0.03575307624559376,0.5640000000000001,0.047,2026-09-21
LARK,31.360000610351562,2026-10-02,28.1351868982809,0.2332584377539728,0.83,0.21,2026-08-13
LASE,0.8330000042915344,2026-10-02,1.7841394417789354,-0.8165198213015974,,,
LASR,40.58000183105469,2026-10-02,52.7087251731599,0.3153971257462076,,,
LATA,10.210000038146973,2026-10-02,10.05808890024821,0.009891234902632329,,,
LAUR,38.619998931884766,2026-10-02,34.1532470809511,0.3095964473254529,,,
LAWR,3.75,2026-10-02,3.7278087642563293,0.157407404000649,,,
LBGJ,2.0299999713897705,2026-10-02,5750.652948332972,-0.999826495728941,,,
LBRX,36.9900016784668,2026-10-02,28.025478112270157,1.457807389347325,,,
LBTYA,8.920000076293945,2026-10-02,11.239880478239629,-0.24149660691443064,,,
LBTYB,12.369999885559082,2026-10-02,12.612988046440945,0.07099564340111475,,,
LBTYK,8.75,2026-10-02,11.045697212219238,-0.26284750763602294,,,
LCCC,10.539999961853027,2026-10-02,10.315242987704941,0.044598592909804946,,,
LCDS,73.92669677734375,2026-10-02,68.15229757848489,0.15783642512871587,0.63,0.173,2026-09-22
LCFY,2.3450000286102295,2026-10-02,3.656689245862315,-0.6752077428318065,,,
LCID,4.130000114440918,2026-10-02,9.476314757449693,-0.8332660460994683,,,
LCNB,18.940000534057617,2026-10-02,17.12278885860367,0.26350906092407533,0.88,0.22,2026-09-01
LCUT,9.119999885559082,2026-10-02,6.053984054056297,1.3265305377701244,0.172,0.043,2026-07-31
LDEM,60.685001373291016,2026-10-02,60.4194143834817,0.018409748590918484,1.77,0.496,2026-06-15
LDRX,37.17430114746094,2026-10-02,33.99711665119308,0.15750092914647884,0.35799999999999993,0.04,2026-09-28
LDSF,18.420299530029297,2026-10-02,18.99507291573452,-0.0383555797587849,0.8859999999999998,0.075,2026-09-24
LE,10.289999961853027,2026-10-02,13.52960158724234,-0.32302630980424263,,,
LECO,274.3800048828125,2026-10-02,258.31541868415013,0.1607090214952116,3.16,0.79,2026-09-30
LEDS,2.319999933242798,2026-10-02,1.9389243087920536,-0.03734446032472605,,,
LEE,6.710000038146973,2026-10-02,7.062908364482135,0.2612781619613207,,,
LEGH,29.350000381469727,2026-10-02,23.228705189617507,0.1787148928158142,,,
LEGN,18.56999969482422,2026-10-02,23.931892448212523,-0.42077358392458564,,,
LEGR,64.94000244140625,2026-10-02,61.961171442768965,0.14037866427582113,1.202,0.176,2026-09-24
LEND,24.265499114990234,2026-10-02,24.923807243506115,,0.507,0.121,2026-09-03
LENZ,3.5799999237060547,2026-10-02,13.748207149277645,-0.9265490397943977,,,
LESL,0.1459999978542328,2026-10-02,2.510243029886508,-0.9703252041483281,,,
LEXI,40.62739944458008,2026-10-02,37.84322873909635,0.16350880052578542,0.336,0.336,2025-12-31
LEXX,2.880000114440918,2026-10-02,10.791832664573334,-0.7815699641422809,,,
LFAC,10.069999694824219,2026-10-02,9.990672374593801,,,,
LFCR,6.539999961853027,2026-10-02,5.985896427792857,-0.06303725730918608,,,
LFMD,2.740000009536743,2026-10-02,4.053665348258152,-0.6068866439002572,,,
LFS,2.140000104904175,2026-10-02,2.736736844425742,-0.31189704916750904,,,
LFSC,43.4010009765625,2026-10-02,38.791223070061065,0.44429291442497654,,,
LFST,11.829999923706055,2026-10-02,8.197131464680828,1.1470053416144337,,,
LFTO,15.149999618530273,2026-10-02,21.657380864733742,,,,
LFUS,456.5299987792969,2026-10-02,359.7963737092645,0.7628001367387294,3.05,0.8,2026-08-20
LFVN,6.070000171661377,2026-10-02,6.255199200603592,-0.3597045923243297,0.19,0.05,2026-09-01
LFWD,5.849999904632568,2026-10-02,7.251609551479142,-0.37339335611010405,,,
LGCL,2.5199999809265137,2026-10-02,224.086812748852,-0.996769230793684,,,
LGDS,51.169700622558594,2026-10-02,49.31507976984574,,,,
LGHL,4.010000228881836,2026-10-02,525.4602998528347,-0.9988575497923413,,,
LGIH,48.13999938964844,2026-10-02,49.82629482679633,-0.09460219959598792,,,
LGN,53.61000061035156,2026-10-02,58.427609622241015,0.6927691973856496,,,
LGND,302.9599914550781,2026-10-02,231.63294891722174,0.6739045375990158,,,
LGO,0.4699999988079071,2026-10-02,1.0511952206433057,-0.7098765447996971,,,
LGRO,47.2224006652832,2026-10-02,42.024894060841596,0.16360053352934933,0.151,0.03,2026-09-17
LGVN,2.5799999237060547,2026-10-02,7.084302793935951,-0.6725888469242611,,,
LHAI,1.0399999618530273,2026-10-02,3.7452589591660823,-0.8796296388278769,,,
LHSW,0.4699999988079071,2026-10-02,8.932721129689083,-0.9865252298046072,,,
LI,10.6899995803833,2026-10-02,16.367808744726904,-0.5689516165626162,,,
LICN,1.0,2026-10-02,2.909314746875687,-0.7826086911452064,,,
LIDR,1.1200000047683716,2026-10-02,1.84298804746681,-0.5607843036424283,,,
LIEN,9.5,2026-10-02,10.027705158370425,-0.09523809523809523,1.36,0.34,2026-09-25
LIF,43.099998474121094,2026-10-02,56.69386460201674,-0.6002967843620268,,,
LIFE,34.119998931884766,2026-10-02,21.067719253183107,,,,
LILA,8.529999732971191,2026-10-02,6.188699790681026,0.518277942875689,,,
LILAK,8.5,2026-10-02,6.222088488924551,0.48246436921095315,,,
LILAP,20.360000610351562,2026-10-02,20.8878160893232,,0.563,0.563,2026-09-01
LIME,27.219999313354492,2026-10-02,32.15363644108628,,,,
LIMN,3.9000000953674316,2026-10-02,23.348764983781304,-0.9549132936951742,,,
LIN,479.4800109863281,2026-10-02,474.3396818001432,0.027317720523382993,6.300000000000001,1.6,2026-09-03
LINC,21.90999984741211,2026-10-02,33.0942231972379,-0.034801801276461486,,,
LIND,34.779998779296875,2026-10-02,20.29848602568486,1.7868589787676021,,,
LINE,34.34000015258789,2026-10-02,38.4598804337095,-0.17173176770646148,2.127,0.533,2026-09-30
LINK,5.949999809265137,2026-10-02,4.344431607371782,-0.2894108205897079,,,
LINT,157.91000366210938,2026-10-02,97.77971102338319,5.045327587361363,1.288,0.541,2026-09-22
LIQT,0.5199999809265137,2026-10-02,1.502430279772595,-0.8169014096331015,,,
LITE,1085.4200439453125,2026-10-02,642.0696619649333,5.6260915702478105,,,
LITP,8.958000183105469,2026-10-02,12.628003979109199,-0.09588209628549249,0.893,0.893,2025-12-18
LITS,1.3799999952316284,2026-10-02,1.288406369933094,-0.4609374898136591,,,
LIVE,7.599999904632568,2026-10-02,12.822709172845363,-0.5801105113559426,,,
LIVN,75.06999969482422,2026-10-02,68.27009960949658,0.40659548805003354,,,
LKFN,59.06999969482422,2026-10-02,59.787290793491074,-0.07529745292524515,2.06,0.52,2026-07-24
LKFT,29.3700008392334,2026-10-02,30.54641431071369,-0.21929820114000842,,,
LKQ,22.799999237060547,2026-10-02,28.592270946122735,-0.27295922215210233,1.2,0.3,2026-08-20
LKSP,10.260000228881836,2026-10-02,10.073797343585985,0.03375315180947802,,,
LLYVA,95.72000122070312,2026-10-02,91.17356565559052,0.08933649970127533,,,
LLYVK,97.87000274658203,2026-10-02,93.95378468426101,0.08155602892070912,,,
LMAT,78.95999908447266,2026-10-02,92.96537835474508,-0.10119521393352393,0.95,0.25,2026-08-20
LMB,49.099998474121094,2026-10-02,76.34000015258789,-0.44967498540307527,,,
LMBS,48.4900016784668,2026-10-02,49.84479288655923,-0.0283538149572522,2.04,0.17,2026-09-24
LMNR,11.989999771118164,2026-10-02,13.56593625573998,-0.20596030011814193,0.15,0.075,2025-12-30
LMRI,10.319999694824219,2026-10-02,11.84273399860401,-0.44276460908519977,,,
LMTL,28.690000534057617,2026-10-02,36.93552595495703,-0.16739217651626415,1.5259999999999998,0.273,2026-09-22
LNAI,1.2999999523162842,2026-10-02,4.703625485241651,-0.8740310086473867,,,
LNKS,1.0049999952316284,2026-10-02,71.88620318597056,-0.9918787879173202,,,
LNSR,6.75,2026-10-02,8.679163359075904,-0.4462674132604233,,,
LNT,64.33000183105469,2026-10-02,69.70804767684632,-0.03697606448893909,2.112,0.535,2026-07-31
LNTH,99.95999908447266,2026-10-02,81.68970112591626,0.8569570069530525,,,
LNZA,6.039999961853027,2026-10-02,13.173298788260654,-0.7549695717921007,,,
LOAN,3.7799999713897705,2026-10-02,4.4601593587503015,-0.32740212662589174,0.45,0.11,2026-07-08
LOBO,0.4740000069141388,2026-10-02,0.6683306783081526,-0.3721854173406728,,,
LOCO,14.220000267028809,2026-10-02,12.96613546956583,0.5095541562482979,,,
LOGI,104.31999969482422,2026-10-02,102.48059753782721,-0.07656901329920218,1.654,1.654,2026-09-21
LOGO,20.209400177001953,2026-10-02,20.61212905944581,-0.06735891856882925,,,
LONA,4.820000171661377,2026-10-02,6.935278891567215,0.1642512867405057,,,
LOOP,0.4480000138282776,2026-10-02,1.1047211125552416,-0.7251533649454918,,,
LOPE,155.7899932861328,2026-10-02,163.42629475992516,-0.2828669243840767,,,
LOT,0.8529999852180481,2026-10-02,1.2644980096247092,-0.5995305448882835,,,
LOTI,25.214399337768555,2026-10-02,25.753160963020477,-0.004956622496567253,0.585,0.075,2026-09-18
LOVE,14.699999809265137,2026-10-02,14.891215123028394,-0.12186379867057573,,,
LPAA,10.850000381469727,2026-10-02,10.697912383364491,0.032350156535064345,,,
LPBB,10.8100004196167,2026-10-02,10.619657322705029,0.034449819801181336,,,
LPCN,2.049999952316284,2026-10-02,4.123984068038454,-0.3880596983058331,,,
LPCV,10.079999923706055,2026-10-02,9.981829212933052,,,,
LPLA,316.44000244140625,2026-10-02,332.54390373078,0.005433201141890498,1.2,0.3,2026-08-14
LPTH,11.039999961853027,2026-10-02,11.268286845598563,0.420849419427745,,,
LQ,23.75,2026-10-02,24.195238058907645,,0.3,0.25,2026-09-25
LQDA,28.639999389648438,2026-10-02,48.74641447333226,0.2768613018270749,,,
LQDT,43.22999954223633,2026-10-02,33.725019979286955,0.5708575153762654,,,
LRCX,347.489990234375,2026-10-02,250.1821106686535,1.3831698515373483,1.11,0.33,2026-09-23
LRE,1.100000023841858,2026-10-02,1.3455338625318976,-0.26174495516690666,,,
LRGE,91.5728988647461,2026-10-02,83.48479251937562,0.09529095746224403,0.104,0.104,2025-12-26
LRHC,1.559999942779541,2026-10-02,93.9563159236908,-0.9978306216162663,,,
LRMR,2.9600000381469727,2026-10-02,3.92009960512716,-0.39219710314076095,,,
LRND,48.32899856567383,2026-10-02,42.312442186819126,0.20626482521468792,0.15,0.044,2026-09-30
LSAK,4.329999923706055,2026-10-02,4.5746613555695435,0.016431852362269073,,,
LSBK,18.3799991607666,2026-10-02,15.712948191213417,0.418209807613132,0.36,0.09,2026-08-03
LSCC,134.0,2026-10-02,103.87111575669977,0.8429377209085391,,,
LSE,4.5,2026-10-02,4.849131472082252,-0.14448672924172012,,,
LSTA,1.4700000286102295,2026-10-02,2.9181274983037517,-0.41666665089824195,,,
LSTR,173.47999572753906,2026-10-02,166.18235058423534,0.4146619882004752,3.6399999999999997,0.44,2026-08-18
LTBR,6.389999866485596,2026-10-02,12.940478089321182,-0.6987270088491628,,,
LTCC,16.711999893188477,2026-10-02,14.746410259833702,-0.3074181320171442,,,
LTGO,15.899999618530273,2026-10-02,20.871499919891356,,,,
LTGR,9.960000038146973,2026-10-02,9.942244821665238,,,,
LTRN,0.8600000143051147,2026-10-02,2.941529881431762,-0.7907542612243809,,,
LTRX,7.190000057220459,2026-10-02,5.877848596686861,0.3695238204229445,,,
LUCD,0.6269999742507935,2026-10-02,1.0957330688537354,-0.3971153872605613,,,
LUCY,0.8920000195503235,2026-10-02,1.1527290835798498,-0.5517587862936874,,,
LULG,3.6700000762939453,2026-10-02,12.216732405779654,-0.7753977942458771,,,
LULU,94.45999908447266,2026-10-02,151.0535056429555,-0.46204225152609624,,,
LUNG,1.8300000429153442,2026-10-02,1.703007965448843,-0.005434777327093299,,,
LUNR,14.710000038146973,2026-10-02,18.338944248944166,0.2858392113379875,,,
LVDS,58.7239990234375,2026-10-02,54.48686450791074,0.1334490922000009,4.410000000000001,0.203,2026-09-22
LVHD,41.44300079345703,2026-10-02,42.53754180361075,0.0027340662326666987,1.4889999999999999,0.383,2026-08-06
LVIG,95.45500183105469,2026-10-02,98.2260070906745,,,,
LVLU,13.640000343322754,2026-10-02,10.646589632528237,1.6929911528585517,,,
LVO,2.630000114440918,2026-10-02,4.817031867950561,-0.3869463548188674,,,
LWAC,10.350000381469727,2026-10-02,10.1656852585386,0.0391566608262095,,,
LWAY,21.209999084472656,2026-10-02,24.650079711974854,-0.16660123973910168,,,
LWLG,5.699999809265137,2026-10-02,6.767450215806999,0.21276596608125264,,,
LX,0.6850000023841858,2026-10-02,2.534625507208456,-0.8692748029952655,0.188,0.188,2026-04-24
LXEH,1.5700000524520874,2026-10-02,2.368972120057064,-0.9449122788613302,,,
LXEO,3.5299999713897705,2026-10-02,6.514402388576492,-0.46676736670492414,,,
LXRX,1.8200000524520874,2026-10-02,1.75689242750525,0.29078020960037243,,,
LYEL,9.260000228881836,2026-10-02,19.19551787813346,-0.47830984626017825,,,
LYFT,15.460000038146973,2026-10-02,16.545737034771072,-0.296953151475142,,,
LYTS,21.25,2026-10-02,21.61055773092931,-0.08088238630424738,0.2,0.05,2026-08-31
LZ,5.599999904632568,2026-10-02,7.517749032176348,-0.45312499708961684,,,
LZMH,1.2000000476837158,2026-10-02,21.349203164833952,-0.981538460804866,,,
MAAS,13.699999809265137,2026-10-02,9.389470148846447,3.138972823594883,,,
MAAY,4.71999979019165,2026-10-02,9.706148453674983,-0.8051197388932574,11.225,0.089,2026-10-02
MACI,11.039999961853027,2026-10-02,10.76845817641908,0.04843307139742281,,,
MAGH,6.760000228881836,2026-10-02,6.017542022632887,3.970588351306617,,,
MAKO,9.260000228881836,2026-10-02,7.367171329331113,0.6020761060126112,,,
MAMA,12.930000305175781,2026-10-02,14.584741026281835,0.21522555337981175,,,
MAMK,13.0,2026-10-02,12.068486061704112,3.4982697329109778,,,
MAMO,0.968999981880188,2026-10-02,1.8576055807896343,-0.6658620862019609,,,
MANH,204.14999389648438,2026-10-02,165.77924316527833,0.01365441948033741,,,
MAR,358.9599914550781,2026-10-02,335.4605984022893,0.34155541215096163,2.8000000000000003,0.73,2026-08-20
MARA,11.229999542236328,2026-10-02,11.926175282770894,-0.4032943823413161,,,
MASK,0.8450000286102295,2026-10-02,4.831398394953207,-0.9438538194085584,,,
MASS,12.6899995803833,2026-10-02,7.622808773679087,0.3991179721455591,,,
MAT,15.270000457763672,2026-10-02,16.56689240353041,-0.15448499948408645,,,
MATE,32.884700775146484,2026-10-02,29.113621563168625,,,,
MATH,1.1100000143051147,2026-10-02,1.5965179299928278,-0.7047872294892332,,,
MATW,19.290000915527344,2026-10-02,25.237211212218995,-0.21997568651054844,1.02,0.255,2026-08-10
MAXI,15.25,2026-10-02,13.550984082468952,-0.5071742541468067,3.385,0.05,2026-09-25
MAYS,40.099998474121094,2026-10-02,40.53151398920918,0.05526311774002868,,,
MAZE,26.43000030517578,2026-10-02,33.04127488763209,-0.02508300589695056,,,
MB,3.9100000858306885,2026-10-02,6.099593652672027,-0.5317365380595984,,,
MBAI,3.2899999618530273,2026-10-02,10.46439044789014,-0.7929515487244441,,,
MBB,89.22000122070312,2026-10-02,94.49274918757587,-0.061730942720085835,4.07,0.366,2026-10-01
MBBC,15.029999732971191,2026-10-02,13.492776901123532,0.432793142126932,,,
MBIN,49.95000076293945,2026-10-02,43.37497996144086,0.5526889526266037,0.43,0.11,2026-09-15
MBIO,0.47099998593330383,2026-10-02,0.8799561744192207,-0.7018987511770973,,,
MBLY,7.420000076293945,2026-10-02,9.717808734848205,-0.49420585973381626,,,
MBOT,1.159999966621399,2026-10-02,2.0454183275481146,-0.6221498397897008,,,
MBRX,0.4869999885559082,2026-10-02,3.996055786471918,-0.9578354995226261,,,
MBS,8.1899995803833,2026-10-02,8.676243010745106,-0.06346487277744539,0.4669999999999999,0.038,2026-09-30
MBUU,23.010000228881836,2026-10-02,27.99743024666471,-0.2889369655474845,,,
MBVI,10.25,2026-10-02,10.117452316759039,0.01585726907755025,,,
MBWM,59.5,2026-10-02,52.60199199539732,0.3254622590554235,1.56,0.4,2026-09-04
MBX,58.5099983215332,2026-10-02,39.362808793664456,2.5056918184117305,,,
MCAH,10.050000190734863,2026-10-02,9.9798630100407,,,,
MCBS,35.22999954223633,2026-10-02,30.831972099395387,0.27969482976896565,1.08,0.29,2026-07-29
MCDS,66.04170227050781,2026-10-02,62.75344904865402,0.13294624438956393,0.6819999999999999,0.193,2026-09-22
MCFT,20.100000381469727,2026-10-02,21.98021916849205,-0.06641896235808176,,,
MCGA,10.350000381469727,2026-10-02,10.230075634808179,-0.03089886837794653,,,
MCHB,14.899999618530273,2026-10-02,14.94262949878951,0.12114369159507232,1.56,0.25,2026-08-28
MCHI,51.2400016784668,2026-10-02,58.12402392383591,-0.23005260212210654,1.096,0.361,2026-06-15
MCHP,81.31999969482422,2026-10-02,75.22378486846073,0.22212201045894342,1.82,0.455,2026-08-24
MCHS,39.26900100708008,2026-10-02,39.23833469375671,0.12133068228942401,1.157,1.157,2025-12-17
MCHX,1.2899999618530273,2026-10-02,1.633824694679078,-0.28729281622405556,,,
MCRB,2.940000057220459,2026-10-02,10.316593617557054,-0.857212237230074,,,
MCRI,117.55000305175781,2026-10-02,107.7085656701806,0.1335584041572182,1.2,0.3,2026-09-01
MCTA,29.354999542236328,2026-10-02,28.597405429664516,3.193571363176618,,,
MDAI,1.659999966621399,2026-10-02,1.7446414365236502,-0.25560540250080777,,,
MDB,357.9599914550781,2026-10-02,344.6581671969349,0.11441113594730612,,,
MDBH,2.4000000953674316,2026-10-02,3.272872507809643,-0.3013100042658533,,,
MDCX,0.16099999845027924,2026-10-02,0.940378490494067,-0.9366141728865132,,,
MDGL,499.3999938964844,2026-10-02,508.0253398028978,0.12728828443558782,,,
MDIA,1.0700000524520874,2026-10-02,0.8771394422329755,-0.15079360273749942,,,
MDIV,15.880000114440918,2026-10-02,16.31840638240495,-0.010591846149567985,1.1550000000000002,0.096,2026-09-24
MDLN,35.61000061035156,2026-10-02,40.33108027855955,,,,
MDLZ,58.189998626708984,2026-10-02,59.2885259347133,-0.07148555406303314,2.02,0.52,2026-09-30
MDRR,10.40999984741211,2026-10-02,11.95982468365673,-0.20836500765042631,0.272,0.068,2026-07-23
MDWD,13.520000457763672,2026-10-02,16.311553795499155,-0.2134962165372114,,,
MDXG,4.590000152587891,2026-10-02,5.015537859434151,-0.363384170831772,,,
MDXH,0.5709999799728394,2026-10-02,2.2764342651661646,-0.8812889840404287,,,
MEDP,599.469970703125,2026-10-02,533.0126302650725,0.12578636537236854,,,
MEDS,3.680000066757202,2026-10-02,12.35156178331945,-0.8914454306455435,,,
MEDX,34.659000396728516,2026-10-02,33.963860644762256,0.0914502066669809,0.409,0.409,2025-12-23
MEGL,0.9160000085830688,2026-10-02,1.1969880490189055,-0.41951835366073387,,,
MELI,1696.56005859375,2026-10-02,1895.1160562826817,-0.21916462612185017,,,
MEMA,31.83060073852539,2026-10-02,29.72482603788376,,0.089,0.089,2026-06-24
MEMS,30.308000564575195,2026-10-02,28.619848593297707,0.12501855841686949,0.716,0.716,2025-12-17
MENS,2.180000066757202,2026-10-02,10.299840632187893,-0.9545833319425583,,,
MEOH,58.43000030517578,2026-10-02,50.74625501594696,0.5160871540518042,0.74,0.185,2026-09-16
MERC,0.25999999046325684,2026-10-02,1.3547808723858152,-0.9078014196389447,,,
MESH,10.09000015258789,2026-10-02,9.979411742266487,,,,
MESO,14.079999923706055,2026-10-02,16.13000000805494,-0.23519825961947094,,,
META,728.0800170898438,2026-10-02,636.2440219590388,0.024656636443715962,2.1,0.525,2026-09-21
METC,8.109999656677246,2026-10-02,17.25796808189605,-0.7851655720085498,,,
METCB,4.329999923706055,2026-10-02,10.628704874639018,-0.7461623578194468,,,
METD,12.770000457763672,2026-10-02,15.981741073122063,-0.1480986889427346,0.36100000000000004,0.061,2026-09-22
METL,25.586999893188477,2026-10-02,26.86590835297725,0.1385155661419406,0.251,0.251,2025-12-18
METU,30.81999969482422,2026-10-02,28.05727086314167,-0.22562813352705857,0.827,0.172,2026-09-22
MEVO,10.010000228881836,2026-10-02,9.92643310765552,,,,
MF,14.170000076293945,2026-10-02,30.58294025645313,-0.6919565200805664,,,
MFI,9.470000267028809,2026-10-02,14.132529860948662,-0.7518343735614288,,,
MFIC,8.619999885559082,2026-10-02,10.823824715329357,-0.2701101118302205,1.31,0.31,2026-09-08
MFIG,21.984899520874023,2026-10-02,20.098136045874618,0.09683191152886783,,,
MFIN,11.90999984741211,2026-10-02,10.11896416865497,0.19338681299611604,0.52,0.14,2026-08-17
MFLX,15.88070011138916,2026-10-02,17.020887291288947,-0.062255647345811904,0.7210000000000001,0.062,2026-09-24
MFMO,23.465999603271484,2026-10-02,21.789858543582078,0.1703740895858381,,,
MFP,41.689998626708984,2026-10-02,45.05956511566605,,,,
MFVL,21.210800170898438,2026-10-02,20.811316038922566,0.05916314574816761,,,
MGEE,70.7699966430664,2026-10-02,79.20003983698993,-0.14404939064040867,1.9329999999999998,0.508,2026-09-01
MGIH,1.4900000095367432,2026-10-02,1.5266374477827216,-0.3659574170196783,,,
MGN,3.7100000381469727,2026-10-02,1305.636951880626,-0.99907986110165,,,
MGNI,24.729999542236328,2026-10-02,16.791872438681555,0.21822662422017158,,,
MGNX,3.5799999237060547,2026-10-02,2.920258972274355,1.011235944521335,,,
MGPI,12.789999961853027,2026-10-02,20.26075694095566,-0.4805036748223249,0.48,0.12,2026-08-14
MGRC,117.55999755859375,2026-10-02,112.21936266165805,0.0197779216120737,1.96,0.495,2026-07-17
MGRT,103.01000213623047,2026-10-02,52.807374680659684,20.23917611582601,,,
MGRX,0.43700000643730164,2026-10-02,0.7247330667488129,-0.8074889823307674,,,
MGTX,10.789999961853027,2026-10-02,9.746374517797948,0.2769231012315716,,,
MGX,1.0199999809265137,2026-10-02,1.555597617331729,-0.615094360672056,,,
MGYR,19.31999969482422,2026-10-02,17.774103567419775,0.11999998230865039,0.38,0.1,2026-08-06
MIAC,9.819999694824219,2026-10-02,9.831379331391433,,,,
MIDD,104.56999969482422,2026-10-02,117.55383595622393,-0.062189687547981154,,,
MILN,42.231998443603516,2026-10-02,44.850131441397494,-0.14700060845617713,0.138,0.039,2026-06-29
MIMI,0.8849999904632568,2026-10-02,8.6922948346195,-0.9898857143947056,,,
MIND,4.510000228881836,2026-10-02,7.470119542809597,-0.46753245729661597,,,
MIRA,0.7300000190734863,2026-10-02,1.1340478107748753,-0.45925925468057605,,,
MIRM,82.93000030517578,2026-10-02,92.65482068916715,0.13680608326843902,,,
MIST,0.8100000023841858,2026-10-02,1.6419641423035427,-0.6161137238599721,,,
MITK,17.75,2026-10-02,13.920358543851936,0.8298969431984684,,,
MKAM,32.33300018310547,2026-10-02,31.300872551967423,0.05715223642168543,0.8360000000000001,0.147,2026-09-28
MKDW,1.5099999904632568,2026-10-02,6.730462161193331,-0.7712121193511865,,,
MKLY,10.270000457763672,2026-10-02,10.086545811231392,0.038527709692625534,,,
MKSI,279.1499938964844,2026-10-02,246.52254942023896,1.0248802601232812,0.97,0.25,2026-08-25
MKTW,20.110000610351562,2026-10-02,16.939621507409086,0.2808917741823109,1.75,0.45,2026-08-19
MKTX,164.13999938964844,2026-10-02,159.05334706705406,-0.03730205636569828,3.1000000000000005,0.78,2026-08-19
MKZR,1.3389999866485596,2026-10-02,3.1480278840577935,-0.7422521766307577,,,
MLAA,10.010000228881836,2026-10-02,9.963649673183468,,,,
MLAB,132.5500030517578,2026-10-02,94.59613541682877,0.8090624965833286,0.64,0.16,2026-08-31
MLCI,3.4000000953674316,2026-10-02,5.2000398341403065,-0.5690747588210192,0.12,0.03,2026-08-21
MLCO,4.190000057220459,2026-10-02,6.292350603764751,-0.5029656102565123,,,
MLEC,4.75,2026-10-02,7.749764916431381,-0.6594982032297088,,,
MLGO,3.1700000762939453,2026-10-02,5.108980104742772,-0.6934235948245553,,,
MLKN,20.239999771118164,2026-10-02,18.518884415645523,0.15855755962429918,0.752,0.188,2026-08-28
MLTX,11.40999984741211,2026-10-02,15.711772895904176,0.35349933978136305,,,
MLYS,23.6299991607666,2026-10-02,30.93922311091328,-0.37913824728999646,,,
MMED,19.700000762939453,2026-10-02,16.323630241498556,,,,
MMSI,85.37000274658203,2026-10-02,78.34466119591458,0.013775129731871338,,,
MMTX,10.204999923706055,2026-10-02,10.05611438181863,0.03185031035878305,,,
MMYT,44.619998931884766,2026-10-02,59.94585669468123,-0.5275807265897938,,,
MNDO,1.0099999904632568,2026-10-02,1.0874502001055684,-0.09009011040820591,,,
MNDR,1.3200000524520874,2026-10-02,6.54496014783107,-0.9413333310021295,,,
MNDY,78.80000305175781,2026-10-02,105.64215128925217,-0.5707359595373205,,,
MNKD,3.799999952316284,2026-10-02,4.276215141038021,-0.3402778122712051,,,
MNOV,1.7799999713897705,2026-10-02,1.481673305728046,0.39062500873114936,,,
MNPR,77.97000122070312,2026-10-02,78.04472106386466,-0.21551462220027162,,,
MNRO,14.180000305175781,2026-10-02,16.989282908192667,-0.23475446412717904,1.12,0.28,2026-08-25
MNSB,24.940000534057617,2026-10-02,22.321474120911375,0.23038973709076926,0.4,0.1,2026-08-04
MNSBP,24.920000076293945,2026-10-02,24.94670517606089,0.00040145439354044576,1.876,0.469,2026-09-15
MNST,42.939998626708984,2026-10-02,40.96832679657347,0.27854696433686743,,,
MNTK,2.869999885559082,2026-10-02,1.731434264506002,0.1572580094702165,,,
MNTS,3.7100000381469727,2026-10-02,8.735068274684162,-0.8586666652134487,,,
MNVT,27.860000610351562,2026-10-02,28.34797097634578,,,,
MNY,0.6710000038146973,2026-10-02,1.1895776901587072,-0.5404109682994747,,,
MNZL,61.53300094604492,2026-10-02,56.05830731523146,0.2270280451151785,0.02,0.02,2025-12-30
MOB,4.210000038146973,2026-10-02,6.1606972094076085,-0.5806772854439377,,,
MOBI,9.180000305175781,2026-10-02,11.813529407276826,,,,
MOBX,0.8429999947547913,2026-10-02,3.3439960296885425,-0.9098395764319445,,,
MODD,2.0299999713897705,2026-10-02,8.069920326609061,-0.9004901956201103,,,
MODL,52.612998962402344,2026-10-02,48.88710759075514,0.1335343730393328,0.371,0.048,2026-09-09
MOLN,3.9100000858306885,2026-10-02,4.1879960284290085,0.053908368093605,,,
MOMO,4.71999979019165,2026-10-02,6.210298794674208,-0.3681392339007611,0.28,0.28,2026-04-10
MOOD,44.790000915527344,2026-10-02,41.54483673582039,0.22260141852390425,0.155,0.155,2025-12-30
MORN,183.5500030517578,2026-10-02,192.3501593601181,-0.1882628382481949,2.455,0.5,2026-10-02
MOVE,11.649999618530273,2026-10-02,11.369504903892121,1.302867587060149,,,
MPAA,10.529999732971191,2026-10-02,12.59031873680206,-0.3590992369212538,,,
MPB,36.400001525878906,2026-10-02,33.00075701223427,0.262573764211087,0.94,0.23,2026-08-03
MPG,3.619999885559082,2026-10-02,7.357982978414982,-0.7172758580443406,,,
MPIA,25.761899948120117,2026-10-02,25.264375738195472,,0.625,0.625,2026-09-21
MPLT,9.819999694824219,2026-10-02,20.7043404071889,-0.4645583635156866,,,
MPWR,1439.72998046875,2026-10-02,1219.6266537852496,0.5669165718254634,7.5600000000000005,2.0,2026-09-30
MQ,16.549999237060547,2026-10-02,17.193525876656945,-0.19031317002734205,,,
MQQQ,247.2830047607422,2026-10-02,202.39451799734655,0.36320693493551826,3.659,3.659,2025-12-23
MRA,22.673099517822266,2026-10-02,22.43947885301378,,3.426,0.849,2026-09-09
MRAL,35.53499984741211,2026-10-02,73.33052989306204,-0.8547219993429862,,,
MRAM,18.829999923706055,2026-10-02,14.95055773153723,0.6532045088782554,,,
MRBK,18.969999313354492,2026-10-02,18.331334683999597,0.24802628627609313,0.545,0.14,2026-08-10
MRCO,9.859999656677246,2026-10-02,9.875,,,,
MRCY,84.87000274658203,2026-10-02,88.32434303922007,0.016407218521940603,,,
MRDN,11.949999809265137,2026-10-02,10.783027867396989,-0.1340579968043618,,,
MREO,0.3799999952316284,2026-10-02,0.7279282846298826,-0.813725489050276,,,
MRKR,1.0499999523162842,2026-10-02,1.3584462150159584,0.10526312157057616,,,
MRLN,1.7100000381469727,2026-10-02,8.164362545032425,-0.836206886314435,,,
MRM,0.5720000267028809,2026-10-02,1.4010876481276584,-0.7209755902400968,,,
MRNA,190.00999450683594,2026-10-02,59.811215313307315,5.669357530127439,,,
MRNO,0.2680000066757202,2026-10-02,0.8583944211918044,-0.8987533059522769,,,
MRTN,13.34000015258789,2026-10-02,13.621075702378475,0.25612055521087385,0.24,0.06,2026-09-16
MRVI,7.900000095367432,2026-10-02,4.549103575398722,1.5566344060858004,,,
MRVL,272.2900085449219,2026-10-02,150.9065737477337,2.1580840256302345,0.24,0.06,2026-07-10
MRVU,155.88999938964844,2026-10-02,103.6167707265534,,0.782,0.382,2026-09-22
MRX,72.75,2026-10-02,49.72902383082416,1.4266177822153923,0.62,0.16,2026-08-24
MSAI,4.704999923706055,2026-10-02,12.976454155378608,-0.8167834942448281,,,
MSBI,33.13999938964844,2026-10-02,25.027748996992987,0.9691027652928732,1.29,0.33,2026-08-14
MSEX,53.560001373291016,2026-10-02,53.965258868092086,-0.0001866403134247463,1.44,0.36,2026-08-17
MSFD,9.88700008392334,2026-10-02,12.291677338193612,-0.08529928115772833,0.416,0.075,2026-09-22
MSFL,26.775999069213867,2026-10-02,22.410956188977003,-0.15751055892301236,,,
MSFT,517.530029296875,2026-10-02,447.3086844516465,0.0003480307711112296,3.64,0.91,2026-08-20
MSFU,40.0,2026-10-02,34.55824700769675,-0.22943555928378345,3.1439999999999997,0.303,2026-09-22
MSGM,4.860000133514404,2026-10-02,3.7893187353810465,0.8066914610166132,,,
MSGY,4.394999980926514,2026-10-02,8.797087667947746,-0.7811254981262294,,,
MSLE,8.5,2026-10-02,7.990442243705233,0.2448740355186414,,,
MSR,14.890000343322754,2026-10-02,16.112323231167263,,1.268,0.55,2026-09-09
MSS,1.5549999475479126,2026-10-02,12.022011943547374,-0.9679050583475456,,,
MST,15.87600040435791,2026-10-02,44.74408371230046,-0.9434695890493574,39.555,0.113,2026-09-30
MSTP,30.52199935913086,2026-10-02,60.67090439891435,-0.9115970616468142,,,
MSTR,160.00999450683594,2026-10-02,157.32322732385887,-0.5449478364050236,,,
MSTX,19.81999969482422,2026-10-02,42.45266913607776,-0.9215981034194596,,,
MTAK,9.859999656677246,2026-10-02,9.865000009536743,,,,
MTC,5.010000228881836,2026-10-02,3.8342151326012326,4.8255815645886315,,,
MTCH,40.31999969482422,2026-10-02,34.94800799396408,0.17482517637973216,0.78,0.2,2026-07-07
MTEK,0.7409999966621399,2026-10-02,1.3516573689848304,-0.6420289755752251,,,
MTEN,1.0099999904632568,2026-10-02,126.58928271023876,-0.9989920159775816,,,
MTEX,6.639999866485596,2026-10-02,6.8903585610636675,-0.25643901012667525,,,
MTLS,8.5,2026-10-02,6.1100000005319295,0.38436485094994266,,,
MTRX,10.279999732971191,2026-10-02,12.145976108383847,-0.19687503282912022,,,
MTSI,321.6000061035156,2026-10-02,249.58565697537,1.5241346586599045,,,
MTVA,1.5399999618530273,2026-10-02,3.8721514142366993,-0.8640776723545386,,,
MTYY,17.43000030517578,2026-10-02,41.27182481773346,-0.8707740237678709,42.98799999999999,0.132,2026-10-02
MU,1074.8900146484375,2026-10-02,588.3353791863794,4.722674781291098,0.53,0.15,2026-07-06
MUD,9.0,2026-10-02,271.5847210827102,-0.9907881269191402,4.271,0.148,2026-09-22
MULL,25.8799991607666,2026-10-02,12.875830083729262,13.28255995760044,0.01388,0.01388,2025-12-29
MULT,24.208900451660156,2026-10-02,25.164672881958495,-0.04255880570480175,1.1990000000000003,0.108,2026-10-01
MUU,37.099998474121094,2026-10-02,18.428052780637703,13.285714338174508,0.53965,0.203,2026-09-22
MUY,25.809999465942383,2026-10-02,25.574999809265137,,,,
MUYY,18.709999084472656,2026-10-02,22.34858331680298,,9.243,0.217,2026-10-02
MUZE,10.010000228881836,2026-10-02,9.937185117933485,,,,
MVBF,30.459999084472656,2026-10-02,27.5408166680203,0.16215185610280258,0.68,0.17,2026-09-01
MVIS,1.4800000190734863,2026-10-02,9.517450177812007,-0.9305164285405989,,,
MVLL,37.95000076293945,2026-10-02,19.323774246580573,3.585364246072186,,,
MVST,0.6449999809265137,2026-10-02,2.2076653370344306,-0.8585526339867989,,,
MWC,1.690000057220459,2026-10-02,2.9714285658330333,,,,
MWH,25.25,2026-10-02,31.331242200010312,,,,
MWYN,1.100000023841858,2026-10-02,0.8986374460368517,-0.017857125751218117,,,
MXCT,1.0700000524520874,2026-10-02,1.1887729077700124,-0.37426898913313233,,,
MXL,105.93000030517578,2026-10-02,45.974342615955855,5.439513397703158,,,
MYCF,24.989999771118164,2026-10-02,25.046011905746155,-0.0023951883341224445,1.075,0.087,2026-10-01
MYCG,24.854999542236328,2026-10-02,24.99499999574456,-0.007110669799128333,1.0679999999999998,0.091,2026-10-01
MYCH,24.55500030517578,2026-10-02,24.952386453332178,-0.020932999207628922,1.0699999999999998,0.091,2026-10-01
MYCI,24.21489906311035,2026-10-02,24.846517540069215,-0.032758170133822984,1.1179999999999999,0.095,2026-10-01
MYCJ,23.870399475097656,2026-10-02,24.760973660594438,-0.04613786857273994,1.1239999999999999,0.093,2026-10-01
MYCK,23.813499450683594,2026-10-02,24.858332660568664,-0.05268919611228062,1.119,0.096,2026-10-01
MYCL,23.4906005859375,2026-10-02,24.736341180079485,-0.06318644581433785,1.142,0.097,2026-10-01
MYCM,23.3435001373291,2026-10-02,24.692125449617546,-0.06775162604511886,1.161,0.099,2026-10-01
MYCN,23.07670021057129,2026-10-02,24.531791611021735,-0.07471131850786605,1.2200000000000002,0.102,2026-10-01
MYCO,22.940200805664062,2026-10-02,24.50531955734192,-0.07955701574138485,1.167,0.1,2026-10-01
MYCP,24.41320037841797,2026-10-02,24.531649827957153,,0.031,0.031,2026-10-01
MYFW,30.09000015258789,2026-10-02,27.38262948571923,0.32147560595803104,,,
MYGN,4.539999961853027,2026-10-02,5.284900406917253,-0.43672459981473166,,,
MYHA,24.649999618530273,2026-10-02,24.94480256030434,,0.86,0.115,2026-10-01
MYHB,24.597700119018555,2026-10-02,24.9574848978143,,0.9400000000000001,0.128,2026-10-01
MYHC,24.465299606323242,2026-10-02,25.003192788676213,,1.051,0.147,2026-10-01
MYHD,24.200000762939453,2026-10-02,24.911052703857422,,1.058,0.149,2026-10-01
MYHE,23.864999771118164,2026-10-02,24.799375069768804,,1.029,0.146,2026-10-01
MYHF,24.520000457763672,2026-10-02,24.65750002861023,,0.04,0.04,2026-10-01
MYMF,24.829999923706055,2026-10-02,24.909756930225875,-0.00401124670058528,0.6150000000000001,0.051,2026-10-01
MYMG,24.520000457763672,2026-10-02,24.699055781877373,-0.006684181152458946,0.6790000000000002,0.056,2026-10-01
MYMH,24.280000686645508,2026-10-02,24.596836637215784,-0.013409179826157747,0.6780000000000002,0.057,2026-10-01
MYMI,23.844999313354492,2026-10-02,24.619892454717263,-0.030494003697441374,0.685,0.058,2026-10-01
MYMJ,23.90999984741211,2026-10-02,24.786446172402673,-0.033744229682845184,0.7150000000000001,0.06,2026-10-01
MYMK,24.219999313354492,2026-10-02,24.994884437773806,-0.028674560573561547,0.6440000000000001,0.055,2026-10-01
MYML,24.864999771118164,2026-10-02,24.780624866485596,,0.02,0.02,2026-10-01
MYPS,4.949999809265137,2026-10-02,5.938486061248171,-0.4789473884984067,,,
MYRG,304.7699890136719,2026-10-02,306.5403589499424,0.5272863159747629,,,
MYSE,1.7000000476837158,2026-10-02,2.179988047991141,-0.37956202855227805,,,
MYSZ,1.6100000143051147,2026-10-02,5.190533855996759,-0.8363821149045725,,,
MYX,10.029999732971191,2026-10-02,9.945876239501324,,,,
MZTI,99.52999877929688,2026-10-02,138.1721118759824,-0.40931751466292654,4.0,1.0,2026-09-08
NAAS,3.299999952316284,2026-10-02,3.03730676468625,-0.1538461867639056,,,
NAGE,2.7899999618530273,2026-10-02,4.863306768386963,-0.5974025929345668,,,
NAII,1.4800000190734863,2026-10-02,2.7652191332136966,-0.47517728577688567,,,
NAKA,9.65999984741211,2026-10-02,12.701454193943524,-0.7862831928239131,,,
NAMI,2.2799999713897705,2026-10-02,11.607430250996137,-0.9069387766779685,,,
NAMM,1.2599999904632568,2026-10-02,1.9405816750697407,-0.6074766431496327,,,
NAMS,23.200000762939453,2026-10-02,32.333087670375626,-0.24356045956218797,,,
NATH,101.48999786376953,2026-10-02,99.76541867199172,-0.09786668565538192,4.0,0.5,2026-06-22
NATO,36.88999938964844,2026-10-02,39.82588036221812,-0.06012740408539008,0.172,0.172,2025-12-18
NATR,12.449999809265137,2026-10-02,20.716812737909446,-0.1972920937756365,,,
NAUT,1.9600000381469727,2026-10-02,1.977334664637349,1.2197055517101671,,,
NAVI,9.1899995803833,2026-10-02,9.920537823224922,-0.30850266314809405,0.64,0.16,2026-09-04
NAVN,21.43000030517578,2026-10-02,18.24353449097995,0.07150001525878902,,,
NB,3.4700000286102295,2026-10-02,5.573227114886402,-0.5629722917376192,,,
NBBK,22.56999969482422,2026-10-02,20.763525898238104,0.2758620131961782,0.28,0.07,2026-08-05
NBIG,19.190000534057617,2026-10-02,15.350557424667034,0.12235355091699551,,,
NBIL,27.850000381469727,2026-10-02,21.946405608012494,0.25790429761669276,,,
NBIS,242.80999755859375,2026-10-02,155.37215180416032,0.8972495014037596,,,
NBIX,143.17999267578125,2026-10-02,146.86079710698223,0.04488063892045768,,,
NBN,126.86000061035156,2026-10-02,115.41179258794898,0.34030637681147735,0.04,0.01,2026-08-10
NBP,1.3550000190734863,2026-10-02,2.872111564138496,-0.6863426006410589,,,
NBRG,10.0600004196167,2026-10-02,9.971407402886285,,,,
NBTB,51.529998779296875,2026-10-02,45.71075703898274,0.2425849351933822,1.5099999999999998,0.4,2026-09-01
NBTX,25.75,2026-10-02,31.03964542677678,0.25548511519464956,,,
NCEL,2.8499999046325684,2026-10-02,4.162223113010604,-0.8571428673864048,,,
NCEW,16.920000076293945,2026-10-02,11.678434273161262,2.439024352422197,,,
NCI,0.8619999885559082,2026-10-02,15.760952247566436,-0.9426861708283074,,,
NCIQ,21.079999923706055,2026-10-02,20.41086851173188,-0.366396163701075,,,
NCLD,24.079999923706055,2026-10-02,23.77975589473073,,,,
NCMI,2.109999895095825,2026-10-02,3.5270119549268744,-0.523702036826684,0.09,0.03,2026-05-22
NCNA,1.090000033378601,2026-10-02,2.456593630323372,-0.7670940014188963,,,
NCNO,18.68000030517578,2026-10-02,20.045756913751244,-0.2878383289676888,,,
NCO,9.960000038146973,2026-10-02,9.889333343505859,,,,
NCPB,23.717100143432617,2026-10-02,25.008693611479377,-0.06312069353801752,1.2810000000000001,0.103,2026-10-01
NCPL,1.399999976158142,2026-10-02,0.8311952207074222,-0.4466403193715852,,,
NCRA,1.6299999952316284,2026-10-02,14.819840623088092,-0.967465068964551,,,
NCT,1.6799999475479126,2026-10-02,186.46615537799212,-0.9982878981426263,,,
NCTY,3.299999952316284,2026-10-02,5.902071722000244,-0.6793002949902811,,,
NDAA,24.045000076293945,2026-10-02,22.9737689029648,0.09889856524777918,0.589,0.589,2025-12-23
NDAQ,90.33000183105469,2026-10-02,90.23151406823877,0.031046697885557917,1.1600000000000001,0.31,2026-09-11
NDLS,13.399999618530273,2026-10-02,9.550916331697746,1.6171874839928928,,,
NDRA,6.059999942779541,2026-10-02,4.993565732264424,0.05391303352687671,,,
NDSN,333.5400085449219,2026-10-02,276.31422357445217,0.42874282675133424,3.4,0.94,2026-09-10
NECB,26.649999618530273,2026-10-02,24.12326691160164,0.3212691877900562,0.8500000000000001,0.25,2026-07-07
NEGG,11.489999771118164,2026-10-02,38.0659761656803,-0.7539614650234334,,,
NEMG,19.357999801635742,2026-10-02,20.266386300867254,0.313297157545835,,,
NEO,18.469999313354492,2026-10-02,11.973067743369782,1.029670169131513,,,
NEOG,12.149999618530273,2026-10-02,9.206254972404693,1.004950451032089,,,
NEON,0.9200000166893005,2026-10-02,1.6641434226852965,-0.7566137503564452,,,
NEOV,3.049999952316284,2026-10-02,3.3814940129618245,-0.37371662751771495,,,
NEPH,3.6700000762939453,2026-10-02,4.086494018357113,-0.23060794738596768,,,
NERV,3.2799999713897705,2026-10-02,4.782274891180821,0.5619048192117246,,,
NESR,24.670000076293945,2026-10-02,22.550836711290824,1.397473291326559,,,
NETG,24.09000015258789,2026-10-02,13.947786337679082,0.7368421305950756,,,
NEUP,3.4700000286102295,2026-10-02,4.892776893904484,-0.8216854988765657,,,
NEWT,11.180000305175781,2026-10-02,12.494940241019565,-0.01497797978681048,0.95,0.19,2026-09-24
NEWZ,29.365999221801758,2026-10-02,28.603920362860084,0.03602045980527624,,,
NEXM,1.8600000143051147,2026-10-02,3.1296374517607974,-0.6654676198835952,,,
NEXN,8.8100004196167,2026-10-02,7.896673280404383,0.025611206416862542,,,
NEXR,1.0049999952316284,2026-10-02,110.17954162582458,-0.9985066420630646,,,
NEXT,6.480000019073486,2026-10-02,6.68422311045734,-0.07954544684857368,,,
NFE,6.570000171661377,2026-10-02,1.3416345393561935,1.6707317356833524,,,
NFLX,67.05999755859375,2026-10-02,89.4275696895037,-0.4185482161696169,,,
NFRX,24.65999984741211,2026-10-02,26.57105880064123,,0.342,0.076,2026-09-25
NFTY,50.72999954223633,2026-10-02,55.35462149205911,-0.11573992527927512,1.026,0.305,2026-03-26
NFXL,12.829999923706055,2026-10-02,27.701980066489412,-0.7519814413833377,1.923,0.119,2026-09-22
NFXS,22.475000381469727,2026-10-02,18.050063718362633,0.5619570836614094,0.521,0.129,2026-09-22
NGEN,1.7799999713897705,2026-10-02,3.200342631909952,-0.41254125802075914,,,
NGHT,22.4424991607666,2026-10-02,23.173649126483546,,,,
NGNE,25.649999618530273,2026-10-02,26.997808745182844,0.14816470202928578,,,
NHIV,10.050000190734863,2026-10-02,10.07621955871582,,,,
NHP,16.09000015258789,2026-10-02,15.157017515416731,,0.075,0.075,2026-07-15
NHTC,1.0,2026-10-02,2.777808754567606,-0.7690531137136607,0.4,0.1,2026-05-12
NICE,113.9000015258789,2026-10-02,108.38055793792603,-0.1758320981111452,,,
NICM,5.449999809265137,2026-10-02,6.222749988238017,,,,
NIKI,4.599999904632568,2026-10-02,9.87605578016,-0.7955555597941081,,,
NIKL,13.291000366210938,2026-10-02,15.469780868743046,-0.13441870645114884,0.398,0.398,2025-12-18
NIOG,5.335000038146973,2026-10-02,14.2272222403324,,,,
NIPG,11.050000190734863,2026-10-02,24.18829080118126,-0.7874591299482194,,,
NIU,1.8799999952316284,2026-10-02,2.9809163348133345,-0.5840707957599893,,,
NIVF,0.1289999932050705,2026-10-02,107.03960587823414,-0.9998701690857742,,,
NIXT,32.69850158691406,2026-10-02,29.64580681789444,0.21092105591237464,0.42099999999999993,0.091,2026-09-28
NIXX,0.302700012922287,2026-10-02,0.8985984087940231,-0.813148140721415,,,
NKLR,3.509999990463257,2026-10-02,5.7425199813842775,-0.7150973963142344,,,
NKSH,42.65999984741211,2026-10-02,35.86657360730418,0.4705273874813891,1.53,0.75,2026-05-26
NKTR,43.58000183105469,2026-10-02,63.96932258453977,-0.28026420511693606,,,
NKTX,2.575000047683716,2026-10-02,2.4298406369182692,0.20892014522712898,,,
NMAD,4.119999885559082,2026-10-02,4.271673309850502,-0.225563956274751,,,
NMFC,6.940000057220459,2026-10-02,8.230916321515087,-0.25695932078785344,1.1400000000000001,0.25,2026-09-16
NMIH,38.83000183105469,2026-10-02,39.55390446879474,0.05746188834988164,,,
NMP,10.369999885559082,2026-10-02,10.163294837769284,0.04431012757914643,,,
NMRA,0.5,2026-10-02,2.0011633446966983,-0.726775962691532,,,
NMRK,12.649999618530273,2026-10-02,15.835378544264106,-0.30418045070500555,0.18,0.06,2026-08-14
NMTC,1.1200000047683716,2026-10-02,3.782087643782931,-0.7992831505229656,,,
NN,13.979999542236328,2026-10-02,16.249820762421507,-0.025784029923175744,,,
NNBR,4.510000228881836,2026-10-02,2.292350599965251,1.312820573639978,,,
NNDM,1.6299999952316284,2026-10-02,1.67245019812033,0.01874998183921006,,,
NNE,15.619999885559082,2026-10-02,26.800239091850372,-0.6489098832037317,,,
NNNN,5.550000190734863,2026-10-02,21.502569677345306,-0.827425366384712,,,
NNOX,0.6359999775886536,2026-10-02,2.2308326710267847,-0.8381679473829011,,,
NODK,14.989999771118164,2026-10-02,14.0512549867668,0.12706763580053182,,,
NOEM,10.510000228881836,2026-10-02,10.444808693995988,0.03444885696124067,,,
NOMA,1.9450000524520874,2026-10-02,4.174717392092166,-0.8308695606563402,,,
NOVT,149.27000427246094,2026-10-02,134.76800798514924,0.4280111548420418,,,
NOWL,7.059999942779541,2026-10-02,9.460665358015266,-0.6746543919557355,,,
NPAC,10.539999961853027,2026-10-02,10.33729082084747,0.03434743826128406,,,
NPCE,12.699999809265137,2026-10-02,14.831035879978621,0.16300363741163015,,,
NPT,2.440000057220459,2026-10-02,4.767063019155454,-0.5030549627192966,,,
NRC,20.350000381469727,2026-10-02,18.040537868362975,0.6666666927020015,0.64,0.16,2026-09-25
NRDS,8.630000114440918,2026-10-02,10.76193228755814,-0.21758836596850728,,,
NRES,33.64500045776367,2026-10-02,32.279960252374295,0.2172576411258602,0.73,0.109,2026-09-18
NRIM,24.760000228881836,2026-10-02,24.963505900713553,0.15917600755510053,0.65,0.17,2026-09-10
NRIX,22.989999771118164,2026-10-02,18.368446194318185,1.4509594339688823,,,
NRSN,3.934999942779541,2026-10-02,1.1162039968967439,2.147999954223633,,,
NRXP,2.9049999713897705,2026-10-02,2.892788845229434,-0.11162079867453856,,,
NSAI,9.869999885559082,2026-10-02,9.871818108992143,,,,
NSI,38.61880111694336,2026-10-02,36.268549071840084,0.18644553063377778,0.459,0.052,2026-05-22
NSIT,160.66000366210938,2026-10-02,102.79705169191398,0.44128466764805485,,,
NSLR,7.440000057220459,2026-10-02,10.508486079029828,-0.2059765050064849,0.25,0.25,2025-11-21
NSPR,0.6200000047683716,2026-10-02,1.3899999997055388,-0.7405857834499008,,,
NSSC,36.16999816894531,2026-10-02,40.099601624021496,-0.15173549046236212,0.6100000000000001,0.17,2026-09-11
NSYS,11.579999923706055,2026-10-02,11.249003953667751,0.2866666581895616,,,
NTAL,44.5099983215332,2026-10-02,31.948620598891686,,,,
NTAP,226.27000427246094,2026-10-02,133.90123502571745,0.9059130891670053,2.08,0.52,2026-07-10
NTCL,1.9500000476837158,2026-10-02,25.493143399398164,-0.9719424453570689,,,
NTCT,40.959999084472656,2026-10-02,33.48976085860416,0.5427495390394406,,,
NTES,117.20999908447266,2026-10-02,126.9954584433263,-0.22669398020313913,2.93,0.48,2026-09-03
NTGR,23.559999465942383,2026-10-02,24.40290833279431,-0.28800243707161755,,,
NTHI,2.990000009536743,2026-10-02,6.772521914713886,-0.7406764892642159,,,
NTIC,7.699999809265137,2026-10-02,8.15509963510521,0.022576307399746254,0.02,0.01,2026-01-28
NTLA,12.260000228881836,2026-10-02,13.192191218949883,-0.38577150344565025,,,
NTNX,72.29000091552734,2026-10-02,52.96073709921058,-0.05156127318597181,,,
NTRA,410.3500061035156,2026-10-02,240.23121551878424,1.452046555945092,,,
NTRB,7.28000020980835,2026-10-02,4.5860517917876225,-0.020188374427434375,,,
NTRP,1.9500000476837158,2026-10-02,2.7537195193340103,-0.46866484818908427,,,
NTRS,171.39999389648438,2026-10-02,156.04964188655535,0.29456194711377215,3.2800000000000002,0.88,2026-09-04
NTSK,17.75,2026-10-02,14.51517926364306,-0.23326132645841935,,,
NTWK,5.949999809265137,2026-10-02,3.8536653528175506,0.2499998998241313,,,
NTWO,10.8100004196167,2026-10-02,10.594749028939175,0.04243013875731538,,,
NUAI,6.289999961853027,2026-10-02,4.844960166163654,2.9559747357283803,,,
NUCL,5.929999828338623,2026-10-02,7.949999986910353,,,,
NUG,8.269000053405762,2026-10-02,12.002922730012374,-0.4319571366081283,,,
NUGY,11.329999923706055,2026-10-02,17.704812794515533,-0.5503968420362672,13.604999999999999,0.127,2026-10-02
NUIB,24.71780014038086,2026-10-02,24.91770008632115,,,,
NUIF,23.683399200439453,2026-10-02,25.168424374348408,,,,
NUR,0.8799999952316284,2026-10-02,2.043589731057485,,,,
NUSB,25.139999389648438,2026-10-02,25.24427890397638,-0.004356459815903491,1.0459999999999998,0.085,2026-10-01
NUTX,216.5,2026-10-02,142.69089605323822,1.00685952458291,,,
NUWE,0.6899999976158142,2026-10-02,47.02673282091361,-0.9944777910006541,,,
NVAX,10.460000038146973,2026-10-02,8.632310734327096,0.1057082448168658,,,
NVCR,14.9399995803833,2026-10-02,14.31366533302216,0.01909957270706375,,,
NVCT,21.920000076293945,2026-10-02,12.007948216214123,2.650291366952748,,,
NVD,3.450000047683716,2026-10-02,6.2428884572716825,-0.5988372215520628,0.846,0.846,2025-12-29
NVDA,233.9499969482422,2026-10-02,197.8549404676217,0.24693531093056986,0.52,0.25,2026-09-10
NVDD,28.09000015258789,2026-10-02,35.69277691176213,-0.27918913849905513,1.36,0.488,2026-09-22
NVDG,21.924999237060547,2026-10-02,18.236617544257783,0.08325096269748111,1.99,1.99,2025-12-30
NVDL,38.5,2026-10-02,31.04624172985791,0.22144668276859392,,,
NVDS,17.040000915527344,2026-10-02,25.698155399337708,-0.4826957612041103,3.975,3.975,2025-12-23
NVDU,152.61000061035156,2026-10-02,125.21799201509393,0.15255642617297682,7.0760000000000005,0.698,2026-09-22
NVEC,111.41999816894531,2026-10-02,83.26486060153916,0.6279952395433601,4.0,1.0,2026-08-03
NVMI,396.1199951171875,2026-10-02,418.06071636306336,0.23007172194745795,,,
NVNI,0.8809999823570251,2026-10-02,1.81160558196178,-0.7185303673656926,,,
NVNO,8.100000381469727,2026-10-02,12.742796821898198,-0.7609208935624059,,,
NVPS,25.030000686645508,2026-10-02,23.335945979968923,,0.009,0.009,2026-09-28
NVTS,12.399999618530273,2026-10-02,12.585358556998203,0.5856776657711844,,,
NVX,2.630000114440918,2026-10-02,8.49474503509552,-0.8376543215690744,,,
NVYY,11.319999694824219,2026-10-02,15.997139379797703,-0.524569510763062,13.161000000000001,0.075,2026-10-02
NWBI,15.1899995803833,2026-10-02,13.553107577016155,0.21812343665671619,0.8,0.2,2026-08-06
NWCL,7.989999771118164,2026-10-02,10.398338612332287,-0.21589792932870588,,,
NWE,69.2699966430664,2026-10-02,68.17980069468221,0.1998960192678887,2.67,0.67,2026-08-17
NWFL,33.70000076293945,2026-10-02,30.231155380309815,0.3220871347799601,1.27,0.32,2026-07-15
NWGL,1.440000057220459,2026-10-02,0.9929681270720949,0.0027855624931045764,,,
NWL,5.400000095367432,2026-10-02,4.548127487836131,0.00185533007969374,0.28,0.07,2026-08-31
NWPX,105.98999786376953,2026-10-02,89.75968123052225,1.0324064192246105,,,
NWS,31.649999618530273,2026-10-02,30.08342628175044,-0.013711453161901366,0.2,0.1,2026-09-09
NWSA,28.690000534057617,2026-10-02,26.4741434348057,0.010923234054198705,0.2,0.1,2026-09-09
NWTG,1.2200000286102295,2026-10-02,1.3428286824568334,-0.32967033326920925,,,
NXAT,0.875,2026-10-02,18.099605531094085,-0.9899425287356322,,,
NXGL,0.17399999499320984,2026-10-02,1.0504063725234027,-0.9320312504365574,,,
NXH,2.759999990463257,2026-10-02,5.622231074063427,-0.7703827050455241,,,
NXL,5.730000019073486,2026-10-02,17.598629544930628,-0.7901098835455335,,,
NXPI,243.66000366210938,2026-10-02,238.83470141650196,0.06452883180499902,4.056,1.014,2026-09-16
NXPL,8.550000190734863,2026-10-02,6.703067719698902,0.01785721178768762,,,
NXST,155.4199981689453,2026-10-02,195.92661373548773,-0.22653530267441147,7.44,1.86,2026-08-14
NXT,84.30000305175781,2026-10-02,104.45408368965543,0.09296001625388506,,,
NXTC,5.090000152587891,2026-10-02,8.850346630313007,-0.12842465417875903,,,
NXTG,157.52000427246094,2026-10-02,129.16003959017445,0.49805042307767367,1.9769999999999999,0.632,2026-09-24
NXTS,1.4900000095367432,2026-10-02,9.167159362618191,-0.9473125893437352,,,
NXTT,5.610000133514404,2026-10-02,505.18396015471194,-0.9979458073476696,,,
NXXT,0.7350000143051147,2026-10-02,0.8377279984354973,-0.6306532609131911,,,
NYAX,49.0,2026-10-02,55.986800843500994,0.04166664639297846,,,
NYXH,1.3600000143051147,2026-10-02,3.353916334915921,-0.7252525117759516,,,
NZAC,46.67499923706055,2026-10-02,44.225665483816684,0.08873133348904982,0.944,0.295,2026-06-01
OABI,4.869999885559082,2026-10-02,2.2698406308770656,1.987729999880791,,,
OACC,10.760000228881836,2026-10-02,10.660884443032314,0.0199052165261,,,
OBA,10.350000381469727,2026-10-02,10.16016337026163,0.0391566608262095,,,
OBAI,0.20999999344348907,2026-10-02,1.4585628792375862,,,,
OBIL,49.8650016784668,2026-10-02,50.131470091314426,-0.006079260546341891,1.8289999999999997,0.172,2026-09-28
OBIO,5.949999809265137,2026-10-02,4.323944228578848,1.195571854431999,,,
OBT,37.72999954223633,2026-10-02,32.79673307350432,0.5152610490065279,0.72,0.18,2026-09-04
OBTC,27.048999786376953,2026-10-02,25.227075675569207,-0.25566869364884404,,,
OBX,13.59000015258789,2026-10-02,18.91163271300647,,,,
OCC,18.239999771118164,2026-10-02,10.721513926745411,1.1184669568450722,,,
OCCI,2.2300000190734863,2026-10-02,3.5462948259604405,-0.5974729179731633,0.9250000000000003,0.05,2026-09-15
OCFC,16.780000686645508,2026-10-02,18.66752987743849,-0.059943959213300424,0.8,0.2,2026-08-10
OCG,1.7300000190734863,2026-10-02,423.63487402376427,-0.9993446969624722,0.15,0.15,2026-01-22
OCGN,1.0199999809265137,2026-10-02,1.4776573691710058,-0.42372881812541574,,,
OCLT,9.90999984741211,2026-10-02,9.894999980926514,,,,
OCS,8.729999542236328,2026-10-02,20.107549834536368,-0.5031303532231696,,,
OCSL,11.90999984741211,2026-10-02,12.458207168427121,-0.07959812723121285,1.4700000000000002,0.33,2026-09-15
OCTV,19.030000686645508,2026-10-02,18.29042999718779,,,,
OCUL,6.960000038146973,2026-10-02,10.116792838411977,-0.3900087527410824,,,
ODD,18.899999618530273,2026-10-02,24.59910358185787,-0.6811740889385618,,,
ODDS,23.349000930786133,2026-10-02,26.31411958215721,-0.3047788724942657,0.185,0.023,2026-09-03
ODFL,180.47999572753906,2026-10-02,187.7070914948604,0.2770112034901415,1.1500000000000001,0.29,2026-09-02
ODTE,25.09000015258789,2026-10-02,26.317795220322495,,1.804,0.067,2026-10-01
ODTX,20.729999542236328,2026-10-02,19.91852933285283,,,,
ODYS,2.809999942779541,2026-10-02,4.3940677272371085,-0.37763011608529673,,,
OESX,30.440000534057617,2026-10-02,13.86717134262936,2.6852299867524714,,,
OFAL,0.4490000009536743,2026-10-02,4.664956180935362,-0.9609565216562023,,,
OFIX,9.09000015258789,2026-10-02,12.410318712789223,-0.37782338355952905,,,
OFLX,26.329999923706055,2026-10-02,30.09832670964093,-0.14512985143116175,1.36,0.34,2026-09-30
OFS,3.4800000190734863,2026-10-02,4.293505979249202,-0.5445026073443784,0.68,0.17,2026-09-18
OGI,0.953000009059906,2026-10-02,1.365681274478654,-0.4930851002781571,,,
OHAC,9.989999771118164,2026-10-02,9.936867392206766,,,,
OIG,9.4399995803833,2026-10-02,10.094545364379883,,,,
OIM,10.130000114440918,2026-10-02,10.06882754358752,,,,
OIO,1.899999976158142,2026-10-02,6.860525877827192,-0.8408710181799565,,,
OKLL,8.949999809265137,2026-10-02,99.71869309109995,-0.9767351195080062,,,
OKTA,211.49000549316406,2026-10-02,106.96071734181439,1.266773832535041,,,
OKTG,58.77000045776367,2026-10-02,21.36466821973974,3.186792170943119,,,
OKUR,2.559999942779541,2026-10-02,3.53416334870327,-0.055350587917333716,,,
OKYO,1.4700000286102295,2026-10-02,1.8000278886095935,-0.2829267986327101,,,
OLB,0.1889999955892563,2026-10-02,0.6080725091505811,-0.8557251879047884,,,
OLED,80.37000274658203,2026-10-02,103.13808745122051,-0.4410209804636982,1.95,0.5,2026-09-16
OLLI,88.05500030517578,2026-10-02,96.13868505166346,-0.32997259525161615,,,
OLMA,8.225000381469727,2026-10-02,16.01171313434008,-0.2590090001077394,,,
OLOX,0.8420000076293945,2026-10-02,12.76628681815478,-0.9748656714140479,,,
OM,3.9600000381469727,2026-10-02,5.222330678506676,-0.7267080675846425,,,
OMAB,94.19000244140625,2026-10-02,108.07482071226812,-0.06936070256464799,5.438,2.916,2026-05-26
OMCL,33.599998474121094,2026-10-02,39.071035856269745,0.08562189485807159,,,
OMDA,20.3700008392334,2026-10-02,18.09468127246872,-0.06943803530363879,,,
OMER,18.610000610351562,2026-10-02,11.973346617117347,3.0633189782441486,,,
OMEX,0.6639999747276306,2026-10-02,1.4397211138945651,-0.6696517522994642,,,
OMH,2.6500000953674316,2026-10-02,41.62737056648589,-0.959230767763578,,,
OMSE,4.389999866485596,2026-10-02,4.543621517272585,0.3262839705063967,,,
ON,84.88999938964844,2026-10-02,74.40243030259333,0.7229551167229993,,,
ONB,24.959999084472656,2026-10-02,23.7809959958749,0.12533808570995153,0.5750000000000001,0.145,2026-09-04
ONC,358.07000732421875,2026-10-02,322.2527682239791,0.04129471139868435,,,
ONCH,10.34000015258789,2026-10-02,10.25310754965976,-0.005769179629149024,,,
ONCO,0.734000027179718,2026-10-02,47.87158970742587,-0.9952948716206428,,,
ONCY,0.6299999952316284,2026-10-02,0.946812745346966,-0.5434782627474684,,,
ONDG,2.071000099182129,2026-10-02,5.47455492910448,,,,
ONDS,7.239999771118164,2026-10-02,9.12539841739305,-0.2694248352578116,,,
ONEG,1.0,2026-10-02,3.094394428796502,-0.915182357656019,,,
ONEN,1.8700000047683716,2026-10-02,10.024354627882817,-0.8168462294043477,,,
ONEQ,107.11000061035156,2026-10-02,96.06175298804781,0.19435771906626353,0.513,0.112,2026-09-18
ONEW,9.819999694824219,2026-10-02,11.80107566939882,-0.39307790422705224,,,
ONFO,0.8600000143051147,2026-10-02,29.79208365522058,-0.9849122804507875,,,
ONMD,5.389999866485596,2026-10-02,10.233203211628583,-0.47669905177923677,,,
OPAD,3.255000114440918,2026-10-02,2.3587091648246186,-0.1862499713897705,,,
OPAL,1.7400000095367432,2026-10-02,2.250079679299161,-0.23684209150400615,,,
OPBK,15.479999542236328,2026-10-02,14.253944233594188,0.12255254423918127,0.52,0.14,2026-08-06
OPCH,22.639999389648438,2026-10-02,26.959282878860535,-0.176727294921875,,,
OPEG,1.0130000114440918,2026-10-02,5.559172436521559,-0.9332718511471482,,,
OPEN,2.440000057220459,2026-10-02,5.221553792991486,-0.6991368482720561,,,
OPI,15.789999961853027,2026-10-02,17.849864895279342,,,,
OPK,1.559999942779541,2026-10-02,1.3385258979531398,0.0,,,
OPNW,5.400000095367432,2026-10-02,8.288219115648612,-0.4653465454046213,1.5,1.5,2026-10-01
OPPJ,59.93000030517578,2026-10-02,53.36677291383781,0.42148957595061387,0.635,0.34,2026-06-25
OPRA,17.700000762939453,2026-10-02,16.31872512239859,-0.011173120662180347,0.8,0.4,2026-07-07
OPRT,8.350000381469727,2026-10-02,5.7097808868286615,0.4396551908409121,,,
OPRX,8.569999694824219,2026-10-02,9.60629483143172,-0.542933349609375,,,
OPTH,4.489999771118164,2026-10-02,4.851595751782681,,,,
OPTX,9.140000343322754,2026-10-02,6.553725098233774,4.8967745964534695,,,
OPTZ,46.15299987792969,2026-10-02,40.757641461740924,0.2995354264705945,0.21,0.21,2025-12-23
OPXS,10.449999809265137,2026-10-02,12.888342625591385,-0.18039217182234224,,,
ORBS,1.159999966621399,2026-10-02,1.8763864498689355,-0.8592233011113315,,,
ORBX,43.36000061035156,2026-10-02,50.299411933963036,,,,
ORCS,29.43000030517578,2026-10-02,29.644000009659234,0.20486365299967768,0.609,0.221,2026-09-22
ORCU,7.039999961853027,2026-10-02,12.360041309934143,-0.73081482068166,0.194,0.035,2026-09-22
ORCX,19.75,2026-10-02,44.05613548917125,-0.8398605391488212,,,
ORGO,1.3300000429153442,2026-10-02,3.1586255072597487,-0.6899766772163647,,,
ORIC,12.204999923706055,2026-10-02,11.115159348187694,0.055339417772944044,,,
ORIO,1.0499999523162842,2026-10-02,1.0820517908054519,-0.47236183553551025,,,
ORIQ,10.40999984741211,2026-10-02,10.238246986115596,0.037886353395579775,,,
ORKA,84.5199966430664,2026-10-02,56.553465983782154,3.270843493329581,,,
ORKT,1.0149999856948853,2026-10-02,1.1065298743931895,-0.4925000071525574,,,
ORLY,84.9000015258789,2026-10-02,92.51418322680956,-0.18980818032134605,,,
ORMP,4.489999771118164,2026-10-02,3.633545829955325,0.8401637974685028,0.25,0.25,2026-01-16
ORR,37.880001068115234,2026-10-02,35.96401597589136,0.2161685506636315,,,
ORRF,41.66999816894531,2026-10-02,37.79147408777974,0.2353987172981311,1.1700000000000002,0.3,2026-08-04
OSBC,24.950000762939453,2026-10-02,21.299003996222144,0.44553884311018943,0.28,0.07,2026-07-31
OSCX,34.198001861572266,2026-10-02,63.501151339466354,-0.6834456217068257,,,
OSIS,196.77999877929688,2026-10-02,248.22741036586078,-0.21685837770782468,,,
OSPN,18.1200008392334,2026-10-02,13.479402401532784,0.14828904599871073,0.51,0.13,2026-08-14
OSPR,9.819999694824219,2026-10-02,9.843333307902018,,,,
OSS,8.65999984741211,2026-10-02,10.217868514269947,0.5354610022018209,,,
OST,1.6950000524520874,2026-10-02,1.6950000524520874,0.0,,,
OSUR,3.9700000286102295,2026-10-02,3.2278884559038628,0.2484276557448717,,,
OSW,23.6200008392334,2026-10-02,23.026713177502394,0.12852367390517472,0.2,0.05,2026-08-19
OTEX,22.219999313354492,2026-10-02,26.93780870931557,-0.414338425997937,1.105,0.28,2026-09-04
OTGA,10.260000228881836,2026-10-02,10.111926103674847,0.022931256434092884,,,
OTGL,10.668600082397461,2026-10-02,10.578464538452634,0.13495750163291365,0.27499999999999997,0.04,2026-09-17
OTLK,0.5929999947547913,2026-10-02,0.9050000005984211,-0.440566012485037,,,
OTLY,10.550000190734863,2026-10-02,11.81747013259219,-0.3091028241999191,,,
OTTR,88.87000274658203,2026-10-02,86.66940255943997,0.11435740121105997,2.259,0.578,2026-08-14
OUST,44.38999938964844,2026-10-02,30.587111598466972,0.48660410188537506,,,
OVBC,44.61000061035156,2026-10-02,42.5496015814671,0.23504988730695353,0.96,0.25,2026-07-24
OVID,2.380000114440918,2026-10-02,2.1389840679814616,0.2934782996013161,,,
OVLY,34.09000015258789,2026-10-02,31.997450216832863,0.2396363691850143,0.75,0.375,2026-08-03
OWLS,5.460000038146973,2026-10-02,6.745958682919337,-0.9017101689804471,,,
OXBR,1.1200000047683716,2026-10-02,1.219964141627232,-0.39459459981925293,,,
OXLC,8.90999984741211,2026-10-02,11.159442198703964,-0.47680566716599704,3.600000000000001,0.2,2026-09-16
OXSQ,1.2799999713897705,2026-10-02,1.6535458218053993,-0.2242424303725623,0.42000000000000015,0.035,2026-09-16
OYSE,10.404999732971191,2026-10-02,10.21076893901445,0.03842307960267766,,,
OZEM,29.933000564575195,2026-10-02,32.23808379002301,0.03370514236512534,0.41,0.41,2025-12-30
OZK,46.709999084472656,2026-10-02,48.0944621477469,-0.08822956272012417,1.8599999999999999,0.48,2026-07-13
PAAC,10.020000457763672,2026-10-02,9.960634890056792,,,,
PABD,68.0270004272461,2026-10-02,67.04777318642908,0.05931355648481884,2.081,1.014,2026-06-15
PABU,79.14199829101562,2026-10-02,73.7473269154826,0.09439123043764996,0.742,0.192,2026-09-15
PACB,2.5399999618530273,2026-10-02,1.6527091649424033,0.7046979500642689,,,
PACH,10.399999618530273,2026-10-02,10.17622709464267,0.043652730484847524,,,
PAGP,26.059999465942383,2026-10-02,22.62366532709494,0.44216933625110877,1.634,0.418,2026-07-31
PAHC,37.2400016784668,2026-10-02,41.278346711420916,-0.028183664534404795,0.48,0.12,2026-09-02
PAL,3.559999942779541,2026-10-02,7.1021514024392545,-0.4173486309349934,,,
PALD,9.128999710083008,2026-10-02,19.42226691075055,-0.5782398005536378,0.531,0.101,2026-09-22
PALI,1.440000057220459,2026-10-02,1.914940232774651,-0.09999997764825852,,,
PALO,9.984999656677246,2026-10-02,9.92604156335195,,,,
PALU,64.37999725341797,2026-10-02,29.790513870725594,1.5100392542444623,1.8960000000000004,0.108,2026-09-22
PAMT,12.239999771118164,2026-10-02,11.60609561988557,0.07841404050536172,,,
PANG,39.58100128173828,2026-10-02,18.503334706523027,1.420856291024764,1.297,1.297,2025-12-30
PANL,8.430000305175781,2026-10-02,7.324940255913601,0.656188615414824,0.25,0.1,2026-09-01
PANW,403.239990234375,2026-10-02,241.07274886051496,0.9462328562325881,,,
PARA,0.5220000147819519,2026-10-02,16.88509568773893,-0.9914426227084926,1.0,1.0,2025-12-18
PARK,19.84000015258789,2026-10-02,18.20151673093367,0.9356097709841844,,,
PASG,4.119999885559082,2026-10-02,7.42246212902297,-0.4817610082509025,,,
PASW,0.125,2026-10-02,0.2882111548368199,-0.873737374953671,,,
PATK,67.16000366210938,2026-10-02,100.83223110366153,-0.35323568922735915,1.88,0.47,2026-08-24
PATN,36.625,2026-10-02,31.57403186022998,0.36762505828701997,0.6280000000000001,0.053,2026-09-03
PAVM,2.869999885559082,2026-10-02,8.128681241753567,-0.780581047224815,,,
PAVS,3.75,2026-10-02,14176.50027908367,-0.9999693627450981,,,
PAX,10.210000038146973,2026-10-02,12.94677292873185,-0.28601399286958396,0.626,0.163,2026-08-10
PAYO,7.150000095367432,2026-10-02,5.9321513935864205,0.1663947735536937,,,
PAYP,14.920000076293945,2026-10-02,17.4869014645966,,,,
PAYS,14.229999542236328,2026-10-02,6.952908370599329,1.2444793690466809,,,
PAYX,98.94000244140625,2026-10-02,106.57039836868347,-0.20600271280965599,4.54,1.19,2026-07-28
PBAM,86.9000015258789,2026-10-02,69.91290824251821,0.4543933309770529,,,
PBCS,24.25309944152832,2026-10-02,24.659259414672853,,,,
PBEU,33.09000015258789,2026-10-02,31.203023630295885,0.24707920621979373,0.003,0.003,2025-12-24
PBFS,17.770000457763672,2026-10-02,15.083386512391595,0.35545392243492335,,,
PBHC,17.43000030517578,2026-10-02,14.75000004559399,0.13921569201879946,0.4,0.1,2026-07-17
PBK,0.22499999403953552,2026-10-02,1.0033864552281293,-0.8602484521488363,,,
PBLS,30.280000686645508,2026-10-02,33.51262512207031,,,,
PBM,5.159999847412109,2026-10-02,26.846268918884704,-0.958976398728649,,,
PBOG,34.95500183105469,2026-10-02,31.46245967268379,0.3956878308872891,0.044,0.044,2025-12-24
PBPH,27.821199417114258,2026-10-02,26.389394407588725,0.12245623355810187,0.023,0.023,2025-12-24
PBQQ,32.57400131225586,2026-10-02,29.927876483871643,0.1578573910930552,0.004,0.004,2025-12-30
PBRG,48.93899917602539,2026-10-02,35.25691920097428,,,,
PBSC,24.854999542236328,2026-10-02,25.188819302452934,,0.326,0.137,2026-09-30
PBUB,24.560100555419922,2026-10-02,25.044739532470704,,,,
PBWN,24.803800582885742,2026-10-02,24.950280380249023,,,,
PBYI,9.510000228881836,2026-10-02,7.009163334075199,0.8538011728520718,,,
PC,9.399999618530273,2026-10-02,9.415338276866898,-0.14932131617410038,,,
PCAP,10.40999984741211,2026-10-02,10.255537838574899,0.009699265152806724,,,
PCAR,109.68000030517578,2026-10-02,116.67509952864324,0.11815683963695012,2.7600000000000002,0.35,2026-08-12
PCB,28.010000228881836,2026-10-02,24.309521884082322,0.35510402155276255,0.86,0.22,2026-08-07
PCLA,6.739999771118164,2026-10-02,6.302856583044348,-0.5219858447680684,,,
PCMM,49.83000183105469,2026-10-02,49.90821523780367,-0.011113267818550265,3.0450000000000004,0.208,2026-10-01
PCPI,50.25,2026-10-02,50.151111269754075,,0.9199999999999999,0.32,2026-08-03
PCRX,25.209999084472656,2026-10-02,23.76207176907604,0.014895287021414072,,,
PCSA,1.6100000143051147,2026-10-02,3.6050398435250695,-0.6976525686435098,,,
PCT,4.389999866485596,2026-10-02,8.511494026716012,-0.676968372539008,,,
PCTY,144.47000122070312,2026-10-02,129.69004007164702,-0.07182777458517953,,,
PCVX,56.47999954223633,2026-10-02,53.013964056493755,0.3239568622657316,,,
PCYO,10.899999618530273,2026-10-02,10.988286846662422,-0.018901894206698744,,,
PDBA,37.66999816894531,2026-10-02,35.98874899875595,0.059634289096543336,1.13,1.13,2025-12-22
PDBC,19.440000534057617,2026-10-02,16.133725082731818,0.45617977367558926,0.509,0.509,2025-12-22
PDC,3.4600000381469727,2026-10-02,4.916701199998894,0.29104475819419284,,,
PDD,75.37999725341797,2026-10-02,101.0119520088591,-0.43851026254437264,,,
PDDL,10.015000343322754,2026-10-02,22.045868505044762,-0.7581209844563405,0.094,0.094,2025-12-29
PDEX,64.06999969482422,2026-10-02,50.16752999902246,0.8827505728211498,,,
PDFS,55.5,2026-10-02,39.87888441047821,1.1256223172203406,,,
PDLB,20.350000381469727,2026-10-02,17.66171318601327,0.40248105172069537,,,
PDP,140.2899932861328,2026-10-02,129.76370540178155,0.17653468466523026,,,
PDSB,0.7490000128746033,2026-10-02,0.817513940403186,-0.26568624815634645,,,
PDYN,5.329999923706055,2026-10-02,6.399521922685236,-0.4599797380439241,,,
PEBK,44.27000045776367,2026-10-02,38.78685262763643,0.46250412250685224,0.9999999999999999,0.21,2026-09-03
PEBO,37.47999954223633,2026-10-02,34.22876502413199,0.2522552342157822,1.66,0.42,2026-08-03
PECE,10.010000228881836,2026-10-02,9.94833333151681,,,,
PECO,37.7599983215332,2026-10-02,38.051952255674564,0.11881476508246536,1.3030000000000002,0.115,2026-09-15
PEGA,33.93000030517578,2026-10-02,43.31167329735015,-0.38820770167168483,0.20299999999999999,0.03,2026-10-01
PENG,61.36000061035156,2026-10-02,36.03015948291794,1.2111711931658222,,,
PENN,14.770000457763672,2026-10-02,16.524820753302706,-0.22263155485454356,,,
PEP,125.88999938964844,2026-10-02,147.2571711141275,-0.11332579815516741,5.806000000000001,1.48,2026-09-04
PEPG,2.2799999713897705,2026-10-02,3.730059760025298,-0.5555555710473408,,,
PEPS,33.212799072265625,2026-10-02,30.55382391941025,0.16006985839451615,0.318,0.085,2026-09-21
PERI,8.5,2026-10-02,9.40860559835852,-0.11825729281352015,,,
PESI,15.5600004196167,2026-10-02,13.6792828533279,0.5482587188367944,,,
PETS,1.3600000143051147,2026-10-02,2.3273306733583548,-0.4809160024009298,,,
PETZ,1.2999999523162842,2026-10-02,1.1527211136551967,0.1403508496746788,,,
PEY,22.889999389648438,2026-10-02,22.17537846508254,0.07313640279054145,1.0459999999999998,0.093,2026-09-21
PEZ,93.98590087890625,2026-10-02,100.32978456048852,-0.07512400768885585,0.383,0.134,2026-09-21
PFAI,2.5299999713897705,2026-10-02,2.9062669291439285,0.2987679829787735,,,
PFDE,28.414400100708008,2026-10-02,26.578207377383585,,0.07,0.02,2026-09-28
PFG,111.95999908447266,2026-10-02,97.91199204646259,0.32905985189518994,3.25,0.84,2026-09-03
PFI,58.247501373291016,2026-10-02,58.402579820488555,0.01317619886429644,0.7100000000000001,0.162,2026-09-21
PFIS,69.29000091552734,2026-10-02,57.72123522207556,0.4462534154917157,2.493,0.625,2026-08-31
PFM,55.2599983215332,2026-10-02,53.67920320062523,0.08014070536258,0.7529999999999999,0.18,2026-09-21
PFOE,22.055599212646484,2026-10-02,23.45090310950028,,0.060000000000000005,0.01,2026-09-28
PFSA,1.690000057220459,2026-10-02,481.2984581520833,-0.9993192346194479,,,
PFX,44.875,2026-10-02,43.683984034564865,-0.06079947370269956,0.073,0.073,2026-05-18
PGAC,10.779999732971191,2026-10-02,10.503378450158108,0.05068221174357879,,,
PGC,44.58000183105469,2026-10-02,37.114382466472,0.6117137410333582,0.2,0.05,2026-08-13
PGEN,8.539999961853027,2026-10-02,4.76410358550539,1.6276922959547777,,,
PGJ,21.25,2026-10-02,27.060916285115884,-0.36849928569371826,0.43100000000000005,0.148,2026-09-21
PGNY,25.229999542236328,2026-10-02,23.845816775622122,0.22535208136291596,,,
PGY,17.979999542236328,2026-10-02,18.77492027738655,-0.3884353817847035,,,
PHAR,9.75,2026-10-02,14.684844605951195,-0.39591075782485674,,,
PHAT,6.920000076293945,2026-10-02,11.892808752705852,-0.43325142877361156,,,
PHIO,0.9850000143051147,2026-10-02,1.2243824667664638,-0.5878661208909832,,,
PHO,68.06999969482422,2026-10-02,70.16848602902841,-0.06880983425844522,0.372,0.061,2026-09-21
PHOE,18.899999618530273,2026-10-02,17.956103522464097,0.5935919195317572,,,
PHOS,14.979999542236328,2026-10-02,15.849767440973325,,,,
PHUN,2.0,2026-10-02,2.058306765271373,-0.2882562132646598,,,
PHVS,31.190000534057617,2026-10-02,29.090677215758546,0.3334759020071276,,,
PI,189.61000061035156,2026-10-02,151.21776896928887,0.023867369246046488,,,
PICS,9.09000015258789,2026-10-02,12.01526317261813,,,,
PID,21.239999771118164,2026-10-02,22.454741079018884,-0.01117317394007622,0.784,0.154,2026-09-21
PIE,34.77000045776367,2026-10-02,28.60035857546377,0.417448001813264,0.743,0.257,2026-09-21
PIII,6.360000133514404,2026-10-02,6.644135454736383,-0.26473983653249733,,,
PIO,43.33000183105469,2026-10-02,45.024621378378086,-0.04412088945978909,0.39,0.306,2026-06-22
PIZ,52.189998626708984,2026-10-02,52.2515936771712,0.08210655446937709,0.9329999999999999,0.128,2026-09-21
PKBK,32.869998931884766,2026-10-02,28.68517931144076,0.5548722744041386,0.94,0.2,2026-10-02
PKOH,47.369998931884766,2026-10-02,30.089362558615637,1.2686782009499655,0.5,0.125,2026-07-31
PKW,144.57000732421875,2026-10-02,138.38505982782738,0.08324591676494486,0.967,0.218,2026-09-21
PLA,25.979999542236328,2026-10-02,25.09505261872944,,1.723,0.419,2026-09-09
PLAB,31.489999771118164,2026-10-02,33.516733025174695,0.2905737812882374,,,
PLAY,6.75,2026-10-02,13.382290845848175,-0.6415294727908056,,,
PLBC,62.540000915527344,2026-10-02,51.80681271192087,0.4729157386722087,1.29,0.33,2026-08-03
PLBL,5.650000095367432,2026-10-02,8.028494029406058,-0.3436338027919348,,,
PLBY,1.0399999618530273,2026-10-02,1.5306772934013153,-0.2876712776165459,,,
PLCE,1.9900000095367432,2026-10-02,4.2660159347541775,-0.7228412176721168,,,
PLCI,9.920000076293945,2026-10-02,9.885135289785024,,,,
PLMK,10.645000457763672,2026-10-02,10.552251014101552,0.03149232292152582,,,
PLMR,126.48999786376953,2026-10-02,124.73029898837268,0.08509906661161093,0.45,0.45,2026-08-19
PLPC,419.45001220703125,2026-10-02,305.00362557339,1.0998749046659886,0.84,0.21,2026-10-01
PLRX,1.034999966621399,2026-10-02,1.269721110503512,-0.319078960783594,,,
PLRZ,9.609999656677246,2026-10-02,11.545840610071007,0.46941891631974464,,,
PLSE,47.900001525878906,2026-10-02,25.28611556657282,1.4831518534207095,,,
PLSM,2.190000057220459,2026-10-02,3.9417514100586626,,,,
PLTD,4.739999771118164,2026-10-02,7.02615935678976,-0.33145279702313735,0.18500000000000003,0.041,2026-09-22
PLTG,20.211999893188477,2026-10-02,20.12954190622763,-0.36936036273546535,4.747,4.747,2025-12-30
PLTK,2.180000066757202,2026-10-02,3.3888446258833684,-0.42175064249696725,0.1,0.1,2025-12-26
PLTR,188.75,2026-10-02,157.67784832958208,0.0905991333692342,,,
PLTU,57.349998474121094,2026-10-02,56.08316722429131,-0.37102436628456936,17.131999999999998,0.22,2026-09-22
PLTZ,7.789999961853027,2026-10-02,25.679645393949105,-0.7506402042597006,,,
PLUG,1.899999976158142,2026-10-02,2.515139441566163,-0.5013123347261734,,,
PLUL,5.795000076293945,2026-10-02,13.583120893646072,,,,
PLUR,1.0099999904632568,2026-10-02,2.841553774962862,-0.7809110713206662,,,
PLUS,93.4000015258789,2026-10-02,84.40015931148453,0.27770182593019377,1.04,0.27,2026-08-25
PLUT,2.6500000953674316,2026-10-02,3.101988047717577,-0.25770304063834737,,,
PLXS,273.1300048828125,2026-10-02,214.21394439332514,0.8815789335372324,,,
PLYX,2.0799999237060547,2026-10-02,3.8559763311634403,,,,
PLYY,8.119999885559082,2026-10-02,13.845996005601616,-0.6532877942311255,12.101,0.083,2026-10-02
PMA,1.2300000190734863,2026-10-02,1.3877888435861503,-0.5375939927124584,,,
PMAX,0.8500000238418579,2026-10-02,11.346629465243732,-0.9631076393200567,,,
PMBS,46.0369987487793,2026-10-02,49.3368127830475,-0.07091683380811431,2.3200000000000003,0.18,2026-10-01
PMCB,0.4000999927520752,2026-10-02,0.7369486031779255,-0.6152884543964846,,,
PMEC,0.5009999871253967,2026-10-02,0.8352669293424523,-0.7201117330713482,,,
PMN,9.399999618530273,2026-10-02,12.255498014123317,-0.24800003051757813,,,
PMTR,10.420000076293945,2026-10-02,10.360043863851235,0.019569452450051816,,,
PMTS,24.860000610351562,2026-10-02,17.694143405473564,0.6312336603485116,,,
PMVP,1.7899999618530273,2026-10-02,1.3008964128228298,0.2430554796700155,,,
PN,2.5899999141693115,2026-10-02,8.60348607439444,-0.8173483879810675,,,
PNBK,0.9300000071525574,2026-10-02,1.2574501999345908,-0.30075189688414716,,,
PNQI,50.720001220703125,2026-10-02,50.261593533702104,-0.09006100298886377,,,
PNRG,204.66000366210938,2026-10-02,190.81322688980407,0.2515900092633314,,,
PNTG,39.2400016784668,2026-10-02,32.56215141114011,0.5174014212033438,,,
POCI,4.460000038146973,2026-10-02,4.5497609429150465,0.015945369883898275,,,
PODC,2.3499999046325684,2026-10-02,2.836135459136203,0.4329267836163113,,,
PODD,131.69000244140625,2026-10-02,218.69796892751262,-0.5739841986233128,,,
POET,7.789999961853027,2026-10-02,7.9292430136783185,0.25241161167515114,,,
POLA,1.159999966621399,2026-10-02,2.012031865309909,-0.7238095192141542,,,
POLE,10.739999771118164,2026-10-02,10.660195221463997,0.02676861682122844,,,
POM,0.8600000143051147,2026-10-02,17.994641093236783,-0.9881444719678653,,,
PONO,10.029999732971191,2026-10-02,9.969238217671712,,,,
PONY,6.070000171661377,2026-10-02,11.59605577742436,-0.743557239032685,,,
POOL,161.4199981689453,2026-10-02,219.9407173551886,-0.47863439228016913,5.1,1.3,2026-08-13
POWI,54.459999084472656,2026-10-02,53.87525892827615,0.4108808610701036,0.855,0.215,2026-08-31
POWL,196.10000610351562,2026-10-02,188.41905665302656,0.9348155726968943,0.359333,0.09,2026-08-19
POWW,2.2899999618530273,2026-10-02,1.987131469753159,0.5578230729818718,,,
PPBT,1.5099999904632568,2026-10-02,4.357466134417105,-0.7457912498455698,,,
PPC,27.5,2026-10-02,34.49243032599826,-0.324656208850547,,,
PPCB,0.5074999928474426,2026-10-02,8.981136648897156,-0.9885310736079674,,,
PPH,108.05999755859375,2026-10-02,104.79486047509182,0.1489632541439252,2.14,0.36,2026-10-01
PPHC,10.539999961853027,2026-10-02,11.43011631244837,,0.357,0.117,2026-09-25
PPI,20.336000442504883,2026-10-02,20.488589693350622,0.09157280507725374,0.29400000000000004,0.068,2026-09-24
PPIH,31.860000610351562,2026-10-02,29.098446165897933,0.4197860896659531,,,
PPLI,41.279998779296875,2026-10-02,39.21960152857807,0.19340845901119397,,,
PPSI,3.309999942779541,2026-10-02,3.817151397347925,-0.22663556529877915,,,
PPTA,20.3799991607666,2026-10-02,25.978207181649378,-0.06684986179582464,,,
PQAP,33.119998931884766,2026-10-02,30.22486052190165,0.18306833145255608,0.005,0.005,2025-12-30
PQJA,32.900001525878906,2026-10-02,30.130964104397837,0.1700690479469107,0.002,0.002,2025-12-30
PQJL,31.943500518798828,2026-10-02,29.776312778670473,0.1265561994179274,0.002,0.002,2025-12-30
PQOC,32.61220169067383,2026-10-02,29.73737132311817,0.16243811569865874,0.001,0.001,2025-12-30
PRAA,18.8700008392334,2026-10-02,16.893625513965866,0.27070709457893005,,,
PRAX,295.510009765625,2026-10-02,287.1191229345314,4.434167045996844,,,
PRCH,17.309999465942383,2026-10-02,11.440776900941158,0.017038719176204697,,,
PRCT,17.15999984741211,2026-10-02,26.431115572196077,-0.5229358002485863,,,
PRDO,31.90999984741211,2026-10-02,32.85346608712854,-0.12814204432344878,0.62,0.17,2026-09-01
PRE,20.170000076293945,2026-10-02,18.228107524583063,0.4134547602849128,,,
PRFX,0.9200000166893005,2026-10-02,2.829980080583656,-0.8666666660907764,,,
PRFZ,53.20000076293945,2026-10-02,49.765219122290134,0.1582843546583741,0.444,0.129,2026-09-21
PRGS,36.900001525878906,2026-10-02,38.16936252791568,-0.20077966235011802,,,
PRHI,6.860000133514404,2026-10-02,6.029709161515255,-0.125,,,
PRLD,3.6700000762939453,2026-10-02,3.41117528947701,1.4965986427657723,,,
PRME,2.9800000190734863,2026-10-02,3.7012549890464994,-0.5284810224474858,,,
PRMR,28.79560089111328,2026-10-02,26.239885804711317,0.1527000461700363,,,
PRN,201.99000549316406,2026-10-02,205.2859764555061,0.15061237243961134,,,
PROF,5.840000152587891,2026-10-02,6.715601598124105,0.02907488216871079,,,
PROK,1.7200000286102295,2026-10-02,2.0606175290635855,-0.37226276546581727,,,
PROP,0.37599998712539673,2026-10-02,1.315450196365911,-0.8081632756084661,,,
PROV,18.309999465942383,2026-10-02,16.695537916692604,0.15666453279778159,0.56,0.14,2026-08-13
PRPL,2.0999999046325684,2026-10-02,13.698207158966369,-0.9118572995850986,,,
PRPO,23.1299991607666,2026-10-02,24.469191243449057,0.11308943197635912,,,
PRQR,1.6349999904632568,2026-10-02,1.8789641439202298,-0.3326530781054384,,,
PRSO,0.4699999988079071,2026-10-02,0.9549402401029351,-0.6147541083721855,,,
PRTA,8.359999656677246,2026-10-02,9.527529898867664,-0.1572581056067397,,,
PRTH,7.78000020980835,2026-10-02,5.95348606831524,0.11461320752847981,,,
PRTS,8.630000114440918,2026-10-02,6.587051809546482,0.2328571592058455,,,
PRVA,20.299999237060547,2026-10-02,23.184143469153174,-0.15732672858120345,,,
PRZO,0.6100000143051147,2026-10-02,0.9395896400588443,-0.6473988395492594,,,
PSC,67.54049682617188,2026-10-02,62.49506983054112,0.18658641951645283,0.402,0.126,2026-10-01
PSCC,33.43000030517578,2026-10-02,33.6179282199814,0.011191739761501784,0.6699999999999999,0.283,2026-09-21
PSCD,108.6792984008789,2026-10-02,110.21788559871841,-0.04154423682975683,1.1520000000000001,0.235,2026-09-21
PSCE,59.099998474121094,2026-10-02,54.01944217453915,0.36395098030584494,1.451,0.411,2026-09-21
PSCF,61.501399993896484,2026-10-02,60.80295369729578,0.07369764847350835,1.394,0.387,2026-09-21
PSCH,51.630001068115234,2026-10-02,46.647649377465726,0.20828461552127386,,,
PSCI,163.9499969482422,2026-10-02,164.63792826739916,0.08857311123982403,2.386,0.206,2026-09-21
PSCM,96.05549621582031,2026-10-02,94.32265138056174,0.22006213794173424,1.0350000000000001,0.252,2026-09-21
PSCT,83.94000244140625,2026-10-02,69.28151400440717,0.5469960382968622,0.004,0.004,2026-09-21
PSCU,60.11000061035156,2026-10-02,61.456095767686094,0.03727350852415312,0.512,0.138,2026-09-21
PSEC,2.0,2026-10-02,2.5166135451708183,-0.28057553216442477,0.4900000000000001,0.035,2026-09-28
PSET,78.99559783935547,2026-10-02,75.9023011348162,0.027946052968735646,0.6060000000000001,0.174,2026-10-01
PSHG,1.690000057220459,2026-10-02,1.9343426232318954,-0.10582006877682248,,,
PSIG,4.579999923706055,2026-10-02,4.725617529861481,0.1542338706043227,,,
PSIX,44.849998474121094,2026-10-02,58.230956263751146,-0.5139792038642371,,,
PSKY,9.5,2026-10-02,11.655737069498496,-0.5023572590850841,0.2,0.05,2026-09-15
PSL,107.91999816894531,2026-10-02,109.23697209453202,-0.012173929803704242,0.8009999999999999,0.165,2026-09-21
PSMT,170.67999267578125,2026-10-02,154.01366537025726,0.38516467282021094,1.4,0.7,2026-08-17
PSNL,16.280000686645508,2026-10-02,10.208087636180133,1.2179836986659476,,,
PSNY,6.230000019073486,2026-10-02,17.716852604155523,-0.7841302880347516,,,
PSNYW,4.190000057220459,2026-10-02,4.211747962284863,-0.3349206459735493,,,
PSQL,6.050000190734863,2026-10-02,10.01372094487035,,,,
PSTR,31.30620002746582,2026-10-02,29.91971400439502,0.0942397539180313,1.536,0.401,2026-09-23
PSWD,48.595001220703125,2026-10-02,36.9826852334923,0.3024658116333028,0.271,0.044,2026-09-18
PTAC,9.960000038146973,2026-10-02,9.946874976158142,,,,
PTC,144.02999877929688,2026-10-02,153.67673355649666,-0.29049261685075434,,,
PTCT,63.459999084472656,2026-10-02,72.15519892172034,-0.029218350647984948,,,
PTEN,11.210000038146973,2026-10-02,9.204262986126174,1.0161870779701658,0.38,0.1,2026-09-01
PTF,112.26000213623047,2026-10-02,97.31972148028977,0.4258859056220776,,,
PTGX,140.05999755859375,2026-10-02,105.12701197164468,1.1604194601688658,,,
PTH,60.209999084472656,2026-10-02,52.761235149733096,0.34487376521863533,1.526,1.526,2025-12-22
PTIR,21.399999618530273,2026-10-02,19.837868530911752,-0.26283158414202923,1.553,1.553,2025-12-29
PTLE,7.539999961853027,2026-10-02,9.012490069248761,-0.5636574269536829,,,
PTLO,3.509999990463257,2026-10-02,4.955398409490091,-0.4800000014128508,,,
PTN,9.329999923706055,2026-10-02,14.5460955764193,0.18853503656733617,,,
PTNQ,90.37300109863281,2026-10-02,81.7127171550614,0.16045818885614826,0.693,0.693,2025-12-30
PTON,4.920000076293945,2026-10-02,5.709123504114341,-0.42657341258241,,,
PTOR,9.960000038146973,2026-10-02,9.916428525107248,,,,
PTRN,17.329999923706055,2026-10-02,16.656294860687865,0.21699439622569994,,,
PUBM,18.420000076293945,2026-10-02,10.70410359333236,1.182464572522811,,,
PUI,41.45000076293945,2026-10-02,45.95011961127658,-0.11089657416121046,0.964,0.246,2026-09-21
PUL,70.37000274658203,2026-10-02,36.58539696345254,,,,
PULM,1.5700000524520874,2026-10-02,2.400059756054821,-0.6776180514690404,,,
PUR,30.489999771118164,2026-10-02,23.884516146875196,,,,
PURR,11.890000343322754,2026-10-02,6.827679426476146,2.048717962198552,,,
PUSA,3.1600000858306885,2026-10-02,4.122031887214022,-0.10227269802458017,,,
PVLA,132.47000122070312,2026-10-02,115.44207186147986,1.0138340480236643,,,
PWCM,0.8970000147819519,2026-10-02,10.06052986345443,-0.9726106865715435,,,
PWP,15.819999694824219,2026-10-02,18.05095614095133,-0.2445081522756427,0.28,0.07,2026-08-28
PWRD,107.58699798583984,2026-10-02,105.2991870408989,0.08700089154521295,0.061,0.061,2026-06-23
PWRL,11.399999618530273,2026-10-02,13.618111091189915,,,,
PXI,63.040000915527344,2026-10-02,54.79569730720672,0.32911660362456563,0.7190000000000001,0.203,2026-09-21
PXLW,7.03000020980835,2026-10-02,6.561992006947794,-0.4592307530916654,,,
PXS,7.730000019073486,2026-10-02,4.123302794072733,1.6747403939384267,,,
PY,55.959999084472656,2026-10-02,53.709693255177534,0.06869354684312534,0.979,0.218,2026-10-01
PYPD,5.190000057220459,2026-10-02,4.439143415466248,0.4828571592058455,,,
PYPG,6.952000141143799,2026-10-02,8.803936263004623,-0.580446573978193,,,
PYPL,52.79999923706055,2026-10-02,53.44099607125696,-0.23754513737096683,0.56,0.14,2026-09-04
PYXS,2.140000104904175,2026-10-02,2.5089442293007536,-0.16731511264907073,,,
PYZ,114.93000030517578,2026-10-02,119.97952215795023,0.06594324457870382,0.5670000000000001,0.151,2026-09-21
PZZA,19.43000030517578,2026-10-02,34.687928347948535,-0.5895648448975845,1.3800000000000001,0.46,2026-05-18
QABA,65.58999633789062,2026-10-02,61.513904495543215,0.16999633840786954,1.54,0.359,2026-09-24
QADR,10.010000228881836,2026-10-02,9.948297804974494,,,,
QALT,26.524999618530273,2026-10-02,25.92239839622224,0.03820109751121192,1.587,0.152,2026-07-06
QAT,16.290000915527344,2026-10-02,18.62782464654322,-0.15573978486056483,0.851,0.624,2026-06-15
QB,49.327999114990234,2026-10-02,44.797175434006164,0.19423795546635358,0.373,0.043,2026-09-23
QBIG,42.46200180053711,2026-10-02,39.01661344733371,0.1209017959649521,,,
QBTS,15.770000457763672,2026-10-02,22.615338621861433,-0.5177370003111252,,,
QBTZ,18.469999313354492,2026-10-02,121.40400441104629,-0.9355727648066358,,,
QBUF,30.982799530029297,2026-10-02,29.898732257554254,0.0776625923488452,,,
QBY,5.46999979019165,2026-10-02,10.854151628593698,-0.7550271093952272,10.497000000000002,0.079,2026-10-02
QCLN,50.06999969482422,2026-10-02,50.88398399201047,0.15475089921633312,0.051,0.007,2026-03-26
QCLR,28.299999237060547,2026-10-02,29.182605515438247,-0.12573369876806606,4.234999999999999,0.063,2026-06-29
QCLS,0.7480000257492065,2026-10-02,3.611924302649213,-0.8699130390001379,,,
QCMD,15.640000343322754,2026-10-02,20.933529880417296,-0.3129804189481121,0.554,0.114,2026-09-22
QCML,18.3799991607666,2026-10-02,19.24350201656144,-0.15564133328298002,,,
QCMU,22.709999084472656,2026-10-02,24.240868481031928,-0.19296376769550527,0.593,0.141,2026-09-22
QCOM,184.8699951171875,2026-10-02,169.6076093574919,0.09274147724710446,3.62,0.92,2026-09-03
QCRH,100.94999694824219,2026-10-02,89.78988042580654,0.34152819864773676,0.41000000000000003,0.15,2026-09-18
QDEL,10.770000457763672,2026-10-02,19.7123904019238,-0.6407604862504847,,,
QDTY,39.44499969482422,2026-10-02,41.50196409795389,-0.12768972885694063,14.242,0.215,2026-09-30
QETA,11.789999961853027,2026-10-02,11.584944242500214,0.054561685154413286,,,
QEW,30.059999465942383,2026-10-02,28.553405692611914,,0.08499999999999999,0.053,2026-09-21
QFF,24.40570068359375,2026-10-02,24.635098358680462,,,,
QFIN,6.460000038146973,2026-10-02,15.606673341348351,-0.7810911559456891,1.24,0.46,2026-09-09
QGRD,30.340999603271484,2026-10-02,28.00725103279509,0.12842156546728623,0.418,0.418,2025-12-24
QH,3.680000066757202,2026-10-02,2.941625504847245,-0.6244897964148659,,,
QLDY,41.42900085449219,2026-10-02,44.975733145299664,-0.1869492814100312,18.200000000000003,0.158,2026-10-02
QLYS,193.0,2026-10-02,129.716454038582,0.47249553074784933,,,
QMCO,34.5,2026-10-02,11.048725086379337,1.9336734122904287,,,
QMID,28.895299911499023,2026-10-02,28.79785774808481,0.01733267738214761,0.145,0.145,2025-12-26
QMLS,6.53000020980835,2026-10-02,6.987857137407575,,,,
QMOM,73.9520034790039,2026-10-02,71.6255376291465,0.15166720806185352,0.354,0.354,2025-12-23
QNBC,45.61000061035156,2026-10-02,40.16095615098201,0.284788749587368,1.5500000000000003,0.39,2026-09-11
QNCX,29.200000762939453,2026-10-02,187.20147407957282,-0.9115151492032137,,,
QNDX,25.389999389648438,2026-10-02,24.245352060022487,,0.027,0.027,2026-09-21
QNME,0.5600000023841858,2026-10-02,0.7157051798356957,-0.5692307515962582,,,
QNRX,4.46999979019165,2026-10-02,8.357462157291245,-0.3791666793602487,,,
QNST,14.970000267028809,2026-10-02,14.336892416752667,-0.019646377324261,,,
QNT,46.08000183105469,2026-10-02,58.04130935668945,,,,
QNTM,3.440000057220459,2026-10-02,5.783007960870447,-0.8135501401099997,,,
QNXT,31.034000396728516,2026-10-02,29.044175227799737,0.09738329714339478,0.21599999999999997,0.05,2026-09-15
QOWZ,36.6875,2026-10-02,34.92713354498267,-0.0026505327665230505,0.089,0.017,2026-09-21
QPUX,12.569000244140625,2026-10-02,44.66064950099504,-0.9338752097902856,,,
QQA,57.60300064086914,2026-10-02,54.303023896844266,0.09055283933509006,5.5969999999999995,0.486,2026-09-21
QQDN,19.54400062561035,2026-10-02,24.713374468434854,-0.2845480459224373,1.175,0.184,2026-09-23
QQEW,163.66000366210938,2026-10-02,145.9116335257116,0.1461587741247088,0.208,0.02,2026-03-26
QQHG,67.31500244140625,2026-10-02,62.61576510425583,0.14269469840035787,0.132,0.03,2026-09-21
QQI,25.26849937438965,2026-10-02,25.223562240600586,,,,
QQLV,24.165000915527344,2026-10-02,24.605350547577757,-0.022965224221237923,0.48699999999999993,0.029,2026-09-21
QQMG,52.422000885009766,2026-10-02,45.42611552994565,0.26242020370161123,0.182,0.042,2026-09-21
QQQ,749.5800170898438,2026-10-02,657.3788442421719,0.2427136612483014,3.0909999999999997,0.751,2026-09-21
QQQA,73.02999877929688,2026-10-02,61.28207192287977,0.5452159700390251,0.018,0.015,2026-06-24
QQQB,25.049999237060547,2026-10-02,25.011111153496635,,,,
QQQE,121.38999938964844,2026-10-02,109.64043833819993,0.18129619371474814,0.702,0.169,2026-09-22
QQQG,32.71500015258789,2026-10-02,26.949155359154204,0.35297765672836556,0.020999999999999998,0.01,2026-09-03
QQQH,55.85499954223633,2026-10-02,54.42668522686597,0.02458039379236121,4.912,0.419,2026-09-23
QQQI,56.08000183105469,2026-10-02,54.21135457863371,0.030882357684798523,7.642,0.634,2026-09-16
QQQJ,44.45000076293945,2026-10-02,40.40478082482083,0.2204833332704883,0.328,0.198,2026-09-21
QQQM,308.69000244140625,2026-10-02,270.65988110546095,0.24311369739275768,1.316,0.313,2026-09-21
QQQP,237.48699951171875,2026-10-02,193.67817572483503,0.3842473125643364,,,
QQQS,42.87799835205078,2026-10-02,38.529023812586566,0.24276852696646745,0.744,0.021,2026-09-21
QQQT,18.19499969482422,2026-10-02,17.769649387830757,-0.004595417521437994,3.6109999999999993,0.304,2026-10-01
QQQX,30.68000030517578,2026-10-02,28.99239050724592,0.11726151959429187,2.651,0.738,2026-09-15
QQQY,22.69499969482422,2026-10-02,23.232314683526635,-0.11726952536024482,7.6720000000000015,0.13,2026-10-01
QQUP,65.69999694824219,2026-10-02,57.98417929539168,0.15244958251383256,0.387,0.079,2026-09-23
QQWZ,27.909000396728516,2026-10-02,27.042808798679793,0.12368645636555042,0.177,0.024,2026-09-03
QQXL,61.07699966430664,2026-10-02,48.35464147742526,0.453072545134412,0.549,0.118,2026-09-23
QQXT,95.88999938964844,2026-10-02,99.38406362951514,-0.03686217616453258,1.274,0.192,2026-09-24
QRHC,1.3700000047683716,2026-10-02,1.4996015925806356,-0.12179483652584988,,,
QRMI,15.284000396728516,2026-10-02,15.606490028806892,-0.038439763663971616,1.8829999999999998,0.154,2026-09-21
QRVO,114.16999816894531,2026-10-02,90.15597598011276,0.22133070249271758,,,
QS,4.570000171661377,2026-10-02,8.757330696896252,-0.7129396890854012,,,
QSEA,10.694999694824219,2026-10-02,10.390358560113793,0.055774883909217365,,,
QSI,1.5499999523162842,2026-10-02,1.1063147431825737,-0.09883725201522608,,,
QSIX,43.75400161743164,2026-10-02,39.555350619008344,0.17741725044713186,1.558,0.149,2026-09-30
QSML,32.77510070800781,2026-10-02,30.618713515688224,0.14798954759559835,0.179,0.179,2025-12-26
QTEC,336.3399963378906,2026-10-02,266.4260559082031,0.44184845962896824,0.033,0.033,2026-06-25
QTEX,1.100000023841858,2026-10-02,0.9460159326454558,-0.08333334989017849,,,
QTI,2.6700000762939453,2026-10-02,6.839984066457863,-0.9236379217891602,,,
QTOP,39.784000396728516,2026-10-02,34.31454568080218,0.2788170882738832,0.123,0.028,2026-09-15
QTR,35.165000915527344,2026-10-02,33.295530068446915,-0.019927539891387402,5.672000000000001,0.041,2026-06-29
QTRX,3.640000104904175,2026-10-02,4.626852596898478,-0.401315764707211,,,
QTTB,8.229999542236328,2026-10-02,7.520497997918452,2.9758453177065882,,,
QTUM,156.05999755859375,2026-10-02,129.7455779603753,0.41615246715379417,1.4040000000000001,0.465,2026-09-23
QUBT,8.180000305175781,2026-10-02,10.313087647654621,-0.6677497958432042,,,
QUCY,1.3300000429153442,2026-10-02,1.2431394413885368,-0.23121385650178483,,,
QUIK,11.869999885559082,2026-10-02,11.174183211003642,0.9459016510056926,,,
QUMS,10.350000381469727,2026-10-02,10.136474111640595,0.041247567242916894,,,
QURE,23.459999084472656,2026-10-02,32.03498009761491,-0.5728332143729351,,,
QVAL,58.970001220703125,2026-10-02,53.468701214429394,0.24356818848048256,0.8789999999999999,0.241,2026-09-28
QVCG,14.460000038146973,2026-10-02,15.809487147208971,,,,
QVOL,101.8499984741211,2026-10-02,100.08320014953614,,4.12,1.04,2026-08-27
QXL,4.309999942779541,2026-10-02,3.1967860450782624,0.28273811825718,,,
QXQ,33.31840133666992,2026-10-02,30.271654942121163,0.06823984501982361,4.87,0.08,2026-09-28
QYLD,18.6299991607666,2026-10-02,17.782310668215807,0.09138837105049213,2.133,0.177,2026-09-21
QYLG,30.683000564575195,2026-10-02,28.86629893390306,0.042221467661986534,5.09,0.14,2026-09-21
RAA,30.114999771118164,2026-10-02,28.822027958721755,0.1012982456507463,0.624,0.125,2026-09-16
RACC,10.720000267028809,2026-10-02,14.341489375905788,,,,
RACD,11.5,2026-10-02,11.606779615757828,,,,
RADX,1.4199999570846558,2026-10-02,4.356059757836786,-0.7709677418114367,,,
RAIL,6.900000095367432,2026-10-02,9.088207157484563,-0.27368420048763875,,,
RAIN,0.7720000147819519,2026-10-02,2.9449282910719337,-0.8401656258848142,,,
RAND,10.1899995803833,2026-10-02,11.58274897921133,-0.32292362450224377,1.72,0.29,2026-08-26
RANG,10.859999656677246,2026-10-02,10.579370445464237,0.043227648017401865,,,
RANI,0.8109999895095825,2026-10-02,1.1198605578021699,0.605940588450107,,,
RAPP,32.16999816894531,2026-10-02,34.009422408632076,0.1271898085834695,,,
RARE,15.220000267028809,2026-10-02,25.990836690621546,-0.5123357669497357,,,
RAUS,30.25659942626953,2026-10-02,27.713930631538787,0.17432952233741084,0.066,0.066,2025-12-23
RAVE,2.309999942779541,2026-10-02,2.935458159541704,-0.2712934109830788,,,
RAYA,1.9700000286102295,2026-10-02,16.18850994157601,-0.9612204712953413,,,
RBB,26.190000534057617,2026-10-02,23.013326667694457,0.41644136604950344,0.64,0.16,2026-07-31
RBBN,1.7699999809265137,2026-10-02,2.5590039819360255,-0.5414507696812844,,,
RBCAA,93.69999694824219,2026-10-02,78.6659362002673,0.30592330241452537,1.936,0.495,2026-09-18
RBIL,49.98899841308594,2026-10-02,49.9355816936113,-0.002116035632980018,2.073,0.246,2026-09-16
RBKB,13.149999618530273,2026-10-02,10.53973637539077,0.5661168490652722,,,
RBNE,2.25,2026-10-02,36.17308356467471,-0.9781021897810219,,,
RCAT,6.400000095367432,2026-10-02,10.721274862251434,-0.5034910841811774,,,
RCAX,8.140000343322754,2026-10-02,44.79922618752434,,,,
RCBC,54.16999816894531,2026-10-02,43.539119629271,0.4077442519064316,0.19,0.05,2026-08-03
RCEL,12.720000267028809,2026-10-02,5.180438256358721,1.296028944876419,,,
RCGE,28.951799392700195,2026-10-02,29.098696461711747,0.03159803462559796,0.512,0.512,2025-12-23
RCKT,2.559999942779541,2026-10-02,3.5392031954579144,-0.18730163007156042,,,
RCKY,46.7400016784668,2026-10-02,37.44247003380521,0.5334646450272704,0.65,0.17,2026-09-01
RCMT,42.0099983215332,2026-10-02,25.75362544420706,0.6657414538186792,,,
RCON,1.25,2026-10-02,180.91637449957935,-0.9968905472636815,,,
RCT,0.19300000369548798,2026-10-02,0.888366536018383,-0.9076554968318277,,,
RDAC,5.5,2026-10-02,7.446677310533258,-0.47216890981480963,,,
RDAG,10.4399995803833,2026-10-02,10.288398415918843,0.005780295306443195,,,
RDCM,10.289999961853027,2026-10-02,12.638047788247643,-0.25542690382932676,,,
RDGT,0.8700000047683716,2026-10-02,176.08466135315686,-0.9955384615140084,,,
RDHL,0.5,2026-10-02,0.9774262954989278,-0.7368421019609614,,,
RDI,1.9700000286102295,2026-10-02,1.3159362547901048,0.3221476617458032,,,
RDIB,16.110000610351562,2026-10-01,10.96557325744629,0.44743939305528024,,,
RDNT,69.93000030517578,2026-10-02,68.0522907758614,-0.09930447121436492,,,
RDNW,5.380000114440918,2026-10-02,6.016533847824036,0.24537034737475216,,,
RDTL,12.109999656677246,2026-10-02,27.036824693717804,-0.7393456759510675,,,
RDTY,34.959999084472656,2026-10-02,38.95903189913685,-0.2222642673504398,15.551000000000002,0.194,2026-09-30
RDVT,79.2699966430664,2026-10-02,54.427410308108385,0.5404197056619271,,,
RDVY,79.20999908447266,2026-10-02,73.93852586480251,0.17053348940126334,0.68,0.152,2026-09-24
RDWR,30.700000762939453,2026-10-02,26.52127493140232,0.13325952713243905,,,
RDZN,1.2200000286102295,2026-10-02,1.4853266914527254,0.18446608009521936,,,
REAI,19.723800659179688,2026-10-02,20.536871701122756,-0.023525855721946876,0.7949999999999999,0.325,2026-09-28
REAL,8.899999618530273,2026-10-02,11.775597598923156,-0.19017290228526051,,,
REAX,16.40999984741211,2026-10-02,27.171892428303146,-0.600729915896596,,,
REBN,2.180000066757202,2026-10-02,1.7527968206728597,-0.1279999732971191,,,
RECT,1.2799999713897705,2026-10-02,1.6309203237176417,-0.6612860660146276,0.1,0.1,2026-09-04
REFI,10.0600004196167,2026-10-02,11.722011934713539,-0.20537120530273056,1.88,0.47,2026-09-30
REFR,0.7300000190734863,2026-10-02,1.0164940228975152,-0.493055562454241,,,
REG,71.5999984741211,2026-10-02,75.09426308438123,-0.001116096968667435,3.02,0.755,2026-09-11
REGN,735.2000122070312,2026-10-02,721.1146600122946,0.22533335367838547,3.6999999999999997,0.94,2026-08-18
REIT,28.33300018310547,2026-10-02,28.568557716460816,0.056846587600405396,0.872,0.272,2026-09-17
REKR,0.3709999918937683,2026-10-02,1.1113067709829703,-0.7751515168154097,,,
RELL,18.989999771118164,2026-10-02,14.054143415504242,0.9801876401423888,0.24,0.06,2026-08-07
RELY,21.770000457763672,2026-10-02,18.49916338445656,0.3572318712706224,,,
REMG,37.04499816894531,2026-10-02,33.3022429553636,0.27565416670279075,0.405,0.405,2025-12-17
RENT,1.5499999523162842,2026-10-02,4.724999989646364,-0.7113594068252181,,,
RENX,1.9950000047683716,2026-10-02,6.01460160962139,-0.9154661028592691,,,
REPL,13.069999694824219,2026-10-02,8.8020916246323,1.7632134549936795,,,
RETO,1.5499999523162842,2026-10-02,113.11486055746497,-0.9967021277610292,,,
REVB,0.7639999985694885,2026-10-02,2.073501987286298,-0.8726666669050852,,,
REXC,15.460000038146973,2026-10-02,19.186890738351003,,,,
REYN,22.31999969482422,2026-10-02,23.46675303637744,-0.09525741281727451,0.92,0.23,2026-08-17
RFAI,38.33000183105469,2026-10-02,14.38291634031501,2.5822432256367627,,,
RFAM,9.989999771118164,2026-10-02,9.896052598953247,,,,
RFIL,8.399999618530273,2026-10-02,11.270199232367405,0.1125827028241011,,,
RGC,6.820000171661377,2026-10-02,18.355019926549904,-0.6011695895017749,,,
RGCO,21.799999237060547,2026-10-02,22.172788787173086,0.007393708499300766,0.862,0.218,2026-07-17
RGEN,181.6999969482422,2026-10-02,145.9736650018578,0.22167687869164876,,,
RGLD,234.63999938964844,2026-10-02,231.2407569429314,0.17120896315635292,2.35,0.475,2026-10-02
RGLO,33.334999084472656,2026-10-02,31.070346657498423,0.15766622664176877,0.188,0.188,2025-12-17
RGNX,7.429999828338623,2026-10-02,10.346454183418912,-0.28763186855789813,,,
RGP,3.890000104904175,2026-10-02,4.319681290136391,-0.21572579133336933,0.28,0.07,2026-09-03
RGS,29.049999237060547,2026-10-02,26.774701228654717,-0.017917535091700687,,,
RGTI,15.25,2026-10-02,21.625298853414467,-0.6193210315222917,,,
RGTX,8.779999732971191,2026-10-02,54.29864957893037,-0.9656709418144106,0.264,0.264,2025-12-30
RGTZ,16.350000381469727,2026-10-02,68.14920260162971,-0.8015776689478,,,
RGYY,5.599999904632568,2026-10-02,11.270915875925082,-0.7740021769900115,11.564,0.093,2026-10-02
RIBB,7.960000038146973,2026-10-02,10.43028689570636,-0.22417155355029883,,,
RICK,26.6200008392334,2026-10-02,25.593147414614005,-0.14652130864294322,0.31000000000000005,0.08,2026-09-15
RIFR,26.80500030517578,2026-10-02,27.605641505632743,0.024068809416553094,0.252,0.252,2025-12-17
RIGL,47.150001525878906,2026-10-02,36.61737046108778,0.6520672744697318,,,
RILY,4.860000133514404,2026-10-02,6.915776892962209,-0.18181816722261546,,,
RIME,0.1599999964237213,2026-10-02,1.0804382478335939,-0.9413919431114061,,,
RING,76.69000244140625,2026-10-02,76.18051781217416,0.16869855579822923,0.903,0.526,2026-06-15
RINT,32.02000045776367,2026-10-02,30.637099573811685,0.12228804821565542,0.259,0.259,2025-12-17
RIOT,19.729999542236328,2026-10-02,19.027609574367325,0.014917644043818346,,,
RIVN,14.300000190734863,2026-10-02,15.923426251962365,0.047619090869584824,,,
RJET,17.639999389648438,2026-10-02,19.46338643685755,-0.06666668012238919,,,
RKDA,0.2879999876022339,2026-10-02,1.7872669382161828,-0.9170028861015368,,,
RKLB,73.91999816894531,2026-10-02,76.088685313069,0.3162392872113158,,,
RKLX,19.1200008392334,2026-10-02,38.04546475505449,-0.4977232570006378,5.946,5.946,2025-12-30
RKLZ,13.739999771118164,2026-10-02,123.45785838175037,-0.9832373610507864,,,
RKNG,25.872499465942383,2026-10-02,23.692491444674406,,,,
RKTO,0.6980000138282776,2026-10-02,0.9812748987836192,-0.5582278513484343,,,
RLAY,18.959999084472656,2026-10-02,12.571533898433366,2.4598538354892665,,,
RLMD,3.5999999046325684,2026-10-02,4.990637443455092,0.5517241414747114,,,
RLYB,17.079999923706055,2026-10-02,10.470007957215328,2.778761061013319,,,
RMBI,15.4399995803833,2026-10-02,14.490697211003399,0.0740869273310123,0.6,0.15,2026-09-03
RMBS,111.97000122070312,2026-10-02,106.1220318919634,0.11981201733052971,,,
RMCF,0.8799999952316284,2026-10-02,1.7391633486367792,-0.48235295850100357,,,
RMCO,2.5199999809265137,2026-10-02,2.976705175946908,0.03278685320900654,0.012,0.003,2026-09-30
RMIX,12.220000267028809,2026-10-02,16.892677141925482,,,,
RML,5.5,2026-10-02,6.702777783075969,,,,
RMNI,4.239999771118164,2026-10-02,4.047928291487978,-0.12396701705658286,,,
RMR,17.729999542236328,2026-10-02,17.510956163900307,0.13218388984635254,1.8,0.45,2026-07-20
RMSG,0.28999999165534973,2026-10-02,1.0763665351022287,-0.867579915946022,,,
RMTI,8.649999618530273,2026-10-02,8.784183266628311,-0.2909836267406217,,,
RNA,7.840000152587891,2026-10-02,12.609271529494531,,,,
RNAC,7.360000133514404,2026-10-02,7.818486065503611,-0.2777232152508533,,,
RNAQ,10.050000190734863,2026-10-02,10.090000016348702,,,,
RNAZ,1.5700000524520874,2026-10-02,7.571055760421601,-0.8513961083948167,,,
RNEM,54.79999923706055,2026-10-02,55.84145815723921,0.014063625252730638,1.315,0.635,2026-09-24
RNGT,10.1899995803833,2026-10-02,10.054562772706497,0.01899995803832999,,,
RNIN,35.850799560546875,2026-10-02,30.92552512575431,0.29528145865933064,0.297,0.077,2026-09-28
RNRG,31.982999801635742,2026-10-02,35.34939042505515,-0.025680875114277635,0.587,0.213,2026-06-29
RNTX,0.8009999990463257,2026-10-02,1.1580159367318172,-0.3268907894699935,,,
RNW,6.840000152587891,2026-10-02,6.183824717761036,-0.14606742108136905,,,
RNXT,1.5800000429153442,2026-10-02,1.0577250982660695,0.19696968191801956,,,
ROAD,91.08000183105469,2026-10-02,113.41428296214556,-0.27507161514234435,,,
ROBT,60.189998626708984,2026-10-02,53.87563348291405,0.10298697019083547,0.009,0.009,2026-06-25
ROC,4.090000152587891,2026-10-02,5.250709679818923,,,,
ROCK,40.150001525878906,2026-10-02,47.266533916215025,-0.38533371534812966,,,
ROCQ,56.380001068115234,2026-10-02,54.99080873938168,,3.3800000000000003,0.491,2026-10-01
ROCY,55.11000061035156,2026-10-02,53.71386855188077,,2.121,0.305,2026-10-01
ROE,43.26499938964844,2026-10-02,38.68573701714139,0.2447136222307118,0.363,0.087,2026-09-28
ROIV,35.720001220703125,2026-10-02,27.975996017456055,1.2090291312410377,,,
ROKU,152.38999938964844,2026-10-02,118.43284819705553,0.46740492661271693,,,
ROMA,8.600000381469727,2026-10-02,5.452601582405577,1.986111124908482,,,
ROOT,46.2599983215332,2026-10-02,61.44677308831082,-0.4668050117276876,,,
ROP,354.32000732421875,2026-10-02,388.59693294692323,-0.2912891315672307,4.465,0.91,2026-10-02
ROST,228.5399932861328,2026-10-02,206.9647410115398,0.497248389674926,1.7400000000000002,0.445,2026-09-08
RPAY,3.819999933242798,2026-10-02,3.629641436010718,-0.2723809650966099,,,
RPD,12.1899995803833,2026-10-02,10.953824732883042,-0.34285713845048427,,,
RPGL,37.189998626708984,2026-10-02,4076.4989250996073,-0.9994165725617045,,,
RPID,0.9200000166893005,2026-10-02,2.692494023606122,-0.7572559298286934,,,
RPRX,57.15999984741211,2026-10-02,48.433764940239044,0.5846964327979784,0.9249999999999999,0.235,2026-08-14
RR,1.6799999475479126,2026-10-02,2.877848607135484,-0.7281553407422101,,,
RRBI,103.41000366210938,2026-10-02,86.47880488847831,0.598299977430198,0.9,0.25,2026-09-08
RREV,9.920000076293945,2026-10-02,9.900744590353458,,,,
RRGB,7.949999809265137,2026-10-02,5.331752990821443,0.11657302486612053,,,
RRR,50.310001373291016,2026-10-02,58.946175472669864,-0.16705297843849798,2.04,0.26,2026-09-15
RSSS,2.1500000953674316,2026-10-02,2.551713148436223,-0.39775906566628816,,,
RSVR,9.520000457763672,2026-10-02,8.963804761727017,0.220512849355041,,,
RTAC,10.4399995803833,2026-10-02,10.58563741554777,-0.05520367419206307,,,
RTB,9.260000228881836,2026-10-02,9.230517906971661,-0.3987012689442144,,,
RTH,251.55999755859375,2026-10-02,258.1038239619646,0.014395709449379845,2.421,2.421,2025-12-22
RTXG,20.360000610351562,2026-10-02,23.798414367128654,-0.013900264333198353,1.446,1.446,2025-12-30
RTYY,7.695000171661377,2026-10-02,13.600614259356544,-0.690130064232171,13.536999999999999,0.138,2026-10-02
RUBI,1.0800000429153442,2026-10-02,10719.887390431655,-0.9999918043571665,,,
RUM,7.574999809265137,2026-10-02,6.784940240867584,-0.11507015911988339,,,
RUN,7.710000038146973,2026-10-02,14.69866533393404,-0.596546321721696,,,
RUNN,32.683799743652344,2026-10-02,33.509612565971466,-0.05456175781957773,0.185,0.185,2025-12-23
RUSC,36.73099899291992,2026-10-02,34.44216735809448,0.20236339159293104,0.119,0.119,2025-12-17
RUSHA,47.18000030517578,2026-10-02,44.1617530427606,0.3688587894276072,0.520001,0.14,2026-09-09
RUSHB,56.709999084472656,2026-10-02,44.13039841974874,0.5013236144060227,0.520001,0.14,2026-09-09
RVMD,206.63999938964844,2026-10-02,129.16023901829206,3.4238921738352106,,,
RVNL,19.200000762939453,2026-10-02,32.745800694621416,-0.401645474499318,,,
RVSB,5.989999771118164,2026-10-02,5.365378484308007,0.14971203978121506,0.08,0.02,2026-07-09
RVSN,3.4049999713897705,2026-10-02,122.90575314612977,-0.9926394294715426,,,
RWAY,6.550000190734863,2026-10-02,7.556115547499334,-0.35658153296865125,1.32,0.33,2026-08-17
RWIN,26.775299072265625,2026-10-02,26.69681696737966,,0.322,0.054,2026-09-29
RXRX,4.119999885559082,2026-10-02,3.8788645495456526,-0.2495446161521515,,,
RXST,4.679999828338623,2026-10-02,7.531434260516527,-0.4681818492156409,,,
RXT,4.119999885559082,2026-10-02,2.6481235109239933,1.7284767626356716,,,
RYAAY,55.04999923706055,2026-10-02,61.9469321657462,-0.07478992878889834,0.897,0.443,2026-09-11
RYET,0.8600000143051147,2026-10-02,1.0536135406608125,-0.4068965613629387,,,
RYM,19.600000381469727,2026-10-02,24.43278877288697,-0.5432300057989443,,,
RYOJ,2.8499999046325684,2026-10-02,3.3868127453374672,0.4690720724595825,,,
RYTM,92.83000183105469,2026-10-02,100.18609537071441,-0.06251257343831829,,,
RZAI,19.899999618530273,2026-10-02,22.693366368611652,,,,
RZLT,4.010000228881836,2026-10-02,4.777350586723997,-0.559340652661139,,,
RZLV,2.059999942779541,2026-10-02,2.9001195183788164,-0.6966126724075332,,,
SAAQ,10.050000190734863,2026-10-02,10.183749956243178,,,,
SABR,1.9700000286102295,2026-10-02,1.7185418304219189,0.06486486660641755,,,
SABS,2.9800000190734863,2026-10-02,3.662629482755623,0.44660199118869714,,,
SAFT,103.91999816894531,2026-10-02,80.19617525989791,0.4655195713164906,3.68,0.92,2026-09-01
SAFX,0.32899999618530273,2026-10-02,0.4661354585829009,-0.7325203324524122,,,
SAGT,0.5730000138282776,2026-10-02,1.5365099626708316,-0.7231883901896395,,,
SAIA,351.1199951171875,2026-10-02,370.02143422160964,0.18055268396556934,,,
SAIC,125.26000213623047,2026-10-02,104.81434275714524,0.23202522270223302,1.48,0.37,2026-07-10
SAIH,24.709999084472656,2026-10-02,12.189079679815892,1.3909045953814112,,,
SAIL,20.43000030517578,2026-10-02,17.01252987090335,-0.1313775549510212,,,
SAIQ,1.850000023841858,2026-10-02,10.443629473329066,-0.8191593248656746,,,
SAMG,10.539999961853027,2026-10-02,12.852868501883579,-0.31290744087281464,0.84,0.21,2026-09-11
SANA,2.890000104904175,2026-10-02,3.774940243755204,-0.270202000741265,,,
SANG,4.880000114440918,2026-10-02,4.3831075814615685,-0.0740037699994508,,,
SANM,229.0399932861328,2026-10-02,180.2838244191204,1.007713793915665,,,
SARK,23.530000686645508,2026-10-02,28.834199274678628,-0.16024267301088113,0.852,0.852,2025-12-23
SATL,5.730000019073486,2026-10-02,4.516533866346595,0.6371428625924247,,,
SBAC,158.49000549316406,2026-10-02,191.71780845368525,-0.17491796285749006,4.86,1.25,2026-08-20
SBC,5.090000152587891,2026-10-02,3.7858167407047225,0.2033097233183403,,,
SBCF,32.68000030517578,2026-10-02,32.15960157629978,0.05692109393722844,0.76,0.19,2026-09-15
SBET,9.350000381469727,2026-10-02,8.455219137716103,-0.48569855750729474,,,
SBFG,29.399999618530273,2026-10-02,23.02940237189669,0.5320478791208147,0.63,0.16,2026-08-14
SBFM,0.6669999957084656,2026-10-02,8.699314747436112,-0.9564052295821293,,,
SBGI,12.430000305175781,2026-10-02,14.415537868362973,-0.14334940667787588,1.0,0.25,2026-08-31
SBLK,30.75,2026-10-02,24.161035796085677,0.6702879008617983,1.88,0.9,2026-08-21
SBRA,19.15999984741211,2026-10-02,19.651474120607414,0.05622935458011824,1.2,0.3,2026-08-14
SBUX,94.70999908447266,2026-10-02,95.75884480875327,0.09592688140678907,2.48,0.62,2026-08-14
SCA,26.3700008392334,2026-10-02,23.40222231547038,,3.236,0.793,2026-09-09
SCAG,0.21699999272823334,2026-10-02,1.2840717110738336,-0.917175571676818,,,
SCDS,72.82209777832031,2026-10-02,67.30170559218206,0.23016537164445894,0.8,0.303,2026-09-22
SCHL,36.20000076293945,2026-10-02,36.23892428485521,0.2600070079959933,0.8500000000000001,0.25,2026-08-31
SCII,10.180000305175781,2026-10-02,10.040915714221054,,,,
SCKT,0.7099999785423279,2026-10-02,0.8967330668314519,-0.3039215766480685,,,
SCLX,4.059999942779541,2026-10-02,6.892424617630552,-0.5867959597959613,,,
SCNI,1.3300000429153442,2026-10-02,6.572430268226866,-0.8999999982073792,,,
SCNX,0.1589999943971634,2026-10-02,0.47353784876515664,-0.8163972343995338,,,
SCOR,4.239999771118164,2026-10-02,6.996733055646676,-0.4994097240323331,,,
SCPQ,10.100000381469727,2026-10-02,9.963478165383664,,,,
SCSC,61.72999954223633,2026-10-02,44.94832665796774,0.39945587594822607,,,
SCTX,16.790000915527344,2026-10-02,26.07204090819067,,,,
SCWO,3.0799999237060547,2026-10-02,2.8093625520804966,-0.0064516069489635175,,,
SCYX,5.119999885559082,2026-10-02,5.619418311404042,-0.2000000298023219,,,
SCZ,84.31999969482422,2026-10-02,81.72952200597025,0.0850598467150454,2.667,1.17,2026-06-15
SCZM,8.800000190734863,2026-10-02,8.516442637044594,0.17710010544505184,,,
SDA,0.42899999022483826,2026-10-02,1.4418286746479125,-0.8189873371560786,,,
SDG,86.6709976196289,2026-10-02,87.23772555043497,0.024552519163899778,1.513,0.661,2026-06-15
SDGR,30.309999465942383,2026-10-02,16.593545761716317,0.4720737853968795,,,
SDHI,10.5600004196167,2026-10-02,10.353000006352763,0.040394169112864864,,,
SDOT,10.710000038146973,2026-10-02,41.01153387111496,-0.9130681793551799,,,
SDSI,50.550201416015625,2026-10-02,51.385642275867234,-0.022050633410239828,2.053,0.187,2026-09-04
SDST,0.08500000089406967,2026-10-02,2.5840119551199368,-0.9767759565844989,,,
SDTY,40.78499984741211,2026-10-02,42.774314728391126,-0.1063368374807585,11.372,0.148,2026-09-30
SDVY,41.279998779296875,2026-10-02,40.891760852707336,0.08574429990222465,0.41900000000000004,0.1,2026-09-24
SEAT,3.5199999809265137,2026-10-02,7.509462136196425,-0.7645484932551623,,,
SEDG,33.09000015258789,2026-10-02,40.90593630574139,-0.08692056788039793,,,
SEED,0.7400000095367432,2026-10-02,1.1945816667906317,-0.48251745686728476,,,
SEEM,39.185699462890625,2026-10-02,35.35892710742723,0.2814159437755037,1.023,0.291,2026-07-06
SEER,2.25,2026-10-02,1.937231081890395,-0.013157882353605488,,,
SEGG,2.3450000286102295,2026-10-02,9.137505973002826,-0.9215456648880912,,,
SEIC,102.43000030517578,2026-10-02,89.10517928894772,0.1963325977499435,1.04,0.52,2026-06-08
SEIE,35.61330032348633,2026-10-02,34.065523101989015,0.15608829640240796,0.8059999999999999,0.362,2026-07-06
SEIS,31.70870018005371,2026-10-02,30.098819481899064,0.13423597401786647,0.10800000000000001,0.025,2026-07-06
SELF,4.849999904632568,2026-10-02,5.130916350391281,-0.0357853474488502,0.292,0.073,2026-09-16
SEMY,12.579999923706055,2026-10-02,17.410045684744777,-0.4863419083159578,17.833999999999996,0.163,2026-10-02
SENEA,177.66000366210938,2026-10-02,144.13756977704418,0.6008289627701644,,,
SENEB,174.22000122070312,2026-10-02,143.3194029606671,0.569549560546875,,,
SENS,9.880000114440918,2026-10-02,6.997589647057522,0.06695462961494414,,,
SEPN,37.709999084472656,2026-10-02,29.304621510296705,0.8235008959373475,,,
SEPQ,27.949100494384766,2026-10-02,26.21633107918667,0.07047766267418187,3.124,0.275,2026-09-24
SERA,2.0899999141693115,2026-10-02,2.4538246920384257,-0.35692310333251953,,,
SERV,4.614999771118164,2026-10-02,8.972031885884197,-0.6482469655965621,,,
SETM,29.229999542236328,2026-10-02,32.22127895431215,0.11906579644253212,0.453,0.453,2025-12-18
SEUS,25.860000610351562,2026-10-02,25.814310304049787,,,,
SEV,1.6549999713897705,2026-10-02,3.2636570260544455,-0.7931250035762787,,,
SEVN,6.75,2026-10-02,8.504780864335626,-0.344023321183331,1.12,0.28,2026-07-20
SEZL,107.41000366210938,2026-10-02,95.77523920735516,0.25581673325252874,,,
SFBC,46.209999084472656,2026-10-02,44.34733080009065,-0.004738342004245055,0.82,0.21,2026-08-07
SFD,18.860000610351562,2026-10-02,23.900239116167167,-0.19332757539187329,1.1889999999999998,0.313,2026-08-13
SFHG,2.0999999046325684,2026-10-02,2.724880481146246,-0.3805310207528949,,,
SFIX,2.609999895095825,2026-10-02,3.909641430197484,-0.38732400120530097,,,
SFLO,37.62099838256836,2026-10-02,32.498725085619434,0.2776268245021565,0.28,0.05,2026-09-09
SFM,64.47000122070312,2026-10-02,80.58302787385614,-0.39139053115292877,,,
SFNC,22.899999618530273,2026-10-02,20.763386464213944,0.18041237468153914,0.858,0.215,2026-09-15
SFST,60.849998474121094,2026-10-02,55.86115524778328,0.3854736113615447,,,
SFWL,8.350000381469727,2026-10-02,1.4864719905853272,7.350000381469727,,,
SGA,8.470000267028809,2026-10-02,10.664621489931388,-0.34745758353320333,1.0,0.25,2026-09-23
SGC,12.979999542236328,2026-10-02,11.179721087573533,0.24807692484037425,0.56,0.14,2026-08-14
SGHT,8.529999732971191,2026-10-02,5.933486077889978,1.5927051160714414,,,
SGLD,3.8499999046325684,2026-10-02,4.380869575168775,,,,
SGLY,0.7300000190734863,2026-10-02,6.176135454044874,-0.9542606505433165,,,
SGML,9.09000015258789,2026-10-02,12.25334659705599,0.21361821500174316,,,
SGMT,9.140000343322754,2026-10-02,7.226593644495504,0.2537723444650717,,,
SGP,24.920000076293945,2026-10-02,24.05206061854507,,,,
SGRX,1.2599999904632568,2026-10-02,31.272135483791153,-0.9908893712027489,,,
SGRY,13.319999694824219,2026-10-02,15.403446189910767,-0.37021276902747136,,,
SGVA,101.05999755859375,2026-10-02,100.55607595323008,,,,
SHAZ,50.810001373291016,2026-10-02,51.95449376408058,,,,
SHBI,23.0,2026-10-02,19.82498006706694,0.414514125230222,0.52,0.14,2026-09-02
SHC,18.219999313354492,2026-10-02,16.864541870664315,0.14231971982662617,,,
SHEN,10.859999656677246,2026-10-02,13.20597609865713,-0.21418235191825175,0.11,0.11,2025-11-07
SHFS,1.1799999475479126,2026-10-02,11.988247028859963,-0.9854320994129887,,,
SHIM,3.1500000953674316,2026-10-02,3.5501792858321353,0.11504426272494794,,,
SHIP,17.81999969482422,2026-10-02,13.220358586406327,1.1521739455938,0.88,0.35,2026-09-25
SHLS,8.300000190734863,2026-10-02,8.670996008641216,-0.023529389325310235,,,
SHMD,4.570000171661377,2026-10-02,5.590179264782909,0.5032895490155664,,,
SHOE,12.579999923706055,2026-10-02,17.128207187728577,-0.43409805745589713,0.64,0.17,2026-07-06
SHOO,45.970001220703125,2026-10-02,40.582350605512524,0.3351728380261607,0.84,0.21,2026-09-11
SHOP,151.38999938964844,2026-10-02,135.66286848455786,-0.0605063921864849,,,
SHOT,9.859999656677246,2026-10-02,9.836909103393555,,,,
SHPH,4.170000076293945,2026-10-02,12.05870517411555,-0.9069196395690039,,,
SHPU,17.319000244140625,2026-10-02,19.912996064144302,-0.533934329514085,5.9399999999999995,0.064,2026-09-22
SHRY,44.77349853515625,2026-10-02,43.86422115493106,0.0371438599542131,0.742,0.161,2026-09-24
SHY,81.05000305175781,2026-10-02,82.39438261358862,-0.021017005006980227,2.9469999999999996,0.241,2026-10-01
SIBN,18.079999923706055,2026-10-02,16.457649398135,0.2468965464624866,,,
SIDU,1.809999942779541,2026-10-02,2.4526374389925802,0.6454544577716814,,,
SIEB,2.200000047683716,2026-10-02,2.365498002781811,-0.24914675851233647,,,
SIFY,13.3100004196167,2026-10-02,14.121792835068417,0.006046929716435168,,,
SIGA,3.380000114440918,2026-10-02,5.214780875886104,-0.6223463478801524,0.6,0.6,2026-04-07
SIGI,85.58999633789062,2026-10-02,85.39573696789988,0.02490712667288708,1.72,0.43,2026-08-17
SILC,60.029998779296875,2026-10-02,29.34824696954978,2.446038950423936,,,
SILO,1.4579999446868896,2026-10-02,5.538374502820322,-0.8605451979601677,,,
SIMA,10.970000267028809,2026-10-02,10.764342589207379,0.04079699304858275,,,
SIMO,280.5,2026-10-02,179.24541774309014,1.83763282073732,2.0,0.5,2026-08-06
SINT,2.2100000381469727,2026-10-02,2.67129881400986,-0.4390862928803978,,,
SION,4.909999847412109,2026-10-02,34.488665362278304,-0.8363878770421771,,,
SIRI,25.719999313354492,2026-10-02,24.799482079616105,0.10481093448200296,1.08,0.27,2026-08-10
SITM,709.4400024414062,2026-10-02,482.708387032923,1.3021058880791117,,,
SJ,0.8259999752044678,2026-10-02,0.9385338652418904,0.3882351856920008,,,
SJCP,24.670000076293945,2026-10-02,25.150880448846703,-0.01869527942582283,0.9630000000000001,0.272,2026-09-15
SJLD,24.809999465942383,2026-10-02,25.326601643961265,-0.020761010711069283,1.282,0.389,2026-09-15
SKDD,6.269999980926514,2026-10-02,10.959137974114254,,,,
SKHY,195.1300048828125,2026-10-02,166.3763334910075,,,,
SKIN,0.6299999952316284,2026-10-02,1.029980076736663,-0.6249999911302608,,,
SKK,4.400000095367432,2026-10-02,3.7011593651486585,0.105527656854564,,,
SKOR,46.637001037597656,2026-10-02,48.61824699797003,-0.05170799617320243,2.24,0.161,2026-10-01
SKRE,6.89300012588501,2026-10-02,7.958629482770821,-0.3131041125364221,0.023,0.023,2025-12-24
SKUU,31.5,2026-10-02,24.799827608568915,,,,
SKWD,55.0099983215332,2026-10-02,49.95735037754256,0.18889124221530107,,,
SKYA,1.840000033378601,2026-10-02,2.1497848556336177,-0.7274074024624295,,,
SKYE,1.6799999475479126,2026-10-02,6.728657362945526,-0.9557894750645286,,,
SKYQ,2.4600000381469727,2026-10-02,3.4340278902851726,-0.5079999923706054,,,
SKYU,54.5369987487793,2026-10-02,37.16790038940916,0.3401071332290735,0.23099999999999998,0.008,2026-09-23
SKYW,96.43000030517578,2026-10-02,97.29043813150717,-0.035892786026597956,,,
SKYX,1.1799999475479126,2026-10-02,1.543964139493813,0.04424774559935751,,,
SKYY,168.13999938964844,2026-10-02,133.02314746142383,0.24492819805289434,,,
SLAB,222.75999450683594,2026-10-02,188.0402390681415,0.6589216304132168,,,
SLBT,1.5700000524520874,2026-10-02,7.6991394397272055,-0.8483824121818337,,,
SLDB,6.849999904632568,2026-10-02,7.132649411243271,0.16101691422192665,,,
SLDE,23.610000610351562,2026-10-02,18.728705140224015,0.5000000605892205,0.07,0.07,2026-08-14
SLDP,2.3299999237060547,2026-10-02,3.7365936283096373,-0.4606481872406991,,,
SLE,5.300000190734863,2026-10-02,7.946294845337887,-0.8855785788934907,,,
SLGB,0.2879999876022339,2026-10-02,1.1391481520462428,-0.9454545499700486,,,
SLGL,72.0,2026-10-02,65.0322551271355,1.068965562600444,,,
SLM,22.75,2026-10-02,24.826733114234955,-0.17422865226811102,0.52,0.13,2026-09-04
SLMT,4.329999923706055,2026-10-02,24.316175207198853,-0.9825964635426259,,,
SLN,10.640000343322754,2026-10-02,7.854601601680437,1.1280000686645506,,,
SLNG,4.869999885559082,2026-10-02,4.676294822616881,0.004123707488614681,,,
SLNH,1.0700000524520874,2026-10-02,1.4939043806843548,-0.5180180006024901,,,
SLP,18.5,2026-10-02,16.5564541455759,0.1548064588871132,,,
SLQD,49.31999969482422,2026-10-02,50.436215237317334,-0.027218955569010217,2.204,0.189,2026-10-01
SLRC,11.550000190734863,2026-10-02,14.106215150232808,-0.22742472654903667,1.44,0.31,2026-09-11
SLS,11.739999771118164,2026-10-02,6.560557773388714,5.278074727904797,,,
SLSN,0.8199999928474426,2026-10-02,1.5009163337874698,-0.7965260669585825,,,
SLVO,64.29000091552734,2026-10-02,85.57270911775262,-0.3064724592016673,46.288,1.899,2026-09-22
SLVR,54.470001220703125,2026-10-02,57.40923104153212,0.2290162814929857,2.055,2.055,2025-12-18
SLXN,0.25999999046325684,2026-10-02,13.429968141939536,-0.9933842240328068,,,
SMBC,72.58999633789062,2026-10-02,65.6843027669595,0.4086939269840424,1.02,0.27,2026-08-14
SMCI,43.689998626708984,2026-10-02,34.2499600140697,-0.15916090460892673,,,
SMCL,21.6200008392334,2026-10-02,32.75721119504526,-0.8091230121279752,,,
SMCO,27.95240020751953,2026-10-02,28.52306937411487,0.02974395786112205,0.27,0.27,2025-12-30
SMCX,15.430000305175781,2026-10-02,25.16337848374568,-0.8291629721289736,1.0,1.0,2025-12-30
SMCZ,4.059999942779541,2026-10-02,52.854422229219715,-0.9233383683352462,2.362,2.362,2025-12-30
SMH,630.5999755859375,2026-10-02,469.11741048501307,0.8729950971372322,1.105,1.105,2025-12-22
SMHC,43.209999084472656,2026-10-02,50.52380258264676,,,,
SMHX,63.220001220703125,2026-10-02,47.67814747175847,0.6361284218249654,0.009,0.009,2025-12-22
SMID,22.190000534057617,2026-10-02,32.038406410065306,-0.38599886804609385,,,
SMMT,16.7549991607666,2026-10-02,16.889462148050864,-0.2181521734873738,,,
SMOM,29.2455997467041,2026-10-02,26.856512350865096,0.1357955308086909,0.042,0.042,2025-12-30
SMPL,9.829999923706055,2026-10-02,15.232609555065869,-0.6017017908365038,,,
SMRI,44.91999816894531,2026-10-02,39.20272910737421,0.28717977250639226,0.667,0.438,2026-09-28
SMSI,2.6500000953674316,2026-10-02,3.189920320928809,-0.3116882698675445,,,
SMST,12.15999984741211,2026-10-02,52.731944118362975,-0.49772819879158703,,,
SMTC,194.8800048828125,2026-10-02,107.43175324215832,1.7066667344835071,,,
SMTI,34.849998474121094,2026-10-02,24.803745034206436,0.11734523492768067,,,
SMTK,1.649999976158142,2026-10-02,33.75075699086208,-0.9855263159986127,,,
SMX,3.819999933242798,2026-10-02,182.9986238489113,-0.9777053044246883,,,
SMXT,2.1600000858306885,2026-10-02,7.548900393375837,-0.8269230636971937,,,
SMYY,5.949999809265137,2026-10-02,11.341438263061038,-0.765424803352843,14.192000000000002,0.087,2026-10-02
SNAG,5.679999828338623,2026-10-02,7.389494934467354,,,,
SNAL,2.1700000762939453,2026-10-02,3.8443625490978897,-0.6293765893723544,,,
SND,5.340000152587891,2026-10-02,4.328585650341444,1.507042190459944,0.25,0.1,2026-07-28
SNDK,1719.989990234375,2026-10-02,952.8395403067905,12.39451710289065,,,
SNDL,1.2400000095367432,2026-10-02,1.5624701188380026,-0.5193798270522665,,,
SNDX,17.600000381469727,2026-10-02,20.03619520407749,0.12820512507010418,,,
SNES,0.7789999842643738,2026-10-02,1.961003977464015,-0.7933687033937525,,,
SNEX,65.80999755859375,2026-10-02,59.779366968162506,0.4653389254795943,,,
SNFCA,9.069999694824219,2026-10-02,8.735820492900226,0.10996498281352185,,,
SNGX,0.3700000047683716,2026-10-02,0.9331075692794237,-0.7318840535892406,,,
SNOA,1.2400000095367432,2026-10-02,2.3045418352719795,-0.689223055996756,,,
SNPS,489.8999938964844,2026-10-02,443.34430405818136,0.044184367874020136,,,
SNSR,50.275001525878906,2026-10-02,42.73528687982445,0.2724627603559959,0.22999999999999998,0.08,2026-06-29
SNT,1.5399999618530273,2026-10-02,3.0608764991342308,-0.6716418031846012,,,
SNTG,1.7699999809265137,2026-10-02,2.0803705145163365,-0.4503105698137351,,,
SNTI,0.32199999690055847,2026-10-02,1.0360478078464113,-0.7987500049360096,,,
SNWV,4.820000171661377,2026-10-02,19.276733081179312,-0.8712262855366616,,,
SNY,39.91999816894531,2026-10-02,46.022749015534544,-0.21571715182269824,2.422,2.422,2026-05-04
SOCA,10.34000015258789,2026-10-02,10.185996051803528,0.03503507402288464,,,
SOCL,43.2599983215332,2026-10-02,49.525298874691664,-0.2856671509156816,0.216,0.088,2026-06-29
SOFA,10.460000038146973,2026-10-02,14.784074053352262,,0.158,0.056,2026-09-22
SOFI,15.770000457763672,2026-10-02,20.8220916231315,-0.37519807445445785,,,
SOFX,6.940000057220459,2026-10-02,18.966004058184378,-0.8030647069616598,3.598,3.598,2025-12-30
SOGP,10.8100004196167,2026-10-02,13.33213145039471,-0.4540403618105633,1.2,1.2,2026-04-22
SOHU,12.449999809265137,2026-10-02,14.767529897955784,-0.18892511401533407,,,
SOLC,23.854999542236328,2026-10-02,19.016862952001564,-0.12622251850636745,,,
SOLS,57.70000076293945,2026-10-02,65.37443752288819,0.19214873850960412,0.22499999999999998,0.075,2026-08-27
SOLT,75.08000183105469,2026-10-02,104.75920317752428,-0.8678168981847629,1.288,0.054,2026-09-23
SOLZ,11.720000267028809,2026-10-02,10.975434229193455,-0.524736401478172,0.24500000000000002,0.019,2026-09-23
SONM,4.079999923706055,2026-10-02,5.3820000093771645,-0.671497592701827,,,
SONO,17.700000762939453,2026-10-02,15.698565730060714,0.04056440474856915,,,
SOPH,8.069999694824219,2026-10-02,5.455418321715883,0.8340907999799294,,,
SORA,2.2300000190734863,2026-10-02,2.765163339466688,-0.560591112732201,,,
SORN,10.039999961853027,2026-10-02,9.93291385600109,,,,
SOTK,6.199999809265137,2026-10-02,4.588764966721554,0.37168137951944313,,,
SOUN,5.840000152587891,2026-10-02,9.273067736530685,-0.6728291300962403,,,
SOUX,7.748000144958496,2026-10-02,47.21455377601532,-0.9633490994860083,8.836,8.836,2025-12-30
SOWG,2.2799999713897705,2026-10-02,5.825179281937649,-0.8168674693719253,,,
SOXQ,103.41000366210938,2026-10-02,75.91535866118048,0.9951765388545635,0.29400000000000004,0.084,2026-09-21
SOXX,588.9000244140625,2026-10-02,422.4665749842427,1.103514939235724,1.252,0.325,2026-09-15
SPAI,4.420000076293945,2026-10-02,4.818167315061348,-0.4106666564941406,,,
SPAM,47.77199935913086,2026-10-02,35.84817529199608,0.3308817035771434,0.15,0.15,2025-12-18
SPAQ,93.16999816894531,2026-10-02,95.49220701422824,-0.11160907586226165,15.131,15.131,2025-12-23
SPBC,50.564998626708984,2026-10-02,46.13694026080736,0.11728569416456769,0.4,0.1,2026-09-25
SPCB,9.40999984741211,2026-10-02,9.767928265955344,-0.17888308760131022,,,
SPCK,21.700000762939453,2026-10-02,22.768645419542533,-0.13765692479214453,3.591,0.486,2025-12-24
SPCT,26.662500381469727,2026-10-02,26.727408405319153,0.05769994397806588,0.28400000000000003,0.06,2026-09-18
SPCX,158.9600067138672,2026-10-02,143.76589770194812,,,,
SPEG,10.420000076293945,2026-10-02,10.188573772688786,0.04283431406599991,,,
SPFI,43.02000045776367,2026-10-02,41.37247005021904,0.10676618574524044,0.6799999999999999,0.18,2026-07-27
SPHL,2.3499999046325684,2026-10-02,3.2319282716013995,-0.483743435632641,,,
SPIT,31.023700714111328,2026-10-02,29.571586769104005,0.1725640826747461,1.863,1.863,2025-11-13
SPKL,11.579999923706055,2026-10-02,11.583561787092354,-0.026890731519514155,,,
SPOG,6.15500020980835,2026-10-02,8.395431824163957,-0.5950391430622501,,,
SPOK,10.890000343322754,2026-10-02,12.070478085977623,-0.3189493121198945,1.252,0.313,2026-08-19
SPPL,2.055000066757202,2026-10-02,3.331752989396631,-0.6263636242259633,,,
SPRB,45.709999084472656,2026-10-02,71.10394425411148,4.182539758056494,,,
SPRC,4.71999979019165,2026-10-02,10.77854980605532,-0.8895906481826514,,,
SPRO,1.190000057220459,2026-10-02,2.154701191590602,-0.4195121537071822,,,
SPRX,51.08000183105469,2026-10-02,43.72017131668638,0.27036241379480463,,,
SPRY,4.070000171661377,2026-10-02,8.375617545914364,-0.6052376327824931,,,
SPSC,82.3499984741211,2026-10-02,73.53055774643127,-0.22259984672068922,,,
SPT,10.09000015258789,2026-10-02,8.652709191538898,-0.1921536959576272,,,
SPTX,18.420000076293945,2026-10-02,20.373831793526623,,,,
SPWH,1.1299999952316284,2026-10-02,1.5125298794522228,-0.6076389061356026,,,
SPWR,0.30000001192092896,2026-10-02,1.130780874732956,-0.8492462258878246,,,
SPXD,28.687999725341797,2026-10-02,27.397956171833663,0.11517975898676314,0.455,0.116,2026-09-18
SPYQ,195.31900024414062,2026-10-02,172.4931152465334,0.23550809303259368,0.271,0.271,2025-12-23
SQFT,1.1799999475479126,2026-10-02,3.0862828687842625,-0.7933450193231786,,,
SQLV,51.393001556396484,2026-10-02,47.331944211070756,0.19274508132215806,0.54,0.152,2026-09-14
SQQQ,33.119998931884766,2026-10-02,56.842111579925415,-0.5598671238287739,3.255,0.473,2026-09-23
SQS,28.249300003051758,2026-10-02,27.42363782610212,,,,
SRAD,11.760000228881836,2026-10-02,17.59480078191871,-0.5548826572701712,,,
SRBK,18.5,2026-10-02,17.57928281381311,0.24411567870731266,0.22,0.06,2026-09-30
SRCE,86.8499984741211,2026-10-02,72.70219126545575,0.43364139731009077,1.68,0.45,2026-08-04
SRET,19.739999771118164,2026-10-02,22.0877529843395,-0.09157845435064216,1.8599999999999999,0.185,2026-09-03
SRPT,17.5,2026-10-02,19.493665277245512,-0.22703178128169788,,,
SRRK,46.810001373291016,2026-10-02,45.899402337245256,0.24926607548193247,,,
SRTA,4.730000019073486,2026-10-02,5.088346610506218,-0.1256931326280727,,,
SRTS,2.9800000190734863,2026-10-02,3.6746613523399687,-0.1311953466255048,,,
SRZN,29.31999969482422,2026-10-02,22.607027885923348,1.142491691326191,,,
SSAC,10.140000343322754,2026-10-02,9.988344337766534,,,,
SSBI,12.1899995803833,2026-10-02,12.738127503262097,0.02350963363211389,,,
SSEA,10.369999885559082,2026-10-02,10.147908309541375,0.04273506322539666,,,
SSII,2.6700000762939453,2026-10-02,4.798605577879218,-0.6286508963775829,,,
SSM,2.634999990463257,2026-10-02,5.525844631442036,-0.6936046658624753,,,
SSNC,78.52999877929688,2026-10-02,76.74290829540723,-0.10649676499433414,1.11,0.3,2026-09-01
SSP,2.740000009536743,2026-10-02,3.3483878108134784,0.46943517608037744,,,
SSRM,33.27000045776367,2026-10-02,27.96442232473913,0.4248393967550568,0.03,0.03,2026-08-14
SSS,23.568599700927734,2026-10-02,20.34305049671846,,0.018,0.005,2026-06-26
SSTI,8.329999923706055,2026-10-02,7.568745008977761,-0.3046744372286446,,,
SSYS,8.699999809265137,2026-10-02,9.13191234922979,-0.25257735801907755,,,
STAA,22.469999313354492,2026-10-02,24.161792838715936,-0.1720707509696977,,,
STAK,1.100000023841858,2026-10-02,1.3715258923422293,0.16156282241265507,,,
STBA,49.63999938964844,2026-10-02,44.035498052954196,0.32798282426992387,1.46,0.37,2026-08-18
STEP,45.27000045776367,2026-10-02,54.10521909250206,-0.3239247151026122,1.7200000000000002,0.33,2026-08-31
STEX,0.6119999885559082,2026-10-02,2.1727848527915925,-0.8832061039526891,,,
STFS,3.6500000953674316,2026-10-02,6.048183284432764,-0.6049783348722169,,,
STGW,8.359999656677246,2026-10-02,6.473505975715668,0.5311354575584366,,,
STHO,8.479999542236328,2026-10-02,8.468087640891513,0.03794363072796991,,,
STI,5.309999942779541,2026-10-02,8.264804767897404,0.09710739160624748,,,
STIM,2.1600000858306885,2026-10-02,1.8999800800802222,-0.24210520768099364,,,
STKE,1.7100000381469727,2026-10-02,1.7454422273008947,-0.5976470498477711,,,
STKH,0.6499999761581421,2026-10-02,5.230139434100147,-0.9488993740162891,,,
STKS,1.559999942779541,2026-10-02,1.9317330639675794,-0.3632653418703402,,,
STLD,231.99000549316406,2026-10-02,204.56235099883668,0.5989386680588074,2.09,0.53,2026-09-30
STLN,6.349999904632568,2026-10-02,4.274741040757927,0.744505418029304,,,
STNC,35.922000885009766,2026-10-02,35.11732272417897,0.10122630475923855,0.337,0.337,2025-12-12
STNE,9.550000190734863,2026-10-02,13.480239058870719,-0.4685586780385832,2.53,2.53,2026-04-24
STOK,25.6200008392334,2026-10-02,31.2768326261604,0.002347471617554886,,,
STRA,79.72000122070312,2026-10-02,80.33063750248031,-0.06607309453280952,2.4,0.6,2026-09-04
STRL,533.4199829101562,2026-10-02,501.14625482445217,0.5271113700304966,,,
STRO,15.350000381469727,2026-10-02,20.194502028811026,0.6868131580221508,,,
STRR,9.760000228881836,2026-10-02,10.438326706449349,-0.17358172039772013,,,
STRT,65.80000305175781,2026-10-02,76.79027896288382,-0.07506320471894246,,,
STRZ,23.25,2026-10-02,17.793645372428742,0.6045548907697356,,,
STTK,6.730000019073486,2026-10-02,5.102988056927563,1.863829911570038,,,
STX,848.989990234375,2026-10-02,570.1694418614604,2.3584794207949673,2.96,0.74,2026-09-24
SUGP,0.41499999165534973,2026-10-02,19.350326657295227,-0.9871675946290266,,,
SUIG,1.6399999856948853,2026-10-02,1.62960955726198,-0.6347438598451267,,,
SUIS,29.09000015258789,2026-10-02,22.387278520608252,,,,
SUJA,9.699999809265137,2026-10-02,10.612912654876709,,,,
SUMA,9.949999809265137,2026-10-02,9.89836206107304,,,,
SUNE,2.3399999141693115,2026-10-02,1.7858565718054296,0.6137929911845967,,,
SUNS,6.199999809265137,2026-10-02,8.624043816114327,-0.3873517905753794,1.2,0.3,2026-09-30
SUPN,42.380001068115234,2026-10-02,48.21501975800412,-0.1234746141553913,,,
SUPP,80.7969970703125,2026-10-02,76.50786052567075,0.13173743562911944,,,
SUPX,6.650000095367432,2026-10-02,17.366454160545928,-0.9113333320617676,,,
SURG,0.1469999998807907,2026-10-02,1.0143705215824552,-0.9457564583721166,,,
SUSB,24.344999313354492,2026-10-02,25.046665320833366,-0.03545960641361856,1.1300000000000001,0.096,2026-10-01
SUSC,21.875,2026-10-02,23.145812707118303,-0.07144072180327432,1.051,0.089,2026-10-01
SUSL,137.5500030517578,2026-10-02,125.83735067055994,0.1680338465702742,1.265,0.326,2026-09-15
SVAQ,10.130000114440918,2026-10-02,9.990062133125637,,,,
SVC,6.380000114440918,2026-10-02,8.97131472469801,-0.5166666510129214,0.2,0.05,2026-07-20
SVCC,10.720000267028809,2026-10-02,10.486924274034234,0.040776705681204506,,,
SVCO,9.149999618530273,2026-10-02,6.982330672769432,0.5775860892464839,,,
SVIA,4.28000020980835,2026-10-02,3.7113147522823744,-0.5779092638170615,,,
SVIV,10.09000015258789,2026-10-02,10.087333304087322,,,,
SVRA,4.809999942779541,2026-10-02,5.3471314840582735,0.37822347554033753,,,
SVRE,1.3899999856948853,2026-10-02,5.804266942449775,-0.9262208081508985,,,
SVRN,36.15999984741211,2026-10-02,16.340354613573904,0.4349205854228009,,,
SWAG,1.4700000286102295,2026-10-02,1.8733944151980944,-0.15999998365129742,,,
SWBI,14.640000343322754,2026-10-02,12.776653380982903,0.4772957183390707,0.52,0.13,2026-09-17
SWIM,6.409999847412109,2026-10-02,6.357430285191631,-0.13378381556712204,,,
SWKS,85.02999877929688,2026-10-02,66.79772902104959,0.10285344308842648,2.13,0.71,2026-05-26
SWMR,15.359999656677246,2026-10-02,38.97827332997494,,,,
SWP,27.315000534057617,2026-10-02,28.31295222400194,-0.020124800103345497,2.6210000000000004,0.571,2026-09-29
SWRD,2.450000047683716,2026-10-02,2.3511765003204346,,,,
SWVL,3.869999885559082,2026-10-02,2.218868527279432,0.21774698492021227,,,
SXTC,2.4100000858306885,2026-10-02,4815.4495418674915,-0.9998775406460452,,,
SXTP,1.3899999856948853,2026-10-02,2.546330668774259,-0.7552816852634563,,,
SY,2.75,2026-10-02,2.7116733124531596,-0.28385415065955955,,,
SYBT,78.63999938964844,2026-10-02,71.69792799930649,0.12972272231174276,1.29,0.33,2026-09-21
SYM,43.279998779296875,2026-10-02,53.95436251210976,-0.3141045986388241,,,
SYNA,121.0999984741211,2026-10-02,92.84729104213031,0.7507590238521991,,,
SYPR,1.7999999523162842,2026-10-02,2.5749800741909983,-0.24686197769499518,,,
SYRE,93.19000244140625,2026-10-02,58.969780921936035,4.864694803519388,,,
SYZ,29.511600494384766,2026-10-02,27.671273250503845,0.17806074780764547,0.131,0.059,2026-09-18
SZZL,10.479999542236328,2026-10-02,10.288856563340145,0.036597418212048316,,,
TACH,10.539999961853027,2026-10-02,10.342593592001622,0.04098765055338549,,,
TACO,10.460000038146973,2026-10-02,10.326641417119607,0.0057692713286059405,,,
TACT,4.809999942779541,2026-10-02,4.332111553366915,-0.04752479978033386,,,
TANH,14.789999961853027,2026-10-02,36.55081667273168,-0.835666667090522,,,
TAOP,0.4099999964237213,2026-10-02,1.4801195237741052,-0.859106534594248,,,
TAOX,4.409999847412109,2026-10-02,5.014721113372134,-0.3120124879265721,,,
TAOZ,88.11849975585938,2026-10-02,87.35944128036499,,,,
TARA,2.700000047683716,2026-10-02,5.011314749242775,-0.4556451558632608,,,
TARK,55.808998107910156,2026-10-02,51.94187249415424,-0.34954549973332694,14.707,14.707,2025-12-23
TARS,73.0,2026-10-02,69.64709158057711,0.12014733851543702,,,
TASK,8.0600004196167,2026-10-02,9.050159359358222,-0.5327535988628,3.65,3.65,2026-03-26
TATT,35.189998626708984,2026-10-02,43.01717128981632,-0.16710062421990568,,,
TAVI,10.770000457763672,2026-10-02,10.559358570205262,0.04057971602067756,,,
TAX,30.742000579833984,2026-10-02,29.417760985780998,0.10467498139702847,0.098,0.098,2025-12-23
TAXE,48.604000091552734,2026-10-02,50.96536253363013,-0.042096994802042875,1.8749999999999998,0.156,2026-09-25
TAXI,49.279998779296875,2026-10-02,51.0655138388098,-0.028199572687699903,1.3279999999999998,0.111,2026-10-01
TAXS,49.31999969482422,2026-10-02,50.24030679345606,-0.015863552968495065,1.1960000000000002,0.106,2026-10-01
TAXT,49.08549880981445,2026-10-02,51.29800579177431,-0.03951669602800478,1.6460000000000004,0.112,2026-10-01
TAYD,54.970001220703125,2026-10-02,59.14745023811006,0.29738028337160194,,,
TBBK,48.810001373291016,2026-10-02,62.14976095678322,-0.3589440272582016,,,
TBCH,13.989999771118164,2026-10-02,12.949302806322319,-0.09625321803484432,,,
TBIL,49.875,2026-10-02,49.92665332627011,0.0001002820979014718,1.8149999999999997,0.157,2026-09-28
TBLA,3.2300000190734863,2026-10-02,4.006434260136578,-0.018237064886088117,,,
TBLD,20.209999084472656,2026-10-02,21.254083656219848,0.0009905175773177177,1.2480000000000002,0.104,2026-09-11
TC,1.690000057220459,2026-10-02,9.211354575309146,-0.8737864067297639,,,
TCAN,20.079999923706055,2026-10-02,21.849320356128285,,,,
TCBI,93.76000213623047,2026-10-02,96.25438228166436,0.10670444741823526,0.4,0.2,2026-09-01
TCBK,52.59000015258789,2026-10-02,50.32629491798431,0.19414166801359078,1.44,0.36,2026-09-11
TCBS,17.1299991607666,2026-10-02,16.926035846846986,0.06153560662069979,0.25,0.06,2026-09-08
TCGX,12.75,2026-10-02,13.832093061402787,,,,
TCHI,21.40999984741211,2026-10-02,23.98956574671772,-0.20882453732295125,0.541,0.079,2026-06-15
TCMD,22.100000381469727,2026-10-02,25.404203179348038,0.45394741176238074,,,
TCOM,38.09000015258789,2026-10-02,55.33808775822005,-0.480496449657286,,,
TCPC,3.9800000190734863,2026-10-02,4.492151400007574,-0.34214877791763254,0.7600000000000001,0.17,2026-09-16
TCRT,0.8199999928474426,2026-10-02,2.6156573668419125,-0.6796874956344253,,,
TCRX,0.32100000977516174,2026-10-02,1.0534023866947904,-0.8478672863817448,,,
TCX,9.390000343322754,2026-10-02,16.39892431844278,-0.48150193115093054,,,
TDAC,10.819999694824219,2026-10-02,10.614729075792777,0.046421618486745864,,,
TDCL,16.420000076293945,2026-10-02,16.083620663346917,,,,
TDEM,49.89500045776367,2026-10-02,49.91749954223633,,,,
TDI,47.04999923706055,2026-10-02,42.698557758711246,0.241555819894669,0.75,0.75,2025-12-30
TDIC,2.140000104904175,2026-10-02,40.96862549325859,-0.9975472778167287,,,
TDIV,115.47000122070312,2026-10-02,105.20430290556524,0.15922096690262832,1.5830000000000002,0.35,2026-09-24
TDNA,24.56570053100586,2026-10-02,24.949641704559326,,,,
TDOG,18.408000946044922,2026-10-02,18.250426048582252,,,,
TDOT,13.789999961853027,2026-10-02,13.090616422156765,,0.101,0.045,2026-09-29
TDSB,24.43779945373535,2026-10-02,24.50233382722771,0.039110460856084606,0.473,0.044,2026-09-28
TDSC,28.252599716186523,2026-10-02,26.759639846376214,0.1237659152765791,0.375,0.107,2026-09-28
TDTH,0.9800000190734863,2026-10-02,7.830673310386232,-0.9645313047832067,,,
TDUP,2.1700000762939453,2026-10-02,5.337509957917658,-0.7698833503639537,,,
TDWD,10.140000343322754,2026-10-02,9.987791292875716,0.028397636551223293,,,
TEAD,0.5590000152587891,2026-10-02,0.8413824688390906,-0.6570552043594617,,,
TEAM,187.88999938964844,2026-10-02,121.21906368665961,0.248521446815837,,,
TECH,72.4000015258789,2026-10-02,61.877609587285626,0.15011915247668983,0.32,0.08,2026-08-24
TECX,22.540000915527344,2026-10-02,26.021553845044625,0.47900270695828073,,,
TECY,21.18000030517578,2026-10-02,22.71571428208124,,4.596,0.16,2026-10-02
TEKX,64.0989990234375,2026-10-02,52.7117727971172,0.5442565269068593,0.141,0.141,2025-12-29
TEKY,47.65829849243164,2026-10-02,40.483515082127546,0.2271048189158218,0.076,0.076,2026-03-20
TELA,1.1399999856948853,2026-10-02,0.9511155357873772,-0.2692307515962583,,,
TELO,1.1799999475479126,2026-10-02,1.2970478055011703,-0.15714288025486267,,,
TEM,76.62999725341797,2026-10-02,61.437270753412136,-0.16397562522577713,,,
TENB,36.849998474121094,2026-10-02,27.102510019127592,0.24535310186195636,,,
TENX,1.9800000190734863,2026-10-02,10.535836627758831,-0.7359999974568685,,,
TER,449.0400085449219,2026-10-02,301.04928236273656,2.0832189675004766,0.51,0.13,2026-09-04
TERG,54.448001861572266,2026-10-02,40.2800818529996,2.7357120119453024,,,
TEXN,33.71200180053711,2026-10-02,30.48119520666115,0.21946106863129433,0.46499999999999997,0.118,2026-09-15
TEXX,28.765399932861328,2026-10-02,28.593490860678934,,,,
TFGZ,36.730499267578125,2026-10-02,35.223831951618195,,,,
TFNS,27.477500915527344,2026-10-02,27.14140443687895,0.038650576252885704,0.135,0.135,2025-12-23
TFSL,16.81999969482422,2026-10-02,15.284262942127972,0.2589820454387277,1.167,0.318,2026-09-09
TGHL,0.7860000133514404,2026-10-02,0.5859800788510843,-0.5236363486613121,,,
TGL,1.2899999618530273,2026-10-02,6.448585674107313,-0.943913045136825,,,
TGRZ,13.289999961853027,2026-10-02,16.884814792209202,,,,
TGTX,54.290000915527344,2026-10-02,39.61577684470857,0.4790899933859878,,,
TH,18.84000015258789,2026-10-02,12.64087646605959,1.3817952611910247,,,
THCH,1.159999966621399,2026-10-02,2.0020398409718063,-0.5538461503192517,,,
THEO,9.899999618530273,2026-10-02,9.876000022888183,,,,
THFF,74.98999786376953,2026-10-02,67.25748995290809,0.3784925691242058,2.24,0.56,2026-10-01
THH,1.5,2026-10-02,40.24123494891057,-0.976,,,
THMZ,34.719398498535156,2026-10-02,32.69948770895422,0.07874466419464965,0.13499999999999998,0.056,2026-09-18
THRM,31.299999237060547,2026-10-02,34.92533853994423,-0.12667413214839296,2.07,2.07,2026-10-02
THRV,23.30500030517578,2026-10-02,24.493892456905776,-0.06954926810724649,1.7849999999999997,0.16,2026-09-18
THRY,1.5199999809265137,2026-10-02,4.4680677300905325,-0.8726968145439651,,,
THYM,47.43439865112305,2026-10-02,50.22384452819824,-0.05330008812517961,1.869,0.185,2026-09-25
THYP,50.099998474121094,2026-10-02,39.23690002441406,,0.037,0.037,2026-06-29
TIGO,88.31999969482422,2026-10-02,73.98637452448507,0.8342678483064092,5.5,0.75,2026-07-08
TIGR,4.159999847412109,2026-10-02,7.0320119743803104,-0.591756622304431,,,
TIH,24.7460994720459,2026-10-02,24.90746591149307,,,,
TIL,7.21999979019165,2026-10-02,9.539302780333744,-0.6011049923742939,,,
TILC,25.014699935913086,2026-10-02,25.519281758890525,,,,
TILE,34.88999938964844,2026-10-02,30.520159322427087,0.2627578881432151,0.11,0.03,2026-09-04
TIPT,17.350000381469727,2026-10-02,17.633944203654135,-0.04565456049358574,0.24,0.06,2026-08-17
TISC,23.572799682617188,2026-10-02,23.598997413338004,,,,
TITN,25.420000076293945,2026-10-02,18.642430214292975,0.5340977999072685,,,
TJGC,33.279998779296875,2026-10-02,5.116418335067324,5.197392828404507,,,
TKLF,1.5,2026-10-02,2.4637569673507813,-0.5951416920679521,,,
TKNO,8.989999771118164,2026-10-02,4.620099595818386,0.5939716283575065,,,
TKNS,29.977100372314453,2026-10-02,23.845174478024852,,,,
TLA,25.09000015258789,2026-10-02,24.365089804826383,,2.766,0.378,2026-09-09
TLAC,9.845000267028809,2026-10-02,9.855416695276896,,,,
TLF,2.450000047683716,2026-10-02,2.5940637294039783,-0.18874170094131126,0.75,0.75,2026-02-25
TLG,28.600000381469727,2026-10-02,26.630142715999057,,,,
TLIH,5.675000190734863,2026-10-02,4.267621522880646,0.018850990276032098,,,
TLN,320.7699890136719,2026-10-02,359.56422272336437,-0.26848349141693983,,,
TLNC,10.300000190734863,2026-10-02,10.179798376175665,0.040404099759346446,,,
TLPH,1.1299999952316284,2026-10-02,1.060398407428863,0.18947369411711557,,,
TLRY,3.609999895095825,2026-10-02,7.427808778694426,-0.7771605107973588,,,
TLS,4.190000057220459,2026-10-02,4.9607171261928,-0.38291604112513344,,,
TLSA,1.1200000047683716,2026-10-02,1.381195221051752,-0.4314720870544886,,,
TLSI,4.320000171661377,2026-10-02,4.804541817699295,-0.0649350046166508,,,
TLT,77.4800033569336,2026-10-02,86.30760949731348,-0.13313934059255417,3.892,0.312,2026-10-01
TLX,10.550000190734863,2026-10-02,9.71667329058704,0.02626463665146761,,,
TMB,24.57550048828125,2026-10-02,25.498025833373053,-0.043568757339525144,1.089,0.085,2026-09-29
TMC,3.7899999618530273,2026-10-02,5.66850596500108,-0.48852900946055233,,,
TMCI,4.389999866485596,2026-10-02,3.3987848658960655,-0.3097484631561206,,,
TMCR,3.4200000762939453,2026-10-02,8.890806467302385,,,,
TMDX,79.79499816894531,2026-10-02,105.28346667346726,-0.31026885223414835,,,
TMED,33.21799850463867,2026-10-02,31.144792837925642,0.18758706186080198,0.162,0.162,2025-12-23
TMID,25.216699600219727,2026-10-02,25.125558217366535,,,,
TMNL,47.239200592041016,2026-10-02,49.93949634057504,-0.05644258688065651,1.779,0.178,2026-09-25
TMNS,48.67530059814453,2026-10-02,50.041686587863495,-0.027388818225175693,1.4269999999999998,0.152,2026-09-25
TMS,7.619999885559082,2026-10-02,9.49127888014592,-0.2540382014944351,,,
TMSF,48.665000915527344,2026-10-02,50.06818985055994,-0.027575128462574372,2.33,0.235,2026-09-25
TMTS,10.029999732971191,2026-10-02,10.023149580467404,,,,
TMUS,163.63999938964844,2026-10-02,195.8345417767407,-0.2893559892584806,4.08,1.02,2026-08-28
TMYY,22.030000686645508,2026-10-02,23.771083402633668,,7.063999999999999,0.169,2026-10-02
TNDM,16.5,2026-10-02,19.00998011053321,0.12168592503134446,,,
TNGX,23.239999771118164,2026-10-02,18.450418343107064,1.9948452429964543,,,
TNMG,4.760000228881836,2026-10-02,2.7068480002880095,-0.17073163437520877,,,
TNON,3.700000047683716,2026-10-02,24.53832665667591,-0.9140534236177527,,,
TNXP,8.90999984741211,2026-10-02,14.517370508961468,-0.6287500063578289,,,
TNXT,28.959999084472656,2026-10-02,26.211578893382647,,,,
TNYA,0.5640000104904175,2026-10-02,0.8911673305519073,-0.6518518464010384,,,
TOMZ,1.3799999952316284,2026-10-02,2.1598007921203672,-0.5490196009683223,,,
TONX,3.569999933242798,2026-10-02,3.0696414357637503,-0.48034934603899626,,,
TOP,15.369999885559082,2026-10-02,7.206314754676059,1.3646153670090895,,,
TORK,25.54680061340332,2026-10-02,25.103828975132533,,,,
TORO,5.380000114440918,2026-10-02,4.805290842436224,0.30900241841125053,2.65,0.9,2026-05-04
TOUR,4.9679999351501465,2026-10-02,6.404474102643381,-0.4797905930965365,1.197,1.197,2026-05-04
TOWN,36.029998779296875,2026-10-02,35.107012000216905,0.046471056054000925,1.8,0.28,2026-09-25
TOYO,4.369999885559082,2026-10-02,7.891258969249954,-0.28477908509545213,,,
TPCS,5.28000020980835,2026-10-02,4.500039846298704,-0.048648643540093905,,,
TPG,44.66999816894531,2026-10-02,49.8304183625605,-0.23654077165636167,2.2399999999999998,0.59,2026-08-14
TPLS,23.94499969482422,2026-10-02,25.259525868997155,-0.06519617767777341,1.2130000000000003,0.088,2026-09-29
TPST,0.8109999895095825,2026-10-02,2.969948206289831,-0.9220192289176071,,,
TQQQ,81.01000213623047,2026-10-02,61.589282837521985,0.547469044842041,0.485,0.156,2026-09-23
TQQY,12.3149995803833,2026-10-02,14.418498027847107,-0.3513300403230668,6.578,0.061,2026-10-02
TRAW,0.5699999928474426,2026-10-02,1.500239046208887,-0.746666669845581,,,
TRAX,33.279998779296875,2026-10-02,29.317142759050643,,,,
TRBF,46.814998626708984,2026-10-02,49.559859417528514,-0.06444848580763407,2.29,0.224,2026-09-30
TRBG,3.8450000286102295,2026-10-01,4.5512499690055845,,,,
TRDA,5.380000114440918,2026-10-02,9.068466137129947,-0.10333331425984704,,,
TREE,24.639999389648438,2026-10-02,44.143784785175704,-0.6100648848687635,,,
TREO,2.9800000190734863,2026-10-02,4.520967745011853,,,,
TRGS,9.960000038146973,2026-10-02,9.911896549422165,,,,
TRI,97.62000274658203,2026-10-02,107.85223133345524,-0.36187733381529485,3.9960000000000004,0.655,2026-08-19
TRIB,5.690000057220459,2026-10-02,19.78844623261714,-0.8350724621095519,,,
TRIP,8.510000228881836,2026-10-02,12.332788847357154,-0.46410578289964677,,,
TRMB,57.52000045776367,2026-10-02,66.10972102799738,-0.28741328558093604,,,
TRMD,40.0,2026-10-02,27.253366477935913,0.8239853827343291,4.42,2.4,2026-09-09
TRMK,45.93000030517578,2026-10-02,43.138246984595796,0.15838583953642527,0.99,0.25,2026-09-01
TRNR,2.2100000381469727,2026-10-02,50.41370912567078,-0.9910052907383123,,,
TRNS,90.38999938964844,2026-10-02,75.83231060438422,0.25141901133487354,,,
TRON,1.409999966621399,2026-10-02,1.8492629547043151,-0.5137931309472075,,,
TROO,1.7200000286102295,2026-10-02,2.513386453765322,0.28358207892989196,,,
TROW,104.62000274658203,2026-10-02,103.72394412827207,0.01297447698608778,5.17,1.3,2026-09-15
TRS,39.119998931884766,2026-10-02,37.57418332346882,0.03739060943103256,0.16,0.04,2026-08-06
TRSG,1.1399999856948853,2026-10-02,1.3319601589939984,-0.2083333747254461,,,
TRST,55.689998626708984,2026-10-02,47.57952190870308,0.5316280993365616,1.54,0.4,2026-09-04
TRT,6.159999847412109,2026-10-02,7.94786852289481,1.0881355077430674,,,
TRUC,25.5,2026-10-02,25.65197455047802,,0.111,0.054,2026-10-01
TRUD,24.822999954223633,2026-10-02,25.746697156077836,-0.03730850877957348,0.149,0.036,2026-10-01
TRUF,27.909099578857422,2026-10-02,28.387551915927197,,0.20400000000000001,0.098,2026-10-01
TRUG,2.640000104904175,2026-10-02,64.42840648172385,-0.9891358020374313,,,
TRUH,28.995399475097656,2026-10-02,27.58547559122401,,0.21500000000000002,0.13,2026-10-01
TRUI,24.329999923706055,2026-10-02,25.467176482256722,,0.079,0.079,2026-10-01
TRUM,24.362899780273438,2026-10-02,25.272304873312674,,0.086,0.086,2026-10-01
TRUN,29.637500762939453,2026-10-02,28.790766223784416,,0.182,0.182,2026-10-01
TRUO,24.466400146484375,2026-10-02,25.44607534969554,,0.18,0.18,2026-10-01
TRUP,23.579999923706055,2026-10-02,29.94252992911168,-0.45768168877737636,,,
TRUR,23.20639991760254,2026-10-02,24.96929673225649,,0.188,0.188,2026-10-01
TRUT,34.04899978637695,2026-10-02,28.36613545664753,0.2916429463048187,0.11,0.028,2026-10-01
TRUU,21.780000686645508,2026-10-02,23.64499996554467,,0.162,0.162,2026-10-01
TRVG,4.679999828338623,2026-10-02,3.7631593700424135,0.4952075582190727,,,
TRVI,13.90999984741211,2026-10-02,13.68352585294807,0.4078947050902173,,,
TSAT,48.0,2026-10-02,38.897569755159054,0.6080401804549866,,,
TSBK,45.4900016784668,2026-10-02,39.70135457772183,0.3932618545947295,1.1600000000000001,0.3,2026-08-10
TSCM,19.545000076293945,2026-10-02,19.602418819647184,,,,
TSCO,31.09000015258789,2026-10-02,42.82701188349629,-0.4431309487205767,0.95,0.24,2026-08-24
TSDD,7.400000095367432,2026-10-02,8.884183277646859,-0.3032014901026655,0.651,0.651,2025-12-29
TSEE,24.879899978637695,2026-10-02,24.94749132792155,,,,
TSEL,29.86639976501465,2026-10-02,28.09675059375535,-0.005778999508051386,,,
TSEM,240.86000061035156,2026-10-02,175.48095675768604,2.309880606313054,,,
TSHA,4.630000114440918,2026-10-02,5.304780884093023,-0.0273109470987265,,,
TSL,13.970000267028809,2026-10-02,16.05347811558332,-0.22259316634214144,,,
TSLA,370.5899963378906,2026-10-02,401.9555772272239,-0.1378219111858433,,,
TSLG,4.909999847412109,2026-10-02,7.214721124010732,-0.5010162834071914,0.61,0.61,2025-12-30
TSLL,9.800000190734863,2026-10-02,14.545537847921668,-0.5007641054655986,0.9659999999999999,0.071,2026-09-22
TSLQ,17.65999984741211,2026-10-02,21.068286831160467,-0.3082648111071191,1.918,1.918,2025-12-22
TSLR,17.040000915527344,2026-10-02,24.37909959131978,-0.46161133899190143,,,
TSLS,54.720001220703125,2026-10-02,55.56597999177606,-0.012274373401562677,1.5660000000000003,0.396,2026-09-22
TSMG,46.9630012512207,2026-10-02,33.13862949538516,0.8132433182593874,2.727,2.727,2025-12-30
TSMU,84.06700134277344,2026-10-02,59.230414386764465,0.9408736884610998,,,
TSMX,96.81999969482422,2026-10-02,67.98969709540744,0.8858589678041484,4.283,0.316,2026-09-22
TSMZ,6.900000095367432,2026-10-02,9.910494034983722,-0.467016835894869,0.316,0.071,2026-09-22
TSPY,25.540000915527344,2026-10-02,25.225254879529732,-0.005257967888791182,3.5679999999999996,0.295,2026-09-01
TSSI,10.239999771118164,2026-10-02,11.47685256137316,-0.4301613710408849,,,
TSUI,22.389999389648438,2026-10-02,17.247727276442888,,0.07,0.053,2026-09-29
TSYX,23.076000213623047,2026-10-02,23.167779655866724,,2.8209999999999993,0.07,2026-09-30
TSYY,19.670000076293945,2026-10-02,33.657880463923114,-0.6968248935112632,37.428,0.169,2026-10-02
TTAN,67.08999633789062,2026-10-02,79.22868509786538,-0.3401200202009742,,,
TTD,11.949999809265137,2026-10-02,27.26177298785206,-0.7681862272332685,,,
TTEC,1.3799999952316284,2026-10-02,2.633784861203684,-0.6155988779317434,,,
TTEK,33.119998931884766,2026-10-02,33.177131493253064,-0.01837589554649377,0.274,0.072,2026-08-13
TTEQ,45.619998931884766,2026-10-02,36.735697164953464,0.39064162498078403,,,
TTGT,3.569999933242798,2026-10-02,4.600557753764301,-0.37587411465216436,,,
TTMI,131.8699951171875,2026-10-02,112.91091640821966,1.2282864893066647,,,
TTRX,13.329999923706055,2026-10-02,5.9204435406192655,0.9042857033865792,,,
TTWO,202.72999572753906,2026-10-02,229.4947410674684,-0.21324898521470192,,,
TUG,48.423500061035156,2026-10-02,42.51913348802057,0.2306470617775822,0.666,0.001,2026-06-25
TULP,2.700000047683716,2026-10-02,3.832589657658125,-0.42796606616499755,,,
TUR,34.279998779296875,2026-10-02,38.155697134861434,0.016004655422845238,0.838,0.479,2026-06-15
TURB,1.0800000429153442,2026-10-02,1.6821673291612906,-0.752860395606813,,,
TURF,33.66709899902344,2026-10-02,32.31608010098279,0.2171763985809767,0.432,0.432,2025-12-23
TUSK,2.799999952316284,2026-10-02,2.56047808554068,0.21739130885479363,,,
TVA,10.579999923706055,2026-10-02,10.614282881596173,-0.01535597613870443,,,
TVAI,10.399999618530273,2026-10-02,10.22858964684475,0.035856539645922725,,,
TVGN,6.980000019073486,2026-10-02,12.950936244303486,-0.7928783424020118,,,
TVIV,9.949999809265137,2026-10-02,9.924067675057104,,,,
TVRD,1.149999976158142,2026-10-02,4.258585644908161,-0.9714143676548942,,,
TVTX,56.93000030517578,2026-10-02,42.33543815460813,1.3104708488382824,,,
TW,102.22000122070312,2026-10-02,108.1400198157565,-0.07055830059438939,0.54,0.14,2026-09-01
TWAV,1.5700000524520874,2026-10-02,1.6856175290635858,-0.4075471713391008,,,
TWFG,24.610000610351562,2026-10-02,24.042151409316347,-0.12357547445806816,,,
TWG,0.10999999940395355,2026-10-02,3.39109562358177,-0.9844851908269984,,,
TWIN,28.510000228881836,2026-10-02,18.747768991021996,1.0262971462159665,0.16999999999999998,0.05,2026-08-18
TWLV,10.069999694824219,2026-10-02,9.968478218368862,,,,
TWST,188.6699981689453,2026-10-02,67.68346629959653,5.072417123337623,,,
TXCA,49.72999954223633,2026-10-02,49.52874994277954,,,,
TXG,93.5,2026-10-02,30.728286895144034,6.333333333333333,,,
TXMD,2.049999952316284,2026-10-02,1.9662948082167788,0.9158877119850228,,,
TXN,293.79998779296875,2026-10-02,232.74956223689227,0.6293255094245358,5.68,1.42,2026-07-31
TXNY,49.69499969482422,2026-10-02,49.43187475204468,,,,
TXRH,156.13999938964844,2026-10-02,177.47625483174724,-0.062165930458453755,2.93,0.75,2026-09-01
TXUE,34.66400146484375,2026-10-02,33.38475299546443,0.12381268395216982,0.338,0.338,2025-12-18
TXUG,27.75469970703125,2026-10-02,25.79438123665008,0.06572593355574385,0.125,0.125,2025-12-18
TXXD,44.05699920654297,2026-10-02,81.7961288838892,-0.81949031882472,0.03,0.03,2026-02-25
TXXH,67.79000091552734,2026-10-02,49.81101867887709,,,,
TXXS,44.159000396728516,2026-10-02,69.11898580881265,-0.8202726864256705,0.06,0.06,2026-02-25
TYGO,0.8669999837875366,2026-10-02,2.5792270834702418,-0.6417355551842443,,,
TYRA,20.43000030517578,2026-10-02,27.790896385314454,0.49560765251737915,,,
TZOO,5.210000038146973,2026-10-02,7.746533847900026,-0.47690762869552383,,,
UAE,19.549999237060547,2026-10-02,19.509681230522247,0.02302452185536019,0.851,0.663,2026-06-15
UAL,112.51000213623047,2026-10-02,107.01685242063971,0.18021609121147875,,,
UBCP,14.789999961853027,2026-10-02,14.87358565159528,0.0586971853364624,0.9510000000000001,0.198,2026-09-10
UBND,20.655000686645508,2026-10-02,21.760498069671996,-0.06538460044714811,1.0579999999999998,0.086,2026-09-09
UBRL,12.670000076293945,2026-10-02,19.558298783473283,-0.6298568435368964,2.216,2.216,2025-12-29
UBSI,47.040000915527344,2026-10-02,42.58282884088646,0.26485621544885785,1.52,0.38,2026-09-11
UCAR,4.150000095367432,2026-10-02,8.420148579710458,-0.7965686189720419,,,
UCFI,5.510000228881836,2026-10-02,5.510000228881836,0.0,,,
UCL,0.2759999930858612,2026-10-02,1.3495537802517652,-0.8722222305006448,,,
UCRD,20.475000381469727,2026-10-02,21.51251791387915,-0.06417109315862568,0.882,0.058,2026-09-09
UCTT,72.69000244140625,2026-10-02,62.61103587511526,1.5048243037487485,,,
UCYB,99.04000091552734,2026-10-02,62.32761753887769,0.5912085086097905,1.19,0.289,2026-09-23
UECG,2.75,2026-10-02,6.734539874492247,,,,
UEIC,5.670000076293945,2026-10-02,4.15892429940729,0.21153852227955472,0.24,0.24,2026-08-24
UEVM,58.12969970703125,2026-10-02,58.44896311968921,0.049499877131872205,1.7780000000000002,0.282,2026-09-09
UFCS,54.619998931884766,2026-10-02,42.40920319880147,0.7768379745793983,0.56,0.2,2026-09-04
UFG,0.4399999976158142,2026-10-02,0.8689721084210977,-0.7027027081450552,,,
UFIV,46.505001068115234,2026-10-02,48.690964170661104,-0.056215126778005,1.7810000000000001,0.165,2026-09-28
UFO,43.130001068115234,2026-10-02,45.102270909039625,0.12728706116646982,0.152,0.004,2026-09-29
UFOX,88.11199951171875,2026-10-02,76.31817531205743,0.3932072644758877,0.371,0.063,2026-09-23
UFPI,77.1500015258789,2026-10-02,91.15027898051349,-0.16305053948294423,1.4299999999999997,0.36,2026-09-01
UFPT,300.70001220703125,2026-10-02,237.22231107309045,0.5403135453681267,,,
UG,7.130000114440918,2026-10-02,6.8419123493817695,-0.08118557936327497,0.55,0.3,2026-07-28
UITB,44.654998779296875,2026-10-02,46.918486089820405,-0.06216534274551,1.9829999999999999,0.166,2026-09-09
UIVM,73.5510025024414,2026-10-02,69.83441414396127,0.19653491201931828,3.0540000000000003,1.208,2026-09-09
UK,1.9500000476837158,2026-10-02,5.0773346414604035,-0.8049999952316285,,,
ULBI,6.510000228881836,2026-10-02,6.283984077879158,-0.052401697623601806,,,
ULCC,6.190000057220459,2026-10-02,5.150358557226173,0.3515284192868764,,,
ULH,18.459999084472656,2026-10-02,17.205019882475714,-0.13859081560469266,0.42,0.105,2026-09-01
ULTA,543.6900024414062,2026-10-02,552.1282858069675,-0.022931098006477413,,,
ULTI,6.625999927520752,2026-10-02,12.814636377029089,-0.7435262178312556,8.476000000000003,0.085,2026-10-01
ULVM,103.2488021850586,2026-10-02,99.32285184214315,0.1406187142514348,1.846,0.26,2026-09-09
UMBF,130.94000244140625,2026-10-02,126.34996026635645,0.09573223800339958,1.79,0.5,2026-09-10
UMMA,37.77000045776367,2026-10-02,33.48812349479037,0.32062936902040384,0.279,0.151,2026-09-24
UNB,23.030000686645508,2026-10-02,23.930796877796432,-0.07843133663161928,1.44,0.36,2026-07-27
UNCY,4.21999979019165,2026-10-02,6.09625498897051,-0.08658010936704308,,,
UNHG,17.540000915527344,2026-10-02,18.170988075286743,-0.23772269704233306,1.898,1.898,2025-12-30
UNIT,8.039999961853027,2026-10-02,8.905657397798333,0.3767122862642813,,,
UNIY,46.05799865722656,2026-10-02,48.574358586771076,-0.0664423539658131,2.33,0.205,2026-09-25
UNTY,55.34000015258789,2026-10-02,53.92362541411502,0.14409760956410955,0.64,0.17,2026-09-03
UONE,3.9800000190734863,2026-10-02,8.270677298663621,-0.6961832134979711,,,
UONEK,3.569999933242798,2026-10-02,6.070996021369539,-0.5109589260321075,,,
UPB,5.039999961853027,2026-10-02,14.349880469272811,-0.7294685888946848,,,
UPBD,15.90999984741211,2026-10-02,19.14227092788514,-0.3003518026583609,1.17,0.39,2026-06-16
UPC,4.5,2026-10-02,4.005247023001135,-0.04458599499918303,,,
UPGR,21.867000579833984,2026-10-02,25.29313544163191,-0.12391821386575264,0.631,0.553,2026-09-18
UPLD,3.7300000190734863,2026-10-02,10.0827888568559,-0.8426160380169176,,,
UPST,22.809999465942383,2026-10-02,34.96880481157645,-0.5610084705956286,,,
UPWK,8.050000190734863,2026-10-02,13.015418339535534,-0.533873770853549,,,
UPXI,1.1699999570846558,2026-10-02,1.7708645415496067,-0.8427419424615219,,,
URBN,80.80000305175781,2026-10-02,71.5909959253562,0.1091284110384827,,,
URGN,41.400001525878906,2026-10-02,28.223286883289596,1.3793104846847029,,,
URNJ,20.149999618530273,2026-10-02,27.794019820680656,-0.30803574732792716,1.659,1.659,2025-12-18
UROY,3.9700000286102295,2026-10-02,3.8102988066426313,-0.07242994532750302,,,
USAF,27.69499969482422,2026-10-02,27.622976105526625,0.011911294523095917,0.67,0.67,2025-12-30
USAR,13.59000015258789,2026-10-02,19.47872512559017,-0.47650228690815244,,,
USAU,14.470000267028809,2026-10-02,16.452748990153886,-0.19207144666058507,,,
USCB,22.549999237060547,2026-10-02,19.538047866517328,0.3156359416605017,0.475,0.125,2026-08-17
USCL,86.99500274658203,2026-10-02,81.10207169369397,0.10940372296860668,0.905,0.201,2026-09-15
USDE,14.149999618530273,2026-10-02,5.549710132073665,,,,
USDX,25.584999084472656,2026-10-02,25.688912349868104,-0.010059982038671977,1.6210000000000002,0.06,2026-09-28
USEA,2.6649999618530273,2026-10-02,2.186820716971895,0.5853658363620247,0.39,0.1,2026-09-25
USFI,23.611000061035156,2026-10-02,24.577928299922867,-0.048902342984683544,1.061,0.086,2026-10-01
USGG,3.744999885559082,2026-10-02,12.39690109530648,,,,
USGO,6.519999980926514,2026-10-02,10.489860553665466,-0.5163204597672525,,,
USIG,48.540000915527344,2026-10-02,51.27326688728485,-0.06940182021615493,2.435,0.206,2026-10-01
USIN,46.845401763916016,2026-10-02,49.95682238392621,-0.07748320421356536,1.998,0.165,2026-09-25
USIO,2.930000066757202,2026-10-02,1.6688446200701346,1.006849308357518,,,
USLM,111.01000213623047,2026-10-02,118.13533898463763,-0.14012395903978603,0.24,0.06,2026-08-21
USMC,77.28900146484375,2026-10-02,70.62600414686469,0.13737232182764147,0.5589999999999999,0.133,2026-10-01
USOI,44.77799987792969,2026-10-02,49.99076484588988,-0.10277118367667037,23.983,1.7,2026-09-22
USOY,7.389999866485596,2026-10-02,7.448099601791199,-0.015978742841410987,3.8950000000000005,0.063,2026-10-01
USSH,49.70500183105469,2026-10-02,50.543494053570875,-0.022228725755266576,1.7849999999999997,0.15,2026-09-25
USTB,49.959999084472656,2026-10-02,50.670920322615785,-0.020968052526356806,2.288,0.183,2026-09-09
USVM,105.09809875488281,2026-10-02,99.87588078472244,0.15117969566155898,1.9749999999999999,0.188,2026-09-09
USVN,45.32099914550781,2026-10-02,47.98835848622113,-0.06833181788418208,1.835,0.165,2026-09-28
USXF,69.06999969482422,2026-10-02,62.08631076280814,0.19498270945542684,0.574,0.149,2026-09-15
UTEN,40.51100158691406,2026-10-02,43.46101201577965,-0.08315038298488808,1.7559999999999998,0.153,2026-09-28
UTHR,541.7000122070312,2026-10-02,511.64625494603615,0.19562099333445504,,,
UTHY,36.61399841308594,2026-10-02,40.75130271151721,-0.1312992444006591,1.904,0.156,2026-09-28
UTMD,74.12999725341797,2026-10-02,64.7616335500284,0.1710900181183057,1.24,0.31,2026-09-17
UTRE,48.025001525878906,2026-10-02,49.41498813401181,-0.034964289864564235,1.773,0.167,2026-09-28
UTSI,2.240000009536743,2026-10-02,2.4637450250496427,-0.09311741555035458,,,
UTWO,47.400001525878906,2026-10-02,48.2591313821861,-0.022478863989644493,1.7309999999999999,0.158,2026-09-28
UTWY,38.997798919677734,2026-10-02,42.87951720948238,-0.11741732239958313,1.992,0.164,2026-09-28
UUUG,2.450000047683716,2026-10-02,9.392236272057334,,,,
UVSP,41.810001373291016,2026-10-02,36.92804784888765,0.4006700448568776,0.9,0.23,2026-08-05
UXIN,1.274999976158142,2026-10-02,2.543486056574787,-0.6346704949357913,,,
UYLD,50.75400161743164,2026-10-02,51.14547807001973,-0.008226626788574998,2.3449999999999998,0.23,2026-09-30
UYSC,11.0,2026-10-02,10.503211108811824,0.082570586304614,,,
UZX,1.2599999904632568,2026-10-02,24.508350640179152,-0.971167048776534,,,
VABK,47.060001373291016,2026-10-02,42.32434261367615,0.23679375340051956,1.44,0.36,2026-08-14
VAI,2.240000009536743,2026-10-02,1.429099596354116,-0.013215846538256693,,,
VALG,14.949000358581543,2026-10-02,19.789191910714813,,,,
VALN,5.739999771118164,2026-10-02,7.608262951155583,-0.4960492012203347,,,
VALU,40.5,2026-10-02,36.90920319880147,0.04006166996166782,1.35,0.35,2026-07-27
VANI,1.2300000190734863,2026-10-02,1.3112270896178317,-0.1214285428426699,,,
VAVX,22.149999618530273,2026-10-02,17.432586176642054,,0.17,0.17,2026-07-07
VBCA,75.2699966430664,2026-10-02,75.48242407134084,,1.303,0.242,2026-10-01
VBCB,74.69999694824219,2026-10-02,75.39265129782937,,1.249,0.264,2026-10-01
VBCC,73.86000061035156,2026-10-02,75.21924232714105,,1.3940000000000001,0.266,2026-10-01
VBCD,73.08540344238281,2026-10-02,75.04564695647268,,1.4100000000000001,0.261,2026-10-01
VBCE,72.59529876708984,2026-10-02,75.01746420426802,,1.4580000000000002,0.279,2026-10-01
VBCF,72.14659881591797,2026-10-02,74.97444389805649,,1.538,0.292,2026-10-01
VBCG,71.57099914550781,2026-10-02,74.7136436809193,,1.742,0.259,2026-10-01
VBCH,71.25990295410156,2026-10-02,74.74825685674494,,1.881,0.317,2026-10-01
VBCI,70.9000015258789,2026-10-02,74.68325770984997,,1.88,0.267,2026-10-01
VBCJ,70.66000366210938,2026-10-02,74.55515144810532,,1.8730000000000002,0.271,2026-10-01
VBIL,75.54000091552734,2026-10-02,75.54948203402212,0.0016574951731422871,2.6510000000000002,0.218,2026-10-01
VBIO,2.5899999141693115,2026-10-02,27.09041832832701,-0.9656953653752409,,,
VBNB,29.780000686645508,2026-10-02,24.789999983527444,,,,
VBNK,22.399999618530273,2026-10-02,16.81864542410193,0.8093699039955025,0.05399999999999999,0.018,2026-07-10
VC,88.7699966430664,2026-10-02,102.6661355979889,-0.26606036475508543,1.4,0.375,2026-09-01
VCEL,40.150001525878906,2026-10-02,38.00430293292163,0.23766964320467032,,,
VCIG,1.3700000047683716,2026-10-02,490.32910288520065,-0.9997610326173437,,,
VCIT,77.9800033569336,2026-10-02,82.7450995578234,-0.07232922172549572,3.9899999999999998,0.34,2026-10-01
VCLT,68.20999908447266,2026-10-02,74.94992031994094,-0.12292655228558602,4.128,0.35,2026-10-01
VCRB,73.3550033569336,2026-10-02,77.29062932231037,-0.06315452748520944,3.5789999999999997,0.292,2026-10-01
VCRE,9.329999923706055,2026-10-02,11.552343711256981,,,,
VCSH,77.0199966430664,2026-10-02,79.1878085801326,-0.03435312712860916,3.5259999999999994,0.295,2026-10-01
VCTR,113.2300033569336,2026-10-02,80.44093644951444,0.7318753152901685,1.98,0.5,2026-09-10
VCYT,45.810001373291016,2026-10-02,41.99693219310259,0.27250003814697266,,,
VECO,57.380001068115234,2026-10-02,42.195139448006316,0.8152483378733177,,,
VEEA,3.3299999237060547,2026-10-02,9.190677273320961,-0.7993975995673306,,,
VEEE,10.869999885559082,2026-10-02,33.32898408578212,-0.8943223816735506,,,
VEEM,24.847999572753906,2026-10-02,24.732823427985696,,,,
VEFA,81.97000122070312,2026-10-02,80.06133852981208,,0.624,0.624,2026-07-01
VELO,11.199999809265137,2026-10-02,12.498585629748158,2.137254907198739,,,
VEON,75.63999938964844,2026-10-02,53.91231079405522,0.44876461819636204,,,
VERA,30.420000076293945,2026-10-02,37.660378376326236,0.009290003062895735,,,
VERI,0.7490000128746033,2026-10-02,2.9111354626507397,-0.8660107348068937,,,
VERU,2.509999990463257,2026-10-02,2.615338643708552,-0.3394736784316825,,,
VERX,12.010000228881836,2026-10-02,15.514043834579894,-0.5207501801744272,,,
A,167.77999877929688,2026-10-02,135.34370516590863,0.18455238281763808,0.765,0.255,2026-06-30
AA,41.95000076293945,2026-10-02,54.107330793403534,0.21594205109969433,0.4,0.1,2026-08-11
AAA,24.924999237060547,2026-10-02,24.98379679980031,-0.003996019300463005,1.155,0.089,2026-09-30
AAAA,30.690000534057617,2026-10-02,28.72199202913687,0.14480751595522579,0.33999999999999997,0.147,2026-06-29
AAAC,20.03499984741211,2026-10-02,20.059211843706706,0.0007492202450285479,0.657,0.082,2026-09-01
AAAD,47.970001220703125,2026-10-02,49.554588272992305,,0.7809999999999999,0.188,2026-09-30
AAAU,40.880001068115234,2026-10-02,43.865099659953934,0.06569344154503587,,,
AAC,10.119999885559082,2026-10-02,10.085769249842716,,,,
AADX,12.630000114440918,2026-10-02,17.101411841897402,,,,
AAMI,94.16999816894531,2026-10-02,64.61374494089074,1.0365483293829274,0.31000000000000005,0.1,2026-09-11
AAOG,2.7200000286102295,2026-10-02,6.076500012874603,,,,
AAOX,12.25,2026-10-02,31.858955191142524,,,,
AAOZ,10.079999923706055,2026-10-02,17.513684222572728,,,,
AAP,38.68000030517578,2026-10-02,51.52529884429567,-0.36941636437958336,1.0,0.25,2026-07-10
AAPE,16.31999969482422,2026-10-02,15.56587300981794,,,,
AAPR,29.825000762939453,2026-10-02,28.943378524476312,0.06723687378819942,,,
AAPW,40.79999923706055,2026-10-02,39.344039795408214,-0.016630571547177286,11.443,0.228,2026-09-28
AAPX,39.957000732421875,2026-10-02,32.09067328707631,0.39029231213063786,0.203,0.203,2025-12-24
AAPY,27.604000091552734,2026-10-02,24.969772878396082,0.13924889034500576,3.05,0.25,2026-09-16
AAT,21.549999237060547,2026-10-02,20.80645420636789,0.05637253137424936,1.36,0.34,2026-09-03
AAUA,59.28919982910156,2026-10-02,56.098461429568104,,,,
AAUC,20.100000381469727,2026-10-02,24.869083685703963,0.10378920329593222,,,
ABBV,262.82000732421875,2026-10-02,230.67135407345228,0.12359455863149327,6.83,1.73,2026-07-15
ABCB,81.44000244140625,2026-10-02,81.47613555786619,0.1036726037534057,0.8,0.2,2026-09-30
ABEQ,37.33000183105469,2026-10-02,37.3849760108735,0.034932136038007044,0.452,0.227,2026-06-26
ABEV,2.990000009536743,2026-10-02,2.840398406602472,0.37788014028241057,0.023,0.014,2026-09-23
ABFL,80.98999786376953,2026-10-02,76.66251795795334,0.12196272434057676,0.478,0.112,2026-09-29
ABG,175.8800048828125,2026-10-02,215.66689218467926,-0.3058920821403277,,,
ABLD,30.871999740600586,2026-10-02,30.89322312039683,0.06742268155456355,0.7839999999999999,0.208,2026-09-29
ABLG,30.75200080871582,2026-10-02,31.609346670933455,-0.020824024891853088,0.8290000000000001,0.166,2026-09-29
ABLS,20.73390007019043,2026-10-02,21.32478454103508,-0.1101712569992801,2.855,0.026,2026-09-29
ABM,48.970001220703125,2026-10-02,44.03613545695149,0.05153535627241257,1.425,0.29,2026-10-01
ABND,41.650001525878906,2026-10-02,43.76588043273683,-0.059182265750921004,2.102,0.165,2026-09-04
ABOT,43.6515007019043,2026-10-02,38.739583627161274,0.073072095798141,0.11499999999999999,0.024,2026-09-29
ABR,3.559999942779541,2026-10-02,7.183904397060196,-0.7142857197527763,0.9400000000000001,0.17,2026-08-14
ABT,97.5,2026-10-02,108.80673299842621,-0.2755776606515058,2.48,0.63,2026-07-15
ABUF,27.934999465942383,2026-10-02,27.007070392370224,,,,
ABX,8.270000457763672,2026-10-02,8.561414365274498,0.3513072896092351,0.2,0.2,2025-12-02
ABXB,18.60700035095215,2026-10-02,19.491394453314673,-0.05235548082233099,0.902,0.217,2026-09-29
ACA,146.5,2026-10-02,121.53370499325939,0.5865281114364249,0.2,0.05,2026-07-15
ACCO,4.300000190734863,2026-10-02,3.843585667857136,0.041162244935423864,0.3,0.075,2026-08-21
ACCS,4.710000038146973,2026-10-02,7.537211154086656,-0.5577464594503934,,,
ACEI,23.768800735473633,2026-10-02,24.12257687694048,-0.03929503726233596,2.5199999999999996,0.255,2026-08-31
ACEL,10.84000015258789,2026-10-02,11.458844629416904,-0.025179832360862853,,,
ACES,28.040000915527344,2026-10-02,33.934549757208956,-0.1836971714379444,0.187,0.066,2026-09-17
ACGO,39.380001068115234,2026-10-02,38.03035300759708,,,,
ACGR,71.95500183105469,2026-10-02,66.50953377955463,0.09642377429444937,0.074,0.043,2026-06-09
ACH,0.5099999904632568,2026-10-02,2.715179291379404,-0.892857150012562,,,
ACHR,4.889999866485596,2026-10-02,6.917051799743774,-0.5773552294324509,,,
ACHX,22.2185001373291,2026-10-02,30.000425310277226,,,,
ACI,11.75,2026-10-02,15.901474116807915,-0.3239355254674403,0.64,0.17,2026-07-24
ACIG,40.507999420166016,2026-10-02,40.18600082397461,,,,
ACII,25.40999984741211,2026-10-02,25.483366567300134,0.011544546118238186,1.918,0.208,2026-08-31
ACIO,47.2400016784668,2026-10-02,44.862740991600006,0.08373483627212619,0.18200000000000002,0.035,2026-09-29
ACKY,17.209999084472656,2026-10-02,18.75315937482978,-0.14378115632581656,2.5789999999999997,0.226,2026-08-24
ACLC,86.2802963256836,2026-10-02,80.78230799336832,0.1115443365787403,0.482,0.099,2026-09-08
ACLO,50.400001525878906,2026-10-02,50.39264540653305,0.0013908144700489622,2.4699999999999998,0.19,2026-10-01
ACLZ,14.94789981842041,2026-10-02,13.334759141357852,,,,
ACM,59.65999984741211,2026-10-02,88.36653368216587,-0.5371965080088814,0.9299999999999999,0.31,2026-07-01
ACMM,13.279999732971191,2026-10-02,15.377324023716886,,,,
ACN,198.89999389648438,2026-10-02,207.06964105248926,-0.18922228942535846,3.26,1.63,2026-07-09
ACOM,23.989999771118164,2026-10-02,22.363466567993164,,,,
ACP,4.460000038146973,2026-10-02,5.309442246577654,-0.22569446858984354,0.9129999999999999,0.055,2026-09-22
ACR,10.899999618530273,2026-10-02,18.703306783243004,-0.4721549724025582,,,
ACRE,3.8299999237060547,2026-10-02,4.8176892430658835,-0.18162391790820087,0.6,0.15,2026-09-30
ACSG,46.64659881591797,2026-10-02,44.34690751320075,0.15564861385970175,,,
ACSI,75.08300018310547,2026-10-02,70.28421107136396,0.13225153702729187,0.609,0.609,2025-12-24
ACSM,39.97700119018555,2026-10-02,39.66900126139323,,,,
ACSV,47.5004997253418,2026-10-02,45.07493583426988,0.194049969554148,0.507,0.108,2026-09-08
ACTS,26.078500747680664,2026-10-02,26.880354025068073,,,,
ACU,63.5,2026-10-02,46.0159361333961,0.5918776879319387,0.8,0.16,2026-10-02
ACV,24.229999542236328,2026-10-02,26.432274943803886,0.001239618940128917,2.5440000000000005,0.18,2026-09-14
ACVA,10.449999809265137,2026-10-02,7.119840612449494,0.03260868848199827,,,
ACVF,55.13600158691406,2026-10-02,51.49736655185897,0.11237540818706071,0.21000000000000002,0.067,2026-06-24
ACVT,28.24880027770996,2026-10-02,27.33807491591252,0.047105033977784094,0.4,0.03,2026-08-27
ACVU,31.200000762939453,2026-10-02,29.195099545664995,0.16762097148363608,0.54,0.54,2025-12-23
VFF,2.8399999141693115,2026-10-02,2.923505975430705,0.0,,,
VFLO,51.81999969482422,2026-10-02,43.461872526373995,0.3683654913228478,0.522,0.106,2026-09-09
VFS,3.0399999618530273,2026-10-02,3.3702390307924186,-0.0759878428263544,,,
VGAS,1.090000033378601,2026-10-02,1.8587011918128724,-0.6495176623325847,,,
VGIT,56.529998779296875,2026-10-02,59.26988051517076,-0.05720480916524928,2.2920000000000003,0.189,2026-10-01
VGLT,49.91999816894531,2026-10-02,55.13996004203401,-0.12143614155118398,2.526,0.205,2026-10-01
VGSH,57.459999084472656,2026-10-02,58.4198008381513,-0.02145780160144517,2.1799999999999997,0.183,2026-10-01
VGSR,10.579999923706055,2026-10-02,10.944314724895584,-0.008434878345300878,0.315,0.06,2026-09-24
VGUS,75.44499969482422,2026-10-02,75.55302395763626,-0.0001325576302133591,2.69,0.226,2026-10-01
VHC,10.479999542236328,2026-10-02,15.995139437367717,-0.3648485125917377,,,
VHCP,10.069999694824219,2026-10-02,9.976951139729197,,,,
VHUB,0.47999998927116394,2026-10-02,1.3031764694873025,,,,
VIAV,47.099998474121094,2026-10-02,32.54219124326668,2.702829990987328,,,
VICR,308.8999938964844,2026-10-02,189.088565902406,5.300224384809055,,,
VIGI,94.55999755859375,2026-10-02,93.10178083442597,0.03672841253971004,2.089,0.458,2026-09-18
VINP,9.449999809265137,2026-10-02,10.959203203360874,-0.11682243198898234,0.66,0.17,2026-08-25
VIOT,1.559999942779541,2026-10-02,1.4833466125674457,-0.5504322968538023,0.066,0.066,2026-04-06
VIP,1.5199999809265137,2026-10-02,1.5936653390823607,-0.20833332557231166,,,
VIR,11.170000076293945,2026-10-02,8.398426314274154,0.9493891865815527,,,
VIRC,6.510000228881836,2026-10-02,6.370996026878813,-0.12617444355022367,0.1,0.025,2026-09-18
VISN,6.210000038146973,2026-10-02,14.746155394975883,-0.600128773668763,15.0,5.0,2026-08-28
VITL,9.0600004196167,2026-10-02,20.168406342130258,-0.7843883788453705,,,
VIVK,0.30959999561309814,2026-10-02,169.21209104020758,-0.9997293706332053,,,
VIVO,3.359999895095825,2026-10-02,3.4672908350765943,-0.378927913149001,,,
VIVS,0.20000000298023224,2026-10-02,1.4938645390162906,-0.941176471361652,,,
VKTX,29.940000534057617,2026-10-02,33.677748896686204,0.0074024638555179045,,,
VLGEA,46.0,2026-10-02,39.862868571186446,0.24290737871328738,1.25,0.25,2026-10-01
VLOS,10.75,2026-10-02,10.71399205804346,0.0179923837910414,,,
VLY,12.819999694824219,2026-10-02,12.843505988557975,0.2048871504848726,0.44,0.11,2026-09-15
VMAR,6.400000095367432,2026-10-02,1196.3998207723002,-0.9989403973352041,,,
VMBS,44.2400016784668,2026-10-02,46.73844623945624,-0.05812219440677846,1.969,0.163,2026-10-01
VMD,9.130000114440918,2026-10-02,8.80725097846225,0.31746036660865484,,,
VMET,8.510000228881836,2026-10-02,10.729600003560384,,,,
VMHY,25.067399978637695,2026-10-02,25.030925273895264,,,,
VMSD,25.05500030517578,2026-10-02,25.025624990463257,,,,
VNCE,10.5,2026-10-02,4.449880480291359,2.3546324652053614,,,
VNDA,4.630000114440918,2026-10-02,6.257450204446497,-0.1473296020604986,,,
VNET,5.130000114440918,2026-10-02,8.92430278884462,-0.5151228590326931,,,
VNME,10.329999923706055,2026-10-02,10.130629482497257,0.038190967007564414,,,
VNOM,40.63999938964844,2026-10-02,42.509302815593095,0.04178418708660869,2.45,0.67,2026-08-13
VNQI,41.959999084472656,2026-10-02,46.43055772211447,-0.12419120813795714,2.156,2.156,2025-12-19
VOD,16.81999969482422,2026-10-02,14.473346581022103,0.4806338207006602,0.534,0.277,2026-06-05
VOGX,18.229999542236328,2026-10-02,27.184324290301348,,,,
VOLT,36.72999954223633,2026-10-02,34.86722310130815,0.26611510694400486,0.132,0.132,2025-12-10
VONE,347.6300048828125,2026-10-02,322.0759353941655,0.14344456761091284,3.5029999999999997,0.892,2026-09-23
VONG,130.82000732421875,2026-10-02,122.32482080345609,0.08187238922582085,0.5840000000000001,0.145,2026-09-23
VONV,109.3499984741211,2026-10-02,100.16557752753634,0.21540510159466808,1.7369999999999999,0.423,2026-09-23
VOOB,25.040000915527344,2026-10-02,25.018889321221245,,,,
VOR,18.690000534057617,2026-10-02,17.199581678170134,-0.5010677792086571,,,
VOTE,90.77999877929688,2026-10-02,83.68911162600574,0.15235216583265454,0.833,0.227,2026-09-22
VOXR,5.03000020980835,2026-10-02,5.117709174099197,0.20913471017011176,0.057999999999999996,0.015,2026-09-29
VPLS,73.75,2026-10-02,77.5816495067095,-0.06116733863546553,3.686,0.293,2026-10-01
VRA,5.110000133514404,2026-10-02,3.1407968176313608,1.4333335074167484,,,
VRAX,2.200000047683716,2026-10-02,6.441147401513332,-0.8571428505078316,,,
VRCA,4.380000114440918,2026-10-02,5.838964151671208,-0.06209849188764205,,,
VRDN,19.399999618530273,2026-10-02,23.617350578308105,-0.10392609882885273,,,
VREX,18.459999084472656,2026-10-02,12.720617472887989,0.5460636292484735,,,
VRIG,25.040000915527344,2026-10-02,25.091115503197173,-0.0023904169334865166,1.138,0.091,2026-09-21
VRM,9.029999732971191,2026-10-02,15.070892425172357,-0.6553435316786576,,,
VRNS,47.56999969482422,2026-10-02,35.872410314491546,-0.19821341266291703,,,
VRRM,2.809999942779541,2026-10-02,13.790159379343587,-0.8817837657272005,,,
VRSK,163.8800048828125,2026-10-02,197.32047864450402,-0.34195306255680913,1.95,0.5,2026-09-15
VRSN,288.32000732421875,2026-10-02,262.99948229542764,0.05619457733357236,3.2,0.81,2026-08-19
VRTL,24.889999389648438,2026-10-02,33.10282742549699,0.3708462250939484,,,
VRTX,504.7300109863281,2026-10-02,464.0473704547046,0.25150018909851246,,,
VRXA,1.1299999952316284,2026-10-02,8.445274906329425,-0.8920725915556924,,,
VS,1.0850000381469727,2026-10-02,1.3215326697702903,-0.48941174675436583,,,
VSA,2.2100000381469727,2026-10-02,161.84908368103058,-0.9985266666412353,,,
VSAT,72.0,2026-10-02,55.73541835009814,1.245789049154026,,,
VSDA,56.28499984741211,2026-10-02,55.8770757120444,0.0456648187421711,1.4960000000000002,0.185,2026-09-09
VSEC,167.27999877929688,2026-10-02,192.8691234208673,0.018199559409297406,0.4,0.1,2026-07-15
VSME,0.9300000071525574,2026-10-02,3.954402389041931,-0.9788636362010782,,,
VSMV,60.04069900512695,2026-10-02,57.81112632903445,0.10989164189515765,0.7919999999999999,0.104,2026-09-09
VSNT,30.940000534057617,2026-10-02,37.480174259166816,-0.3222344030696739,1.125,0.375,2026-10-01
VSOL,15.895000457763672,2026-10-02,12.75419999035922,-0.05656452630325304,,,
VSTL,20.479999542236328,2026-10-02,34.36188847515213,-0.6842429949196185,,,
VSTM,7.699999809265137,2026-10-02,6.666932279845158,-0.11494253125558018,,,
VTC,72.5199966430664,2026-10-02,76.85361729960043,-0.0742206834567759,3.8009999999999997,0.322,2026-10-01
VTGN,0.2800000011920929,2026-10-02,1.2562948298525525,-0.9232876729106205,,,
VTHR,338.57000732421875,2026-10-02,313.9914336793451,0.1449006016726464,3.4650000000000003,0.879,2026-09-23
VTIP,48.380001068115234,2026-10-02,49.884063781495115,-0.03220645241636533,2.3470000000000004,0.933,2026-10-01
VTIX,1.2000000476837158,2026-10-02,4.039231220766299,,,,
VTRS,17.600000381469727,2026-10-02,14.34629483241959,0.7271836218081273,0.48,0.12,2026-08-21
VTSI,2.7899999618530273,2026-10-02,4.10992031743327,-0.4945652225555379,,,
VTVT,30.56999969482422,2026-10-02,32.77523108402571,0.2684646975495162,,,
VTWG,263.54998779296875,2026-10-02,255.86693229523314,0.10833086014615811,1.7520000000000002,0.336,2026-09-23
VTWO,113.69999694824219,2026-10-02,109.12717115546603,0.14420845129898163,1.357,0.391,2026-09-23
VTWV,187.0399932861328,2026-10-02,177.4585257602403,0.1829738319151406,3.1959999999999997,1.021,2026-09-23
VUZI,2.9800000190734863,2026-10-02,2.8994422300878275,-0.2339331777095428,,,
VVOS,0.15199999511241913,2026-10-02,1.2667450214405933,-0.9523510995655401,,,
VWAV,4.480000019073486,2026-10-02,131.76443034066148,-0.9746031736163072,,,
VWOB,62.709999084472656,2026-10-02,66.77235070642722,-0.0626308272920656,3.8850000000000002,0.326,2026-10-01
VXUS,85.43000030517578,2026-10-02,81.0214340088377,0.14425389920697618,1.985,0.156,2026-09-18
VYGR,2.450000047683716,2026-10-02,3.826294838194828,-0.4958847777001909,,,
VYMI,100.48999786376953,2026-10-02,96.18967717387287,0.17683567844071946,3.721,0.817,2026-09-18
WABC,59.599998474121094,2026-10-02,53.45087647153087,0.24244313023695807,1.88,0.48,2026-08-03
WABF,23.55500030517578,2026-10-02,25.07611555122284,-0.07627449783624385,1.333,0.133,2026-10-01
WAFD,30.799999237060547,2026-10-02,33.53908362521593,0.02769435911652529,1.08,0.27,2026-08-21
WAFDP,15.6899995803833,2026-10-02,16.530123585248848,-0.05196372787446668,1.22,0.305,2026-09-30
WAFU,1.4500000476837158,2026-10-02,1.621466134648874,-0.28921564960882995,,,
WALD,0.8790000081062317,2026-10-02,1.5899800812580671,-0.529946520927892,,,
WAMA,27.0,2026-10-02,25.934436650343343,,0.155,0.045,2026-09-25
WARP,20.799999237060547,2026-10-02,23.82504848369117,,,,
WASH,38.459999084472656,2026-10-02,33.44529880660463,0.3312564865699943,2.24,0.56,2026-10-01
WATR,1.899999976158142,2026-10-02,8.873804738322102,-0.811320751366586,,,
WATT,13.34000015258789,2026-10-02,14.081932255946308,0.6328029410054972,,,
WAVE,5.840000152587891,2026-10-02,6.933908386534429,-0.28167280807111106,,,
WAY,24.809999465942383,2026-10-02,26.768306770172728,-0.35791925833754223,,,
WB,6.329999923706055,2026-10-02,9.003306772604407,-0.49801743885423555,0.61,0.61,2026-04-17
WBD,30.940000534057617,2026-10-02,26.605019968344397,0.629278615427588,,,
WBTN,10.5,2026-10-02,12.06836654845462,-0.4173141102515223,,,
WBUY,0.7839999794960022,2026-10-02,1.319155376033479,-0.7766381818728927,,,
WCBR,46.63999938964844,2026-10-02,31.792677305609107,0.4708294145768839,,,
WCCB,60.65999984741211,2026-10-02,48.41749002829016,0.442911477792274,0.94,0.25,2026-08-04
WCLD,41.2400016784668,2026-10-02,33.11788048307259,0.17392543195500032,,,
WCT,1.2899999618530273,2026-10-02,5.900024011850357,-0.9340153446447405,,,
WDAF,31.18899917602539,2026-10-02,31.929031896401213,-0.021521594477634798,0.038,0.038,2025-12-26
WDAY,186.13999938964844,2026-10-02,171.85645367139838,-0.21287211285258123,,,
WDC,415.2900085449219,2026-10-02,348.630158412979,2.1626686182794974,0.55,0.15,2026-09-08
WDFC,203.02000427246094,2026-10-02,214.11904299306678,0.04541713420608051,4.0,1.02,2026-07-17
WDGF,29.80699920654297,2026-10-02,32.2812510714588,-0.08427035621538426,0.015,0.015,2025-12-26
WEEI,24.621000289916992,2026-10-02,23.08094024658203,0.1654359997212016,2.7,0.225,2026-09-29
WEN,6.119999885559082,2026-10-02,7.776573703583493,-0.3591623284472255,0.49000000000000005,0.07,2026-09-01
WENN,10.420000076293945,2026-10-02,10.240920294803452,0.026601031321296542,,,
WERN,35.349998474121094,2026-10-02,34.24243029560226,0.28779590133372657,0.56,0.14,2026-07-06
WEST,8.140000343322754,2026-10-02,6.008107562464072,0.6748971439711644,,,
WETH,1.0,2026-10-02,1.5614661336895004,-0.23076920255401323,0.04,0.04,2026-08-17
WETO,1.0800000429153442,2026-10-02,66.5218127253521,-0.9936433191188143,,,
WEYS,50.88999938964844,2026-10-02,35.27478095734737,0.7100134071995103,3.1000000000000005,0.28,2026-08-18
WFCF,12.729999542236328,2026-10-02,12.28354580183903,-0.042136976766297796,,,
WFF,2.4049999713897705,2026-10-02,2.3618406290077116,-0.5131579061675218,,,
WFRD,79.72000122070312,2026-10-02,88.74996019644566,0.21450338150483184,1.0750000000000002,0.275,2026-08-06
WGMI,45.34000015258789,2026-10-02,49.32308774545373,-0.05914087062333928,,,
WGS,73.08999633789062,2026-10-02,90.60874505821927,-0.3819550565059683,,,
WHF,6.980000019073486,2026-10-02,6.993585673936335,0.0,1.045,0.25,2026-09-21
WHLR,2.069999933242798,2026-10-02,9664.63050928617,-0.9999720276333277,,,
WHWK,3.700000047683716,2026-10-02,3.4621115576223547,0.8877550896283541,,,
WIMA,42.157901763916016,2026-10-02,41.98146403675348,,0.705,0.285,2026-09-25
WIMI,0.7689999938011169,2026-10-02,2.0814262920641804,-0.8363829734024281,,,
WINA,297.69000244140625,2026-10-02,398.54521975574266,-0.4189713738134567,13.96,1.02,2026-08-12
WING,106.88999938964844,2026-10-02,190.84017996009126,-0.5757996618698793,1.23,0.33,2026-08-14
WISE,35.270999908447266,2026-10-02,38.31656179390106,-0.22747883668990532,1.607,1.607,2025-12-18
WIX,72.62000274658203,2026-10-02,83.14776875773273,-0.5215128108172615,,,
WKEY,6.090000152587891,2026-10-02,7.800458161479448,-0.12247837141560514,,,
WKHS,2.9700000286102295,2026-10-02,4.964661361686737,-0.7847826095970456,,,
WKSP,0.4569999873638153,2026-10-02,1.4736573727007407,-0.863173652961762,,,
WLCO,9.899999618530273,2026-10-02,9.84051278921274,,,,
WLDN,73.54000091552734,2026-10-02,91.86091665442721,-0.19372873968105764,,,
WLDS,1.3899999856948853,2026-10-02,8.318063744510788,-0.9685449190112726,,,
WLFC,45.66999816894531,2026-10-02,57.363851205286274,0.002194392687969504,0.532999,0.133,2026-08-11
WLII,10.260000228881836,2026-10-02,10.173730184161474,,,,
WLTH,10.029999732971191,2026-10-02,9.91597014280101,-0.2810035935405826,,,
WMG,26.815000534057617,2026-10-02,28.997131492037223,-0.20794562408414308,0.77,0.2,2026-08-20
WMT,104.26000213623047,2026-10-02,115.89374472325541,0.021455887606094626,0.979,0.248,2026-08-21
WNEB,13.930000305175781,2026-10-02,13.188884469142472,0.18654178677628996,0.28,0.07,2026-08-12
WNW,2.384999990463257,2026-10-02,73.55942231155487,-0.9873809524314113,,,
WOK,1.7100000381469727,2026-10-02,9427.025059731359,-0.9999780769225879,,,
WOOD,66.3499984741211,2026-10-02,71.0086456845956,-0.10519221700940296,1.684,0.629,2026-06-15
WOOF,2.190000057220459,2026-10-02,2.838247011382266,-0.4281984070899586,,,
WPRT,1.8799999952316284,2026-10-02,1.939123500865769,-0.19313302283661227,,,
WRAP,1.4700000286102295,2026-10-02,1.8716135466716204,-0.4693140654396172,,,
WRD,5.025000095367432,2026-10-02,7.477490069856682,-0.5419325457565884,,,
WRLD,174.44000244140625,2026-10-02,158.78258988581806,-0.0065493132893027495,,,
WRND,44.05099868774414,2026-10-02,39.59708366546023,0.19697301548817747,0.395,0.099,2026-09-30
WRTH,25.049999237060547,2026-10-02,25.491818237304688,,1.359,0.95,2026-09-29
WSBC,38.11000061035156,2026-10-02,35.76589637543576,0.16189028953669227,1.52,0.38,2026-09-04
WSBF,19.940000534057617,2026-10-02,18.206812748396064,0.3066841569450425,0.64,0.17,2026-07-08
WSBK,12.90999984741211,2026-10-02,11.950788862676735,0.326824301622207,,,
WSC,17.299999237060547,2026-10-02,21.821015954492577,-0.2023974729785688,0.28,0.07,2026-09-02
WSE,11.4399995803833,2026-10-02,12.212475266787084,,,,
WSFS,78.02999877929688,2026-10-02,67.34948222855648,0.446607355689836,0.74,0.2,2026-08-07
WSGE,28.374799728393555,2026-10-02,26.887335616763277,0.13635564712323012,0.068,0.068,2025-12-30
WSHP,4.96999979019165,2026-10-02,31.30681452815889,-0.8354849407212948,,,
WSML,34.21500015258789,2026-10-02,32.929187295921295,0.11700563393577346,0.974,0.29,2026-06-15
WSPC,27.298799514770508,2026-10-02,27.43686550953349,,,,
WSTN,10.149999618530273,2026-10-02,10.055784155193129,,,,
WTBA,30.079999923706055,2026-10-02,24.603904404963156,0.4957731979492066,1.01,0.26,2026-08-05
WTBN,23.934999465942383,2026-10-02,25.26658957128031,-0.06885821680673554,1.01,0.075,2026-09-25
WTF,2.5,2026-10-02,3.5492310770954267,-0.5881383971500378,,,
WTFC,145.02000427246094,2026-10-02,146.10251024709754,0.11211664923529363,2.1500000000000004,0.55,2026-08-06
WTG,10.640000343322754,2026-10-02,10.30603583590443,0.05765406555799668,,,
WTIP,37.36000061035156,2026-10-02,35.546231068462966,0.17244628522526972,1.284,0.025,2026-09-25
WTMU,24.31999969482422,2026-10-02,25.663761024931038,-0.05259058735712441,0.8069999999999999,0.065,2026-09-25
WTMY,23.8700008392334,2026-10-02,25.327000021459572,-0.060421169294398114,0.9999999999999999,0.12,2026-09-25
WTW,288.6099853515625,2026-10-02,304.2526688898702,-0.16860640325820886,3.8,0.96,2026-09-30
WULF,15.489999771118164,2026-10-02,17.195378501101793,0.2994966167763793,,,
WVE,3.7799999713897705,2026-10-02,8.71055775999548,-0.4713286823815741,,,
WVVI,1.9700000286102295,2026-10-02,2.7086454216702527,-0.45580107986495766,,,
WW,14.739999771118164,2026-10-02,19.70880478786757,-0.4429327180223548,,,
WWD,331.6199951171875,2026-10-02,344.5339444225053,0.2867452799412289,1.2400000000000002,0.32,2026-08-20
WXM,3.759999990463257,2026-10-02,7.349493989906463,-0.8894117649863748,,,
WYFI,17.93000030517578,2026-10-02,22.49468130514441,-0.42532051709198304,,,
WYHG,3.690000057220459,2026-10-02,3.3773944254415444,-0.31156717065209705,,,
WYNN,75.87999725341797,2026-10-02,107.18940236368977,-0.38638205558562233,1.0,0.25,2026-08-14
XAIR,2.819999933242798,2026-10-02,16.888386408171332,-0.9419753081937973,,,
XAIX,59.560001373291016,2026-10-02,48.2647331055417,0.4226680756094563,0.22,0.098,2026-06-18
XBCI,41.31999969482422,2026-10-02,39.14839280219305,,10.517000000000001,1.249,2026-09-02
XBIL,50.0,2026-10-02,50.098545895154736,-0.0013980366537020839,1.8279999999999998,0.159,2026-09-28
XBIO,2.240000009536743,2026-10-02,2.969553789769511,-0.3128834306473628,,,
XBIT,2.190000057220459,2026-10-02,2.3857768845273206,-0.17045455674330345,,,
XBP,3.1649999618530273,2026-10-02,4.5870597713971994,-0.583003965978329,,,
XBTY,5.610000133514404,2026-10-02,8.692872564156216,-0.7039577885143999,7.471000000000002,0.032,2026-10-02
XCBE,10.020000457763672,2026-10-02,9.934397115775035,,,,
XCH,3.180000066757202,2026-10-02,18.234223161560607,-0.8765527935363984,,,
XCNY,33.959999084472656,2026-10-02,30.786115471585337,0.2299890740219812,0.745,0.276,2026-06-22
XCSH,100.62999725341797,2026-10-02,100.28696904037938,,,,
XCUR,1.149999976158142,2026-10-02,3.4990677211389123,-0.7242206342643054,,,
XDEF,21.020000457763672,2026-10-02,109.22720416288197,,0.34800000000000003,0.027,2026-09-18
XE,14.380000114440918,2026-10-02,20.723214277199336,,,,
XEL,71.4000015258789,2026-10-02,78.4457373752062,-0.11039123317381572,2.3489999999999998,0.593,2026-09-15
XELB,0.6570000052452087,2026-10-02,1.4677860549246649,-0.7239495909017872,,,
XENE,38.02000045776367,2026-10-02,50.76268927889516,-0.04014138167350512,,,
XERS,9.079999923706055,2026-10-02,7.357171296123489,0.1073170896231741,,,
XEY,20.1387996673584,2026-10-02,21.2570799740878,,4.514,0.133,2026-10-02
XFOR,2.8299999237060547,2026-10-02,3.831932284442552,-0.18678163557610772,,,
XGN,8.170000076293945,2026-10-02,5.805597610207668,-0.254562039429038,,,
XHG,1.8600000143051147,2026-10-02,1.26581274774445,0.4531250436557466,,,
XHLD,0.4880000054836273,2026-10-02,2.986999995561235,-0.9165811942839206,,,
XIII,10.3100004196167,2026-10-02,10.304545575922186,,,,
XLAB,1.399999976158142,2026-10-02,9.065458164747017,-0.8593671535020013,,,
XLO,9.010000228881836,2026-10-02,9.020498011691636,-0.21323781933350716,,,
XMAG,25.649999618530273,2026-10-02,23.882521906696944,0.14945099729586442,0.116,0.116,2025-12-30
XMAX,8.59000015258789,2026-10-02,7.190916344464063,0.5996276230262094,,,
XMTR,102.52999877929688,2026-10-02,68.93878477788067,0.9901008903008732,,,
XNCR,24.84000015258789,2026-10-02,15.689123514638954,1.1104502282498254,,,
XNDU,4.300000190734863,2026-10-02,12.700888912766068,,,,
XNET,4.710000038146973,2026-10-02,6.309262933009174,-0.5184048909256911,,,
XOMX,48.38199996948242,2026-10-02,39.39003578125243,0.8522970296697125,0.8459999999999999,0.282,2026-09-22
XOS,3.299999952316284,2026-10-02,2.4436454150781213,0.14982581320676158,,,
XOVR,21.760000228881836,2026-10-02,19.549565706595008,0.03176861410367193,,,
XP,21.5,2026-10-02,18.147270935940078,0.23990771688610701,0.38,0.2,2026-06-10
XPEG,2.322999954223633,2026-10-02,7.452111128966013,,,,
XPEL,44.970001220703125,2026-10-02,45.57107568262108,0.33799465647295435,,,
XPON,4.199999809265137,2026-10-02,8.748972116713505,-0.791666674550879,,,
XQQI,51.5099983215332,2026-10-02,49.154404640197754,,6.75,0.84,2026-09-02
XRAY,8.670000076293945,2026-10-02,11.64450200525413,-0.342683824706991,0.16,0.16,2025-12-26
XRPC,15.59000015258789,2026-10-02,15.712423449164039,-0.3650729164271541,,,
XRPI,7.929999828338623,2026-10-02,9.118127509417286,-0.5661925858606832,0.20400000000000004,0.014,2026-09-23
XRPN,39.41999816894531,2026-10-02,10.556231050377349,2.765042709032516,,,
XRPT,36.529998779296875,2026-10-02,76.89128294409034,-0.8936845223213077,1.0410000000000001,0.022,2026-09-23
XRTX,1.7139999866485596,2026-10-02,2.508215141961299,-0.5715000033378601,,,
XRX,3.0199999809265137,2026-10-02,2.62394422173975,-0.19466667175292973,0.1,0.025,2026-09-30
XSLL,10.010000228881836,2026-10-02,9.914492641670117,,,,
XSPC,21.559999465942383,2026-10-02,21.497631625125283,,,,
XSPI,50.11000061035156,2026-10-02,48.771785758790514,,5.518,0.703,2026-09-02
XT,84.30999755859375,2026-10-02,76.19004405352224,0.14618593020437265,5.6899999999999995,0.358,2026-06-15
XTER,9.800000190734863,2026-10-02,9.808076858520508,,,,
XTIA,0.7699999809265137,2026-10-02,1.661179281563398,-0.4866666793823242,,,
XTLB,2.1600000858306885,2026-10-02,3.103386457222866,-0.5423728428295155,,,
XUSM,24.681499481201172,2026-10-02,24.73582145145961,,,,
XWEL,0.8399999737739563,2026-10-02,0.9642629489243268,-0.15151518617962167,,,
XXII,0.9139999747276306,2026-10-02,128.42178495115493,-0.9981865079866515,,,
XXX,22.15999984741211,2026-10-02,20.27711758333094,,0.018,0.005,2026-06-26
XYZG,14.571999549865723,2026-10-02,15.689509938912563,-0.3890403063849198,0.986,0.986,2025-12-30
YAAS,1.159999966621399,2026-10-02,1.4642151356693283,-0.5503875965410454,,,
YARW,22.270000457763672,2026-10-02,28.956015902211465,0.19731182801212133,20.1,20.1,2026-07-24
YB,12.9399995803833,2026-10-02,17.496832631023757,-0.32709308952596783,1.26,1.26,2026-07-02
YBST,11.899999618530273,2026-10-02,16.058484973907472,,7.977,0.1,2026-09-28
YBTY,10.107000350952148,2026-10-02,14.870385003089904,,8.655,0.103,2026-09-28
YDDL,1.4299999475479126,2026-10-02,4.677246968755838,-0.7361623750150001,,,
YDES,8.109999656677246,2026-10-02,7.647505979139017,-0.5639785220242874,,,
YDKG,0.9300000071525574,2026-10-02,10.332908365593488,-0.9972566371470426,,,
YFOR,1.4600000381469727,2026-10-02,165.8779083381136,-0.9974318381035233,,,
YHC,1.2799999713897705,2026-10-02,65.91677292029696,-0.9846522788013069,,,
YHGJ,2.7899999618530273,2026-10-02,3.6009960127066805,-0.5164644764166837,,,
YHNA,11.210000038146973,2026-10-02,10.766900362721477,0.07067810432140154,,,
YI,3.2200000286102295,2026-10-02,4.88808764879447,-0.2844444380866157,,,
YIBO,1.0499999523162842,2026-10-02,1.0814820663387557,-0.210526377115976,,,
YICC,9.930000305175781,2026-10-02,9.921355894056417,,,,
YJ,1.6200000047683716,2026-10-02,1.7017370509911343,-0.19402984454989958,,,
YLDE,54.46500015258789,2026-10-02,55.413255000019454,-0.0005321563638082116,4.152,0.311,2026-10-01
YMAT,1.4450000524520874,2026-10-02,2.8178446288127823,-0.768799991607666,,,
YMT,1.1200000047683716,2026-10-02,158.09392845630646,-0.997504456249484,,,
YNOT,34.273101806640625,2026-10-02,30.3549326862472,0.1890061023244045,,,
YOKE,31.153099060058594,2026-10-02,29.527908781135224,0.13552395358096625,0.235,0.057,2026-09-28
YORW,30.760000228881836,2026-10-02,31.626414318008727,0.02294647625741031,0.912,0.228,2026-09-30
YOUL,0.3959999978542328,2026-10-02,1.0477888402473403,-0.7824175898672631,,,
YQ,3.5199999809265137,2026-10-02,3.2123625553936597,-0.28469823649708315,,,
YQQQ,9.295000076293945,2026-10-02,11.265780870657993,-0.2704654306351084,2.8649999999999998,0.037,2026-10-01
YRAM,54.380001068115234,2026-10-02,52.942857197352815,,1.647,0.421,2026-09-30
YSAG,60.69390106201172,2026-10-02,63.30774777276175,,,,
YSAU,41.52750015258789,2026-10-02,42.99031250817435,,,,
YSPY,15.149999618530273,2026-10-02,16.566386428012315,-0.24701794301180002,6.346000000000001,0.03,2026-10-02
YSWY,20.530000686645508,2026-10-02,22.410263195372465,,,,
YSXT,1.2319999933242798,2026-10-02,1.401868522879612,-0.5052208881101612,,,
YTRA,0.8820000290870667,2026-10-02,1.2343705099417395,-0.3749113956476021,,,
YXT,2.140000104904175,2026-10-02,5.864123502100607,-0.7838383649127985,,,
YYAI,1.0299999713897705,2026-10-02,1596.2853899643242,-0.9999887554588276,,,
Z,27.40999984741211,2026-10-02,48.91195222011125,-0.64305248703455,,,
ZAP,30.96500015258789,2026-10-02,31.895509887026602,0.035861255682789306,0.541,0.168,2026-07-06
ZBAO,0.09600000083446503,2026-10-02,0.6906932279526949,-0.9124087548567454,,,
ZBIO,28.295000076293945,2026-10-02,26.654681289338495,0.3003216810052358,,,
ZBRA,375.8599853515625,2026-10-02,267.80705145725693,0.23228737850400338,,,
ZCMD,1.850000023841858,2026-10-02,421.1493147383648,-0.9990053763312678,,,
ZD,55.20000076293945,2026-10-02,43.08573711440857,0.4060112868793355,,,
ZDAI,1.5779999494552612,2026-10-02,4.126454186154552,-0.848734669745021,,,
ZENA,1.3300000429153442,2026-10-02,2.608725097549864,-0.7461831868302666,,,
ZEO,0.2930000126361847,2026-10-02,0.8941952172978466,-0.7728682005421897,,,
ZG,28.100000381469727,2026-10-02,48.470677166821,-0.622261048366403,,,
ZHOG,49.900001525878906,2026-10-02,51.55407561343979,-0.041674633794188565,2.577,0.199,2026-09-28
ZION,63.16999816894531,2026-10-02,61.345298873475826,0.10960825277217201,1.83,0.48,2026-08-13
ZJK,1.850000023841858,2026-10-02,2.2522350592442244,-0.4351145129862046,,,
ZJYL,1.940000057220459,2026-10-02,3.2855497893109264,-0.8341880265943091,,,
ZKIN,1.8009999990463257,2026-10-02,1.6475338669887103,-0.276706830462464,,,
ZKP,10.039999961853027,2026-10-02,9.943472953613647,,,,
ZLAB,24.329999923706055,2026-10-02,21.17225096805162,-0.2791111133716725,,,
ZM,92.87999725341797,2026-10-02,89.56107558292221,0.14723318062921575,,,
ZMUN,49.48500061035156,2026-10-02,50.08900798174489,-0.011782329377906908,1.79,0.165,2026-09-28
ZNB,1.5399999618530273,2026-10-02,302.40243028739536,-0.9988333333622326,,,
ZNTL,2.5199999809265137,2026-10-02,3.0207769044366968,0.5652173655502482,,,
ZOOZ,7.599999904632568,2026-10-02,9.886111540623395,-0.812807877087067,,,
ZS,196.60000610351562,2026-10-02,192.0782071299762,-0.356275158815609,,,
ZSQR,3.9700000286102295,2026-10-02,11.122848581032924,-0.7664705865523395,,,
ZSTK,4.860000133514404,2026-10-02,6.741828689062263,-0.7438059931771814,,,
ZTEN,47.31159973144531,2026-10-02,50.61642463653686,-0.08164916529897703,2.5520000000000005,0.22,2026-09-28
ZTG,0.972000002861023,2026-10-02,2.471215144809024,-0.7652173830415738,,,
ZTOP,49.845001220703125,2026-10-02,51.826537857967544,-0.05138447125949119,3.204,0.253,2026-09-16
ZTRE,49.54999923706055,2026-10-02,50.849904352925215,-0.032604489337020204,2.149,0.185,2026-09-28
ZTWO,49.69499969482422,2026-10-02,50.58574501736705,-0.022233173657701277,2.09,0.182,2026-09-28
ZUMZ,13.289999961853027,2026-10-02,21.97980078283059,-0.33616385324810416,,,
ZURA,4.110000133514404,2026-10-02,5.015000009916693,0.04580154292611183,,,
ZVRA,9.989999771118164,2026-10-02,10.375139434024158,0.024615361140324588,,,
ZYBT,1.2400000095367432,2026-10-02,1.3941872514101614,-0.537313440802581,,,
ZYME,25.149999618530273,2026-10-02,24.261314741643776,0.4846516425998084,,,
ACWV,123.3499984741211,2026-10-02,121.61505962842963,0.027317388087228167,2.364,1.067,2026-06-15
ACYN,20.75,2026-10-02,20.632353003508126,,1.077,0.173,2026-10-01
ACYQ,21.0,2026-10-02,20.566901408450704,,0.372,0.372,2026-09-01
ACYS,20.479999542236328,2026-10-02,20.41442472744832,,0.524,0.133,2026-10-01
AD,34.38999938964844,2026-10-02,45.38872508318776,-0.32169627471116835,21.25,11.0,2026-06-11
ADBU,20.479999542236328,2026-10-02,23.898646663006087,,0.243,0.183,2026-09-22
ADC,65.87999725341797,2026-10-02,74.71988051821036,-0.06645887008201623,3.1739999999999995,0.267,2026-09-30
ADCT,1.1299999952316284,2026-10-02,2.9884302872585584,-0.7230392116759657,,,
ADDS,25.90999984741211,2026-10-02,25.29269662064113,,,,
ADIG,17.829999923706055,2026-10-02,21.630217469256856,,,,
ADIU,13.119999885559082,2026-10-02,11.432105315359015,,,,
ADIV,19.415000915527344,2026-10-02,18.76845416034835,0.06675824734370273,0.6110000000000001,0.17,2026-09-18
ADM,80.44999694824219,2026-10-02,71.512310924758,0.31798813469180875,2.0700000000000003,0.52,2026-08-19
ADME,56.68000030517578,2026-10-02,53.329517881233855,0.10638299456642053,0.204,0.042,2026-09-29
ADNT,17.309999465942383,2026-10-02,20.904183330763857,-0.33088523755705734,,,
ADPV,44.16999816894531,2026-10-02,44.35296418087416,0.025992416327376144,0.298,0.298,2025-12-23
ADT,6.25,2026-10-02,7.429482066773798,-0.28977274266648845,0.22,0.055,2026-09-10
ADVE,46.814998626708984,2026-10-02,43.3372589810436,0.2039346958331849,1.088,0.295,2026-09-23
ADX,25.790000915527344,2026-10-02,24.096932308607368,0.14571304545954855,1.91,0.5,2026-07-27
AEE,99.94000244140625,2026-10-02,106.90139411835082,-0.03662999325827443,2.96,0.75,2026-09-08
AEF,9.600000381469727,2026-10-02,8.281274905717705,0.47465438463104825,0.88,0.26,2026-09-22
AEG,8.449999809265137,2026-10-02,8.119721120097248,0.06962021610863345,0.493,0.246,2026-09-03
AEHG,10.239999771118164,2026-10-02,9.461739111637723,,,,
AELV,26.163000106811523,2026-10-02,24.751318531651652,0.15037594300245516,0.358,0.358,2025-12-19
AEM,183.69000244140625,2026-10-02,184.54378500402686,0.08422857057424182,1.75,0.45,2026-09-01
AEMC,19.899999618530273,2026-10-02,19.78807698763334,,,,
AEMG,20.020000457763672,2026-10-02,19.486538520226112,,,,
AEMV,19.43000030517578,2026-10-02,19.600769336407,,,,
AEO,17.709999084472656,2026-10-02,19.05059762020035,0.045454458449807555,0.5,0.125,2026-07-10
AEON,0.27900001406669617,2026-10-02,0.7911274895606288,-0.6555555392031154,,,
AER,144.33999633789062,2026-10-02,141.43709159942262,0.15011949273219627,1.2000000000000002,0.4,2026-08-12
AERO,15.390000343322754,2026-10-02,16.97678413895258,-0.24373464104027454,,,
AES,14.90999984741211,2026-10-02,14.567609536220353,0.022633739741623637,0.704,0.176,2026-07-31
AESB,19.709999084472656,2026-10-02,19.63076899601863,,,,
AESG,19.790000915527344,2026-10-02,19.56961543743427,,,,
AESI,12.039999961853027,2026-10-02,12.727011961765973,0.03347642541570783,,,
AESL,19.579999923706055,2026-10-02,19.661538417522724,,,,
AESR,20.149999618530273,2026-10-02,19.159988122157365,-0.021369622671047694,1.17,1.17,2025-12-12
AETH,37.540000915527344,2026-10-02,35.77975301248619,-0.2171011403915971,0.87,0.87,2025-12-26
AEXA,11.119999885559082,2026-10-02,11.332350613111519,0.007246369925949514,,,
AFB,9.59000015258789,2026-10-02,10.8886453810916,-0.11367833428171925,0.6470000000000001,0.05,2026-10-01
AFG,139.10000610351562,2026-10-02,135.56581641573354,-0.06462242066091861,7.02,0.88,2026-07-15
AFGR,38.360599517822266,2026-10-02,35.476472467065335,0.05734842360889725,,,
AFIF,9.25,2026-10-02,9.408605548965028,-0.01700317215797953,0.382,0.036,2026-09-25
AFIX,23.584999084472656,2026-10-02,24.90449794450129,-0.06763917119306329,1.1540000000000001,0.09,2026-09-24
AFK,27.260000228881836,2026-10-02,26.851394486142343,0.10767978678617429,0.272,0.272,2025-12-22
AFL,111.54000091552734,2026-10-02,114.03533871715287,-0.006944433595229227,2.4099999999999997,0.61,2026-08-19
AFLG,44.720001220703125,2026-10-02,41.45213948587973,0.14607895171885743,0.314,0.017,2026-09-24
AFMC,40.4900016784668,2026-10-02,37.58392042182831,0.17946935157477806,0.28400000000000003,0.018,2026-09-24
AFRU,8.8149995803833,2026-10-02,10.840541847198608,-0.4942627982762734,,,
AFSM,40.0,2026-10-02,36.081848494085186,0.22500230145886801,0.20199999999999999,0.02,2026-09-24
AG,17.670000076293945,2026-10-02,18.77872506555808,0.45912473800534004,0.04,0.015,2026-08-14
AGBK,5.460000038146973,2026-10-02,7.506975321122158,,,,
AGCO,114.61000061035156,2026-10-02,114.40258953200869,0.05495214703832163,1.18,0.3,2026-08-14
AGD,11.350000381469727,2026-10-02,12.03115535827272,-0.16971468045910876,1.4300000000000002,0.12,2026-09-22
AGG,94.25,2026-10-02,99.06505967706323,-0.05919345465273884,3.9660000000000006,0.334,2026-10-01
AGGH,18.93899917602539,2026-10-02,20.37812748943192,-0.0860438633115298,1.4800000000000004,0.12,2026-09-25
AGGM,99.29419708251953,2026-10-02,103.93097297698853,-0.056766407819017206,3.937,0.286,2026-10-01
AGGS,38.93980026245117,2026-10-02,40.93530589555839,-0.06529523751618338,2.0949999999999998,0.146,2026-10-01
AGGY,41.16999816894531,2026-10-02,43.59989252888349,-0.07107404213828927,1.9939999999999998,0.18,2026-09-25
AGI,32.459999084472656,2026-10-02,37.98262954043202,-0.04557481074849612,0.12,0.04,2026-09-10
AGIG,1.0,2026-10-02,2.1598007966322728,-0.8420221149995646,,,
AGIQ,27.07200050354004,2026-10-02,23.23635057244168,0.20405628018989663,0.45199999999999996,0.365,2026-06-29
AGL,84.13999938964844,2026-10-02,50.3333864895946,1.9784070580406525,,,
AGM,214.7899932861328,2026-10-02,181.99490022089378,0.3167606652502959,6.300000000000001,1.6,2026-09-15
AGM-A,146.5800018310547,2026-10-02,136.25725126836403,0.18784440857818452,6.300000000000001,1.6,2026-09-15
AGO,68.47000122070312,2026-10-02,81.87936249387216,-0.1875889628332248,1.1400000000000001,0.38,2026-08-20
AGOX,33.5099983215332,2026-10-02,31.460155380674568,0.08587160268210536,0.921,0.921,2025-12-18
AGQ,67.41999816894531,2026-10-02,116.06960156809286,-0.15503199153585667,,,
AGQI,18.184999465942383,2026-10-02,17.497748994257346,0.12530938351800547,0.308,0.048,2026-09-24
AGRO,10.100000381469727,2026-10-02,10.213386453955296,0.29653407328993286,0.121,0.121,2026-05-04
AGRW,33.42110061645508,2026-10-02,30.68389275539444,0.1096351536283573,0.038,0.038,2025-12-22
AGX,383.8299865722656,2026-10-02,476.30995974597704,0.4635475187974125,2.0,0.5,2026-07-23
AGZ,106.26200103759766,2026-10-02,109.49012722912063,-0.03538491734684346,3.942,0.327,2026-10-01
AHBM,26.780799865722656,2026-10-02,25.168149948120117,,,,
AHLT,31.299999237060547,2026-10-02,28.13549004512954,0.2622493898438323,0.447,0.447,2025-12-22
AHR,50.75,2026-10-02,50.041035853534105,0.24083124955114354,1.0,0.25,2026-09-30
AHRT,6.03000020980835,2026-10-02,6.518565730744624,-0.13610312416463832,0.56,0.14,2026-09-30
AHT,2.2799999713897705,2026-10-02,3.4760557911785477,-0.6206322987421973,,,
AHYB,44.823001861572266,2026-10-02,46.31655380735359,-0.0405008730565275,2.558,0.21,2026-09-04
AI,11.010000228881836,2026-10-02,11.482470109643215,-0.42536532794550475,,,
AIB,1.6399999856948853,2026-10-02,1.695395677209758,,,,
AIBD,41.439998626708984,2026-10-02,67.65580091438446,-0.4503979073198575,1.8719999999999999,0.502,2026-09-22
AIBF,24.846799850463867,2026-10-02,24.96209979057312,,,,
AIBU,74.41000366210938,2026-10-02,55.30803987419463,0.3571037967750885,1.062,1.062,2025-12-10
AIEQ,49.43000030517578,2026-10-02,47.14105185094583,0.09712787694075065,0.194,0.194,2025-12-30
AIG,74.93000030517578,2026-10-02,77.43549793744943,-0.07516658343890215,1.9,0.5,2026-09-16
AIHY,22.219999313354492,2026-10-02,21.003396196185417,,,,
AII,26.059999465942383,2026-10-02,20.618924365100632,0.14650241930354335,1.02,1.02,2026-03-16
AIIA,10.3100004196167,2026-10-02,10.099716275237327,0.038267885474570607,,,
AIM,0.18000000715255737,2026-10-02,0.8558532907905807,-0.9297045499809451,,,
AIN,60.880001068115234,2026-10-02,59.045219117426775,0.09871866514647887,1.12,0.28,2026-09-01
AINP,24.031999588012695,2026-10-02,25.069107557197967,-0.05516020866476967,1.3190000000000002,0.1,2026-09-24
AINT,35.638999938964844,2026-10-02,28.43556969382546,,,,
AIO,25.479999542236328,2026-10-02,24.324143405929505,0.05901912335052195,3.1110000000000007,0.18,2026-09-14
AIOO,26.540000915527344,2026-10-02,25.985776870849122,0.03809750963652725,,,
AIQD,37.9005012512207,2026-10-02,57.7716336804767,,,,
AIQU,22.059999465942383,2026-10-02,17.57697679830152,,,,
AIR,102.51000213623047,2026-10-02,110.25270898218649,0.25317846346984485,,,
AIRI,2.7200000286102295,2026-10-02,3.013665335111884,-0.12820508705793598,,,
AIS,77.61000061035156,2026-10-02,54.758844626377304,1.1331977537092954,,,
AIT,343.45001220703125,2026-10-02,293.44904488491346,0.3290894599270937,1.99,0.51,2026-08-14
AIUP,32.220298767089844,2026-10-02,27.23442603602554,,,,
AIV,1.9299999475479126,2026-10-02,4.351195215229019,-0.7522464753531503,4.9799999999999995,1.3,2026-06-04
AIVC,119.125,2026-10-02,87.35020340391364,0.8214553022313889,0.116,0.116,2025-12-30
AIVI,57.40999984741211,2026-10-02,55.2700398053781,0.14957952395112817,2.8779999999999997,0.275,2026-09-25
AIVL,128.66000366210938,2026-10-02,122.61414321960206,0.1171312469187964,1.959,0.5,2026-09-25
AIYY,7.409999847412109,2026-10-02,13.04000799969373,-0.730545460094105,8.967,0.098,2026-10-01
AIZ,267.32000732421875,2026-10-02,244.2651389072616,0.21509094238281246,3.52,0.88,2026-08-31
AJAN,28.6200008392334,2026-10-02,28.08662945720779,0.03963099049103991,,,
AJG,226.11000061035156,2026-10-02,239.39486092495252,-0.27174055459464597,2.75,0.7,2026-09-08
AJUL,30.295700073242188,2026-10-02,29.49807450495868,0.05762609841505961,,,
AKA,10.850000381469727,2026-10-02,10.951258974721233,0.11339153503204469,,,
AKAF,31.194799423217773,2026-10-02,31.207999225631653,0.09107061159373919,1.0630000000000002,0.112,2026-09-17
AKAL,18.459999084472656,2026-10-02,19.951219512195124,,,,
AKO-A,23.65999984741211,2026-10-02,22.988446155867255,0.17012861774854948,1.0130000000000001,0.33,2026-08-21
AKO-B,28.670000076293945,2026-10-02,28.49533858432238,0.26690239237829183,1.115,0.364,2026-08-21
AKR,18.6299991607666,2026-10-02,20.625816709966774,-0.06803404832032622,0.8,0.2,2026-09-30
AKRE,53.18000030517578,2026-10-02,58.06551042922,-0.21447558785220022,,,
ALA,13.869999885559082,2026-10-02,12.458666714032491,,,,
ALAI,47.040000915527344,2026-10-02,39.67592031927223,0.24576279148566815,0.541,0.541,2025-12-18
ALB,104.58999633789062,2026-10-02,145.7867728001568,0.18555877228151574,1.625,0.41,2026-09-11
ALC,63.7599983215332,2026-10-02,73.91713152273718,-0.17601446646837604,0.358,0.358,2026-05-05
ALDB,25.90880012512207,2026-10-02,25.439179776894925,,,,
ALG,161.00999450683594,2026-10-02,171.9600794210852,-0.1599186505772402,1.32,0.34,2026-07-16
ALH,21.299999237060547,2026-10-02,23.73684211298522,-0.14182113219355552,,,
ALIT,8.850000381469727,2026-10-02,25.470996062594107,-0.8646788964069403,0.8,0.8,2025-12-01
ALK,39.529998779296875,2026-10-02,45.3449800650912,-0.19638138070951194,,,
ALL,223.74000549316406,2026-10-02,220.47390467427167,0.06128449729667129,4.24,1.08,2026-08-31
ALLE,154.2100067138672,2026-10-02,153.80175349626884,-0.13018211656771994,1.6500000000000001,0.55,2026-09-15
ALLY,37.90999984741211,2026-10-02,42.18561762167638,-0.04340149317045994,1.2,0.3,2026-07-31
ALRG,31.437999725341797,2026-10-02,28.805446214409937,0.16415481215846683,0.13,0.13,2025-12-22
ALSN,117.97000122070312,2026-10-02,110.95541807379855,0.36428818729400114,1.1400000000000001,0.29,2026-08-21
ALTG,6.480000019073486,2026-10-02,6.226055774080801,-0.018181801105005113,,,
ALTL,44.2599983215332,2026-10-02,45.28262949179843,0.023116043430409405,0.591,0.201,2026-09-03
ALUB,10.130000114440918,2026-10-02,10.04640106976351,,,,
ALV,111.8499984741211,2026-10-02,119.01378485691025,-0.12624011191447926,2.61,0.87,2026-08-28
ALX,243.86000061035156,2026-10-02,244.26900363633357,0.0016841391137767392,18.0,4.5,2026-08-10
AM,20.360000610351562,2026-10-02,20.60593624039,0.06652700092260111,0.9,0.225,2026-07-29
AMAA,28.670000076293945,2026-10-02,30.027681046637937,,,,
AMAU,17.110000610351562,2026-10-02,17.62696968425404,,,,
AMAX,7.420000076293945,2026-10-02,7.8794462177383,-0.1013685232265954,0.9009999999999999,0.076,2026-09-29
AMBO,1.8309999704360962,2026-10-02,2.687533858287857,-0.47233430681859956,,,
AMBP,4.440000057220459,2026-10-02,4.297609571441711,0.13265305377701253,0.30000000000000004,0.1,2026-09-10
AMBQ,68.18000030517578,2026-10-02,46.675498027725524,1.2856185209371316,,,
AMC,2.7699999809265137,2026-10-02,1.978127489764377,-0.09477123113590868,,,
AMCR,41.86000061035156,2026-10-02,42.47537836325596,0.023471859380377547,2.6,0.65,2026-09-04
AMDC,30.5,2026-10-02,21.934782594874285,,,,
AMDW,106.30000305175781,2026-10-02,70.82632266952697,1.3098653193043326,49.129000000000005,1.341,2026-09-28
AMDY,52.16999816894531,2026-10-02,43.59486065442819,0.34458760811299616,36.61000000000001,0.987,2026-10-01
AME,251.92999267578125,2026-10-02,222.60055766922545,0.3710475791879251,1.33,0.34,2026-09-15
AMG,371.42999267578125,2026-10-02,309.2757370177493,0.5282669640238753,0.04,0.01,2026-08-10
AMH,30.260000228881836,2026-10-02,31.75294827465042,-0.07291664231836359,1.29,0.33,2026-09-15
AMHI,23.020000457763672,2026-10-02,24.430142838614326,,0.29100000000000004,0.097,2026-10-02
AMJB,35.119998931884766,2026-10-02,33.71257769064125,0.2015052850458514,2.011,0.496,2026-08-28
AMKL,7.579999923706055,2026-10-02,13.644761948358445,,,,
AMKX,12.250900268554688,2026-10-02,13.467792071993388,,,,
AMLP,52.63999938964844,2026-10-02,51.20900396521823,0.12864494164919904,4.07,1.03,2026-08-12
AMMO,24.6299991607666,2026-10-02,25.644107171467372,,,,
AMN,36.630001068115234,2026-10-02,24.33980079286127,0.7842182095952175,,,
AMOM,62.790000915527344,2026-10-02,53.76240639857562,0.2968317953107382,,,
AMP,490.9100036621094,2026-10-02,488.3951401425548,-0.0022154397111597834,6.6000000000000005,1.7,2026-08-03
AMPU,2.049999952316284,2026-10-02,5.450769220407192,,,,
AMPX,9.670000076293945,2026-10-02,13.150239072472926,-0.24097329277697244,,,
AMPY,4.360000133514404,2026-10-02,4.9649801035801255,-0.13147407368919883,,,
AMR,171.5399932861328,2026-10-02,184.86167330190955,0.011438603259442681,,,
AMRC,21.56999969482422,2026-10-02,29.25868528297698,-0.42218058835239014,,,
AMRZ,37.2599983215332,2026-10-02,51.86697203799548,-0.2352217284900251,0.66,0.11,2026-08-18
AMS,1.409999966621399,2026-10-02,1.799322702020288,-0.4404761994867189,,,
AMT,162.1999969482422,2026-10-02,178.11924324187623,-0.14725833960860135,7.07,1.79,2026-09-30
AMTB,29.559999465942383,2026-10-02,23.020557768316383,0.5892472505211113,0.36,0.09,2026-08-14
AMTD,0.7440000176429749,2026-10-02,0.9630119453863318,-0.3641025256985181,,,
AMTM,18.139999389648438,2026-10-02,25.403067668595636,-0.3009634352090226,,,
AMUB,22.09429931640625,2026-10-02,21.18847531626424,0.2001900613969596,1.274,0.313,2026-08-28
AMWL,12.390000343322754,2026-10-02,7.437968135355003,0.9573460493927972,,,
AMZA,47.95000076293945,2026-10-02,44.72847404328,0.20064102043652632,3.9299999999999997,0.34,2026-09-21
AMZG,14.779999732971191,2026-10-02,15.642222237965417,,,,
AMZO,14.449999809265137,2026-10-02,16.453955251779128,,,,
AMZP,25.184999465942383,2026-10-02,27.09108766046653,-0.11971342437406163,4.949999999999999,0.35,2026-09-09
AMZW,34.57600021362305,2026-10-02,39.83476102304649,-0.23198578716006124,15.022000000000002,0.217,2026-09-28
AMZY,10.3100004196167,2026-10-02,12.083266919352619,-0.2769985796539406,5.15,0.049,2026-10-01
AN,162.4600067138672,2026-10-02,200.38155380188232,-0.27596041011445926,,,
ANDG,57.13999938964844,2026-10-02,35.754623144715275,,,,
ANET,207.35000610351562,2026-10-02,154.87490014915923,0.42508595260148185,,,
ANEW,53.981998443603516,2026-10-02,50.66117135462058,0.029012569304091906,0.262,0.03,2026-09-23
ANF,135.91000366210938,2026-10-02,97.00274898331479,0.6087831233609289,,,
ANGX,4.079999923706055,2026-10-02,4.234621511512543,-0.5250291209276775,,,
ANRO,24.799999237060547,2026-10-02,21.25087651218551,2.5994194074941777,,,
ANTW,25.25,2026-10-02,24.67138894399007,,,,
ANVS,1.1799999475479126,2026-10-02,2.3208764995711735,-0.46846849894564213,,,
AOA,97.62999725341797,2026-10-02,93.45314743224368,0.1024164402084955,2.359,0.297,2026-10-02
AOCT,27.834999084472656,2026-10-02,26.913362563843744,0.059291343452242184,,,
AOD,10.199999809265137,2026-10-02,10.077529888229066,0.06806278592129078,1.2400000000000002,0.11,2026-09-22
AOK,40.31999969482422,2026-10-02,40.75864542622965,0.0017391228527756653,1.5219999999999998,0.126,2026-10-02
AOM,48.630001068115234,2026-10-02,48.65661367287199,0.021424079913620053,1.817,0.299,2026-10-02
AOMR,7.320000171661377,2026-10-02,8.681354577797817,-0.22866171251773437,1.28,0.32,2026-08-21
AON,269.45001220703125,2026-10-02,335.02059754147473,-0.2593661141386453,1.64,0.82,2026-08-03
AOR,68.56999969482422,2026-10-02,67.07701185310029,0.06244187669863077,2.083,0.315,2026-10-02
AORT,22.309999465942383,2026-10-02,34.24725095589322,-0.4565164462707082,,,
AOS,56.75,2026-10-02,64.9548604592859,-0.22631218567751987,1.44,0.36,2026-07-31
AP,9.699999809265137,2026-10-02,7.177569719424761,3.369369227142559,,,
APAM,34.880001068115234,2026-10-02,39.923944252895645,-0.20619021032664797,4.03,0.8,2026-08-17
APCB,28.104900360107422,2026-10-02,29.45080042075351,-0.058777636114170084,1.2040000000000002,0.026,2026-10-01
APD,277.57000732421875,2026-10-02,279.3705967147037,0.022470276922260668,7.220000000000001,1.81,2026-10-01
APDB,26.299999237060547,2026-10-02,25.8519229888916,,,,
APG,40.47999954223633,2026-10-02,40.810876595546524,0.1699422348967199,,,
APH,86.95999908447266,2026-10-02,72.69350594448379,0.4230076618546508,0.5,0.125,2026-09-22
APHG,16.489999771118164,2026-10-02,14.91986840649655,,,,
APHU,28.239999771118164,2026-10-02,22.942151908633075,,,,
APIE,38.59000015258789,2026-10-02,37.45858559475477,0.06543343048067296,1.318,1.318,2025-12-23
APLE,16.510000228881836,2026-10-02,13.631752990631469,0.3827471364410071,0.9599999999999999,0.08,2026-09-30
APLU,23.350000381469727,2026-10-02,24.746657375320495,-0.07469784756448927,1.211,0.104,2026-09-24
APLX,7.380000114440918,2026-10-02,21.97468125962641,-0.7268352800526725,,,
APLY,11.720000267028809,2026-10-02,12.510195245780793,-0.1507246300693923,3.989,0.068,2026-10-01
APLZ,21.65999984741211,2026-10-02,47.38838078217073,,,,
APMI,18.219999313354492,2026-10-02,16.973174564422123,,,,
APMU,24.0310001373291,2026-10-02,24.97415532723841,-0.043351937321731815,0.625,0.032,2026-10-01
APO,114.0199966430664,2026-10-02,127.2952590273671,-0.0942886869817402,2.146,0.563,2026-08-19
APOC,26.700000762939453,2026-10-02,26.21576099471742,0.029060419419700168,,,
APPC,7.650000095367432,2026-10-02,16.649855067764502,,,,
APRB,27.584999084472656,2026-10-02,26.206278691526318,0.10472566451852505,,,
APRH,24.809999465942383,2026-10-02,25.02111547401702,0.0004032350479628022,1.858,0.523,2026-09-30
APRJ,24.610000610351562,2026-10-02,24.84974500192589,-0.002634189613726967,1.5239999999999998,0.426,2026-09-30
APRP,33.47710037231445,2026-10-02,31.092745419992394,0.15176152170539248,,,
APRT,47.154998779296875,2026-10-02,43.67493633255066,0.15760397870999077,,,
APRW,37.93080139160156,2026-10-02,35.97017446267177,0.10811574346645325,,,
APRZ,40.64899826049805,2026-10-02,38.69839038316947,0.06656692856010382,1.255,1.255,2025-12-24
APT,5.090000152587891,2026-10-02,4.987928295515448,0.06708599013436922,,,
APTV,43.540000915527344,2026-10-02,66.85243016885096,-0.5051148072944918,,,
APUE,47.5099983215332,2026-10-02,43.702155443776654,0.15943082562401822,0.347,0.347,2025-12-23
APUS,3.2200000286102295,2026-10-02,14.27380465463813,-0.8201117264116111,,,
APXM,32.195701599121094,2026-10-02,31.388289584581596,0.04957465036293418,,,
AQEC,25.649999618530273,2026-10-02,25.10877621446026,0.027026996066088715,0.22999999999999998,0.102,2026-06-24
AQLT,32.215999603271484,2026-10-02,29.746087602410185,0.17525167197417324,0.311,0.173,2026-06-15
AQN,5.099999904632568,2026-10-02,6.020358562469482,-0.11611786455956985,0.195,0.065,2026-09-29
AR,34.08000183105469,2026-10-02,35.80350598491046,0.02280918797092668,,,
ARB,30.020000457763672,2026-10-02,29.36098804701847,0.03410264373757266,0.126,0.126,2025-12-18
ARCM,99.91500091552734,2026-10-02,100.24627098904188,-0.003590133182482691,3.5630000000000006,0.305,2026-09-30
ARCO,7.110000133514404,2026-10-02,7.985537851949137,0.0707831741685816,0.27,0.07,2026-09-21
ARCP,24.210899353027344,2026-10-02,24.860889186029848,,0.14,0.095,2026-09-30
ARCX,9.383999824523926,2026-10-02,31.197163327281693,-0.909201742011891,,,
ARDC,11.489999771118164,2026-10-02,12.82239045374897,-0.16799424895042314,1.356,0.113,2026-09-21
ARDT,10.34000015258789,2026-10-02,10.18366532496722,-0.2624821815278868,,,
ARE,47.369998931884766,2026-10-02,52.29617539060068,-0.4347255703245333,2.88,0.72,2026-09-30
ARES,117.55000305175781,2026-10-02,134.63183301948456,-0.22867448976669869,5.17,1.35,2026-09-16
ARGT,84.5199966430664,2026-10-02,90.99254991143823,0.23368842515871546,1.03,0.329,2026-06-29
ARI,6.199999809265137,2026-10-02,9.593107565465676,-0.39629994810971914,4.25,3.75,2026-07-16
ARIA,25.889999389648438,2026-10-02,25.647435897435898,,,,
ARIS,17.5,2026-10-02,16.630239023155426,0.7412934992910072,,,
ARKB,27.93000030517578,2026-10-02,26.445617531400277,-0.3159441819095722,,,
ARKD,21.53700065612793,2026-10-02,19.964952357862362,,,,
ARKE,21.174800872802734,2026-10-02,20.14325456908255,,,,
ARKF,45.529998779296875,2026-10-02,44.605916346211835,-0.20886186997589284,0.043,0.043,2025-12-26
ARKG,54.0,2026-10-02,34.29492034000229,0.7976031409535675,,,
ARKI,23.690000534057617,2026-10-02,21.979453176259995,,,,
ARKK,89.83000183105469,2026-10-02,78.90314743528329,0.017096944536322933,,,
ARKQ,124.4800033569336,2026-10-02,122.66619505255346,0.06739839157294081,0.306,0.306,2025-12-26
ARKT,20.020999908447266,2026-10-02,19.062876530377512,-0.03181976492360272,0.046,0.046,2025-12-26
ARKW,162.88999938964844,2026-10-02,146.5974500435757,-0.0763778701184269,2.352,2.352,2025-12-26
ARKX,32.68000030517578,2026-10-02,31.80195218728358,0.07997356437506431,,,
ARKY,20.309999465942383,2026-10-02,20.37062507867813,,0.27,0.27,2026-09-24
ARL,16.040000915527344,2026-10-02,15.87693224295202,0.05456941980925145,,,
ARLI,25.940000534057617,2026-10-02,26.187421813607216,,,,
ARLO,12.779999732971191,2026-10-02,14.024780866159386,-0.25913045026253967,,,
ARLU,32.57500076293945,2026-10-02,30.946828788970095,0.08764607456198159,,,
ARMA,16.110000610351562,2026-10-02,14.544179147748805,,,,
ARMH,13.119999885559082,2026-10-02,8.610962149631455,0.9970166649138557,0.1564,0.0337,2026-03-16
ARMK,55.54999923706055,2026-10-02,46.32015942577347,0.4243589547964244,0.48,0.12,2026-08-19
ARMP,3.5199999809265137,2026-10-02,6.927171303456523,0.12820516347415012,,,
ARMS,24.43470001220703,2026-10-02,24.97075429170028,,0.148,0.104,2026-09-30
ARMW,48.59000015258789,2026-10-02,43.571291114710554,-0.04474503452283696,31.7,0.675,2026-09-28
AROC,30.329999923706055,2026-10-02,31.878406327084242,0.2078852722609077,0.88,0.23,2026-08-04
ARP,34.15999984741211,2026-10-02,32.5038485887991,0.10375134913071693,1.974,1.974,2025-12-30
ARR,13.59000015258789,2026-10-02,16.87131472507796,-0.1226597576891455,2.880000000000001,0.24,2026-09-15
ARTY,80.23999786376953,2026-10-02,59.67916327548692,0.7127001169080578,0.043,0.043,2026-06-15
ARW,242.00999450683594,2026-10-02,166.6394427174116,0.9903775129189578,,,
ARWG,26.176000595092773,2026-10-02,25.12948698273504,,0.034,0.034,2026-03-25
ARX,19.729999542236328,2026-10-02,14.404223122919698,0.32416107700427466,,,
AS,27.170000076293945,2026-10-02,34.39258959188879,-0.20925495943942163,,,
ASA,56.689998626708984,2026-10-02,59.31007971896593,0.24320176587027054,0.07,0.04,2026-05-01
ASAN,8.619999885559082,2026-10-02,9.476573710422592,-0.3684981592338523,,,
ASB,29.0,2026-10-02,27.81430278641294,0.11538461538461542,0.96,0.24,2026-09-01
ASBH,17.5,2026-10-02,17.973076893733097,,,,
ASC,19.299999237060547,2026-10-02,15.010717126002824,0.5976820661385773,1.27,0.79,2026-08-28
ASCE,33.470001220703125,2026-10-02,30.317569747864013,0.2625424719626588,0.058,0.058,2025-12-22
ASEA,20.950000762939453,2026-10-02,19.63215140232527,0.20402305874929882,0.776,0.406,2026-06-29
ASG,5.079999923706055,2026-10-02,5.24597609470565,-0.09285714103251086,0.47,0.12,2026-07-16
ASGI,19.079999923706055,2026-10-02,22.709482079008186,-0.10000003598770879,2.6400000000000006,0.22,2026-09-22
ASGM,33.08549880981445,2026-10-02,29.706579664313935,0.21463704323223154,1.203,1.203,2025-12-22
ASH,69.5199966430664,2026-10-02,60.36629476965186,0.4286887969804154,1.67,0.42,2026-09-01
ASHR,32.5099983215332,2026-10-02,33.956454068066115,-0.013353639794180028,0.758,0.758,2025-12-19
ASHS,40.13999938964844,2026-10-02,41.682988216202574,0.06415689529768787,,,
ASIA,41.96099853515625,2026-10-02,38.41294816765652,0.22854633391440782,0.357,0.357,2025-12-17
ASIC,26.170000076293945,2026-10-02,21.15223114803968,0.47936683359111476,,,
ASIX,16.219999313354492,2026-10-02,19.222191259680518,-0.17244903073118112,0.64,0.16,2026-08-18
ASLV,29.914499282836914,2026-10-02,29.127982120589905,0.07912768508801693,0.244,0.244,2025-12-22
ASM,5.550000190734863,2026-10-02,6.630876501242953,0.01834869448980969,,,
ASMF,27.53619956970215,2026-10-02,25.265741834602508,0.1706572706377123,0.052,0.052,2025-12-22
ASMH,13.0,2026-10-02,9.78942709994981,0.8665824080461049,0.19840000000000002,0.082,2026-06-16
ASMZ,22.610000610351562,2026-10-02,20.399104531131574,,,,
ASPN,5.690000057220459,2026-10-02,4.663745017640619,-0.26675259157300957,,,
ASR,234.41000366210938,2026-10-02,305.9124698106986,-0.2584777702049115,5.757,5.757,2026-05-27
ASSX,27.860000610351562,2026-10-02,27.198181672529742,,,,
ASTG,6.900000095367432,2026-10-02,10.09694445795483,,,,
ASTN,18.530000686645508,2026-10-02,38.930787832086736,,,,
ASTT,15.273900032043457,2026-10-02,21.385129002557285,,,,
ASTX,9.420000076293945,2026-10-02,38.22842638236118,-0.8058132260929706,,,
ASTY,5.019999980926514,2026-10-02,10.854516121648974,,,,
ASUP,6.440000057220459,2026-10-02,13.64096777413481,,,,
ASX,47.45000076293945,2026-10-02,27.29533863827527,3.2824910730746923,0.417,0.417,2026-07-06
AT,20.639999389648438,2026-10-02,20.363333225250244,,,,
ATCH,0.18799999356269836,2026-10-02,0.2485019919644314,-0.572727285042282,,,
ATCL,24.360000610351562,2026-10-02,24.762974630428268,,1.9739999999999998,0.278,2026-09-15
ATEN,27.6299991607666,2026-10-02,24.012868539270652,0.5090114673219919,0.24,0.06,2026-08-17
ATFV,40.94599914550781,2026-10-02,36.617075635142534,0.1411928073183497,0.071,0.071,2025-12-18
ATHM,20.559999465942383,2026-10-02,21.291553793675398,-0.2768202868362487,0.66,0.66,2026-07-02
ATI,192.4199981689453,2026-10-02,152.30956161924567,1.367372060270716,,,
ATKR,94.62000274658203,2026-10-02,73.37733085601928,0.47982491052255694,1.32,0.33,2026-08-18
ATMP,34.650001525878906,2026-10-02,32.83334655305779,0.21196227145673796,1.6,0.4,2026-08-28
ATMU,45.70000076293945,2026-10-02,52.654979918582505,0.026966309279538248,0.225,0.06,2026-08-27
ATNM,1.1699999570846558,2026-10-02,1.20117131053689,-0.2594937181610293,,,
ATO,157.1699981689453,2026-10-02,174.39780866767305,-0.07650275624705705,4.0,1.0,2026-08-24
ATR,119.91000366210938,2026-10-02,126.08374494575409,-0.09990990419331491,1.92,0.48,2026-07-30
ATS,18.260000228881836,2026-10-02,27.394780884700943,-0.3206844940853387,,,
ATTR,96.21479797363281,2026-10-02,92.68463170630301,0.06988544031057131,,,
AU,94.91999816894531,2026-10-02,92.66776871396252,0.2945989984182429,4.52,0.72,2026-08-21
AUAU,37.641998291015625,2026-10-02,39.17760610345549,0.028188955571124996,0.229,0.229,2026-06-29
AUB,38.81999969482422,2026-10-02,37.85689250596491,0.08800446644595317,1.48,0.37,2026-08-07
AUGC,25.450000762939453,2026-10-02,25.34488367479901,,,,
AUGM,35.47999954223633,2026-10-02,34.49603981230838,0.053882230033063916,,,
AUGP,34.119998931884766,2026-10-02,32.003159306438796,0.11931237587889432,,,
AUGT,39.380001068115234,2026-10-02,36.77315144329907,0.12691376196943827,,,
AUGU,32.2599983215332,2026-10-02,30.41237060577271,0.10706928610963184,,,
AUGW,34.866600036621094,2026-10-02,33.22390683998625,0.09080838665304714,,,
AUGZ,46.2400016784668,2026-10-02,43.899350671654204,0.07218222590028,1.534,1.534,2025-12-24
AUNA,5.059999942779541,2026-10-02,5.177330682002216,-0.2525849398766098,,,
AUSF,48.84000015258789,2026-10-02,48.67593629996615,0.048969044502751746,1.377,0.325,2026-08-05
AUSM,24.829999923706055,2026-10-02,25.079406350732324,-0.01075699018566556,0.629,0.056,2026-09-24
AUST,0.9900000095367432,2026-10-02,1.520254975771049,-0.5240384394953228,,,
AUXX,4.71999979019165,2026-10-02,5.7947368370859245,,,,
AV,25.290000915527344,2026-10-02,27.40673072521503,,,,
AVA,35.310001373291016,2026-10-02,39.816892509916386,-0.044901265691127734,1.9689999999999999,0.493,2026-08-18
AVAZ,17.100000381469727,2026-10-02,10.220309321413335,,0.031,0.004,2026-09-23
AVBC,22.239999771118164,2026-10-02,18.954581663428076,0.48762542172977885,0.16,0.06,2026-08-18
AVD,1.7400000095367432,2026-10-02,3.4689243048785694,-0.6789667924273334,,,
AVDE,90.33000183105469,2026-10-02,87.24087649037638,0.12940732732819815,2.531,0.325,2026-09-08
AVDS,78.04900360107422,2026-10-02,74.41797981414187,0.14520276056621828,2.028,0.277,2026-09-08
AVDV,109.08999633789062,2026-10-02,102.02083672755268,0.21157258139341173,3.467,0.536,2026-09-08
AVEE,69.54399871826172,2026-10-02,66.52576490607395,0.08051333466728994,2.029,0.492,2026-09-08
AVEM,95.41000366210938,2026-10-02,86.34880479303489,0.2535803823017295,2.403,0.648,2026-09-08
AVES,65.83000183105469,2026-10-02,62.65875304932613,0.14506870602008837,2.231,0.617,2026-09-08
AVEX,14.479999542236328,2026-10-02,21.055726540394318,,,,
AVGC,21.15999984741211,2026-10-02,24.565671550693796,,,,
AVGE,99.33999633789062,2026-10-02,92.82148198587485,0.1824782027359202,1.723,0.334,2026-09-10
AVGV,85.16000366210938,2026-10-02,80.05170525782611,0.20094202484558799,1.711,0.322,2026-09-10
AVGW,32.45399856567383,2026-10-02,44.48945817529443,-0.4105703277113085,23.873999999999995,0.238,2026-09-28
AVIE,77.74829864501953,2026-10-02,72.03465854599182,0.22097933190886487,1.172,0.297,2026-09-08
AVIG,39.380001068115234,2026-10-02,41.49697204225092,-0.06349579589509535,1.6280000000000001,0.136,2026-09-04
AVIV,79.47000122070312,2026-10-02,76.1157808341828,0.16371357673585485,2.27,0.273,2026-09-08
AVK,11.569999694824219,2026-10-02,12.515059756092816,-0.09679942889725401,1.4040000000000001,0.117,2026-09-15
AVLC,91.23999786376953,2026-10-02,83.81317515582202,0.18709337938102055,0.786,0.191,2026-09-08
AVLV,91.55999755859375,2026-10-02,83.97964137103928,0.2595954668236278,1.027,0.232,2026-09-08
AVMA,72.16349792480469,2026-10-02,69.77219740423074,0.10299571354572268,1.775,0.309,2026-09-10
AVMC,77.31999969482422,2026-10-02,75.22126684910748,0.10476082815799082,0.7749999999999999,0.186,2026-09-08
AVMU,42.84000015258789,2026-10-02,45.88583267637458,-0.05939176913178179,1.4580000000000002,0.12,2026-09-04
AVMV,77.47000122070312,2026-10-02,75.99373298432248,0.11876496494352495,0.879,0.203,2026-09-08
AVNC,50.009498596191406,2026-10-02,49.73983256022135,,,,
AVNM,83.41000366210938,2026-10-02,79.0552469382723,0.16886214894468243,2.347,0.406,2026-09-10
AVNT,41.16999816894531,2026-10-02,36.26681275386734,0.2555656303580558,1.1,0.275,2026-09-11
AVNV,84.67400360107422,2026-10-02,80.45242251817923,0.17072709422544285,2.6649999999999996,0.469,2026-09-10
AVRE,44.06999969482422,2026-10-02,46.004095510657564,-0.012547644183031226,1.379,0.401,2026-09-08
AVRY,24.976999282836914,2026-10-02,23.8687386079268,,,,
AVSC,70.30999755859375,2026-10-02,65.49786840492035,0.2151325248335727,0.701,0.208,2026-09-08
AVSD,79.55000305175781,2026-10-02,77.4652988388244,0.095579154153276,2.197,0.327,2026-09-08
AVSE,80.3499984741211,2026-10-02,72.47223900418832,0.24728346410998636,2.141,0.516,2026-09-08
AVSF,45.628501892089844,2026-10-02,46.748021935086804,-0.03134481826759372,1.831,0.147,2026-09-04
AVSU,88.9093017578125,2026-10-02,81.2628178995444,0.20110369217002533,0.7849999999999999,0.184,2026-09-08
AVTM,55.29029846191406,2026-10-02,52.418463238597624,,0.296,0.145,2026-09-08
AVTR,15.34000015258789,2026-10-02,11.08864543352469,0.07347797015660085,,,
AVUS,129.5800018310547,2026-10-02,119.43936251454144,0.18652140753912172,1.199,0.294,2026-09-08
AVUV,120.02999877929688,2026-10-02,113.68581663944806,0.19242990674039473,1.518,0.414,2026-09-08
AVY,169.8699951171875,2026-10-02,172.4764939266372,0.03934160902919981,3.88,1.0,2026-09-02
AWAY,16.756999969482422,2026-10-02,18.800760945475908,-0.2468764058659586,,,
AWF,9.630000114440918,2026-10-02,10.396733048427627,-0.1316501368853702,0.8580000000000003,0.066,2026-10-01
AWI,163.1199951171875,2026-10-02,176.0643424835813,-0.171011884050576,1.356,0.339,2026-08-05
AWK,130.25,2026-10-02,132.36346639200036,-0.05444646098003625,3.446,0.895,2026-08-11
AWP,10.180000305175781,2026-10-02,11.710836695484906,-0.14525605074732517,1.4400000000000004,0.12,2026-09-22
AWR,82.81999969482422,2026-10-02,78.00358584582568,0.17060070240034242,2.058,0.546,2026-08-17
AWX,2.4800000190734863,2026-10-02,2.626613532404501,-0.05703425431193121,,,
AX,88.93000030517578,2026-10-02,90.03649412968244,0.04414702614848065,,,
AXIL,6.170000076293945,2026-10-02,6.356737053251837,0.11553063154929055,,,
AXP,302.7799987792969,2026-10-02,336.7968922649247,-0.08315162387083852,3.54,0.95,2026-07-02
AXR,21.540000915527344,2026-10-02,23.755697189574224,-0.0945775499542525,,,
AXS,94.87999725341797,2026-10-02,101.57099574115647,0.003808724324346091,1.32,0.44,2026-09-30
AXTA,32.20000076293945,2026-10-02,31.47191234603821,0.14063058041369803,,,
AXTC,25.010000228881836,2026-10-02,18.53777775688777,,,,
AXTL,4.090000152587891,2026-10-02,3.6340789465527785,,,,
AXTQ,18.959999084472656,2026-10-02,39.09909092296254,,,,
AXTU,56.70000076293945,2026-10-02,104.79361946469261,,,,
AXTX,42.18000030517578,2026-10-02,79.98839282138007,,,,
AYI,308.760009765625,2026-10-02,323.65047816546314,-0.12520187254019854,0.77,0.2,2026-07-17
AZN,156.89999389648438,2026-10-02,180.4498804707926,-0.08041262227958557,2.153,2.153,2026-02-19
AZO,2792.030029296875,2026-10-02,3406.3738648919943,-0.3376092559221656,,,
AZTD,30.858999252319336,2026-10-02,30.41878079418167,0.08551427462076955,0.299,0.299,2025-12-24
AZTR,0.13199999928474426,2026-10-02,0.25964541786695383,-0.8333333333333334,,,
AZUL,7.349999904632568,2026-10-02,8.124157262652108,,,,
AZZ,139.38999938964844,2026-10-02,129.0103188624895,0.28624154154176007,0.8400000000000001,0.24,2026-07-09
B,40.22999954223633,2026-10-02,41.4138645840831,0.18497786857643472,0.9450000000000001,0.175,2026-08-31
BA,193.55999755859375,2026-10-02,217.22561779250188,-0.10513178535518874,,,
BAB,25.280000686645508,2026-10-02,26.904223141917196,-0.07467053554049596,1.1360000000000001,0.104,2026-09-21
BABA,105.8499984741211,2026-10-02,137.83717106063054,-0.43705792075037897,1.05,1.05,2026-06-11
BABC,21.43000030517578,2026-10-02,26.846833356221516,,,,
BABO,6.960000038146973,2026-10-02,11.269713171924728,-0.646341466960419,7.2620000000000005,0.046,2026-10-01
BABW,18.759000778198242,2026-10-02,32.26980167501586,-0.6414564050531907,13.217,0.217,2026-09-28
BAC,53.75,2026-10-02,54.71549800857605,0.061413914846675466,1.1600000000000001,0.32,2026-09-04
BAGX,101.83499908447266,2026-10-02,99.9307141985212,,,,
BAGY,23.500999450683594,2026-10-02,31.673358567682396,-0.5730584025354345,10.879,0.64,2026-09-29
BAH,67.3499984741211,2026-10-02,80.23976097258914,-0.3525283537046682,2.32,0.59,2026-08-14
BAI,48.79999923706055,2026-10-02,39.932470108883315,0.41326385642155095,0.593,0.593,2025-12-16
BAK,1.5499999523162842,2026-10-02,3.0731274934403925,-0.3724696622014181,,,
BALI,34.529998779296875,2026-10-02,32.73910359082469,0.0909952352441874,2.6710000000000003,0.177,2026-10-01
BALL,56.369998931884766,2026-10-02,57.69948194891333,0.12179102352009474,0.8,0.2,2026-09-01
BALT,34.9900016784668,2026-10-02,33.851231001287815,0.0661182816520498,,,
BALY,14.09000015258789,2026-10-02,13.878565769271546,0.06259426164248616,,,
BAM,44.849998474121094,2026-10-02,49.59350593536499,-0.22404845906357895,1.944,0.502,2026-08-31
BAMA,36.810001373291016,2026-10-02,35.109426186854144,0.09228488249091349,0.522,0.17,2026-08-28
BAMB,24.90999984741211,2026-10-02,26.177904448186258,-0.06159352888237413,0.7849999999999999,0.214,2026-08-28
BAMD,32.5,2026-10-02,32.02623901519168,0.036352020646075456,1.138,0.237,2026-08-28
BAMG,45.349998474121094,2026-10-02,41.197466223363385,0.18497030604395936,0.004,0.004,2026-08-28
BAMO,34.773799896240234,2026-10-02,33.41322227873175,0.08026720657848663,0.47400000000000003,0.112,2026-08-28
BAMU,25.235000610351562,2026-10-02,25.256159292274262,-0.0027662396356462615,0.7349999999999999,0.174,2026-08-28
BAMV,36.279998779296875,2026-10-02,34.323541762819325,0.12183050736299084,0.45199999999999996,0.106,2026-08-28
BAMY,26.51799964904785,2026-10-02,27.63097610321653,-0.04470626082928264,1.89,0.42,2026-08-28
BANC,17.739999771118164,2026-10-02,18.847848576853476,0.037426864056796516,0.45999999999999996,0.12,2026-09-15
BAP,373.30999755859375,2026-10-02,332.30892324257655,0.40241930250842817,14.276,14.276,2026-05-18
BAPR,54.814998626708984,2026-10-02,50.54868134274426,0.1677673674987945,,,
BAR,40.83000183105469,2026-10-02,43.799242984726135,0.06605751029744189,,,
BARK,8.119999885559082,2026-10-02,12.219960216507019,-0.4931336046483109,,,
BATL,1.0299999713897705,2026-10-02,2.907804779797436,-0.0884955966936618,,,
BATT,14.574999809265137,2026-10-02,15.024617556081825,0.09176025414169664,0.256,0.256,2025-12-30
BAUG,55.55500030517578,2026-10-02,51.69680883399994,0.13222733782075502,,,
BAVA,28.837299346923828,2026-10-02,21.299809303604253,,,,
BAX,23.489999771118164,2026-10-02,20.67601592227282,-0.015507159671776183,0.04,0.01,2026-08-28
BAY,30.690000534057617,2026-10-02,28.73086536847628,,,,
BB,9.300000190734863,2026-10-02,5.988446203360994,1.0666667090521917,,,
BBAG,43.63999938964844,2026-10-02,45.99312359023379,-0.06372025706525142,2.0,0.165,2026-10-01
BBAI,2.6500000953674316,2026-10-02,4.515219125139761,-0.6314325348709552,,,
BBAR,12.380000114440918,2026-10-02,16.121872575159568,0.48798083756449917,0.31200000000000006,0.076,2026-08-03
BBAX,61.34000015258789,2026-10-02,60.37601601650041,0.0736915632025481,2.357,0.789,2026-09-22
BBBI,48.470001220703125,2026-10-02,51.46957374663942,-0.07287677214144328,2.26,0.215,2026-09-01
BBBL,43.58300018310547,2026-10-02,47.791494042749896,-0.12215998171330222,2.482,0.243,2026-09-01
BBBS,49.70000076293945,2026-10-02,51.141976056345904,-0.036560264912415597,2.1430000000000002,0.197,2026-09-01
BBC,44.56399917602539,2026-10-02,42.831426179741484,0.5833717694516012,0.655,0.655,2025-12-22
BBCA,100.97000122070312,2026-10-02,97.08705181714548,0.14219456422910115,1.753,0.418,2026-09-22
BBCB,42.78200149536133,2026-10-02,45.35149413940916,-0.07460356844304383,2.269,0.196,2026-10-01
BBD,3.6500000953674316,2026-10-02,3.5711155431679047,0.1514195607322053,0.15600000000000003,0.004,2026-09-03
BBDC,8.630000114440918,2026-10-02,8.758207146390026,0.0023229336307999393,1.04,0.26,2026-09-02
BBDO,3.1600000858306885,2026-10-02,3.1835059863162707,0.08965516617692204,0.14,0.002,2026-09-21
BBEM,77.31999969482422,2026-10-02,71.17934638095566,0.20189017618811111,3.514,0.461,2026-09-22
BBEU,75.37999725341797,2026-10-02,75.5089641130303,0.06213887497339332,2.291,0.279,2026-09-22
BBHL,17.445999145507812,2026-10-02,16.490377274426546,0.11170581301359195,,,
BBHM,11.579999923706055,2026-10-02,11.600136405771428,0.05579864047505634,,,
BBHY,44.165000915527344,2026-10-02,46.11853387536281,-0.055496097073443496,3.1980000000000004,0.242,2026-10-01
BBIB,93.66000366210938,2026-10-02,98.27403976622806,-0.058267538708503985,3.8559999999999994,0.331,2026-10-01
BBIN,78.04000091552734,2026-10-02,76.11060950290634,0.09162125118872466,2.907,0.311,2026-09-22
BBJP,79.6500015258789,2026-10-02,72.39966145549637,0.1789521078179388,3.537,3.537,2025-12-23
BBLB,73.11000061035156,2026-10-02,81.54560946278363,-0.13367537278856179,3.8770000000000002,0.34,2026-10-01
BBLS,24.68000030517578,2026-10-02,24.88387095543646,,,,
BBLU,17.190000534057617,2026-10-02,15.94124303870942,0.14272420934834118,0.191,0.191,2025-12-16
BBMC,122.38999938964844,2026-10-02,115.90550982714649,0.16375703866204128,1.407,0.363,2026-09-22
BBN,14.420000076293945,2026-10-02,16.188605563099166,-0.1281741669822517,1.188,0.099,2026-09-15
BBP,102.49800109863281,2026-10-02,87.14739038839758,0.4253849444513762,,,
BBRE,99.45999908447266,2026-10-02,100.74442622576102,0.04157504774863341,2.927,0.816,2026-09-22
BBSB,96.96600341796875,2026-10-02,98.64927104934753,-0.021819996496584837,3.6899999999999995,0.312,2026-10-01
BBSC,86.3499984741211,2026-10-02,81.75774511208097,0.1433148499536938,0.9119999999999999,0.246,2026-09-22
BBT,28.34000015258789,2026-10-02,28.810996021407533,0.18379279533727355,1.292,0.323,2026-08-14
BBUC,25.600000381469727,2026-10-02,32.694103514530745,-0.24838522168866983,0.252,0.063,2026-08-31
BBUS,139.00999450683594,2026-10-02,128.37041053923951,0.1467106311122086,1.3719999999999999,0.351,2026-09-22
BBVA,26.979999542236328,2026-10-02,23.722629486327154,0.40155841777851053,1.077,0.708,2026-04-09
BBW,25.559999465942383,2026-10-02,43.43334662296858,-0.5813267848425111,0.91,0.23,2026-09-24
BBWI,16.059999465942383,2026-10-02,20.41657372204906,-0.37944358629312014,0.8,0.2,2026-08-21
BBY,87.97000122070312,2026-10-02,73.89960171216987,0.14454853658764155,3.83,0.96,2026-09-17
BC,65.43000030517578,2026-10-02,76.17027899753525,-0.013717155305224105,1.75,0.44,2026-08-20
BCAT,13.729999542236328,2026-10-02,14.990597603330574,-0.08160537007316371,3.1140000000000003,0.254,2026-09-15
BCC,74.98999786376953,2026-10-02,76.31223108663977,-0.03400746467928284,0.89,0.23,2026-09-01
BCCC,13.529999732971191,2026-10-02,15.551764940360627,-0.4704500924858822,5.835999999999999,0.078,2026-09-28
BCD,38.470001220703125,2026-10-02,35.79722319371197,0.11088651556882234,5.329,5.329,2025-12-30
BCDF,31.993999481201172,2026-10-02,31.700238976345595,0.0008132841866492768,0.763,0.763,2025-12-23
BCE,19.729999542236328,2026-10-02,23.690996002865976,-0.15539387728040832,1.262,0.315,2026-09-15
BCEM,26.90999984741211,2026-10-02,26.77544714764851,,,,
BCGD,26.356000900268555,2026-10-02,25.773427868363868,0.0463298170795885,,,
BCGS,27.1200008392334,2026-10-02,26.78832160843002,,0.12000000000000001,0.114,2026-06-26
BCH,38.4900016784668,2026-10-02,39.01856575924087,0.2578431764260687,2.183,2.183,2026-03-30
BCHP,37.72700119018555,2026-10-02,36.811207265967866,0.001114496891707617,,,
BCHT,1.5,2026-10-02,2.514820715820647,-0.5652173973136376,,,
BCI,25.8799991607666,2026-10-02,23.344003928135116,0.19648636915847995,3.22,3.22,2025-12-30
BCIL,29.274799346923828,2026-10-02,28.641489226504625,0.0014298753317045776,0.174,0.153,2026-06-26
BCKT,38.34000015258789,2026-10-02,43.740310790529286,-0.19849480743414216,10.829,0.833,2026-10-02
BCO,101.80000305175781,2026-10-02,112.1876495482912,-0.11347207673537663,1.02,0.255,2026-07-27
BCOR,27.506999969482422,2026-10-02,25.86265734942311,-0.23786432753804154,0.8,0.026,2026-06-17
BCPL,23.65999984741211,2026-10-02,24.746458970783838,,0.6739999999999999,0.098,2026-09-01
BCS,23.709999084472656,2026-10-02,24.414462131333067,0.13066284505661518,0.62,0.313,2026-08-07
BCSF,11.050000190734863,2026-10-02,13.050119506410393,-0.21352312877392854,1.8599999999999999,0.42,2026-09-15
BCSM,24.50510025024414,2026-10-02,23.891721877292614,0.008274332977353582,,,
BCSS,10.279999732971191,2026-10-02,10.18297692487866,0.019841251069335764,,,
BCUS,34.300498962402344,2026-10-02,33.9653366894361,0.05355222527722958,0.035,0.035,2025-12-30
BCV,23.040000915527344,2026-10-02,23.706374483754434,0.03179583494165339,1.4599999999999997,0.41,2026-09-16
BCX,11.899999618530273,2026-10-02,11.721035850950447,0.15984399152661322,0.8400000000000003,0.07,2026-09-15
BD,23.75,2026-10-02,24.6877777311537,,0.22499999999999998,0.104,2026-09-02
BDBT,24.100000381469727,2026-10-02,25.258625501655487,-0.058225860188886425,0.904,0.087,2026-08-27
BDC,112.45999908447266,2026-10-02,118.62187234339011,-0.04694916030107921,0.2,0.05,2026-09-16
BDCX,19.479799270629883,2026-10-02,21.656357761398255,-0.2289503119976638,4.0889999999999995,1.172,2026-07-14
BDCZ,14.78600025177002,2026-10-02,15.63248602422585,-0.1305421733096367,1.7510000000000001,0.532,2026-07-14
BDEC,54.93000030517578,2026-10-02,51.112629423103485,0.1420908087656183,,,
BDIV,24.389999389648438,2026-10-02,23.69494026305666,0.0780110227468922,0.25899999999999995,0.02,2026-09-30
BDJ,9.40999984741211,2026-10-02,9.334023893591892,0.0329308674029396,0.8570000000000002,0.062,2026-09-15
BDL,46.5099983215332,2026-10-02,35.614023862132036,0.44261773883831346,0.6,0.6,2026-06-10
BDN,2.7799999713897705,2026-10-02,3.105697214840893,-0.3219512107186483,0.32,0.08,2026-07-08
BDRY,14.199999809265137,2026-10-02,11.362262932902789,0.8393782636246185,,,
BDVG,14.732999801635742,2026-10-02,13.715175286707176,0.15344868663895017,0.201,0.043,2026-09-29
BDX,176.8000030517578,2026-10-02,159.6932975495479,0.16155983999080914,3.975472,1.05,2026-09-09
BE,289.1499938964844,2026-10-02,187.52677352114978,2.2024586439754783,,,
BEBE,10.039999961853027,2026-10-02,9.948606011361786,,,,
BEC,19.43000030517578,2026-10-02,15.581343316320163,,,,
BEGS,18.158000946044922,2026-10-02,22.3774263298369,-0.5698175470294072,10.981,10.981,2025-12-16
BEKE,16.43000030517578,2026-10-02,16.87521911332332,-0.12139039385829686,0.276,0.276,2026-04-08
BEMB,50.525001525878906,2026-10-02,53.39288059553777,-0.06410918629354534,3.630000000000001,0.268,2026-10-01
BEMD,23.59000015258789,2026-10-02,24.638857269287108,,,,
BEN,32.810001373291016,2026-10-02,28.150597659715142,0.378571530464606,1.32,0.33,2026-09-30
BENJ,53.314998626708984,2026-10-02,52.339920226321276,0.037357683662697205,,,
BEPC,28.520000457763672,2026-10-02,38.00713140936012,-0.204241062044071,1.549,0.392,2026-08-31
BERZ,16.299999237060547,2026-10-02,42.86119109225938,-0.7623906763903265,,,
BESF,37.81100082397461,2026-10-02,37.63903584423293,0.1952268231518539,2.249,0.024,2026-06-29
BESS,2.309999942779541,2026-10-02,5.5306374371289255,-0.6435185283981177,,,
BETA,22.170000076293945,2026-10-02,21.23615718408443,-0.38416666454739046,,,
BETE,41.10900115966797,2026-10-02,41.81191619933839,-0.5034065097311602,11.271,0.031,2026-10-01
BETH,46.606998443603516,2026-10-02,46.93742218625498,-0.4506482737459969,8.815,0.042,2026-10-01
BETZ,16.243000030517578,2026-10-02,19.525661324124886,-0.31188306098231244,0.959,0.959,2025-12-30
BEX,39.45000076293945,2026-10-02,32.212000060725856,1.4873897614701739,,,
BEZ,4.550000190734863,2026-10-02,60.60827157821184,,,,
BF-A,26.670000076293945,2026-10-02,27.510916424937456,-0.03961110418931224,0.924,0.231,2026-09-03
BF-B,26.15999984741211,2026-10-02,27.21561751802604,-0.06471217412859154,0.924,0.231,2026-09-03
BFAM,64.26000213623047,2026-10-02,82.08549779154865,-0.39622285115125144,,,
BFAP,16.236000061035156,2026-10-02,17.166852631891867,-0.34545455104681566,3.443,3.443,2025-12-29
BFEB,54.29499816894531,2026-10-02,50.49705163416159,0.14740064495148353,,,
BFEW,21.3799991607666,2026-10-02,21.200725878438643,,,,
BFH,98.05000305175781,2026-10-02,84.03597616674416,0.7600072637424626,0.92,0.23,2026-08-31
BFIX,24.645000457763672,2026-10-02,25.254063784838674,-0.027618815330643365,0.8949999999999998,0.085,2026-09-29
BFJA,19.250099182128906,2026-10-02,18.4242368216043,,,,
BFJL,19.190000534057617,2026-10-02,17.883493993386804,-0.10007498266758152,0.244,0.244,2025-12-29
BFLB,55.74359893798828,2026-10-02,52.532712090399954,0.1112049819724854,,,
BFLY,8.949999809265137,2026-10-02,5.034183278976683,2.841201760654753,,,
BFOC,17.114999771118164,2026-10-02,17.68113546637425,-0.16577309673509266,,,
BFOR,23.290000915527344,2026-10-02,21.990388459893335,0.1460204528588549,0.1225,0.1225,2025-12-18
BFRZ,27.200000762939453,2026-10-02,26.832203177341903,0.02506127451861273,0.066,0.012,2026-09-30
BFS,30.15999984741211,2026-10-02,33.09529873669385,-0.044057034017790375,2.36,0.59,2026-07-15
BFXU,23.829999923706055,2026-10-02,23.086290344115227,,,,
BG,106.72000122070312,2026-10-02,111.44633499084716,0.27093009014260794,2.84,0.72,2026-08-18
BGB,11.130000114440918,2026-10-02,11.473027871424458,-0.07558138291489291,0.9259999999999998,0.074,2026-09-23
BGDV,30.510000228881836,2026-10-02,29.10943822366783,0.12558102322572995,0.264,0.024,2026-08-28
BGFI,24.56999969482422,2026-10-02,24.962083260218304,,,,
BGH,13.130000114440918,2026-10-02,14.420199189053113,-0.12115123940960282,1.4639999999999995,0.122,2026-09-21
BGIG,35.439998626708984,2026-10-02,34.30807164560751,0.09183890528212002,0.5660000000000001,0.052,2026-08-28
BGLD,16.3799991607666,2026-10-02,18.875996000738258,-0.31607521340403344,7.583,7.583,2025-12-29
BGR,17.049999237060547,2026-10-02,15.393864529066352,0.2629629064489294,1.164,0.097,2026-09-15
BGS,2.690000057220459,2026-10-02,4.333426301697811,-0.39277648725569225,0.57,0.095,2026-09-30
BGSF,4.920000076293945,2026-10-02,5.213466137053957,0.16864608829302496,,,
BGSI,78.43000030517578,2026-10-02,127.51782631252122,-0.5032932024266403,0.332,0.11,2026-09-29
BGT,10.4399995803833,2026-10-02,11.085099600225806,-0.13504558041868753,1.4400000000000004,0.12,2026-09-15
BGX,10.539999961853027,2026-10-02,11.133306776859845,-0.1120471724118649,0.9739999999999999,0.08,2026-09-23
BGY,5.619999885559082,2026-10-02,5.784183293224806,-0.0458404052711151,0.5159999999999999,0.043,2026-09-15
BH,363.760009765625,2026-10-02,350.66792795857583,0.10000304539015592,,,
BH-A,1785.489990234375,2026-10-01,1791.3901220703126,0.11805557678866152,,,
BHB,39.45000076293945,2026-10-02,34.548326720279526,0.29855173972111393,1.32,0.34,2026-08-20
BHC,5.800000190734863,2026-10-02,5.921195218287616,-0.13173647608051264,,,
BHE,87.38999938964844,2026-10-02,64.31733066817203,1.2912952487714753,0.68,0.17,2026-09-30
BHK,8.170000076293945,2026-10-02,9.270717134513703,-0.18544363970050248,0.8999999999999998,0.075,2026-09-15
BHM,8.010000228881836,2026-10-02,9.751095638807076,-0.33082706347590773,0.5,0.125,2026-09-25
BHP,86.06999969482422,2026-10-02,74.62482054205054,0.5516495006439666,3.44,1.98,2026-09-04
BHR,1.659999966621399,2026-10-02,2.4598406334797223,-0.38745389547800024,0.05,0.05,2025-12-31
BHV,11.579999923706055,2026-10-02,11.437529902059243,0.07321593740926735,0.5640000000000001,0.046,2026-09-15
BHVN,12.869999885559082,2026-10-02,12.147171332066753,-0.18595828311362528,,,
BHYB,52.24800109863281,2026-10-02,54.20406770136252,-0.04431966256561082,3.3590000000000004,0.283,2026-10-01
BHYP,48.7599983215332,2026-10-02,38.522371016826824,,,,
BIBL,55.380001068115234,2026-10-02,50.59220323904577,0.22984682588037075,0.401,0.105,2026-06-26
BIDD,30.440000534057617,2026-10-02,29.83079682308364,0.0658263691621257,2.3310000000000004,0.083,2026-09-15
BIGY,52.854000091552734,2026-10-02,52.00710755610371,0.0037411662380502086,6.306000000000001,0.527,2026-09-02
BIII,10.050000190734863,2026-10-02,9.944152040091174,,,,
BIL,91.43000030517578,2026-10-02,91.52964141359367,-0.0006557827084342494,3.3529999999999998,0.263,2026-10-01
BILD,27.677000045776367,2026-10-02,29.52274493487233,-0.016033852725535924,1.436,0.275,2026-09-21
BILL,43.619998931884766,2026-10-02,44.74294814455557,-0.18222724396133205,,,
BILS,99.08999633789062,2026-10-02,99.29631480182785,-0.0016121275779281685,3.6470000000000002,0.31,2026-10-01
BILT,26.100000381469727,2026-10-02,27.646370526803917,0.001035570409753328,1.639,0.097,2026-09-15
BILZ,100.66000366210938,2026-10-02,100.84924295129053,-0.0018839347038808185,3.53,0.31,2026-09-01
BINC,50.56999969482422,2026-10-02,52.43147411574405,-0.048183725236688235,3.0570000000000004,0.232,2026-10-01
BINT,32.70000076293945,2026-10-02,30.451458136873892,0.17752971638131543,0.45399999999999996,0.238,2026-06-26
BINV,42.7400016784668,2026-10-02,42.10645023665105,0.09710708922456979,0.9740000000000001,0.171,2026-09-29
BIO,369.1400146484375,2026-10-02,309.1451785630914,0.2083538788463397,,,
BIO-B,365.0799865722656,2026-10-02,305.24557604542764,0.2815219752697069,,,
BIPC,36.650001525878906,2026-10-02,42.50482074387995,-0.15024343570041798,1.7950000000000002,0.455,2026-08-31
BIRK,33.33000183105469,2026-10-02,39.71860568741878,-0.27559219632799103,,,
BIT,11.319999694824219,2026-10-02,12.684980080897114,-0.15522387932233328,1.4880000000000004,0.124,2026-09-15
BITB,45.75,2026-10-02,43.282271016641445,-0.3153247499409413,,,
BITC,38.81999969482422,2026-10-02,38.56693240465871,-0.15548109526884413,1.226,1.226,2025-12-26
BITI,17.459999084472656,2026-10-02,23.15378485447857,0.022847064828401153,5.57,0.039,2026-10-01
BITO,11.279999732971191,2026-10-02,11.370756983282082,-0.4440611520949248,2.4689999999999994,0.017,2026-10-01
BITQ,25.260000228881836,2026-10-02,23.83617935332644,-0.06131548227002126,,,
BITU,15.390000343322754,2026-10-02,19.61394422082787,-0.7474150621001157,6.704000000000001,0.009,2026-10-01
BITW,55.189998626708984,2026-10-02,52.539836533990986,-0.3494047219682488,,,
BITX,19.920000076293945,2026-10-02,22.75316739177324,-0.6855564237395932,2.052999999999999,0.021,2026-09-23
BITY,27.944000244140625,2026-10-02,34.24919917194017,-0.5139328678327868,8.339000000000002,0.568,2026-09-29
BIV,72.61000061035156,2026-10-02,76.95035829582062,-0.06957970581078499,3.298,0.28,2026-10-01
BIZD,12.319999694824219,2026-10-02,13.337729066491603,-0.1438499373948282,1.56,0.437,2026-10-01
BJ,94.95999908447266,2026-10-02,93.15023919215716,0.02437974337250859,,,
BJAN,60.810001373291016,2026-10-02,56.59631481398624,0.14433575596044657,,,
BJUL,55.790000915527344,2026-10-02,52.31035866300423,0.12163246949948703,,,
BJUN,49.88999938964844,2026-10-02,47.71023111229399,0.08925377532363332,,,
BKAG,39.81999969482422,2026-10-02,42.028023875567065,-0.06398383089149784,1.862,0.243,2026-10-01
BKCG,39.733001708984375,2026-10-02,36.956848706857144,0.10787986468588318,0.214,0.064,2026-07-01
BKCI,51.941001892089844,2026-10-02,52.39118319203654,-0.017050777373983528,0.716,0.716,2025-12-29
BKD,10.859999656677246,2026-10-02,12.643067709478249,0.34739442819950916,,,
BKDV,33.880001068115234,2026-10-02,31.26842633281571,0.21173112222776136,0.179,0.179,2025-12-29
BKE,42.900001525878906,2026-10-02,49.8656972148029,-0.25391301694123636,4.3999999999999995,0.35,2026-07-15
BKEM,30.81999969482422,2026-10-02,28.155513930605704,0.25257395555957274,0.349667,0.283667,2026-07-01
BKF,38.599998474121094,2026-10-02,42.309960141124954,-0.15443598720935814,0.635,0.152,2026-06-15
BKFI,22.719999313354492,2026-10-02,23.828081912681704,,0.689,0.089,2026-09-01
BKGI,41.75,2026-10-02,43.27200391852998,0.07298895306412545,1.292,0.286,2026-10-01
BKH,70.95999908447266,2026-10-02,71.53988068417249,0.1793252658115625,2.7849999999999997,0.703,2026-08-17
BKHY,45.560001373291016,2026-10-02,47.69443022587385,-0.059843123523930175,3.466,0.283,2026-10-01
BKIE,33.290000915527344,2026-10-02,32.34472117481004,0.10231788326243518,0.8919999999999999,0.29,2026-07-01
BKKT,7.75,2026-10-02,12.501633469327038,-0.8080733086924177,,,
BKLC,49.22999954223633,2026-10-02,45.44283534806088,0.1493385448333664,0.39733399999999996,0.127667,2026-07-01
BKLG,26.164499282836914,2026-10-02,25.359229140811497,,,,
BKLN,20.479999542236328,2026-10-02,20.64322703388108,-0.021967573070169055,1.312,0.115,2026-09-21
BKMC,39.0890007019043,2026-10-02,38.56954050254062,0.0720965931906501,0.455333,0.126,2026-07-01
BKSE,42.092498779296875,2026-10-02,40.60730088374529,0.13196508134254792,0.40133299999999994,0.141,2026-07-01
BKSY,21.920000076293945,2026-10-02,26.1275697115408,-0.14106584313851522,,,
BKT,9.649999618530273,2026-10-02,10.716334646916485,-0.13839287652957233,1.0559999999999998,0.088,2026-09-15
BKTI,75.97000122070312,2026-10-02,79.08438238014737,-0.025900714173564543,,,
BKU,43.380001068115234,2026-10-02,45.38406376629712,0.13116043791731635,1.28,0.33,2026-07-10
BKUI,49.470001220703125,2026-10-02,49.74630287443974,-0.0063271794250162605,1.984,0.136,2026-10-01
BKV,21.56999969482422,2026-10-02,26.554860536795687,-0.10199836453989619,,,
BLCK,23.299999237060547,2026-10-02,24.720865378013023,,,,
BLCO,17.110000610351562,2026-10-02,16.437968105908883,0.1256579490166958,,,
BLCV,41.495201110839844,2026-10-02,39.06053068913312,0.15235642233951374,0.538,0.139,2026-09-15
BLDG,25.051000595092773,2026-10-02,25.82515140548645,-0.028918101497235726,1.4260000000000002,0.4,2026-09-18
BLDR,56.25,2026-10-02,91.28617561005976,-0.5624270815664456,,,
BLDX,24.596599578857422,2026-10-02,26.173848810650053,,0.254,0.254,2026-06-22
BLES,47.65999984741211,2026-10-02,46.08666135020465,0.10682764346065143,0.714,0.404,2026-06-26
BLGR,33.2400016784668,2026-10-02,30.114840663286795,0.15537021722559197,0.056999999999999995,0.029,2026-06-26
BLK,1059.6300048828125,2026-10-02,1067.6725517364137,-0.08706884837909157,22.400000000000002,5.73,2026-09-08
BLND,1.0299999713897705,2026-10-02,2.1039840605154456,-0.694362015914759,,,
BLOK,61.81999969482422,2026-10-02,61.139840631371,-0.12075093384399971,0.488,0.08,2026-06-29
BLOX,13.65999984741211,2026-10-02,16.996454219894105,-0.4721792778061481,6.279999999999999,0.096,2026-10-02
BLSH,34.22999954223633,2026-10-02,36.7086851796306,-0.47184075248128965,,,
BLST,24.33839988708496,2026-10-02,25.114897967334763,-0.03895758523720483,0.868,0.083,2026-08-27
BLTD,23.420000076293945,2026-10-02,25.243115520097344,-0.09749520663824929,1.0050000000000001,0.095,2026-08-27
BLUC,32.31999969482422,2026-10-02,29.676557715670523,0.14703480293562587,0.11599999999999999,0.036,2026-06-26
BLUI,24.7283992767334,2026-10-02,25.593690872192383,-0.028048116285145697,1.2349999999999999,0.136,2026-08-27
BLUX,31.690000534057617,2026-10-02,29.882458067510232,0.14033823281924374,0.22599999999999998,0.078,2026-06-26
BLV,62.470001220703125,2026-10-02,68.73342611305267,-0.11889986070167835,3.294000000000001,0.273,2026-10-01
BLW,11.720000267028809,2026-10-02,13.06936253399488,-0.15744066171149096,1.356,0.113,2026-09-15
BLX,54.779998779296875,2026-10-02,51.38880488787039,0.21625216842328499,2.689,0.688,2026-08-07
BMA,64.55000305175781,2026-10-02,81.42836670286627,0.4983751232161333,3.1510000000000007,0.53,2026-07-06
BMAR,59.400001525878906,2026-10-02,55.183187127588276,0.14958100050327627,,,
BMAY,48.768001556396484,2026-10-02,46.03596414512847,0.1119015248004025,,,
BME,43.34000015258789,2026-10-02,41.22717125577281,0.14444154673840348,3.144,0.262,2026-09-15
BMED,33.79600143432617,2026-10-02,30.225306780689742,0.2111091418284723,0.081,0.081,2026-06-15
BMEZ,16.469999313354492,2026-10-02,15.124422297534714,0.10834452852452148,1.3200000000000003,0.11,2026-09-15
BMI,127.7699966430664,2026-10-02,150.31661324672015,-0.2941273934006936,1.6400000000000001,0.44,2026-08-28
BMN,22.25,2026-10-02,25.597063748485063,-0.11389886662019955,0.752,0.094,2026-09-15
BMNR,26.270000457763672,2026-10-02,25.884462086802934,-0.5362753795202815,0.01,0.01,2025-12-08
BMNU,20.530000686645508,2026-10-02,52.221155440189925,-0.9364789606706615,,,
BMNZ,4.329999923706055,2026-10-02,18.051351341041357,-0.8196509732450847,,,
BMO,165.6999969482422,2026-10-02,150.19139442595826,0.2841974619535461,2.439,1.218,2026-07-30
BMSI,24.61009979248047,2026-10-02,25.092085361480713,,0.114,0.114,2026-09-01
BMVP,52.029998779296875,2026-10-02,51.16988043006198,0.06444348695475788,0.95,0.248,2026-09-21
BMY,61.150001525878906,2026-10-02,56.848964189628205,0.3454345544421078,3.1399999999999997,0.63,2026-10-02
BN,36.91999816894531,2026-10-02,43.9023505283067,-0.19400383562780066,0.27,0.07,2026-09-14
BNAV,32.40570068359375,2026-10-02,29.09012096486193,,,,
BNDC,21.075000762939453,2026-10-02,22.168000012279983,-0.0652028968010604,0.9139999999999998,0.078,2026-09-08
BNDD,94.53399658203125,2026-10-02,98.00786848942123,-0.05368536013502678,3.248,0.29,2026-08-28
BNDI,44.869998931884766,2026-10-02,47.12930288732764,-0.06001888848505654,2.726,0.222,2026-09-09
BNDS,48.70000076293945,2026-10-02,50.599820672753324,-0.04507931060636772,3.726,0.34,2026-08-27
BNDY,23.90999984741211,2026-10-02,25.465956220588836,-0.07019250610403482,1.8130000000000002,0.133,2026-09-25
BNED,11.710000038146973,2026-10-02,10.005298808276416,0.19611849681054871,0.08,0.08,2026-07-16
BNGE,30.551000595092773,2026-10-02,33.66164139067509,-0.23717849745120112,0.121,0.057,2026-06-25
BNKD,35.92499923706055,2026-10-02,46.07852988224106,-0.4994077956859503,,,
BNKU,32.310001373291016,2026-10-02,34.39695623481416,0.21511851026245377,,,
BNL,18.559999465942383,2026-10-02,19.497171280393562,-0.006424027691270928,1.1689999999999998,0.293,2026-09-30
BNMC,66.19999694824219,2026-10-02,49.30366678237915,,,,
BNO,63.099998474121094,2026-10-02,42.535657510339504,1.1550545421571918,,,
BNOV,49.4119987487793,2026-10-02,45.946470146635136,0.13369277932100565,,,
BNT,36.91999816894531,2026-10-02,44.14545814544556,-0.19470706196292376,0.21000000000000002,0.07,2026-09-14
BNY,145.39999389648438,2026-10-02,131.24661364308392,0.36397744819651767,2.322,0.63,2026-07-27
BOAT,52.43000030517578,2026-10-02,39.41846607405826,0.6729419288418985,2.285,1.006,2026-06-29
BOBP,30.631000518798828,2026-10-02,28.547701208714944,0.14594092941896575,0.857,0.857,2025-12-30
BOBS,14.1899995803833,2026-10-02,15.029216852532812,,,,
BOC,13.210000038146973,2026-10-02,12.990000025684616,-0.006766928668962557,,,
BOCT,55.43000030517578,2026-10-02,51.061035855357865,0.14241549427492717,,,
BOE,11.6899995803833,2026-10-02,11.81171313889948,-0.0034100565570356345,0.9959999999999999,0.083,2026-09-15
BOH,69.27999877929688,2026-10-02,74.23856598447519,0.0658461350661057,2.8,0.7,2026-08-31
BOIL,19.90999984741211,2026-10-02,37.093266992454986,-0.6652656354969513,,,
BOND,86.54000091552734,2026-10-02,92.21764939144788,-0.07155882667588642,4.750000000000001,0.4,2026-10-01
BOOT,121.87999725341797,2026-10-02,169.6350996465797,-0.2888318719750418,,,
BORR,3.9100000858306885,2026-10-02,4.523824724068205,0.3671329472897351,,,
BOUT,43.039798736572266,2026-10-02,41.879800029009935,0.10076215898214902,0.125,0.125,2025-12-31
BOW,33.77000045776367,2026-10-02,27.513625505910927,0.33636722778089845,,,
BOX,34.4900016784668,2026-10-02,28.501832627680198,0.07278382710819864,,,
BOXA,101.6449966430664,2026-10-02,105.22457742881015,-0.030835545985582025,0.137,0.137,2025-12-23
BOXX,118.44999694824219,2026-10-02,116.19173291574911,0.03985596646629719,,,
BP,44.790000915527344,2026-10-02,40.32900406734877,0.31118270244724666,2.017,0.52,2026-08-14
BPAY,24.500999450683594,2026-10-02,26.349059823024795,-0.25358723895762836,1.828,0.145,2026-06-15
BPH,71.22799682617188,2026-10-02,62.96877291857959,0.33889725500847967,1.691,0.332,2026-06-16
BPI,25.84000015258789,2026-10-02,26.81178488104467,-0.403026446952089,5.208,0.25,2026-09-29
BPRE,12.6899995803833,2026-10-02,14.848150067329406,,1.127,0.137,2026-09-16
BPRO,20.16900062561035,2026-10-02,21.89775574207306,,,,
BQ,0.8019999861717224,2026-10-02,1.9690597556026808,-0.9477524451960351,,,
BR,156.92999267578125,2026-10-02,182.68533878402405,-0.33133072971456856,4.015,1.09,2026-09-03
BRAZ,31.795000076293945,2026-10-02,30.239043809503197,0.23490116893721935,0.797,0.155,2026-06-29
BRBR,7.429999828338623,2026-10-02,18.399243033739676,-0.7876536304109091,,,
BRBS,3.930000066757202,2026-10-02,3.9338645602602407,-0.07092197422306257,0.85,0.6,2026-04-13
BRC,84.77999877929688,2026-10-02,84.67709153011975,0.08525340243931612,0.98,0.245,2026-07-10
BRCC,9.050000190734863,2026-10-02,10.849282904925099,-0.423566859829251,,,
BRCE,30.380599975585938,2026-10-02,27.58972099849156,0.20319207824102725,0.209,0.058,2026-09-24
BREE,27.66699981689453,2026-10-02,25.988278940421385,,,,
BREW,25.239999771118164,2026-10-02,26.625576899601864,,,,
BRF,16.790000915527344,2026-10-02,17.133824682805642,0.041563278003266424,0.889,0.889,2025-12-22
BRIA,1.399999976158142,2026-10-02,1.690649399244453,-0.33333331441122305,,,
BRIB,24.100000381469727,2026-10-02,24.87897814451343,,0.5119999999999999,0.073,2026-09-30
BRIE,30.399999618530273,2026-10-02,28.56167226679185,0.21995260063868116,0.10899999999999999,0.037,2026-07-31
BRIF,37.739898681640625,2026-10-02,33.11507930983585,0.2569491810534117,0.156,0.156,2025-12-09
BRK-A,754790.0,2026-10-02,740419.2948207172,0.00560497639834634,,,
BRK-B,502.6499938964844,2026-10-02,493.5928283934574,0.007819536634555035,,,
BRKC,39.34000015258789,2026-10-02,42.65708361013952,-0.17368566459413926,8.697999999999999,0.118,2026-10-01
BRKL,23.899999618530273,2026-10-02,24.396190522209046,,,,
BRKW,38.04999923706055,2026-10-02,41.436318781271396,-0.19567928900047626,7.761,0.118,2026-09-28
BRLN,50.58000183105469,2026-10-02,51.076199337780714,-0.02037492522175255,3.0780000000000003,0.277,2026-10-01
BRN,0.9800000190734863,2026-10-02,1.0911155333556977,-0.2403100402687144,,,
BRO,59.90999984741211,2026-10-02,71.13127500982398,-0.3690363162405428,0.66,0.165,2026-08-12
BROL,26.170000076293945,2026-10-02,25.608777787950302,,,,
BROS,38.66999816894531,2026-10-02,55.57171305622238,-0.23501486147215322,,,
BRSL,9.850000381469727,2026-10-02,13.146294806582993,-0.4620425631474607,0.91,0.23,2026-08-18
BRSM,25.095199584960938,2026-10-02,25.575538090297155,,,,
BRSP,3.809999942779541,2026-10-02,5.452111538662853,-0.2931354290990458,0.64,0.16,2026-09-30
BRSV,43.40999984741211,2026-10-02,44.193061361507496,,,,
BRT,13.300000190734863,2026-10-02,14.550438246404033,-0.15178571863007606,1.0,0.25,2026-09-28
BRW,6.070000171661377,2026-10-02,6.774541837760652,-0.19066664377848308,1.02,0.085,2026-09-09
BRX,27.389999389648438,2026-10-02,28.789282832962584,0.01859427338598163,1.52,0.308,2026-10-02
BRZD,34.650001525878906,2026-10-02,38.95903224329795,,,,
BRZL,32.939998626708984,2026-10-02,30.871290268436557,,,,
BRZU,105.7699966430664,2026-10-02,95.4404380160024,0.5007093020046103,2.027,0.257,2026-09-22
BRZX,27.420000076293945,2026-10-02,24.665238153366815,,,,
BSAC,31.989999771118164,2026-10-02,32.450159346439925,0.20853799021365105,1.52,1.52,2026-04-30
BSEP,54.369998931884766,2026-10-02,50.826219125572905,0.1235792440103971,,,
BSL,12.979999542236328,2026-10-02,13.234462198508213,-0.07351896287068893,1.059,0.084,2026-09-23
BSMC,38.13999938964844,2026-10-02,37.16153375086081,0.1256050248089302,0.381,0.09,2026-09-29
BSOL,16.280000686645508,2026-10-02,13.491495694869604,-0.3628179580126487,,,
BSR,30.787200927734375,2026-10-02,30.150857416282136,0.03143153766264195,0.848,0.848,2025-12-26
BST,51.33000183105469,2026-10-02,43.55999994467929,0.22505966495851992,6.505,2.554,2026-09-15
BSTP,40.35449981689453,2026-10-02,38.06599397393337,0.1070586027797309,,,
BSTZ,30.8799991607666,2026-10-02,25.588167296937737,0.3591549337158553,3.764,1.617,2026-09-15
BSV,76.20999908447266,2026-10-02,78.22135463273858,-0.03262248965024872,3.146,0.268,2026-10-01
BSX,42.599998474121094,2026-10-02,69.2349402135112,-0.5622688182520956,,,
BTA,25.5393009185791,2026-10-02,25.34515931871202,,,,
BTAL,12.010000228881836,2026-10-02,13.286573732991618,-0.23258782609416306,0.358,0.358,2025-12-30
BTC,37.25,2026-10-02,35.257450248140735,-0.3156347640795829,,,
BTCC,13.59000015258789,2026-10-02,17.994254986128485,-0.5670043875825319,8.992,0.26,2026-09-29
BTCI,33.91999816894531,2026-10-02,38.0743028785128,-0.46021645310978865,10.136000000000001,0.718,2026-09-16
BTCK,27.8799991607666,2026-10-02,25.491666475931805,,,,
BTCL,20.329999923706055,2026-10-02,23.491733072288483,-0.6850503646389459,0.49,0.49,2025-12-24
BTCO,83.79000091552734,2026-10-02,79.3491434348057,-0.31627907932291566,,,
BTCU,27.610000610351562,2026-10-02,20.09511111577352,,0.20600000000000002,0.163,2026-09-22
BTCW,89.0,2026-10-02,84.31142224923548,-0.3164362358980718,,,
BTCZ,2.890000104904175,2026-10-02,4.4667729096583635,0.18685838719373993,0.001,0.001,2025-12-24
BTE,4.630000114440918,2026-10-02,3.9108764925800945,0.9535866405110407,0.048,0.016,2026-09-15
BTG,5.199999809265137,2026-10-02,4.755976083269157,0.023622025071121877,0.06,0.02,2026-09-10
BTGO,7.380000114440918,2026-10-02,8.24129946757171,,,,
BTI,52.63999938964844,2026-10-02,58.002191171228176,0.027322358808000935,4.003,0.835,2026-10-02
BTO,36.0099983215332,2026-10-02,36.876215155856066,0.023011293779475084,2.6,0.65,2026-09-11
BTOT,47.08300018310547,2026-10-02,49.486514950742816,-0.05881061975083568,1.795,0.184,2026-10-01
BTRN,27.135000228881836,2026-10-02,28.872278806222862,-0.3258217630613265,7.706,0.242,2026-06-29
BTT,21.940000534057617,2026-10-02,22.622589643258024,-0.023586951290286984,0.552,0.046,2026-09-15
BTU,24.809999465942383,2026-10-02,28.93541841392973,-0.22468751668930054,0.3,0.075,2026-08-12
BTX,9.220000267028809,2026-10-02,7.601394412052109,0.33044740193582123,0.6360000000000001,0.053,2026-09-15
BTZ,9.369999885559082,2026-10-02,10.397370539813403,-0.14663021163927414,1.008,0.084,2026-09-15
BUCK,23.079999923706055,2026-10-02,23.596525906566605,-0.033500806749394596,1.5000000000000004,0.12,2026-08-26
BUD,73.43000030517578,2026-10-02,73.29597620565103,0.23287438905440672,1.174,1.174,2026-05-08
BUDA,7.710000038146973,2026-10-02,8.958237851632608,,,,
BUFB,40.439998626708984,2026-10-02,37.81538644919832,0.12897819573550495,,,
BUFD,30.5,2026-10-02,28.92451394981597,0.10267534953922297,,,
BUFE,21.950000762939453,2026-10-02,21.378467729014734,,,,
BUFF,54.099998474121094,2026-10-02,51.18694019697577,0.10520934894613432,,,
BUFG,30.06999969482422,2026-10-02,28.309446198056893,0.11618407938818143,,,
BUFH,21.71500015258789,2026-10-02,21.10617925636322,0.05540701566834705,,,
BUFP,33.040000915527344,2026-10-02,31.00090842228012,0.12342744260281435,0.002,0.002,2025-12-30
BUFQ,40.7599983215332,2026-10-02,37.253035845509565,0.1705915760703447,,,
BUFR,37.650001525878906,2026-10-02,35.297597755948864,0.12556055806111655,,,
BUFS,24.85110092163086,2026-10-02,23.87157409789553,0.09911986956131491,,,
BUFT,26.434999465942383,2026-10-02,25.251581655555512,0.09439034214382813,,,
BUFX,22.684999465942383,2026-10-02,21.662358538563034,0.08853163626898453,,,
BUFY,23.700000762939453,2026-10-02,22.86066931462383,0.08392412581888853,,,
BUFZ,28.65999984741211,2026-10-02,27.149099623539534,0.10613662741007968,,,
BUI,24.8700008392334,2026-10-02,27.092788886264024,-0.07854757131763168,2.682098,0.154,2026-09-15
BUIL,25.989999771118164,2026-10-02,25.498461649968075,,,,
BUL,61.03929901123047,2026-10-02,57.46529604239293,0.1483050087243729,0.097,0.006,2026-06-04
BULZ,44.33000183105469,2026-10-02,31.34256171800226,0.6606106888118692,,,
BUR,3.6500000953674316,2026-10-02,6.755338660274369,-0.6943048388909359,0.063,0.063,2026-05-22
BURL,275.3399963378906,2026-10-02,302.5854986426365,0.06395141715873454,,,
BURU,1.0399999618530273,2026-10-02,0.6256844248836402,-0.06726461618137258,,,
BUSA,39.4900016784668,2026-10-02,38.37255774266217,0.12091973294303515,0.6210000000000001,0.157,2026-09-29
BUSM,16.15959930419922,2026-10-02,16.747746915233378,,,,
BUXX,20.139999389648438,2026-10-02,20.260848565880522,-0.00837026493176507,0.8360000000000001,0.083,2026-08-27
BUYB,41.351898193359375,2026-10-02,41.80700883587587,,0.124,0.075,2026-09-23
BUYO,32.47460174560547,2026-10-02,29.961727453892923,0.21124168242784958,0.003,0.003,2025-12-22
BUYW,14.489999771118164,2026-10-02,14.357350588794723,0.022582900007147577,0.8629999999999998,0.073,2026-09-24
BUYZ,34.47700119018555,2026-10-02,36.547697249636705,-0.21247626215951654,,,
BUZZ,38.83000183105469,2026-10-02,34.75736647678087,0.039346927106201024,,,
BV,10.279999732971191,2026-10-02,12.552948203219836,-0.2604316535903506,,,
BVAL,31.322900772094727,2026-10-02,29.566513532661347,0.14904257186719572,0.254,0.113,2026-06-26
BVN,31.389999389648438,2026-10-02,31.904063676932893,0.2817476391595424,1.135,0.99,2026-04-21
BW,5.699999809265137,2026-10-02,10.264741060743294,0.9930069994195425,,,
BWA,60.52000045776367,2026-10-02,56.19996032106924,0.3527044744589658,0.68,0.17,2026-09-01
BWET,873.0,2026-10-02,172.99707948829072,60.18587198439257,,,
BWG,6.889999866485596,2026-10-02,8.070717127674603,-0.20622124144659648,0.9599999999999999,0.08,2026-09-23
BWIV,9.970000267028809,2026-10-02,9.92405937685825,,,,
BWLP,25.639999389648438,2026-10-02,17.817808785761496,0.8512634428481933,2.19,0.95,2026-09-08
BWMX,16.5,2026-10-02,16.413625523388625,0.27413129289739446,0.977,0.361,2026-08-06
BWOW,14.994999885559082,2026-10-02,16.199032859623152,-0.4121221663269028,,,
BWQG,26.90559959411621,2026-10-02,25.655173817618948,,,,
BWTG,42.14799880981445,2026-10-02,40.131203168891815,0.10124631255720473,0.137,0.137,2025-12-24
BWX,21.149999618530273,2026-10-02,22.194900383512337,-0.07883273249633738,0.5239999999999999,0.043,2026-10-01
BWXT,134.86000061035156,2026-10-02,189.85490010174146,-0.2774324847226116,1.06,0.27,2026-08-18
BWZ,26.709999084472656,2026-10-02,27.221992074730863,-0.03886296493251462,0.5680000000000001,0.05,2026-10-01
BX,111.75,2026-10-02,132.96529914278432,-0.3365983851318429,5.23,1.29,2026-08-03
BXC,73.63999938964844,2026-10-02,64.04952179198246,0.017127041956294775,,,
BXDC,17.270000457763672,2026-10-02,20.617550986153738,,,,
BXMT,10.899999618530273,2026-10-02,17.831832726163217,-0.420828916297595,1.88,0.47,2026-09-30
BXP,60.45000076293945,2026-10-02,64.5799601885427,-0.2005025753873172,2.8,0.7,2026-09-30
BXSL,23.610000610351562,2026-10-02,24.933306781419244,-0.10568178213989055,3.08,0.77,2026-09-30
BY,37.7400016784668,2026-10-02,32.90693234447464,0.3659067254716373,0.48,0.14,2026-08-04
BYD,67.25,2026-10-02,83.01972092100348,-0.22236358245228738,0.78,0.2,2026-09-15
BYLD,21.469999313354492,2026-10-02,22.6114382496868,-0.06162586971724637,1.292,0.094,2026-10-02
BYRE,25.47920036315918,2026-10-02,26.174606353638183,0.013089493026725796,0.751,0.14,2026-10-01
BZH,33.400001525878906,2026-10-02,25.532828691946083,0.33493209091908427,,,
BZQ,18.100000381469727,2026-10-02,24.575776856259047,-0.5170757576698266,1.462,0.299,2026-09-23
BZZ,21.88610076904297,2026-10-02,24.727366392429058,,,,
C,128.5,2026-10-02,120.88569711024068,0.3147125312925001,2.4699999999999998,0.67,2026-08-03
CAAA,19.74329948425293,2026-10-02,20.366662515587066,-0.04065599818051169,0.9730000000000003,0.07,2026-09-24
CAAP,24.299999237060547,2026-10-02,25.002908357111107,0.35906042380477876,0.908,0.908,2026-08-31
CABO,12.210000038146973,2026-10-02,81.71784856499903,-0.9315889717031016,,,
CABZ,19.840999603271484,2026-10-02,22.38477345461345,,,,
CACI,615.0399780273438,2026-10-02,564.0784062237378,0.159949457183876,,,
CAF,17.690000534057617,2026-10-02,18.239681251495483,0.038145515469895086,0.263,0.263,2025-12-19
CAFX,23.905000686645508,2026-10-02,24.802250949510064,-0.04685004946710214,1.001,0.087,2026-09-29
CAG,13.359999656677246,2026-10-02,16.041195257726418,-0.3008896268982659,1.2249999999999999,0.175,2026-07-30
CAGE,29.299999237060547,2026-10-02,27.83644066826772,,,,
CAH,228.3000030517578,2026-10-02,211.50470128762294,0.478052525756244,2.0540000000000003,0.516,2026-10-01
CAIE,26.59000015258789,2026-10-02,26.81069324690982,-0.02743233342407303,3.8350000000000004,0.314,2026-10-01
CAL,12.220000267028809,2026-10-02,12.446812785479176,-0.14545453817921705,0.28,0.07,2026-09-11
CALF,53.849998474121094,2026-10-02,48.274466100441984,0.21777469442740216,0.639,0.192,2026-09-03
CALX,34.810001373291016,2026-10-02,47.26876493659152,-0.4150562534851341,,,
CALY,14.449999809265137,2026-10-02,14.282669340946759,0.4566531953761408,,,
CAM,24.09000015258789,2026-10-02,25.023292015075683,-0.037170275306178224,0.748,0.063,2026-09-01
CAMC,19.850000381469727,2026-10-02,17.458309778025452,,,,
CAML,41.189998626708984,2026-10-02,38.79619112052765,0.06269350904037041,,,
CAMX,33.31700134277344,2026-10-02,33.215227187867185,0.05684383016423045,0.479,0.479,2025-12-30
CANE,11.819999694824219,2026-10-02,9.914980079073356,0.1246431434266253,,,
CANF,2.180000066757202,2026-10-02,4.4635059748037875,-0.8241935375949964,,,
CANG,2.6700000762939453,2026-10-02,8.00940238669574,-0.8873417725593865,,,
CAOS,90.63999938964844,2026-10-02,90.3417849597703,0.011720092584865283,,,
CAPA,28.56999969482422,2026-10-02,25.81518519366229,,,,
CAPE,30.81100082397461,2026-10-02,32.30204776748718,-0.04692521444397735,0.506,0.171,2026-10-01
CARD,2.9690001010894775,2026-10-02,2.7760318712409275,0.09355439961326129,,,
CARK,49.1416015625,2026-10-02,45.011472451259415,0.11746406264028297,0.007,0.007,2025-12-30
CARR,55.119998931884766,2026-10-02,60.47179282139022,-0.07594304238246863,0.945,0.24,2026-07-21
CARS,10.029999732971191,2026-10-02,10.909003972057327,-0.18851132592445652,,,
CARU,17.32699966430664,2026-10-02,26.01700797973876,-0.5257683921045777,,,
CARX,21.280000686645508,2026-10-02,25.199436617569184,,,,
CAS,23.302000045776367,2026-10-02,28.153717086609618,-0.3418443482788016,14.249,1.0,2026-09-25
CAT,845.4199829101562,2026-10-02,746.0762937021445,0.6981419554996893,6.16,1.63,2026-07-20
CATF,47.34769821166992,2026-10-02,49.92948070085381,-0.04733003048610829,1.641,0.131,2026-09-04
CATG,11.130000114440918,2026-10-02,12.67050000190735,,,,
CATO,2.4000000953674316,2026-10-02,3.1829083621264456,-0.47598250319938995,,,
CATX,2.759999990463257,2026-10-02,3.454741029625395,-0.2417582662306227,,,
CAUG,25.420000076293945,2026-10-02,25.299767516380133,,,,
CAVA,54.40999984741211,2026-10-02,68.80390425602279,-0.1435542122953225,,,
CB,330.8900146484375,2026-10-02,321.52035887212867,0.1652698429552657,3.01,1.02,2026-09-11
CBAN,20.450000762939453,2026-10-02,19.49446209683361,0.2172620054545633,0.475,0.12,2026-08-05
CBIL,24.81999969482422,2026-10-02,24.983095373426163,,0.494,0.049,2026-09-30
CBL,54.70000076293945,2026-10-02,43.01087648460115,0.8275977348881018,2.325,0.625,2026-09-15
CBLS,31.836000442504883,2026-10-02,30.29061351639341,0.10250730877303771,0.247,0.247,2025-12-30
CBNA,47.27000045776367,2026-10-02,37.53183276719781,0.4762648276696835,,,
CBOA,25.149999618530273,2026-10-02,25.04461753510859,-0.06104163666963036,0.577,0.577,2025-12-12
CBOE,271.260009765625,2026-10-02,279.19585707463114,0.13242054508034617,2.3,0.86,2026-08-31
CBOJ,24.44099998474121,2026-10-02,24.245900401081222,-0.07658305862531534,0.759,0.759,2025-12-12
CBOL,24.090999603271484,2026-10-02,23.815340190637308,-0.03481568562002746,0.428,0.428,2025-12-23
CBON,24.145000457763672,2026-10-02,23.346661419507516,0.0810387932609915,0.3440000000000001,0.024,2026-10-01
CBOO,24.690000534057617,2026-10-02,24.538975918628125,-0.012794869727937086,0.14,0.14,2025-12-12
CBOT,24.06999969482422,2026-10-02,25.0615384211907,,,,
CBOX,101.91000366210938,2026-10-02,100.96632496108357,,,,
CBOY,25.269800186157227,2026-10-02,24.68435774571392,-0.014246149384198326,0.336,0.336,2025-12-12
CBRE,129.5800018310547,2026-10-02,147.37948271002904,-0.1701037380710697,,,
CBRG,2.3499999046325684,2026-10-02,5.177938163894968,,,,
CBRX,7.03000020980835,2026-10-02,13.408409124070948,,,,
CBRZ,11.84000015258789,2026-10-02,15.710795467550104,,,,
CBSE,47.867000579833984,2026-10-02,44.55318321744759,0.14094013005468553,0.136,0.136,2025-12-30
CBT,76.94999694824219,2026-10-02,76.34557771112814,0.023679643776181925,1.846,0.473,2026-08-28
CBTA,24.722999572753906,2026-10-02,24.655043772967215,-0.25976823077372035,0.248,0.248,2025-12-12
CBTJ,20.8700008392334,2026-10-02,20.85084856648844,-0.30692078979639403,0.317,0.317,2025-12-12
CBTL,19.934999465942383,2026-10-02,19.542926256773903,-0.18937051753276313,0.204,0.204,2025-12-23
CBTO,19.799999237060547,2026-10-02,20.794570241108477,-0.20831671108122263,0.048,0.048,2025-12-12
CBTY,22.618000030517578,2026-10-02,21.279051875688165,-0.1575536207371312,0.323,0.323,2025-12-12
CBU,60.689998626708984,2026-10-02,61.63609549533798,0.03284547924278125,1.9,0.49,2026-09-15
CBXA,23.84600067138672,2026-10-02,24.261709167662843,-0.20830013257085833,0.532,0.532,2025-12-12
CBXJ,22.16360092163086,2026-10-02,22.151540277488678,-0.2269410232769048,0.446,0.446,2025-12-12
CBXL,21.513999938964844,2026-10-02,21.240229505007385,-0.13057186464693005,0.316,0.316,2025-12-23
CBXO,22.219999313354492,2026-10-02,22.591939749966663,-0.11155541343439968,0.116,0.116,2025-12-12
CBXY,24.131999969482422,2026-10-02,22.952151370713434,-0.08347891988577927,0.319,0.319,2025-12-12
CBZ,54.689998626708984,2026-10-02,42.48111556155748,-0.035789889814973774,,,
CC,13.710000038146973,2026-10-02,17.24382474602931,-0.15003095155180501,0.352,0.088,2026-08-14
CCEF,28.54199981689453,2026-10-02,29.17669324380943,-0.012934034602981814,2.385,0.195,2026-10-01
CCEL,3.990000009536743,2026-10-02,3.7226693316759816,-0.121145364964232,,,
CCI,66.44000244140625,2026-10-02,84.9702787665257,-0.30392871067944216,4.252,1.063,2026-09-15
CCIF,2.450000047683716,2026-10-02,3.6965697144132212,-0.572425822071835,0.9450000000000001,0.06,2026-09-18
CCJ,85.18000030517578,2026-10-02,102.51302772309201,0.011999550412288285,0.172,0.172,2025-12-01
CCK,106.05000305175781,2026-10-02,105.156733083535,0.09976151318196869,1.31,0.35,2026-08-06
CCL,25.760000228881836,2026-10-02,27.44864548914936,-0.0983549001035322,0.44999999999999996,0.15,2026-08-07
CCM,3.1700000762939453,2026-10-02,4.409442229099958,-0.46989965448443416,,,
CCO,2.390000104904175,2026-10-02,2.230517963489213,0.6148649149345073,,,
CCOM,23.795000076293945,2026-10-02,24.344796480134477,,0.30000000000000004,0.1,2026-06-25
CCOR,25.04599952697754,2026-10-02,26.197239005708123,-0.04196152456859581,0.25,0.05,2026-09-17
CCPX,20.209999084472656,2026-10-02,22.38588227664723,,,,
CCRP,18.607999801635742,2026-10-02,19.69598027872922,-0.07164242562135137,0.634,0.076,2026-09-01
CCS,59.869998931884766,2026-10-02,62.30310750102617,-0.06918533557296547,1.25,0.32,2026-08-26
CCU,10.59000015258789,2026-10-02,12.261593609692092,-0.08942389953734087,0.166,0.166,2026-04-17
CCUP,20.135000228881836,2026-10-02,49.259800713375746,-0.8893681306105393,,,
CCZ,62.900001525878906,2026-10-02,63.950477660889646,0.00575632563289874,1.848,0.462,2026-10-01
CDE,17.65999984741211,2026-10-02,18.844820698893876,-0.057127587879079234,0.02,0.02,2026-05-22
CDEI,94.53399658203125,2026-10-02,85.82471304965684,0.18208868651194554,0.886,0.23,2026-09-21
CDLR,22.18000030517578,2026-10-02,22.804262962949228,0.023534851273016688,,,
CDNG,11.109999656677246,2026-10-02,10.63097216023339,,,,
CDP,33.56999969482422,2026-10-02,32.25159362397821,0.16239614509507905,1.2650000000000001,0.32,2026-09-30
CDPI,19.623300552368164,2026-10-02,20.145229208058325,,0.169,0.033,2026-10-01
CDRE,25.0,2026-10-02,35.31521914964653,-0.3182437619761943,0.395,0.1,2026-07-31
CDX,20.2450008392334,2026-10-02,21.623482092443215,-0.1124506219537087,1.6799999999999997,0.13,2026-09-25
CE,44.189998626708984,2026-10-02,49.03840631127832,-0.021045652985925978,0.12,0.03,2026-07-28
CEE,18.1200008392334,2026-10-02,18.94362543873578,0.15708818747069242,0.387,0.387,2025-12-30
CEFD,17.868000030517578,2026-10-02,18.94278886498683,-0.09825891754045502,2.7770000000000006,0.208,2026-09-14
CEFS,24.799999237060547,2026-10-02,23.93564942348526,0.09323340625568322,1.6660000000000004,0.14,2026-08-27
CEFZ,7.913000106811523,2026-10-02,8.18952589680949,-0.03968442638224334,0.8170000000000002,0.066,2026-09-29
CEGX,11.84000015258789,2026-10-02,19.77565335657492,-0.6228097998468773,,,
CEMB,43.7400016784668,2026-10-02,45.62577686081845,-0.050781251293503527,2.365,0.201,2026-10-01
CEPU,11.680000305175781,2026-10-02,14.707011944744217,0.4860051026428365,,,
CERY,39.349998474121094,2026-10-02,33.79998405426147,0.3682196857079436,1.426,1.426,2025-12-29
CET,56.189998626708984,2026-10-02,52.27948204739635,0.08099267259615539,2.7600000000000002,0.31,2026-06-12
CEV,10.380000114440918,2026-10-02,10.318605559755607,0.028741323832254695,0.6000000000000001,0.05,2026-09-14
CEW,19.530000686645508,2026-10-02,19.33972110976261,0.03388042973404137,0.467,0.467,2025-12-26
CF,115.01000213623047,2026-10-02,106.47625513570718,0.2766123522180546,2.1,0.6,2026-08-14
CFG,64.33000183105469,2026-10-02,62.5985658197289,0.1952806056452132,1.84,0.46,2026-07-30
CFIT,25.218000411987305,2026-10-02,25.58949799556656,-0.0022551615194161823,0.7689999999999999,0.302,2026-09-18
CFND,3.049999952316284,2026-10-02,4.302167338679037,-0.6262254890502759,,,
CFR,155.0399932861328,2026-10-02,142.08569728045825,0.2246445114912483,4.0600000000000005,1.03,2026-08-31
CGAU,21.43000030517578,2026-10-02,17.054581683945372,0.8847845664795302,0.153,0.05,2026-08-19
CGBL,36.93000030517578,2026-10-02,36.38597608467497,0.05695482989932321,0.721,0.206,2026-09-30
CGCB,24.940000534057617,2026-10-02,26.291330694677345,-0.062053388832706946,1.103,0.096,2026-09-29
CGCP,21.18000030517578,2026-10-02,22.41103588727366,-0.07023706467259705,1.129,0.093,2026-09-29
CGCV,32.310001373291016,2026-10-02,31.50919132308656,0.06563330140159929,0.389,0.119,2026-06-30
CGDG,37.09000015258789,2026-10-02,36.83137451415043,0.060623358818462814,0.8700000000000001,0.161,2026-09-30
CGDV,49.20000076293945,2026-10-02,46.09306767072336,0.1620217426931745,0.44999999999999996,0.147,2026-06-30
CGFS,25.399999618530273,2026-10-02,25.296666781107586,,,,
CGGE,35.099998474121094,2026-10-02,32.98886451873172,0.12536062433836737,0.128,0.128,2025-12-26
CGGG,29.059999465942383,2026-10-02,28.21286458323201,0.011908874192101626,0.025,0.005,2026-06-30
CGGO,39.95000076293945,2026-10-02,37.36191236640353,0.14930962865412845,0.398,0.398,2025-12-26
CGGR,47.810001373291016,2026-10-02,44.81988060331915,0.08069619257184302,0.069,0.027,2026-06-30
CGHM,24.079999923706055,2026-10-02,25.503466146400726,-0.05009863663323699,1.159,0.088,2026-09-29
CGHY,24.40999984741211,2026-10-02,25.295533905941177,-0.0418057121927381,1.37,0.114,2026-09-29
CGIB,24.940000534057617,2026-10-02,25.373446179576128,-0.016561516805425724,0.3670000000000001,0.025,2026-09-29
CGIC,36.084999084472656,2026-10-02,34.49568123836441,0.15398140569945284,0.5269999999999999,0.346,2026-06-30
CGIE,36.720001220703125,2026-10-02,35.76929493634349,0.06496524675770088,0.501,0.367,2026-06-30
CGMM,31.389999389648438,2026-10-02,30.677948188021837,0.10256410771756697,0.123,0.04,2026-06-30
CGMS,26.239999771118164,2026-10-02,27.450816644615387,-0.056793671496696896,1.653,0.14,2026-09-29
CGMU,26.010000228881836,2026-10-02,27.307709089788307,-0.044101392722045274,0.9249999999999998,0.077,2026-09-29
CGNG,36.880001068115234,2026-10-02,34.20303581815317,0.17978249514025757,0.217,0.217,2025-12-26
CGOV,25.020000457763672,2026-10-02,25.055119083041237,,0.302,0.059,2026-09-30
CGRO,16.030000686645508,2026-10-02,24.77755769980381,-0.49964099907278936,0.75,0.083,2026-03-25
CGSD,25.280000686645508,2026-10-02,25.86596019334527,-0.028066110565648006,1.1380000000000001,0.092,2026-09-29
CGSM,25.780000686645508,2026-10-02,26.34919923425196,-0.02163186666308603,0.8140000000000001,0.064,2026-09-29
CGUI,25.209999084472656,2026-10-02,25.32689645470851,-0.003754246969271624,0.9809999999999998,0.086,2026-09-29
CGUS,44.939998626708984,2026-10-02,42.00910343306948,0.12857857787854932,0.368,0.09,2026-09-30
CGV,15.694000244140625,2026-10-02,15.621681266571896,0.06616847550563354,0.8059999999999998,0.085,2026-09-29
CGVV,31.09000015258789,2026-10-02,28.95190039858875,0.16276457256609578,0.262,0.108,2026-06-30
CGW,62.779998779296875,2026-10-02,64.55143433833027,-0.022727259231371755,0.996,0.996,2025-12-22
CGXU,34.709999084472656,2026-10-02,32.19310752899048,0.1440342422513805,1.6849999999999998,0.412,2026-06-30
CHAT,95.2300033569336,2026-10-02,74.8844622121864,0.5094310211858091,1.681,1.681,2025-12-29
CHAU,19.190000534057617,2026-10-02,21.761394386747444,-0.07205027800435992,0.482,0.111,2026-09-22
CHCT,13.619999885559082,2026-10-02,16.295537865019416,-0.09320908984932452,1.763,0.33,2026-08-19
CHD,94.30999755859375,2026-10-02,93.8464142392831,0.07292373061936352,1.219,0.308,2026-08-14
CHDG,25.239999771118164,2026-10-02,25.187674367150596,,,,
CHE,507.5,2026-10-02,451.1901974621047,0.14433247914298386,2.5,0.7,2026-08-17
CHGG,0.7400000095367432,2026-10-02,0.9286055761979396,-0.5316455763056,,,
CHH,102.5,2026-10-02,103.84605587051209,-0.016597940144060352,1.152,0.288,2026-10-01
CHIQ,15.550000190734863,2026-10-02,19.795458128727766,-0.36113393207676103,0.28500000000000003,0.094,2026-06-29
CHMI,2.640000104904175,2026-10-02,2.5541035863032855,0.06882594102219408,0.4,0.1,2026-09-30
CHNL,31.3700008392334,2026-10-02,22.063437461853027,,0.27999999999999997,0.046,2026-09-23
CHNU,37.18000030517578,2026-10-02,21.793125100433826,,0.10099999999999999,0.013,2026-09-23
CHOW,0.5600000023841858,2026-10-02,2.034418327162465,-0.9213483130077027,,,
CHPT,9.289999961853027,2026-10-02,7.236095624141009,-0.22194302442724223,,,
CHPY,71.54000091552734,2026-10-02,64.97776873463178,0.2553079278563726,27.913,0.539,2026-09-30
CHT,46.15999984741211,2026-10-02,43.0582072649344,0.06482125656748328,1.653,1.653,2026-07-09
CHWY,18.170000076293945,2026-10-02,26.62354585563994,-0.5158539656996397,,,
CHYG,24.450000762939453,2026-10-02,24.995595296223957,,0.46399999999999997,0.248,2026-09-30
CI,270.5299987792969,2026-10-02,280.15936218504885,-0.1301286212884345,6.190000000000001,1.56,2026-09-08
CIA,3.5399999618530273,2026-10-02,5.131832671830379,-0.31923075159625824,,,
CIEG,5.010000228881836,2026-10-02,7.484399998188019,,,,
CIEI,24.209999084472656,2026-10-02,24.85833336058117,,0.31700000000000006,0.09,2026-09-30
CIEN,391.3399963378906,2026-10-02,350.0058565177765,1.5839551285803624,,,
CIEX,13.4399995803833,2026-10-02,14.233181808934066,,,,
CIFC,6.449999809265137,2026-10-02,11.435970142706116,,,,
CIFU,8.649999618530273,2026-10-02,23.015328703103243,-0.6331948371692754,,,
CIG,2.1500000953674316,2026-10-02,2.16673307352332,0.05392163508399572,0.134,0.043,2026-07-02
CIG-C,3.1500000953674316,2026-10-01,2.991076802253723,0.21153854265721184,0.25735500000000006,0.013539,2026-09-28
CII,24.1299991607666,2026-10-02,23.775258972350343,0.041432847704427234,3.89,0.141,2026-09-15
CIK,2.319999933242798,2026-10-02,2.6290039626725643,-0.21088439180638074,0.25499999999999995,0.02,2026-09-16
CIM,9.260000228881836,2026-10-02,12.710876495239743,-0.30843913432014525,1.72,0.45,2026-09-30
CINT,3.2100000381469727,2026-10-02,4.191434272256981,-0.3381443090172268,,,
CION,7.0,2026-10-02,7.959243027812456,-0.2623814363722349,1.2600000000000002,0.1,2026-09-11
CIR,28.399999618530273,2026-10-02,29.558730261666433,,,,
CITR,2.950000047683716,2026-10-02,6.782846149343711,-0.6241559362611666,,,
CIVG,24.459999084472656,2026-10-02,24.901190371740434,,0.347,0.098,2026-09-30
CIX,37.400001525878906,2026-10-02,25.556175376314567,0.6275022746253405,1.2,0.3,2026-09-03
CJUL,25.739999771118164,2026-10-02,25.464615455040565,,,,
CJUN,25.530000686645508,2026-10-02,25.165465110956237,,,,
CKX,10.630000114440918,2026-10-02,10.585378491071117,-0.0336363532326438,,,
CL,84.26000213623047,2026-10-02,86.38717149833285,0.08025643764398027,2.1,0.53,2026-07-20
CLB,9.920000076293945,2026-10-02,14.601434289696682,-0.18286657366116577,0.04,0.01,2026-08-10
CLBR,10.199299812316895,2026-10-02,10.202590148867541,,,,
CLCG,29.389299392700195,2026-10-02,27.43075813050289,0.08615931626437967,0.018,0.018,2025-12-18
CLCV,30.600000381469727,2026-10-02,28.207087687762137,0.19330814648300843,0.106,0.106,2025-12-18
CLDI,1.0800000429153442,2026-10-02,9.924195173252151,-0.9578124989522622,,,
CLDT,13.680000305175781,2026-10-02,9.462868517613506,1.0885496040941312,0.39,0.1,2026-09-30
CLF,11.319999694824219,2026-10-02,11.601314751750445,-0.11215688668045343,,,
CLH,318.510009765625,2026-10-02,277.7624705645193,0.3948936448886664,,,
CLIM,24.260000228881836,2026-10-02,25.888943739340338,,,,
CLIP,100.08000183105469,2026-10-02,100.22657356414187,-0.0004993051406637639,3.7359999999999998,0.314,2026-10-01
CLIX,56.12799835205078,2026-10-02,58.012812777819384,-0.08342997208232372,0.279,0.093,2026-06-24
CLM,6.380000114440918,2026-10-02,7.649362560287415,-0.23501199068189316,1.4639999999999995,0.122,2026-09-15
CLNK,24.639999389648438,2026-10-02,17.512773418953405,,,,
CLOB,50.2599983215332,2026-10-02,50.485310755877855,-0.011758295004845487,3.066,0.226,2026-10-01
CLOC,25.040000915527344,2026-10-02,25.058303784720504,-0.0031847102322188903,1.4379999999999997,0.13,2026-09-30
CLOI,52.78499984741211,2026-10-02,52.83725509035635,-0.0016076997577050278,2.69,0.207,2026-10-01
CLOO,25.1200008392334,2026-10-02,25.162403785265408,,0.352,0.102,2026-08-31
CLOX,25.520000457763672,2026-10-02,25.54661750033557,0.0003920121047475966,1.3370000000000002,0.105,2026-10-02
CLOZ,26.18000030517578,2026-10-02,26.329868559818344,-0.02002619668187733,2.021,0.152,2026-10-02
CLPR,3.140000104904175,2026-10-02,3.3380876584831936,-0.2169576245187037,0.38,0.095,2026-08-18
CLS,387.32000732421875,2026-10-02,325.4036246979854,0.6575512918187436,,,
CLSE,34.25,2026-10-02,30.32985263231741,0.32700506426567855,0.26,0.26,2025-12-15
CLSX,12.149999618530273,2026-10-02,24.324007965179078,-0.7820041359024642,,,
CLUB,25.889999389648438,2026-10-02,25.614326807168815,,0.019,0.019,2026-06-26
CLVT,1.4800000190734863,2026-10-02,2.6349004027378036,-0.6195372804212446,,,
CLW,19.809999465942383,2026-10-02,17.39147408550004,-0.02749147521940365,,,
CLX,80.41000366210938,2026-10-02,103.13561768550797,-0.3472684303228636,4.97,1.25,2026-08-12
CM,111.0199966430664,2026-10-02,102.19569719170194,0.36271013845098654,2.283,0.757,2026-09-28
CMAG,27.165000915527344,2026-10-02,25.67331734070411,,,,
CMAY,26.030000686645508,2026-10-02,25.65971971672272,,,,
CMBS,47.290000915527344,2026-10-02,48.75988050665988,-0.0370596553085889,1.7709999999999997,0.151,2026-10-01
CMBT,19.850000381469727,2026-10-02,13.571035867668243,1.11170225393832,0.8,0.64,2026-06-02
CMC,63.58000183105469,2026-10-02,68.08342654771539,0.08479783601683377,0.76,0.2,2026-07-06
CMCI,31.38599967956543,2026-10-02,27.71903186205374,0.22281528435226527,2.37,2.37,2025-12-30
CMCL,24.010000228881836,2026-10-02,25.390996081895562,-0.3493225139288134,0.28,0.14,2026-08-21
CMCM,2.700000047683716,2026-10-02,5.319247031116865,-0.6715328515847294,,,
CMDB,22.3700008392334,2026-10-02,17.32768923162939,0.5753521929371819,,,
CMDT,31.6200008392334,2026-10-02,31.032673307623995,0.16464093125262091,3.83,3.2,2026-10-01
CMDY,63.56999969482422,2026-10-02,57.22696810414592,0.2007933763479972,6.286,6.286,2025-12-16
CMF,54.029998779296875,2026-10-02,57.11641440828483,-0.05227152481972197,1.6860000000000002,0.141,2026-10-01
CMG,32.36000061035156,2026-10-02,35.05920321247967,-0.22509573967905572,,,
CMI,528.3200073242188,2026-10-02,574.0820736828078,0.22070245431000868,8.2,2.2,2026-08-21
CMP,22.200000762939453,2026-10-02,24.24111556246936,0.18085115233283955,,,
CMRE,15.4399995803833,2026-10-02,15.473027882822956,0.2942161932455878,0.24,0.125,2026-07-21
CMS,63.7400016784668,2026-10-02,72.93306741296533,-0.11888298444548406,2.2529999999999997,0.57,2026-08-07
CMT,23.020000457763672,2026-10-02,21.955776906108476,0.21927973946101442,,,
CMTG,1.2300000190734863,2026-10-02,2.511752979213973,-0.6306306164402,,,
CNA,46.34000015258789,2026-10-02,47.27709161522854,-0.0010778020633409602,3.9,0.48,2026-08-17
CNAV,41.972999572753906,2026-10-02,35.887944263291075,0.37865002442057816,,,
CNBS,26.132999420166016,2026-10-02,26.697944261163354,-0.16553310051137315,,,
CNC,62.9900016784668,2026-10-02,49.568964103303585,0.6276485900948183,,,
CNEQ,41.0099983215332,2026-10-02,36.53136654584056,0.15164273009340823,0.18,0.18,2025-12-18
CNF,1.9299999475479126,2026-10-02,3.892509966257559,-0.5573394751269825,,,
CNH,13.470000267028809,2026-10-02,10.906733064537505,0.2346471544840525,0.1,0.1,2026-05-21
CNI,119.7699966430664,2026-10-02,109.66298791041888,0.24268520498239532,1.993,0.663,2026-09-08
CNK,36.04999923706055,2026-10-02,29.20637456734342,0.2770102664410008,0.36,0.09,2026-08-26
CNM,41.349998474121094,2026-10-02,49.508326785022994,-0.2128307741286688,,,
CNMD,46.31999969482422,2026-10-02,41.54725102884361,-0.03760651014176042,,,
CNNE,15.539999961853027,2026-10-02,14.794701192483483,-0.16226411854475564,0.6,0.15,2026-09-16
CNO,53.86000061035156,2026-10-02,45.938406514931486,0.360788229375288,0.7,0.18,2026-09-10
CNP,37.790000915527344,2026-10-02,40.93649416615764,-0.02753473180695709,0.92,0.24,2026-08-20
CNQ,48.439998626708984,2026-10-02,41.63760948941052,0.5218347075971022,1.349,0.452,2026-09-11
CNR,88.95999908447266,2026-10-02,89.69513942520932,0.0014634385988780974,0.4,0.1,2026-08-31
CNRG,85.26000213623047,2026-10-02,97.30119536502428,-0.0476934737103315,1.272,0.36,2026-09-21
CNS,73.0,2026-10-02,70.23063737177753,0.11212676232157692,2.63,0.67,2026-08-10
CNX,31.5,2026-10-02,36.34390441924927,-0.041970834041531235,,,
CNXT,44.459999084472656,2026-10-02,48.23377300733589,0.0022316679809131212,0.079,0.079,2025-12-22
CNYA,33.52000045776367,2026-10-02,35.443019897339354,-0.025298021149329775,0.648,0.098,2026-06-15
COAL,24.200000762939453,2026-10-02,24.805418318486307,0.04086024786836351,0.6,0.6,2025-12-30
CODI,10.930000305175781,2026-10-02,8.687131494164943,0.6240713631796551,,,
COE,10.579999923706055,2026-10-02,26.21583667314385,-0.7373386235268715,,,
COF,194.72000122070312,2026-10-02,208.20258911862317,-0.09179101322774785,3.2,0.8,2026-08-17
COHC,18.969999313354492,2026-10-02,17.24920630076575,,,,
COHH,7.5,2026-10-02,9.569599981307983,,,,
COHN,9.779999732971191,2026-10-02,14.620079671244222,-0.10928960467157989,3.7,0.25,2026-08-19
COHQ,20.899999618530273,2026-10-02,31.969696738503195,,,,
COHR,337.0400085449219,2026-10-02,259.4299208196511,1.9674238696197084,,,
COHX,30.350000381469727,2026-10-02,37.70961783342301,,,,
COIA,8.279999732971191,2026-10-02,19.811003954762008,-0.8914383099855044,0.593,0.122,2026-09-23
COIW,8.630000114440918,2026-10-02,16.580689245961103,-0.812064449944225,12.393,0.166,2026-09-28
COIX,34.310001373291016,2026-10-02,32.47057970019355,,,,
COLD,13.970000267028809,2026-10-02,13.367131495380782,0.07544268769654394,0.92,0.23,2026-09-30
COLO,47.060001373291016,2026-10-02,40.811394436900834,0.43475617280253376,1.996,0.167,2026-06-29
COM,34.849998474121094,2026-10-02,32.392386478256896,0.21074200923378306,0.8210000000000001,0.235,2026-09-22
COMB,27.920000076293945,2026-10-02,24.840565784044,0.276051240731205,1.91,1.91,2025-12-29
COMD,29.919300079345703,2026-10-02,27.77042778627372,,,,
COMP,9.220000267028809,2026-10-02,9.84059762764737,0.17752239551298055,,,
CON,35.650001525878906,2026-10-02,25.286135449352493,0.7180723626929593,0.252,0.063,2026-08-20
CONY,19.520000457763672,2026-10-02,32.51466138619351,-0.7411140575234075,24.977999999999998,0.258,2026-10-01
COOK,53.099998474121094,2026-10-02,50.38585661321997,-0.11500002543131516,,,
COP,126.75,2026-10-02,111.10067761181836,0.34611294679680493,3.36,0.84,2026-08-17
COPA,53.05799865722656,2026-10-02,47.14714340574713,0.3935493204951752,1.84,1.84,2025-12-18
COPL,10.585000038146973,2026-10-02,10.341868522157707,0.04388556999578941,,,
COPR,3.200000047683716,2026-10-02,3.0338461655836837,,,,
COPX,85.91000366210938,2026-10-02,78.78362561412067,0.38631599112198023,1.93,0.258,2026-06-29
COPY,15.270000457763672,2026-10-02,14.123573709769078,0.22355777386730535,0.123,0.123,2025-12-30
COPZ,15.699999809265137,2026-10-02,16.868417721760423,,,,
COR,309.04998779296875,2026-10-02,323.0611555851788,0.02077545852972129,2.4,0.6,2026-08-14
CORB,28.0,2026-10-02,29.525111168755426,-0.06806457217843331,0.998,0.094,2026-09-01
CORD,2.759999990463257,2026-10-02,15.868601660329507,-0.8671991596580043,,,
CORN,18.850000381469727,2026-10-02,18.05856580088338,0.07041452175698759,,,
CORP,91.44999694824219,2026-10-02,96.92250991152576,-0.07195051655584017,4.3500000000000005,0.39,2026-09-01
COSO,26.979999542236328,2026-10-02,24.911792846314935,0.25605214698376955,0.15000000000000002,0.05,2026-08-13
COSW,36.95000076293945,2026-10-02,44.018021241522035,-0.25831508898484445,10.454999999999998,0.142,2026-09-28
COTY,2.6600000858306885,2026-10-02,2.7784860575816546,-0.33665837057260883,,,
COUR,5.019999980926514,2026-10-02,6.525219119402517,-0.5102439042998523,,,
COWZ,67.5,2026-10-02,63.31703181475757,0.16741612515162796,1.3599999999999999,0.431,2026-09-03
COZX,7.28000020980835,2026-10-02,14.506219326404103,-0.7130469070166445,,,
CP,85.94000244140625,2026-10-02,82.34262942127972,0.10761704469159694,0.544,0.19,2026-09-25
CPA,132.47999572753906,2026-10-02,130.21350580952557,0.09796114459377803,6.74,1.71,2026-08-31
CPAC,12.319999694824219,2026-10-02,10.306812749915863,0.737658593748739,,,
CPAI,52.689998626708984,2026-10-02,45.668047825178775,0.3301524607744495,0.358,0.358,2025-12-12
CPAY,394.6000061035156,2026-10-02,334.4848602416506,0.3685708198256201,,,
CPER,39.52000045776367,2026-10-02,36.258087629341034,0.26181356458616256,,,
CPF,36.41999816894531,2026-10-02,33.87083668347849,0.2023769253263903,1.1600000000000001,0.3,2026-08-31
CPHI,0.6600000262260437,2026-10-02,1.0529482072568035,-0.6507936342743488,,,
CPII,19.108999252319336,2026-10-02,19.089609556464087,-0.004998733234474972,0.8840000000000001,0.129,2026-08-04
CPK,127.37999725341797,2026-10-02,129.4918327179563,-0.06660807419928538,2.84,0.735,2026-09-14
CPLB,19.969999313354492,2026-10-02,21.038916310466142,-0.0644178985351258,1.1320000000000001,0.092,2026-09-30
CPNG,13.779999732971191,2026-10-02,20.408525919059358,-0.5741656528719861,,,
CPNJ,27.902000427246094,2026-10-02,27.264330654980178,0.04603736412625703,,,
CPNM,27.18000030517578,2026-10-02,26.375693188245553,0.06051740655654925,,,
CPNQ,27.91830062866211,2026-10-02,26.923288056574968,0.06725410777369056,,,
CPNS,28.614500045776367,2026-10-02,27.655312800312423,0.060817789663449195,,,
CPNX,9.449999809265137,2026-10-02,14.685535745961326,,,,
CPRA,27.84000015258789,2026-10-02,27.080422291242744,0.0632447348137819,,,
CPRI,14.4399995803833,2026-10-02,19.620278924584863,-0.3289963163000841,,,
CPRJ,27.434999465942383,2026-10-02,27.17346212683446,0.035400223969679345,,,
CPRO,28.700000762939453,2026-10-02,27.593330641666732,0.07185545864235321,,,
CPRY,28.274999618530273,2026-10-02,27.374760958303018,0.07940446451377636,,,
CPS,21.829999923706055,2026-10-02,30.38637452296527,-0.40240896104058843,,,
CPSA,28.174999237060547,2026-10-02,27.338215170628523,0.05662847439296037,,,
CPSD,27.18000030517578,2026-10-02,26.337645412916206,0.06379652120501444,,,
CPSF,26.655000686645508,2026-10-02,25.887868508874657,0.05815800403049476,,,
CPSJ,28.020000457763672,2026-10-02,27.266685280666884,0.05239438339018476,,,
CPSL,28.34000015258789,2026-10-02,27.58888448282067,0.05376668034732268,,,
CPSM,29.6299991607666,2026-10-02,28.95405974521105,0.04644176591581872,,,
CPSN,28.250999450683594,2026-10-02,27.291211162430358,0.060871210702296175,,,
CPSO,28.415000915527344,2026-10-02,27.45827091262635,0.058838889811669626,,,
CPSP,27.28179931640625,2026-10-02,26.50741757244703,0.05887055939024055,,,
CPSR,26.19700050354004,2026-10-02,25.517139427215454,0.054629643422557495,,,
CPST,28.16990089416504,2026-10-02,27.400095229129867,0.05170435148935559,,,
CPSU,27.975000381469727,2026-10-02,27.36456573911872,0.04618551312350738,,,
CPSY,26.15999984741211,2026-10-02,25.369836670469002,0.05889495762798558,,,
CPT,95.95999908447266,2026-10-02,106.11438237528402,-0.07907867663242318,4.23,1.06,2026-09-30
CPXR,31.259000778198242,2026-10-02,27.79943820299855,0.41539515843473906,0.186,0.186,2025-12-23
CQQQ,43.970001220703125,2026-10-02,52.0194024165788,-0.2700863214547269,1.126,1.126,2025-12-22
CQTM,23.3700008392334,2026-10-02,26.423173189163208,,,,
CR,208.1999969482422,2026-10-02,194.66912361540167,0.15711668661822897,0.995,0.255,2026-08-31
CRAK,64.23999786376953,2026-10-02,47.54800000133742,0.7310697064728762,0.756,0.756,2025-12-22
CRBG,34.029998779296875,2026-10-02,29.669681298305314,0.040672721263810274,0.99,0.25,2026-09-16
CRBN,257.7900085449219,2026-10-02,241.46941056574482,0.12583361171758112,5.106,1.725,2026-06-15
CRC,52.43000030517578,2026-10-02,54.55478093728601,-0.00775927036767865,1.62,0.405,2026-09-04
CRCA,17.0,2026-10-02,44.81589637999516,-0.9013348827690194,0.7939999999999999,0.126,2026-09-23
CRCD,2.309999942779541,2026-10-02,16.454183262657835,-0.8591463416761618,,,
CRCL,81.25,2026-10-02,90.20693221985107,-0.44265330854469165,,,
CRCO,12.829999923706055,2026-10-02,22.926589646662375,-0.7574577448603663,21.82,0.194,2026-10-01
CRD,16.219999313354492,2026-10-02,17.7203448065396,,,,
CRD-A,12.670000076293945,2026-10-02,11.12450200343037,0.1986755385147294,0.305,0.08,2026-08-14
CRD-B,12.039999961853027,2026-10-02,10.520717138313202,0.21493442454463252,0.305,0.08,2026-08-14
CRDD,18.209999084472656,2026-10-02,16.658437497913837,,0.158,0.031,2026-09-23
CRDT,20.805200576782227,2026-10-02,23.15487724851327,-0.12158745847983388,1.3200000000000003,0.1,2026-09-25
CRDU,11.300000190734863,2026-10-02,12.548635448592593,-0.2053445866006347,,,
CRDX,12.899999618530273,2026-10-02,13.278125002980232,,0.067,0.005,2026-09-23
CRF,6.119999885559082,2026-10-02,7.336254963361885,-0.24444449415586056,1.4129999999999998,0.118,2026-09-15
CRGY,13.390000343322754,2026-10-02,10.962390443718292,0.48119473449400973,0.48,0.12,2026-08-17
CRH,81.94000244140625,2026-10-02,110.21494028767742,-0.31693895409497075,1.17,0.39,2026-08-14
CRI,31.59000015258789,2026-10-02,35.284143402281984,0.05687523578632803,1.0,0.25,2026-09-01
CRIB,23.329999923706055,2026-10-02,25.14208330048455,,,,
CRK,12.779999732971191,2026-10-02,18.00880480002597,-0.4036397783025434,,,
CRL,290.19000244140625,2026-10-02,203.41808796308905,0.6364405314667239,,,
CRM,234.69000244140625,2026-10-02,209.73573765241767,-0.023589607898765852,1.736,0.44,2026-09-17
CRMX,17.760000228881836,2026-10-02,77.73120861263065,,,,
CRPT,16.540000915527344,2026-10-02,15.023227087530007,-0.31652890933552547,0.113,0.113,2025-12-12
CRS,388.4700012207031,2026-10-02,412.1712746183236,0.5694489112608838,0.8,0.2,2026-08-25
CRSH,19.041000366210938,2026-10-02,24.419047807792268,-0.3757049060258709,15.851000000000003,0.172,2026-10-01
CRT,11.770000457763672,2026-10-02,9.515776898281509,0.5365536151727346,0.6480000000000001,0.064,2026-09-30
CRTC,41.69499969482422,2026-10-02,37.97540243688333,0.13874089262557532,0.384,0.142,2026-09-18
CRUC,13.789999961853027,2026-10-02,15.916901346663353,,,,
CRUX,28.489999771118164,2026-10-02,29.677714347839355,,0.751,0.103,2026-10-01
CRWC,45.36000061035156,2026-10-02,31.325345006482355,,,,
CRWU,37.18000030517578,2026-10-02,78.53009151747503,-0.8465538595258137,4.28,4.28,2025-12-24
CRWX,20.860000610351562,2026-10-02,21.202380997794016,,,,
CRXP,18.729999542236328,2026-10-02,19.83535465935768,-0.06815924443943833,0.653,0.083,2026-09-01
CSD,128.60000610351562,2026-10-02,119.56306758439874,0.35339939640904583,0.158,0.158,2025-12-22
CSEP,25.299999237060547,2026-10-02,25.215714045933314,,,,
CSEX,17.59000015258789,2026-10-02,17.60261260711395,-0.061666495223030915,,,
CSHI,49.72999954223633,2026-10-02,49.74689245034024,-0.0002010883774216099,2.398,0.207,2026-09-09
CSHP,99.4260025024414,2026-10-02,99.37252190578506,-0.0012456107033159691,3.9819999999999998,0.31,2026-10-01
CSIO,27.100000381469727,2026-10-02,27.79409348436177,0.07839241092290705,0.519,0.101,2026-09-29
CSL,329.3399963378906,2026-10-02,346.17199220695346,0.003932353583064208,4.550000000000001,1.25,2026-08-19
CSM,87.51020050048828,2026-10-02,81.90135542425027,0.1376781407129377,0.9119999999999999,0.212,2026-09-23
CSMD,34.599998474121094,2026-10-02,33.459055813185245,0.03191171290721573,,,
CSNR,36.41999816894531,2026-10-02,34.611147436012786,0.24542619194124815,0.644,0.149,2026-09-29
CSQR,17.40999984741211,2026-10-02,19.581071513039724,,,,
CSR,54.5,2026-10-02,60.945896179077636,-0.07642769784467984,3.08,0.77,2026-09-29
CSRA,24.460399627685547,2026-10-02,25.25001061929239,,0.079,0.079,2026-09-29
CSRE,26.709999084472656,2026-10-02,27.410195172070505,0.029287025016916157,0.447,0.131,2026-06-29
CSTK,32.685001373291016,2026-10-02,30.8517489794241,0.15826221809256613,0.597,0.121,2026-09-21
CSTM,24.399999618530273,2026-10-02,25.129880437812957,0.5803108990709271,,,
CSV,32.16999816894531,2026-10-02,41.407330539596984,-0.32755020764344445,0.452,0.113,2026-08-03
CSW,302.69000244140625,2026-10-02,285.35270873293933,0.21177793577454018,1.1400000000000001,0.3,2026-07-31
CTA,29.149999618530273,2026-10-02,28.500167345145783,0.05045043670379368,1.3899999999999997,0.13,2026-08-26
CTAP,29.968000411987305,2026-10-02,28.181166658214494,0.19015091536068573,0.8,0.3,2026-09-25
CTAU,25.360000610351562,2026-10-02,25.271395483682323,,,,
CTEF,87.4020004272461,2026-10-02,77.11390827376529,0.3454741634708203,0.051,0.051,2025-12-23
CTEV,23.719999313354492,2026-10-02,32.30123498620265,-0.5357212910058489,,,
CTEX,31.30500030517578,2026-10-02,37.325745062049165,-0.0510472639036581,0.7090000000000001,0.052,2026-09-23
CTGO,16.68000030517578,2026-10-02,22.285896377259515,-0.3407114305069944,,,
CTIF,52.005001068115234,2026-10-02,51.92700414163658,0.003996307407242439,1.9180000000000001,0.644,2026-06-29
CTJL,25.65999984741211,2026-10-02,25.417692301823543,,,,
CTJN,25.399999618530273,2026-10-02,25.095814017362372,,,,
CTM,0.6299999952316284,2026-10-02,0.8253545770607147,-0.4112149865900697,,,
CTMA,25.829999923706055,2026-10-02,25.534903819744404,,,,
CTO,20.540000915527344,2026-10-02,19.410398403486884,0.2655577014697279,1.52,0.38,2026-09-10
CTOS,9.779999732971191,2026-10-02,8.030916327974236,0.49999996343273323,,,
CTRE,36.29999923706055,2026-10-02,38.37653387305271,0.022823260644848187,1.5050000000000003,0.39,2026-09-30
CTRI,20.90999984741211,2026-10-02,26.681474138541052,0.030049292279672457,,,
CTS,61.599998474121094,2026-10-02,53.15709164987997,0.5528107213864997,0.16,0.04,2026-09-25
CTSE,25.299999237060547,2026-10-02,25.21142836979457,,,,
CTVA,11.920000076293945,2026-10-02,75.32513949785574,-0.8118983702507786,0.72,0.18,2026-09-01
CUBE,37.52000045776367,2026-10-02,39.12888454726018,-0.07813268416622299,2.12,0.53,2026-10-01
CUBI,75.47000122070312,2026-10-02,73.9888848688498,0.17062199149559798,,,
CURB,28.270000457763672,2026-10-02,26.881235023893684,0.2004246867777082,0.7000000000000001,0.17,2026-09-29
CURE,124.0199966430664,2026-10-02,108.40442250164382,0.32358591976873075,1.264,0.315,2026-09-22
CURV,2.5,2026-10-02,1.6450039808493686,0.4285714285714286,,,
CUST,24.780000686645508,2026-10-02,24.985000042688277,,0.28500000000000003,0.079,2026-09-30
CUT,27.610000610351562,2026-10-02,28.9775697016621,-0.07473188776250494,0.716,0.716,2025-12-22
CUZ,28.010000228881836,2026-10-02,26.593027889966013,-0.02675470602476282,1.28,0.32,2026-07-06
CVAR,30.018999099731445,2026-10-02,29.17267333558831,0.0521906196021551,0.433,0.433,2025-12-24
CVE,32.400001525878906,2026-10-02,24.242948167352562,0.9081273497850582,0.46199999999999997,0.158,2026-09-15
CVEO,33.16999816894531,2026-10-02,28.67565735592785,0.4975168731468471,,,
CVGD,25.12849998474121,2026-10-02,25.91498428583145,,,,
CVI,54.83000183105469,2026-10-02,32.95788846262898,0.48429896777014414,0.2,0.1,2026-08-10
CVIE,83.86399841308594,2026-10-02,77.681438096491,0.2042677018134753,1.988,0.253,2026-09-21
CVLC,95.58999633789062,2026-10-02,88.35392439032931,0.157852635633426,0.8829999999999999,0.219,2026-09-21
CVLG,33.7599983215332,2026-10-02,30.72266929748049,0.5607951748222211,0.28,0.07,2026-09-04
CVM,2.309999942779541,2026-10-02,3.853346617573286,-0.779369638599343,,,
CVMC,73.87999725341797,2026-10-02,69.4112190155394,0.15401438811883228,0.8989999999999999,0.236,2026-09-21
CVNA,63.77000045776367,2026-10-02,71.78897207191741,-0.15136267911726287,,,
CVNY,17.860000610351562,2026-10-02,27.971525898967606,-0.5572742176447409,20.723000000000003,0.2,2026-10-01
CVR,11.199999809265137,2026-10-02,11.164621520327382,0.09696373823891191,0.06,0.03,2026-03-06
CVRD,17.950000762939453,2026-10-02,18.509027883826025,-0.043380898458385775,1.105,0.3,2026-06-26
CVRT,47.31999969482422,2026-10-02,44.27760960856282,0.2771240978161238,0.7140000000000001,0.078,2026-10-01
CVS,86.45999908447266,2026-10-02,85.90470141528613,0.11575689079863882,2.66,0.665,2026-07-23
CVSA,125.4800033569336,2026-10-02,117.1321912362756,-0.15495993861546298,,,
CVSB,50.45000076293945,2026-10-02,50.73053787049069,-0.006009266057672935,2.1439999999999997,0.19,2026-09-30
CVSM,24.81130027770996,2026-10-02,25.969909330209095,,,,
CVU,5.170000076293945,2026-10-02,4.082748999158699,1.0354331314722667,,,
CVX,206.69000244140625,2026-10-02,179.75450219386127,0.34607618582551436,7.050000000000001,1.78,2026-08-19
CVY,28.593299865722656,2026-10-02,28.242483306216055,0.061763815139177725,1.165,0.226,2026-09-21
CW,545.6400146484375,2026-10-02,652.8087661560788,0.014181901348148562,1.0,0.26,2026-09-25
CWB,102.05000305175781,2026-10-02,97.8282470399165,0.10779418160128329,1.5870000000000002,0.091,2026-10-01
CWEB,17.389999389648438,2026-10-02,32.46756973874521,-0.7064979005966509,1.5050000000000001,0.066,2026-09-22
CWEN,29.34000015258789,2026-10-02,35.33928287551697,-0.03295978889158657,1.8559999999999999,0.475,2026-09-01
CWH,5.03000020980835,2026-10-02,8.949123494653588,-0.6936662493034751,0.125,0.125,2025-12-15
CWI,40.63999938964844,2026-10-02,38.420199132060624,0.14446638441558046,1.093,0.474,2026-06-01
CWK,11.920000076293945,2026-10-02,14.231753003549766,-0.24794954010034942,,,
CWS,67.2020034790039,2026-10-02,68.61384851524079,-0.024318646995086124,0.21,0.21,2025-12-22
CWT,45.959999084472656,2026-10-02,46.296175345006695,0.01233474757207964,1.305,0.335,2026-08-10
CWVX,16.059999465942383,2026-10-02,33.31282862249124,-0.8372847014943255,0.459,0.459,2025-12-26
CX,9.529999732971191,2026-10-02,11.47669319137634,0.050716654203359024,0.08499999999999999,0.031,2026-09-15
CXM,5.199999809265137,2026-10-02,6.3108366533104645,-0.3307593536641069,,,
CXRN,18.84000015258789,2026-10-02,18.918290814555498,0.004317893865849465,0.38500000000000006,0.042,2026-09-25
CXT,48.779998779296875,2026-10-02,50.10812754840015,-0.2661351303826428,0.71,0.18,2026-08-31
CXW,33.43000030517578,2026-10-02,23.22940236733729,0.6866801624576042,,,
CYD,31.950000762939453,2026-10-02,42.446493969495556,-0.1797175831293033,0.87,0.87,2026-07-17
CYH,2.7200000286102295,2026-10-02,3.1436255054169915,-0.12820508705793598,,,
CZA,118.79000091552734,2026-10-02,116.47733100192005,0.07434205700814434,1.725,1.725,2025-12-22
D,61.310001373291016,2026-10-02,63.56426311964058,-0.0035754495428315103,2.672,0.668,2026-09-04
DABS,49.58430099487305,2026-10-02,50.68814059557668,-0.02670917083329405,2.2370000000000005,0.204,2026-09-01
DAC,165.14999389648438,2026-10-02,117.58613549950589,0.859169092561568,2.7,0.9,2026-07-21
DACL,25.010000228881836,2026-10-02,25.02749999364217,,0.138,0.138,2026-09-15
DAL,84.08999633789062,2026-10-02,72.79079669785214,0.46856442198440873,0.779,0.215,2026-07-09
DAMD,8.279999732971191,2026-10-02,115.99081445495467,-0.9590828241352178,,,
DAN,27.8799991607666,2026-10-02,28.81059750712725,0.39889607294818874,0.45999999999999996,0.12,2026-08-07
DANA,24.915000915527344,2026-10-02,25.173315787429445,-0.010917015192535073,0.5800000000000001,0.058,2026-08-27
DAO,15.149999618530273,2026-10-02,11.862749004743964,0.5764828470106873,,,
DAPR,41.81999969482422,2026-10-02,40.09050999979574,0.08145853827344052,,,
DAR,62.939998626708984,2026-10-02,51.62087642624084,0.9823621614711491,,,
DARP,59.564998626708984,2026-10-02,51.53224692781608,0.40311408408850147,0.196,0.196,2025-12-29
DAT,51.762001037597656,2026-10-02,43.05506381760556,0.07048022789411967,,,
DAUG,47.7599983215332,2026-10-02,45.42992426959642,0.09355677417095154,,,
DAVA,1.9199999570846558,2026-10-02,4.8711952237019025,-0.7913043481641096,,,
DB,34.970001220703125,2026-10-02,35.33418321799472,-0.018799051077983853,1.165,1.165,2026-05-29
DBA,28.209999084472656,2026-10-02,26.994780855824747,0.05774274479839847,0.912,0.912,2025-12-22
DBAR,25.280000686645508,2026-10-02,25.290000279744465,,,,
DBAW,48.16999816894531,2026-10-02,44.69051804865499,0.20184620679389176,0.808,0.019,2026-06-18
DBB,24.889999389648438,2026-10-02,23.99737050333821,0.18750002274986532,0.6,0.6,2025-12-22
DBC,32.540000915527344,2026-10-02,27.07330674859157,0.4520303943368853,0.744,0.744,2025-12-22
DBD,63.77000045776367,2026-10-02,72.45111542963886,0.09551625941829167,,,
DBE,37.16999816894531,2026-10-02,25.996254962753966,0.9908943769176286,0.675,0.675,2025-12-22
DBEF,55.02000045776367,2026-10-02,51.49661352149994,0.1649375606824004,1.251,1.251,2025-12-19
DBEM,39.56999969482422,2026-10-02,36.1023904792816,0.264217273461516,0.831,0.412,2026-06-18
DBEU,53.2400016784668,2026-10-02,50.725418333988266,0.1332482374888606,0.762,0.762,2025-12-19
DBEZ,61.83399963378906,2026-10-02,58.39578096610141,0.14112239689169792,0.79,0.04,2026-06-18
DBI,6.059999942779541,2026-10-02,6.115737045903605,0.6833333620318667,0.25,0.05,2026-09-24
DBJP,118.9800033569336,2026-10-02,104.75573745666748,0.377242785016042,1.418,1.396,2026-06-18
DBL,13.680000305175781,2026-10-02,14.677131504651559,-0.11627902392046896,1.3200000000000003,0.11,2026-09-16
DBMF,32.90999984741211,2026-10-02,30.185856602581374,0.19412193342315032,1.44,0.153,2026-06-29
DBND,43.33000183105469,2026-10-02,45.784537767509065,-0.06805174184737062,2.159,0.179,2026-10-01
DBO,24.0,2026-10-02,17.805737062279448,0.8320610153529913,0.428,0.428,2025-12-22
DBP,94.9000015258789,2026-10-02,104.40856584039817,0.05585229668295333,2.504,2.504,2025-12-22
DC,5.920000076293945,2026-10-02,5.409561763246696,0.31848560758827427,,,
DCH,5.599999904632568,2026-10-02,6.291354585928746,-0.09967844155505645,,,
DCI,88.6500015258789,2026-10-02,90.16521937153729,0.07311464557440628,1.24,0.32,2026-08-17
DCMT,37.54199981689453,2026-10-02,31.340669290003074,0.39162993716573946,0.958,0.958,2025-12-23
DCO,175.38999938964844,2026-10-02,135.6982469292751,0.8501054192360207,,,
DCOM,39.880001068115234,2026-10-02,34.914462230120044,0.3179114595660688,1.0,0.25,2026-07-17
DCOR,83.58999633789062,2026-10-02,77.68380083790814,0.15649078036972264,0.756,0.186,2026-09-22
DCRE,50.779998779296875,2026-10-02,51.827621611940906,-0.022521693290854516,2.314,0.283,2026-09-01
DD,129.97999572753906,2026-10-02,132.19465473068664,0.29893035020271075,2.4,0.6,2026-08-31
DDC,0.2199999988079071,2026-10-02,2.3969960202021428,-0.9705488614475232,,,
DDD,3.7799999713897705,2026-10-02,2.6557768901505794,0.21153849680748338,,,
DDDD,31.760000228881836,2026-10-02,32.281126626780335,,0.505,0.505,2026-07-02
DDEC,48.755001068115234,2026-10-02,46.03805175720458,0.1130771001367219,,,
DDFA,20.625,2026-10-02,20.172460913658142,,,,
DDFD,20.420299530029297,2026-10-02,19.64319194612049,0.07446989906657842,,,
DDFF,20.360000610351562,2026-10-02,19.747574033116447,,,,
DDFG,19.514999389648438,2026-10-02,19.414204250682484,,,,
DDFJ,20.139999389648438,2026-10-02,19.50722225128658,,,,
DDFL,21.649999618530273,2026-10-02,20.853043871571817,0.07098686396787768,,,
DDFM,20.165000915527344,2026-10-02,19.62596664428711,,,,
DDFN,20.56599998474121,2026-10-02,19.66634348993716,0.0796367376437872,,,
DDFO,23.020000457763672,2026-10-02,22.000653399889213,0.08176690389912067,,,
DDFS,22.3799991607666,2026-10-02,21.544992021355498,0.07235257598526612,,,
DDFY,20.519899368286133,2026-10-02,20.149251420921253,,,,
DDFZ,19.79949951171875,2026-10-02,19.51643108499461,,,,
DDL,2.1500000953674316,2026-10-02,2.375498005118503,0.05392163508399572,,,
DDLS,45.1349983215332,2026-10-02,44.31885662306827,0.06853684962191231,1.507,0.305,2026-09-25
DDM,61.83000183105469,2026-10-02,59.83151409255556,0.13543292171545152,0.618,0.152,2026-09-23
DDNQ,20.90999984741211,2026-10-02,20.28020112981241,,,,
DDS,654.1099853515625,2026-10-02,609.321315081471,0.06143608170638948,31.200000000000003,0.3,2026-09-30
DDSQ,21.5,2026-10-02,20.484915223701922,,,,
DDT,26.3799991607666,2026-10-02,26.14422311060932,0.012279343874984416,1.876,0.469,2026-07-17
DDTA,21.0,2026-10-02,20.417812511324883,,,,
DDTD,20.920700073242188,2026-10-02,19.83125573112851,0.09993162827200042,,,
DDTF,20.795000076293945,2026-10-02,19.91357986179329,,,,
DDTG,19.598100662231445,2026-10-02,19.475638779726896,,,,
DDTJ,20.645000457763672,2026-10-02,19.704682597407587,,,,
DDTL,22.559999465942383,2026-10-02,21.40039441690027,0.09727626711824566,,,
DDTM,20.593799591064453,2026-10-02,19.841425298055015,,,,
DDTN,21.05500030517578,2026-10-02,19.806504307622493,0.10932564873470829,,,
DDTO,23.799999237060547,2026-10-02,22.233721159368873,0.11947314114926999,,,
DDTS,23.055099487304688,2026-10-02,21.8744067917782,0.09995708465388708,,,
DDTY,20.779399871826172,2026-10-02,20.327938329393618,,,,
DDTZ,19.93000030517578,2026-10-02,19.53908041153831,,,,
DDV,24.961000442504883,2026-10-02,25.258553977485175,-0.0003603873086530651,0.411,0.105,2026-06-29
DDWM,45.7599983215332,2026-10-02,45.1568167181129,0.08410327680785112,1.171,0.205,2026-09-25
DDX,24.774999618530273,2026-10-02,24.767239065284272,0.02694298936913042,0.787,0.162,2026-09-28
DDXX,27.961999893188477,2026-10-02,26.915720733436377,0.12672766770000288,0.498,0.18,2026-06-29
DE,687.0,2026-10-02,563.7740235347671,0.4841859504688004,6.48,1.62,2026-09-30
DEA,23.399999618530273,2026-10-02,23.122709160307014,0.038154333099893245,1.8,0.45,2026-08-10
DEC,13.420000076293945,2026-10-02,14.310517930414573,-0.020437936997767747,1.16,0.29,2026-08-28
DECK,79.12000274658203,2026-10-02,99.29972109851609,-0.2322173662931064,,,
DECM,34.31999969482422,2026-10-02,33.234633457138244,0.06303236354437303,,,
DECP,33.57529830932617,2026-10-02,31.324499168244017,0.14003932178151834,,,
DECT,40.57500076293945,2026-10-02,37.75801594038884,0.14167134827541128,,,
DECU,29.748300552368164,2026-10-02,28.164905586090697,0.1005660302134459,,,
DECW,36.599998474121094,2026-10-02,34.691621392846585,0.10774810714126559,,,
DECZ,44.14799880981445,2026-10-02,41.82996831947114,0.07814781681069594,1.32,1.32,2025-12-24
DEED,20.239999771118164,2026-10-02,21.387183253983576,-0.05552965548816202,0.9699999999999999,0.09,2026-09-24
DEEF,38.946998596191406,2026-10-02,38.10560156529643,0.11711221801722393,0.942,0.071,2026-09-18
DEEP,41.448001861572266,2026-10-02,39.05083655551135,0.13927603063459482,0.771,0.222,2026-06-26
DEFR,26.059999465942383,2026-10-02,26.633661346131586,-0.00987842826354457,,,
DEHP,41.849998474121094,2026-10-02,36.91558959474602,0.3470885259166918,0.5700000000000001,0.245,2026-09-22
DEI,9.819999694824219,2026-10-02,11.354701194155263,-0.36563307589054583,0.76,0.19,2026-09-30
DELL,562.52001953125,2026-10-02,262.72342630211574,2.9968736505312443,2.31,0.63,2026-07-21
DEM,55.41999816894531,2026-10-02,51.107051697385266,0.20583114170837025,2.21,0.765,2026-09-25
DEO,84.75,2026-10-02,86.97414334361771,-0.1196634158592349,3.319,0.8,2026-04-17
DEPW,25.27039909362793,2026-10-02,24.410844220055473,,,,
DES,38.650001525878906,2026-10-02,37.10326702376286,0.1438295495315678,0.908,0.12,2026-09-25
DESK,37.167999267578125,2026-10-02,38.174338686513714,-0.11492118572281806,1.9200000000000002,0.453,2026-10-01
DEUS,64.11000061035156,2026-10-02,62.260247097547314,0.10050638460018768,0.926,0.253,2026-09-18
DEW,68.7300033569336,2026-10-02,66.63330681485483,0.1399900864694228,2.1910000000000003,0.475,2026-09-25
DEXC,81.68699645996094,2026-10-02,70.08145427323907,0.4246075382382819,1.272,0.495,2026-09-22
DFAC,44.970001220703125,2026-10-02,41.83625497096088,0.15902067280839494,0.394,0.097,2026-09-22
DFAE,39.86000061035156,2026-10-02,36.27129493196647,0.2467939151222085,0.738,0.268,2026-09-22
DFAI,41.52000045776367,2026-10-02,40.172689278287244,0.12520321790893818,1.012,0.184,2026-09-22
DFAL,51.84320068359375,2026-10-02,51.051155514187286,,0.088,0.088,2026-09-22
DFAR,24.149999618530273,2026-10-02,24.831896420968956,0.013003333219724578,0.869,0.307,2026-09-22
DFAS,78.7300033569336,2026-10-02,75.35673304098061,0.13936331541916136,0.806,0.2,2026-09-22
DFAT,67.76000213623047,2026-10-02,64.847251101794,0.15179330319962503,0.9299999999999999,0.247,2026-09-22
DFAU,52.880001068115234,2026-10-02,49.05398398471544,0.14931543136715986,0.472,0.122,2026-09-22
DFAW,83.75,2026-10-02,78.51063756448814,0.15692776220655702,1.319,0.258,2026-09-22
DFAX,37.279998779296875,2026-10-02,35.23539027939755,0.17417318989911412,0.895,0.222,2026-09-22
DFCA,47.7400016784668,2026-10-02,49.9322748982099,-0.042941307331824885,1.379,0.131,2026-09-22
DFCF,40.11000061035156,2026-10-02,42.27998008576047,-0.06438064824583989,1.8299999999999996,0.164,2026-09-22
DFE,73.83000183105469,2026-10-02,73.73490024277888,0.042060739888682974,3.023,0.515,2026-09-25
DFEB,51.804298400878906,2026-10-02,49.00953508658238,0.1123963654789637,,,
DFEM,40.310001373291016,2026-10-02,36.790020027008666,0.24068942107833236,0.778,0.296,2026-09-22
DFEN,47.439998626708984,2026-10-02,70.88733087972815,-0.3141535364676685,5.6209999999999996,0.012,2026-09-22
DFEV,43.060001373291016,2026-10-02,38.095748908966186,0.33768260982660836,0.8919999999999999,0.422,2026-09-22
DFGR,26.90999984741211,2026-10-02,28.021729108346886,-0.01895736244908286,1.109,0.245,2026-09-22
DFH,10.75,2026-10-02,16.643585653419038,-0.5931112805088246,,,
DFIC,37.66999816894531,2026-10-02,36.43976494230597,0.13463847299050768,0.9550000000000001,0.185,2026-09-22
DFII,14.151000022888184,2026-10-02,15.384386446371497,-0.43682096679124494,2.698,0.215,2026-10-01
DFIN,46.560001373291016,2026-10-02,47.22800799669972,-0.12448286750461846,,,
DFIP,39.08000183105469,2026-10-02,41.51155383653375,-0.07437231877929695,2.1710000000000003,0.293,2026-08-18
DFIS,36.20000076293945,2026-10-02,34.77301991223339,0.1312500238418579,0.792,0.187,2026-09-22
DFIV,55.59000015258789,2026-10-02,53.202310782504746,0.19215095173135954,1.5590000000000002,0.282,2026-09-22
DFJ,116.16000366210938,2026-10-02,103.81701204216338,0.22777722135856293,2.77,0.065,2026-09-25
DFLV,40.470001220703125,2026-10-02,37.237529800232664,0.22192036611880694,0.5660000000000001,0.156,2026-09-22
DFMC,58.132598876953125,2026-10-02,57.676195677588964,,0.276,0.145,2026-09-29
DFNL,48.33000183105469,2026-10-02,47.87198809133583,0.07130988723080511,0.66,0.66,2025-12-29
DFNM,46.2599983215332,2026-10-02,48.06811555353294,-0.03675175738192549,1.4180000000000001,0.128,2026-09-22
DFSB,49.57899856567383,2026-10-02,51.8911434188782,-0.07129343215365802,2.9419999999999997,0.074,2026-08-18
DFSD,46.5099983215332,2026-10-02,47.842613615362765,-0.036261915890269836,2.113,0.174,2026-09-22
DFSE,48.90800094604492,2026-10-02,45.33341017947254,0.18049723837281562,0.955,0.35,2026-09-22
DFSI,45.13999938964844,2026-10-02,44.30739835154013,0.08561802313185352,1.036,0.182,2026-09-22
DFSU,47.59000015258789,2026-10-02,44.83376892819348,0.11506828181941375,0.39599999999999996,0.104,2026-09-22
DFSV,38.16999816894531,2026-10-02,36.147689173421064,0.17990726334902374,0.544,0.15,2026-09-22
DFTT,31.45210075378418,2026-10-02,27.781511691653677,0.2526724949127621,0.04,0.04,2026-07-02
DFUS,83.91000366210938,2026-10-02,77.51816759451452,0.15276827320673858,0.7210000000000001,0.196,2026-09-22
DFUV,55.47999954223633,2026-10-02,50.87332667012613,0.2323411589985631,0.7349999999999999,0.208,2026-09-22
DFVE,35.18299865722656,2026-10-02,34.01604383400237,0.11092512069686467,0.374,0.131,2026-07-01
DFVX,84.072998046875,2026-10-02,78.72963355926879,0.1520794765989555,0.9450000000000001,0.253,2026-09-22
DG,118.94000244140625,2026-10-02,122.75525865896765,0.1869075294686413,2.36,0.59,2026-07-07
DGAC,10.0,2026-10-02,9.971272676641291,,,,
DGAP,31.229999542236328,2026-10-02,30.589130401611328,,,,
DGIN,34.20399856567383,2026-10-02,37.085725069995895,-0.14618079398073935,0.778,0.778,2025-12-22
DGJA,32.28499984741211,2026-10-02,31.19944948560736,,,,
DGJL,30.465099334716797,2026-10-02,30.182501792907715,,,,
DGOC,32.994998931884766,2026-10-02,31.78213340441386,0.07479069583650744,,,
DGP,147.3699951171875,2026-10-02,167.2732672520368,0.10035095330694088,,,
DGRO,75.7699966430664,2026-10-02,73.14980066914957,0.10484098308606216,1.494,0.385,2026-09-15
DGS,63.310001373291016,2026-10-02,61.422948039385425,0.10720533465195459,2.3789999999999996,0.76,2026-09-25
DGT,186.05999755859375,2026-10-02,177.42091612796858,0.13756419867846725,4.759,0.485,2026-09-21
DGX,233.3300018310547,2026-10-02,201.46968163722065,0.30112083560269487,3.32,0.86,2026-07-08
DGZ,5.460000038146973,2026-10-02,5.478525889347274,-0.09452738836297536,,,
DHDG,37.90999984741211,2026-10-02,35.27605173787273,0.1456633325052208,,,
DHF,2.2300000190734863,2026-10-02,2.4425498071419764,-0.13565888177617036,0.21599999999999994,0.018,2026-09-10
DHI,135.0,2026-10-02,149.3265338304983,-0.22835094395606725,1.8,0.45,2026-08-06
DHLX,13.394399642944336,2026-10-02,13.256607150651543,0.020525687081473176,0.08700000000000001,0.034,2026-06-29
DHR,214.05999755859375,2026-10-02,205.01585649589143,-0.004325819390705976,1.52,0.4,2026-09-30
DHS,112.58000183105469,2026-10-02,109.4654582354177,0.11575817768625196,3.39,0.315,2026-08-26
DHSB,27.673900604248047,2026-10-02,26.526636974745063,0.06972940496696567,0.324,0.324,2025-12-29
DHT,23.68000030517578,2026-10-02,16.558247007696753,0.9983121977114071,2.27,1.22,2026-08-17
DHX,4.809999942779541,2026-10-02,2.9365737063001354,0.8014980544330139,,,
DHY,16.06999969482422,2026-10-02,1.9889558089306076,6.763285127091504,1.9199999999999997,0.16,2026-09-16
DIA,511.1000061035156,2026-10-02,496.3100001118573,0.09323863752081674,7.226000000000001,1.192,2026-09-18
DIAL,17.139999389648438,2026-10-02,18.18807176384793,-0.07024681930077536,0.9259999999999999,0.064,2026-10-01
DICE,24.079999923706055,2026-10-02,24.96444426642524,,,,
DIEM,43.284000396728516,2026-10-02,38.26853785571824,0.33206133710224583,1.1340000000000001,0.23,2026-09-18
DIG,67.48999786376953,2026-10-02,52.25127499037055,0.8710839599328817,0.865,0.235,2026-09-23
DIHP,33.95000076293945,2026-10-02,33.205697336994795,0.09799484732112207,0.693,0.156,2026-09-22
DIM,85.84459686279297,2026-10-02,84.36129304802276,0.10043064366131915,2.6470000000000002,0.53,2026-09-25
DIN,29.920000076293945,2026-10-02,31.17669318301744,0.06666669839914618,0.76,0.19,2026-09-16
DINO,113.36000061035156,2026-10-02,67.35310761957055,1.1930741656428827,2.025,0.525,2026-08-11
DINT,27.920000076293945,2026-10-02,28.684111515364325,-0.01516755906136924,0.475,0.475,2025-12-29
DIPR,22.969999313354492,2026-10-02,24.904230704674355,,,,
DIPS,30.777000427246094,2026-10-02,45.21492026431627,-0.4738974285940839,22.041,0.202,2026-10-01
DIS,102.19000244140625,2026-10-02,104.98868542553419,-0.09140213983926382,1.5,0.75,2026-06-30
DISK,39.4900016784668,2026-10-02,37.63044781471366,,,,
DISV,42.90999984741211,2026-10-02,40.366581692638626,0.188313462257633,1.135,0.272,2026-09-22
DIT,67.55999755859375,2026-10-02,75.65861877502198,-0.14847490954157083,0.666667,0.12,2026-08-07
DIV,19.0,2026-10-02,18.74171314011532,0.07770850280481967,1.2670000000000001,0.106,2026-09-03
DIVB,64.9800033569336,2026-10-02,58.26663369106581,0.24054986696990044,1.482,0.424,2026-09-15
DIVE,26.795299530029297,2026-10-02,25.82327211235624,0.06162043474702572,0.28300000000000003,0.034,2026-06-29
DIVG,35.99800109863281,2026-10-02,35.059764938050535,0.09101385858346211,1.141,0.094,2026-09-21
DIVH,24.186500549316406,2026-10-02,24.66302273490212,,,,
DIVI,42.630001068115234,2026-10-02,41.29776891579191,0.12125198723952679,1.575,0.214,2026-09-18
DIVL,24.391000747680664,2026-10-02,24.311729127192404,0.050747487920796086,0.4,0.039,2026-08-27
DIVN,29.469999313354492,2026-10-02,28.40778887319375,0.1184060298564118,1.217,0.111,2026-09-25
DIVO,46.7400016784668,2026-10-02,46.0096414877599,0.0472776284977281,3.017,0.189,2026-09-29
DIVP,25.989900588989258,2026-10-02,26.340915915500595,0.027756266972992938,1.447,0.108,2026-08-28
DIVS,33.334999084472656,2026-10-02,32.34956173687817,0.05906084833627223,0.937,0.18,2026-09-18
DIVY,29.290000915527344,2026-10-02,28.08560956521813,0.11666036701082327,0.8819999999999999,0.039,2026-09-29
DIVZ,36.64899826049805,2026-10-02,37.34822310489487,0.005459464839323802,0.9249999999999999,0.115,2026-08-28
DJAN,46.775001525878906,2026-10-02,44.26823098536032,0.10725788515109835,,,
DJD,62.56999969482422,2026-10-02,60.81603183214408,0.12122568502201037,1.52,0.334,2026-09-21
DJIA,22.299999237060547,2026-10-02,22.120374489590468,0.014097292822601082,2.2969999999999997,0.118,2026-09-21
DJP,51.54999923706055,2026-10-02,44.35370511362752,0.448440545547796,,,
DJTU,10.84000015258789,2026-10-02,26.042533821318727,-0.8762557038652203,,,
DJUL,51.42570114135742,2026-10-02,48.73560433558734,0.09898069303677914,,,
DJUN,50.22999954223633,2026-10-02,48.239127474477094,0.07882298240331664,,,
DK,74.19000244140625,2026-10-02,46.118247043564025,1.303322090970525,1.02,0.255,2026-08-03
DKS,136.0800018310547,2026-10-02,203.69665366244982,-0.4119528124214098,4.963,1.25,2026-09-11
DLAG,33.845001220703125,2026-10-02,32.054418351070815,0.10280223629010066,,,
DLB,58.88999938964844,2026-10-02,61.242071691262296,-0.1735897049642775,1.44,0.36,2026-08-11
DLFE,32.57699966430664,2026-10-02,31.351658052013768,,,,
DLMY,30.674999237060547,2026-10-02,30.129843652248383,,,,
DLN,97.77999877929688,2026-10-02,93.09577692647379,0.12223117022376728,1.735,0.195,2026-09-25
DLNV,33.85499954223633,2026-10-02,32.15877677562625,0.10521675293695698,,,
DLR,178.5500030517578,2026-10-02,178.0661750580685,0.012475173643888615,4.88,1.22,2026-09-15
DLS,86.68000030517578,2026-10-02,84.2660955907814,0.0873055566720835,3.033,0.6,2026-09-25
DLUX,49.81999969482422,2026-10-02,50.247578114271164,,0.7690000000000001,0.185,2026-09-01
DLX,22.610000610351562,2026-10-02,24.202310736910757,0.15122206278012973,1.2,0.3,2026-08-18
DLY,13.4399995803833,2026-10-02,14.256095635463517,-0.11578949019519269,1.4040000000000001,0.117,2026-09-16
DMA,7.439899921417236,2026-10-02,8.133609142911387,-0.13186695608513233,0.904,0.113,2026-09-18
DMAR,45.81999969482422,2026-10-02,43.1656733205119,0.12243401279963573,,,
DMAX,27.84939956665039,2026-10-02,27.02675859671665,0.052588985332058025,0.315,0.315,2025-12-23
DMAY,48.189998626708984,2026-10-02,46.099191247704496,0.08580051957651724,,,
DMB,9.479999542236328,2026-10-02,10.753984056146022,-0.10734466625304862,0.5399999999999999,0.05,2026-09-17
DMBS,46.08100128173828,2026-10-02,49.15141425569694,-0.07292881958967412,2.359,0.245,2026-09-01
DMC,29.670000076293945,2026-10-02,35.14525882371393,-0.16115349244335087,1.2,0.3,2026-08-12
DMO,9.524999618530273,2026-10-02,10.958426289349438,-0.18936173459316819,1.4600000000000004,0.12,2026-09-23
DMX,48.7599983215332,2026-10-02,50.23143835181734,-0.034168609843785225,2.6550000000000002,0.256,2026-09-01
DMXU,37.900901794433594,2026-10-02,36.96615497239557,0.06712007258848218,1.475,0.56,2026-06-18
DNA,12.350000381469727,2026-10-02,8.887370491407783,-0.23482026960976643,,,
DNL,45.2400016784668,2026-10-02,43.35593624039,0.09486936138902258,0.514,0.09,2026-09-25
DNN,2.569999933242798,2026-10-02,3.2528685288600236,-0.08214286535370119,,,
DNOV,52.8202018737793,2026-10-02,49.827259778026566,0.12551036714896213,,,
DNOW,15.760000228881836,2026-10-02,13.908605567962525,-0.0006341299043470805,,,
DNP,9.569999694824219,2026-10-02,10.40856574541069,-0.04012041740133221,0.7799999999999998,0.065,2026-09-30
DOC,19.489999771118164,2026-10-02,18.682709192374787,0.006195091723574464,1.2240000000000002,0.102,2026-09-14
DOCK,25.540000915527344,2026-10-02,26.75846160375155,,,,
DOCN,140.07000732421875,2026-10-02,92.83211135864258,2.74819404141616,,,
DOCS,27.93000030517578,2026-10-02,33.16394422158777,-0.6187551257064037,,,
DOCT,48.13999938964844,2026-10-02,45.369199243674714,0.11100847808287928,,,
DOG,22.18000030517578,2026-10-02,22.918446255870073,-0.08157347182079921,0.6920000000000001,0.166,2026-09-23
DOGG,20.729999542236328,2026-10-02,21.452378443987723,0.026542502308388727,1.9149999999999996,0.158,2026-09-24
DOJE,8.4399995803833,2026-10-02,10.49273307389947,-0.6525319365061018,,,
DOL,74.41000366210938,2026-10-02,70.58569703729029,0.17867895458806315,1.865,0.28,2026-09-25
DOLE,12.75,2026-10-02,14.307928328495102,-0.05204459622244284,0.255,0.085,2026-09-16
DON,54.58000183105469,2026-10-02,54.43653374174202,0.03882757670307635,1.3070000000000004,0.12,2026-09-25
DOUG,1.5499999523162842,2026-10-02,2.1100000010068674,-0.45804195483568333,,,
DOV,189.69000244140625,2026-10-02,203.8133067096847,0.13852710969632342,2.085,0.525,2026-08-31
DOW,27.969999313354492,2026-10-02,30.159761033685083,0.17422332794706197,1.4,0.35,2026-08-31
DPC,41.349998474121094,2026-10-02,45.74885722569057,,,,
DPG,12.829999923706055,2026-10-02,13.927848587948013,-0.013076928945688127,0.855,0.075,2026-09-30
DPRE,24.510000228881836,2026-10-02,25.842352939253093,,0.416,0.085,2026-09-21
DPST,115.80999755859375,2026-10-02,115.33059719739207,0.1498212485603987,2.102,0.41,2026-09-22
DQ,11.0,2026-10-02,21.26681277286484,-0.620165733848458,,,
DQJN,30.41189956665039,2026-10-02,29.3233137000097,,,,
DQSE,30.939899444580078,2026-10-02,30.762989807128907,,,,
DRAI,32.840999603271484,2026-10-02,31.88242619731037,0.11024339715944342,0.42300000000000004,0.138,2026-06-29
DRAL,11.979999542236328,2026-10-02,11.899428558349609,,,,
DRAM,61.779998779296875,2026-10-02,54.69692927082693,,,,
DRAY,10.906000137329102,2026-10-02,21.751808755426293,-0.7210598942016171,14.259,0.095,2026-10-01
DRD,24.299999237060547,2026-10-02,28.224621571392653,-0.1512399598544073,1.05,0.738,2026-09-11
DRES,28.679000854492188,2026-10-02,28.532860516551956,0.13755901595005238,0.162,0.068,2026-06-30
DRGN,31.5,2026-10-02,34.76898806598557,-0.17452829858603292,0.396,0.396,2025-12-18
DRI,200.3300018310547,2026-10-02,199.28294816340107,0.03701216185090894,6.12,1.62,2026-07-10
DRIP,35.27000045776367,2026-10-02,59.5999402657923,-0.5811163689299874,1.233,0.273,2026-09-22
DRKY,22.16900062561035,2026-10-02,20.756903294594057,0.10047158708634574,2.8460000000000005,0.269,2026-08-24
DRLL,40.95000076293945,2026-10-02,34.595995922012634,0.43181818939664884,0.631,0.21,2026-06-29
DRMP,23.15999984741211,2026-10-02,23.715949360328384,,2.4000000000000004,0.13,2026-10-02
DRMY,50.939998626708984,2026-10-02,47.52482141767229,,2.588,0.343,2026-09-30
DRN,8.210000038146973,2026-10-02,9.848685237990907,-0.15881149122805305,0.22399999999999998,0.072,2026-09-22
DRSK,27.1299991607666,2026-10-02,28.584996037274244,-0.07595372626793206,1.096,0.298,2026-09-29
DRUP,71.03800201416016,2026-10-02,63.69975704785837,0.07579551285332298,,,
DRV,23.5,2026-10-02,22.05227093487622,-0.015500663017374294,0.665,0.154,2026-09-22
DRVR,23.952800750732422,2026-10-02,25.234963870439373,,0.15,0.094,2026-09-29
DSCO,24.290000915527344,2026-10-02,24.83088757441594,,0.8029999999999999,0.131,2026-09-01
DSEP,49.099998474121094,2026-10-02,46.075828658632076,0.10910318424246546,,,
DSI,148.08999633789062,2026-10-02,134.46717123206392,0.1687317292076118,1.278,0.327,2026-09-15
DSL,9.960000038146973,2026-10-02,11.069840662982834,-0.18293680221490283,1.3200000000000003,0.11,2026-09-16
DSM,5.179999828338623,2026-10-02,5.980278881422552,-0.12794616524590874,0.31600000000000006,0.03,2026-09-14
DSMC,42.100101470947266,2026-10-02,38.784163714405075,0.1603577458737988,0.501,0.122,2026-09-24
DSPC,13.949999809265137,2026-10-01,14.070249997652494,,,,
DSPY,66.37190246582031,2026-10-02,61.576286331115966,0.15747451363473886,0.618,0.188,2026-09-29
DSS,0.6380000114440918,2026-10-02,0.8319123514382488,-0.5674576263515403,,,
DSTL,64.2699966430664,2026-10-02,60.92366529365935,0.10013691642378064,0.725,0.17,2026-09-24
DSTX,33.74700164794922,2026-10-02,33.24248210557428,0.09016030268654829,1.0739999999999998,0.146,2026-09-24
DSU,8.930000305175781,2026-10-02,9.852390452685109,-0.14952378045944936,1.188,0.099,2026-09-15
DSX,2.859999895095825,2026-10-02,2.2707171373633273,0.6923075729356267,0.03,0.01,2026-08-21
DT,59.31999969482422,2026-10-02,43.47792823761108,0.19669154851776272,,,
DTAN,32.338600158691406,2026-10-02,31.880229471214264,0.052928754909887354,0.612,0.361,2026-06-29
DTD,94.0,2026-10-02,89.88000001945343,0.116124419823598,1.743,0.195,2026-09-25
DTE,124.44999694824219,2026-10-02,140.1703188162876,-0.11113490585726749,4.66,1.165,2026-09-21
DTEC,51.24599838256836,2026-10-02,48.56196018234192,-0.012601216263634196,0.018,0.018,2025-12-18
DTF,11.25,2026-10-02,11.430318710813484,-0.015748057775140434,0.39600000000000013,0.033,2026-09-15
DTH,55.31999969482422,2026-10-02,54.33446204804804,0.11870573996601563,2.2279999999999998,0.415,2026-09-25
DTM,121.0,2026-10-02,130.224183405538,0.056860880930198476,3.46,0.88,2026-09-21
DTRE,39.61579895019531,2026-10-02,41.26516247935504,-0.013059303622917073,1.665,0.3,2026-09-24
DUBS,43.198001861572266,2026-10-02,39.50997610206148,0.17641613359252228,0.873,0.239,2026-09-29
DUG,14.869999885559082,2026-10-02,22.85422306516731,-0.5579667016838645,0.608,0.082,2026-09-23
DUHP,42.310001373291016,2026-10-02,39.55984062407596,0.1099161216896467,0.35700000000000004,0.082,2026-09-22
DUK,114.12999725341797,2026-10-02,123.84996032714844,-0.07616969072667912,4.279999999999999,1.085,2026-08-14
DUKQ,31.558500289916992,2026-10-02,29.416109510626924,0.13929600796762154,0.081,0.02,2026-03-27
DUKZ,24.714000701904297,2026-10-02,25.354406394806517,-0.03502398801269624,0.9859999999999999,0.088,2026-09-08
DULL,65.12000274658203,2026-10-02,67.5244940799546,-0.47164297974375635,,,
DUNK,28.394699096679688,2026-10-02,24.543859314633554,0.11640713531668889,,,
DURA,37.885501861572266,2026-10-02,36.68930475455356,0.1215365077156716,1.246,0.261,2026-10-01
DUSA,55.150001525878906,2026-10-02,53.297729127435574,0.14561699678246853,0.49,0.49,2025-12-29
DUSB,50.529998779296875,2026-10-02,50.757744975299,-0.005119159904385495,2.008,0.186,2026-09-22
DUSL,77.91999816894531,2026-10-02,83.9427688112297,0.027304238317869878,7.513,0.008,2026-09-22
DUST,39.91999816894531,2026-10-02,61.262669308727006,-0.6300278257237018,2.0170000000000003,0.28,2026-09-22
DUTY,26.8700008392334,2026-10-02,25.953064533971972,,,,
DV,13.489999771118164,2026-10-02,11.060717122963226,0.1959219938354424,,,
DVA,178.69000244140625,2026-10-02,160.4159761406036,0.3623818043017313,,,
DVDN,13.69849967956543,2026-10-02,17.512539814192934,-0.3723770024058145,2.373,0.516,2026-07-09
DVN,47.650001525878906,2026-10-02,42.574502033066466,0.37876156343860057,1.12,0.32,2026-09-15
DVND,38.29999923706055,2026-10-02,37.041143500947385,0.09412935490370855,0.527,0.164,2026-06-29
DVVY,26.57939910888672,2026-10-02,26.503645235604612,,0.22599999999999998,0.104,2026-09-21
DVYA,49.47999954223633,2026-10-02,48.12486057357484,0.15905366910176433,2.325,0.749,2026-09-15
DVYE,34.04999923706055,2026-10-02,33.29091632128712,0.15267427832619251,1.742,0.646,2026-09-15
DWLD,44.560001373291016,2026-10-02,46.346438236920484,-0.02037940836675567,0.728,0.728,2025-12-29
DWM,73.4800033569336,2026-10-02,71.86976094644858,0.0972077350689664,2.001,0.29,2026-09-25
DWMF,33.15999984741211,2026-10-02,33.47211149299287,0.039498440249194244,0.981,0.12,2026-09-25
DWWN,22.18000030517578,2026-10-02,24.832903277489446,,0.44899999999999995,0.104,2026-10-01
DWX,45.619998931884766,2026-10-02,45.77780873272049,0.05920592651796519,1.923,0.375,2026-09-21
DX,11.020000457763672,2026-10-02,13.265418322437787,-0.1343282911204452,2.04,0.17,2026-09-21
DXC,11.100000381469727,2026-10-02,12.019840647024937,-0.1956521573874963,,,
DXD,17.969999313354492,2026-10-02,19.367768891779075,-0.17112550459400044,0.633,0.154,2026-09-23
DXF,0.46000000834465027,2026-10-02,1.2554980060493803,-0.8618618561910648,,,
DXIV,71.62000274658203,2026-10-02,68.94397194547007,0.1522435288633881,1.747,0.293,2026-09-22
DXJ,182.02999877929688,2026-10-02,160.4938248106208,0.4044440855033735,1.62,0.08,2026-09-25
DXUV,67.93000030517578,2026-10-02,63.421792885221805,0.15389844636779837,0.661,0.159,2026-09-22
DXYZ,32.79999923706055,2026-10-02,30.530438343367255,0.12021852690804402,,,
DY,273.75,2026-10-02,372.5023900978119,-0.04433587594980559,,,
DYLD,22.0,2026-10-02,22.488581623214174,-0.03326448875060739,0.873,0.069,2026-09-25
DYLG,27.73699951171875,2026-10-02,27.35303185755513,0.018955910054931246,2.574,0.072,2026-09-21
DYNF,69.97000122070312,2026-10-02,63.737888503359606,0.18192568106360452,0.562,0.142,2026-09-15
DZZ,1.7400000095367432,2026-10-02,2.6239043797154826,0.1447368627439909,,,
E,54.72999954223633,2026-10-02,47.21972121280503,0.5610381459919187,1.8730000000000002,0.628,2026-09-22
EAD,6.03000020980835,2026-10-02,6.607330688917305,-0.1286126960510442,0.6400000000000001,0.053,2026-09-11
EAF,9.4399995803833,2026-10-02,10.371872497269832,-0.29022560563875344,,,
EAFG,25.28499984741211,2026-10-02,24.654406406964913,0.09930005005328724,0.513,0.03,2026-09-03
EAGG,45.119998931884766,2026-10-02,47.449242960409336,-0.05960818336052576,1.9049999999999998,0.162,2026-10-01
EAGL,34.04499816894531,2026-10-02,32.672888379647915,0.0689167271957909,0.178,0.178,2025-12-30
EAI,18.780000686645508,2026-10-02,20.263953397440357,,0.915,0.305,2026-08-31
EALT,36.7599983215332,2026-10-02,35.48983658262458,0.059365922573520136,,,
EAPR,34.0,2026-10-02,31.268191318587952,0.1604095865297699,,,
EARN,4.03000020980835,2026-10-02,4.816055786087219,-0.26055039433996896,0.9599999999999999,0.08,2026-09-30
EAT,202.0,2026-10-02,161.30231132355345,0.5957027082995328,,,
EBF,22.559999465942383,2026-10-02,20.051912322937255,0.242290729928464,1.0,0.25,2026-07-10
EBIT,38.112998962402344,2026-10-02,36.74826688880464,0.1110041866594016,0.67,0.67,2025-12-19
EBND,20.520000457763672,2026-10-02,21.13123498589869,-0.036619662311523915,1.2420000000000002,0.104,2026-10-01
EBS,6.329999923706055,2026-10-02,8.96796812764202,-0.3081967008078612,,,
EBUF,31.845300674438477,2026-10-02,30.10927208676281,0.12966655094471258,,,
EC,16.600000381469727,2026-10-02,13.39681276952128,0.8201755032645046,0.661,0.661,2026-04-29
ECAT,13.989999771118164,2026-10-02,15.297808772539238,-0.1557030761148378,3.3030000000000004,0.269,2026-09-15
ECC,3.4600000381469727,2026-10-02,4.5990438185840015,-0.4926686288771597,1.2000000000000002,0.06,2026-09-10
ECF,11.850000381469727,2026-10-02,12.240398406982422,0.012820561935890318,1.01,0.22,2026-09-16
ECG,123.3499984741211,2026-10-02,116.6981274122261,0.5405270256557091,,,
ECH,37.099998474121094,2026-10-02,40.000438234245635,0.14789600323116203,0.786,0.645,2026-06-15
ECL,273.70001220703125,2026-10-02,272.3681669805154,-0.010448621313581041,2.92,0.73,2026-09-15
ECML,39.893001556396484,2026-10-02,36.95749401381291,0.1846474375712175,0.459,0.459,2025-12-23
ECNS,27.09000015258789,2026-10-02,32.682509828848666,-0.3186619392306036,1.899,0.454,2026-06-15
ECO,87.27999877929688,2026-10-02,49.311912270656144,1.9646738177985816,8.8,5.25,2026-08-13
ECON,35.81999969482422,2026-10-02,31.457808749134323,0.33011508685129254,0.484,0.484,2025-12-18
ECVT,10.119999885559082,2026-10-02,11.136772908062573,0.17537750163680865,,,
ED,103.38999938964844,2026-10-02,106.14804761058306,0.046351603524114715,3.514,0.888,2026-08-19
EDC,79.56999969482422,2026-10-02,69.593744802285,0.49203069497158114,1.098,0.224,2026-09-22
EDD,5.340000152587891,2026-10-02,5.633426305307335,0.005649757086936269,0.72,0.21,2026-09-30
EDEN,108.70999908447266,2026-10-02,112.0067330774558,-0.03898517994194994,3.4459999999999997,1.891,2026-06-15
EDF,4.940000057220459,2026-10-02,5.123386455247127,-0.023715392671163626,0.7200000000000002,0.06,2026-09-14
EDGE,52.30799865722656,2026-10-02,47.268382630975125,0.20580906798717225,,,
EDGF,24.31999969482422,2026-10-02,24.765087690011438,-0.022115043258926326,0.592,0.224,2026-06-29
EDGH,33.599998474121094,2026-10-02,32.80833470773887,0.1555524594020148,0.358,0.358,2025-12-30
EDGI,31.549999237060547,2026-10-02,29.923521892957954,0.1207815156165104,0.426,0.076,2026-06-29
EDGQ,28.2908992767334,2026-10-02,26.93133477319645,,2.078,0.069,2026-09-21
EDGU,31.7101993560791,2026-10-02,29.864765744760216,0.12920014703469174,0.195,0.039,2026-06-29
EDGX,26.93269920349121,2026-10-02,26.10564989983281,,1.398,0.046,2026-09-21
EDIV,39.90999984741211,2026-10-02,40.57764933308757,0.030201293708142618,1.749,0.668,2026-09-21
EDN,19.940000534057617,2026-10-02,26.65537848225628,0.28479381094881995,,,
EDOG,23.700000762939453,2026-10-02,24.671035842591547,0.02953954351232202,1.225,0.313,2026-09-17
EDOW,44.41600036621094,2026-10-02,42.83215132937488,0.10355791974274497,0.5650000000000001,0.134,2026-09-24
EDU,55.439998626708984,2026-10-02,54.24784864752416,0.05821720314169698,0.6,0.6,2026-05-15
EDV,54.63999938964844,2026-10-02,64.47868518905335,-0.19587929589948372,3.193,0.751,2026-10-01
EDVA,0.1589999943971634,2026-10-02,2.362916336532133,-0.9843503940172142,,,
EDZ,13.960000038146973,2026-10-02,24.865059719617623,-0.636931085535829,0.8580000000000001,0.182,2026-09-22
EE,32.540000915527344,2026-10-02,33.78087660040988,0.25734165265573616,0.32999999999999996,0.09,2026-08-19
EEA,10.359999656677246,2026-10-02,10.724422299054515,-0.05128208935020018,0.583,0.418,2026-05-26
EELV,27.75,2026-10-02,28.202270902960425,0.0404949351562256,1.2229999999999999,0.432,2026-09-21
EEM,67.66999816894531,2026-10-02,61.26422296957191,0.24783327936857935,1.1139999999999999,0.351,2026-06-15
EEMO,23.260000228881836,2026-10-02,19.92159372306915,0.2850828584895928,0.387,0.116,2026-09-21
EEMS,76.45999908447266,2026-10-02,72.3125498494304,0.11832669318263345,2.1390000000000002,0.478,2026-06-15
EEMV,74.83000183105469,2026-10-02,69.32478083272379,0.17068216480972698,1.6219999999999999,0.647,2026-06-15
EEMX,53.542999267578125,2026-10-02,48.01420306019574,0.2577636751566159,0.959,0.119,2026-06-01
EES,65.5999984741211,2026-10-02,61.60972102799739,0.16705211781870166,0.7699999999999999,0.205,2026-09-25
EET,110.7300033569336,2026-10-02,97.12450196163587,0.40164561211308336,1.7530000000000001,0.473,2026-09-23
EETH,32.11000061035156,2026-10-02,32.66581273933806,-0.5427879955073156,9.532,0.021,2026-10-01
EEV,10.34000015258789,2026-10-02,14.810996048004029,-0.4798792460215997,0.7929999999999999,0.19,2026-09-23
EFA,103.95999908447266,2026-10-02,100.9854580700635,0.0933950050736918,3.364,1.636,2026-06-15
EFAA,54.900001525878906,2026-10-02,54.80800393093155,0.030521517409488608,4.609,0.39,2026-09-21
EFAD,42.970001220703125,2026-10-02,42.66210352377113,0.003925122414426552,1.118,0.162,2026-09-23
EFAV,90.95999908447266,2026-10-02,89.79828695472018,0.06572935806264324,2.857,1.684,2026-06-15
EFAX,53.65299987792969,2026-10-02,52.42625898384003,0.06989313933359331,1.705,0.803,2026-06-01
EFC,11.59000015258789,2026-10-02,13.198565718662216,-0.13118440629556583,1.5599999999999996,0.13,2026-09-30
EFFE,27.816999435424805,2026-10-02,25.594454206793433,0.1539450093986725,0.697,0.697,2025-12-19
EFFI,26.010000228881836,2026-10-02,25.125458272804778,0.07612743677202438,1.047,1.047,2025-12-19
EFG,121.08000183105469,2026-10-02,118.90880472251618,0.03762104120147569,2.787,0.981,2026-06-15
EFIV,74.73999786376953,2026-10-02,68.91558149421357,0.16781246662139893,0.7370000000000001,0.201,2026-09-21
EFNL,53.349998474121094,2026-10-02,50.70278878990872,0.2398326745895587,0.5409999999999999,0.286,2026-06-15
EFO,71.41999816894531,2026-10-02,69.04422302550054,0.15622466633750465,1.127,0.284,2026-09-23
EFOR,34.25,2026-10-02,35.61988053948756,-0.29570225688404583,,,
EFR,10.359999656677246,2026-10-02,10.773944235417947,-0.0880281716744784,0.8800000000000001,0.069,2026-09-15
EFT,10.609999656677246,2026-10-02,11.009521921317416,-0.09470994753082573,0.9079999999999999,0.071,2026-09-15
EFU,7.269999980926514,2026-10-02,8.161633436423374,-0.23794549161461365,0.30300000000000005,0.08,2026-09-23
EFV,78.48999786376953,2026-10-02,75.73800814199258,0.14266989480343728,3.653,2.044,2026-06-15
EFX,140.0,2026-10-02,189.7144225223131,-0.40845903121162863,2.18,0.56,2026-08-31
EFXT,24.59000015258789,2026-10-02,19.96996011392054,1.1818987714102835,0.093,0.031,2026-08-19
EFZ,22.989999771118164,2026-10-02,24.227290856410782,-0.11780505593779378,0.853,0.233,2026-09-23
EG,368.2699890136719,2026-10-02,344.2307558097687,0.03200219340011312,6.0,2.0,2026-09-09
EGG,5.369999885559082,2026-10-02,5.3408087525234755,0.011299424374030087,,,
EGGS,37.59000015258789,2026-10-02,38.72272512732274,-0.14272029468032077,7.416,0.7,2026-09-29
EGGY,35.2599983215332,2026-10-02,36.26317923192484,-0.12994133465265412,11.732,1.0,2026-09-29
EGLE,32.104000091552734,2026-10-02,29.856701261968727,0.0999794142807382,0.359,0.151,2026-06-29
EGO,38.119998931884766,2026-10-02,35.3033067999608,0.30771867686929166,0.22499999999999998,0.075,2026-09-01
EGP,195.77999877929688,2026-10-02,192.7315537654071,0.14390888554579395,6.4,1.75,2026-09-30
EGUS,59.82899856567383,2026-10-02,54.38603578240748,0.1538638899640381,0.116,0.027,2026-09-15
EGY,5.730000019073486,2026-10-02,5.05099601764603,0.42892760399449203,0.252,0.063,2026-08-21
EHC,119.80000305175781,2026-10-02,110.05737034163153,-0.027834133017434426,0.78,0.21,2026-10-01
EHCC,24.020000457763672,2026-10-02,22.359921312707616,,3.598,0.139,2026-09-28
EHI,5.449999809265137,2026-10-02,6.114422302322084,-0.16411045625637044,0.8400000000000003,0.07,2026-09-23
EHY,8.145000457763672,2026-10-02,12.258858315857799,-0.6613023809021485,5.284,0.357,2026-09-29
EIC,9.210000038146973,2026-10-02,10.563314749425151,-0.30015196467056926,0.94,0.11,2026-05-11
EIDO,11.680000305175781,2026-10-02,15.476095644126376,-0.3298909867656489,0.40900000000000003,0.228,2026-06-15
EIG,49.130001068115234,2026-10-02,44.16262952644986,0.15355719399146217,1.32,0.34,2026-08-12
EIM,9.039999961853027,2026-10-02,9.771992003300275,-0.09327986762962581,0.6120000000000001,0.051,2026-09-15
EINC,114.33000183105469,2026-10-02,110.66179289190893,0.15345034970751303,5.029,2.011,2026-08-03
EIPI,21.610000610351562,2026-10-02,21.48725901751879,0.08976302034764916,1.5,0.125,2026-09-24
EIPX,31.75,2026-10-02,30.27566531359912,0.2121096321323508,0.901,0.248,2026-09-24
EIRL,80.26000213623047,2026-10-02,74.84266917924008,0.17287741894339748,1.887,1.144,2026-06-15
EIS,122.54000091552734,2026-10-02,118.64254982632944,0.2239312580293622,1.861,0.772,2026-06-15
EIX,53.88999938964844,2026-10-02,65.89338649126638,-0.02532106172358084,3.462,0.878,2026-07-07
EJAN,37.27000045776367,2026-10-02,35.02791636493576,0.12113829749268246,,,
EJUL,31.51799964904785,2026-10-02,30.303027893917495,0.08142045476112036,,,
EL,91.97000122070312,2026-10-02,92.76486051035117,0.044876218226348685,1.4,0.35,2026-08-31
ELA,12.15999984741211,2026-10-02,15.944621496466526,0.6170212604061625,,,
ELAN,22.139999389648438,2026-10-02,23.36960158785026,0.07267442075372799,,,
ELC,18.829999923706055,2026-10-02,20.42011552787872,-0.12581248266650513,1.22,0.305,2026-08-31
ELCV,30.639999389648438,2026-10-02,29.530370491909316,0.13481479220920134,0.6689999999999999,0.118,2026-09-29
ELD,27.809999465942383,2026-10-02,28.877370522791647,-0.03403964635014711,1.74,0.145,2026-09-25
ELF,104.68000030517578,2026-10-02,82.94103617877124,-0.22234603795755536,,,
ELLO,20.809999465942383,2026-10-02,22.572509887208977,0.0732336318201241,,,
ELM,29.309999465942383,2026-10-02,28.413450157499884,0.06307353285446338,0.739,0.13,2025-12-31
ELMD,28.100000381469727,2026-10-02,30.243466168285842,0.1208616164152192,,,
ELME,1.7599999904632568,2026-10-02,5.918127485480442,-0.8951132348961126,14.67,14.67,2026-01-08
ELPC,12.859999656677246,2026-10-02,11.042816739633263,0.47139588025778445,0.19,0.19,2026-05-01
ELS,58.25,2026-10-02,63.30466142023702,-0.05942193261814377,2.144,0.543,2026-09-25
ELV,386.42999267578125,2026-10-02,359.7733067972252,0.10251067810493941,6.869999999999999,1.72,2026-09-10
EMA,48.029998779296875,2026-10-02,50.68541829994475,0.003971543187771154,1.062,0.523,2026-07-31
EMAU,25.57110023498535,2026-10-02,25.440258026123047,,,,
EMBD,22.485000610351562,2026-10-02,23.773665310377144,-0.051265827572791856,1.3560000000000003,0.111,2026-10-01
EMBJ,75.20999908447266,2026-10-02,66.15948208204779,0.3114211174462507,0.392,0.165,2026-09-23
EMBX,49.119998931884766,2026-10-02,50.934774892738616,-0.019335741434818532,2.8750000000000004,0.232,2026-10-01
EMC,37.66899871826172,2026-10-02,34.01678088366748,0.19371907116545306,0.21000000000000002,0.078,2026-06-29
EMCR,43.60100173950195,2026-10-02,40.54504400610449,0.1830417116010168,0.642,0.315,2026-06-18
EMCS,47.28300094604492,2026-10-02,40.8090119076915,0.341970806317885,0.6739999999999999,0.246,2026-06-18
EMD,9.279999732971191,2026-10-02,10.546693212957496,-0.09902916882285018,1.14,0.095,2026-09-23
EMDM,42.24700164794922,2026-10-02,37.110211284987,0.4641137521458085,1.1620000000000001,0.185,2026-09-24
EMDV,45.900001525878906,2026-10-02,46.719976128809954,0.014252578555745687,1.091,0.48,2026-09-23
EME,786.6099853515625,2026-10-02,748.4898017792112,0.20201405484667623,1.4500000000000002,0.4,2026-07-15
EMES,28.17770004272461,2026-10-02,25.453058592351784,0.25849489999325326,0.12,0.12,2025-12-19
EMET,41.6422004699707,2026-10-02,40.45509240351825,0.2876376089515398,0.683,0.683,2025-12-22
EMF,22.469999313354492,2026-10-02,19.988326669214256,0.33195010050607476,1.696,0.24,2026-09-23
EMFI,47.40999984741211,2026-10-02,50.009646086566214,,1.041,0.267,2026-08-26
EMGF,72.29000091552734,2026-10-02,65.3016216840402,0.2609453794988208,1.443,0.612,2026-06-15
EMHC,23.663999557495117,2026-10-02,25.228681283168108,-0.0605050097056089,1.529,0.121,2026-10-01
EMHY,38.380001068115234,2026-10-02,40.199123473756345,-0.032518204193917044,2.638,0.234,2026-10-01
EMJL,24.700000762939453,2026-10-02,24.540922986544096,,,,
EMJN,23.260000228881836,2026-10-02,23.26546511539193,,,,
EMKT,31.66309928894043,2026-10-02,28.54316211456948,0.2461861661678344,0.139,0.139,2026-06-18
EMLC,24.6200008392334,2026-10-02,25.607131464072907,-0.032612962625710784,1.5959999999999996,0.138,2026-10-01
EMLP,41.540000915527344,2026-10-02,41.787011971036755,0.0854455296224148,1.2249999999999999,0.323,2026-09-24
EMM,45.18199920654297,2026-10-02,38.92916720416916,0.4183198747386421,0.325,0.124,2026-06-29
EMMF,38.119998931884766,2026-10-02,35.070438248227795,0.23047125549224678,0.7090000000000001,0.15,2026-09-25
EMMY,24.600000381469727,2026-10-02,24.56807699570289,,,,
EMN,64.87000274658203,2026-10-02,69.08039845318433,0.013118912748703027,3.36,0.84,2026-09-15
EMNT,98.38999938964844,2026-10-02,98.77369331268676,-0.001977985460618892,3.82,0.33,2026-10-01
EMO,50.310001373291016,2026-10-02,49.11876483932434,0.1275213486690665,4.369999999999999,0.41,2026-09-23
EMOP,51.32600021362305,2026-10-02,46.47845015202861,0.2975856356372477,0.111,0.111,2025-12-17
EMOT,25.829999923706055,2026-10-02,25.0925178755802,0.0756673218039341,0.27599999999999997,0.04,2026-09-24
EMP,18.674999237060547,2026-10-02,20.41886621297792,,0.9179999999999999,0.306,2026-09-30
EMPB,35.21580123901367,2026-10-02,31.04462470096421,0.18867892702269984,0.253,0.253,2025-12-30
EMQQ,30.5049991607666,2026-10-02,36.612689257617966,-0.3450068077759766,1.247,1.247,2025-12-30
EMR,161.61000061035156,2026-10-02,142.13091715778486,0.19924315225579514,2.22,0.555,2026-08-14
EMSE,25.0,2026-10-02,25.030714307512557,,,,
EMSF,39.893001556396484,2026-10-02,34.84772111505151,0.3299883460652058,2.026,2.026,2025-12-17
EMTY,24.792999267578125,2026-10-02,23.786059755728065,0.07236152109068006,0.7290000000000001,0.172,2026-09-23
EMXX,22.829999923706055,2026-10-02,23.257023720514205,,,,
ENB,45.970001220703125,2026-10-02,51.255896594894836,-0.08188533051948299,2.115,0.696,2026-08-14
ENFR,37.40999984741211,2026-10-02,35.94561763018726,0.15498612387649557,1.544,0.386,2026-08-12
ENHA,1.4700000286102295,2026-10-02,2.7991176609899484,,,,
ENIC,4.170000076293945,2026-10-02,4.206095610006872,0.09448822543859947,0.156,0.156,2026-05-14
ENJ,19.040000915527344,2026-10-02,20.62892431281952,-0.1297988278871467,1.252,0.313,2026-08-31
ENO,20.0,2026-10-02,22.025605593069617,-0.13959994502372386,1.032,0.344,2026-09-30
ENOR,35.29999923706055,2026-10-02,33.0910358732915,0.2210307652499155,1.839,1.561,2026-06-15
ENOV,17.770000457763672,2026-10-02,25.069243085336876,-0.4450343471667534,,,
ENR,22.110000610351562,2026-10-02,20.592629482071715,-0.10810811642597196,1.2,0.3,2026-08-19
ENRG,19.252899169921875,2026-10-02,19.30809995863173,,,,
ENS,196.3000030517578,2026-10-02,177.75828704226063,0.7106754078584558,1.077,0.288,2026-09-18
ENTL,9.850000381469727,2026-10-02,8.106388866901398,,,,
ENVA,172.88999938964844,2026-10-02,170.39211178965778,0.5264876931725138,,,
EO,5.21999979019165,2026-10-02,9.359253748139338,,,,
EOCT,35.584999084472656,2026-10-02,33.06010763008756,0.14036209490387375,,,
EOD,6.320000171661377,2026-10-02,6.190318721224112,0.10104536997746738,0.558,0.148,2026-09-11
EOG,141.3800048828125,2026-10-02,127.15059750013617,0.2756474108727991,4.08,1.02,2026-07-17
EOI,19.850000381469727,2026-10-02,19.982071728345407,-0.05250598288357233,1.6079999999999997,0.134,2026-09-15
EONR,0.4869999885559082,2026-10-02,0.5596334662332952,-0.12410073099308627,,,
EOS,21.34000015258789,2026-10-02,22.191553799754594,-0.10486577114088724,1.8239999999999996,0.152,2026-09-15
EOSU,4.880000114440918,2026-10-02,87.03759096208857,,,,
EOT,15.529999732971191,2026-10-02,17.026175289989943,-0.06838634301771385,0.8160000000000003,0.068,2026-09-15
EP,2.609999895095825,2026-10-02,2.9548605571230095,-0.40137618918098084,,,
EPAC,35.63999938964844,2026-10-02,37.51394429909755,-0.1370460036796589,0.04,0.04,2025-10-07
EPAI,28.770999908447266,2026-10-02,25.575222198409264,,,,
EPAM,108.29000091552734,2026-10-02,139.1349401284024,-0.2973656608723133,,,
EPC,26.969999313354492,2026-10-02,22.01673304037269,0.31947155619768375,0.6,0.15,2026-09-09
EPD,36.18000030517578,2026-10-02,35.75043828743863,0.14276691344119308,2.205,0.56,2026-07-31
EPEM,30.43600082397461,2026-10-02,26.87646619637174,0.3277494384791668,0.857,0.857,2025-12-19
EPHE,22.639999389648438,2026-10-02,25.054183245655075,-0.11527943514455674,0.679,0.48,2026-06-15
EPI,40.529998779296875,2026-10-02,43.76673305557068,-0.09064395205720621,,,
EPIN,28.406999588012695,2026-10-02,25.39080477710739,0.26828282339704757,0.18,0.18,2025-12-19
EPM,3.5799999237060547,2026-10-02,4.093266929763247,-0.2708757566269684,0.48,0.12,2026-09-21
EPMB,26.2549991607666,2026-10-02,24.761103588271425,0.15900760615578613,0.409,0.409,2025-12-19
EPMV,25.618799209594727,2026-10-02,24.658521097494788,0.1344787166184438,0.334,0.334,2025-12-19
EPOL,43.029998779296875,2026-10-02,38.32043808864882,0.3071081765699706,1.471,0.302,2026-06-15
EPP,54.709999084472656,2026-10-02,54.00697221793976,0.045280835402664366,1.87,0.824,2026-06-15
EPR,56.45000076293945,2026-10-02,55.97529875614729,-0.017577416248273692,3.6450000000000005,0.31,2026-09-30
EPRT,25.899999618530273,2026-10-02,30.80382464891411,-0.133199452945842,1.26,0.32,2026-09-30
EPS,80.58999633789062,2026-10-02,74.17573690224454,0.16594318772471084,0.895,0.225,2026-09-25
EPSB,26.609600067138672,2026-10-02,25.285078139894036,0.15945965936998485,0.309,0.309,2025-12-19
EPSV,29.6200008392334,2026-10-02,27.374669344776656,0.2391232292153731,0.689,0.689,2025-12-19
EPU,89.55999755859375,2026-10-02,80.46872490810684,0.43732941076427845,1.706,1.422,2026-06-15
EPV,19.0,2026-10-02,20.342709111977385,-0.19389052838332255,0.8170000000000001,0.229,2026-09-23
EQAL,58.0,2026-10-02,56.437521809125805,0.10161440302126912,1.013,0.271,2026-09-21
EQBK,47.72999954223633,2026-10-02,46.1307170457574,0.18172815705634937,0.76,0.22,2026-09-30
EQH,52.63999938964844,2026-10-02,45.669402422658,0.028928841803176786,1.1400000000000001,0.3,2026-08-03
EQIN,51.36000061035156,2026-10-02,50.13185653078604,0.10138961751508213,0.762,0.257,2026-06-25
EQL,50.43000030517578,2026-10-02,48.95486061126587,0.0922677562308376,0.669,0.179,2026-09-24
EQLT,38.13999938964844,2026-10-02,34.82929076996457,0.2683316309210837,0.903,0.28,2026-06-15
EQNR,42.560001373291016,2026-10-02,32.994621436434436,0.7195960150824652,1.52,0.39,2026-08-14
EQS,0.8799999952316284,2026-10-02,1.431155375987885,-0.6173912984887683,,,
EQT,50.16999816894531,2026-10-02,55.74019925242876,-0.10458684165663124,0.66,0.165,2026-08-05
EQTY,29.06999969482422,2026-10-02,27.471541849265535,0.11945468398117298,0.006,0.006,2025-12-26
EQWL,129.67999267578125,2026-10-02,123.27637469531055,0.12335403615053431,2.066,0.505,2026-09-21
EQX,11.109999656677246,2026-10-02,12.959880460305993,0.020201956512277297,0.053,0.023,2026-08-19
ERC,8.479999542236328,2026-10-02,9.206494031199421,-0.10924378839490612,0.8709999999999998,0.073,2026-09-11
ERH,10.270000457763672,2026-10-02,12.01374501536092,-0.18942380458392927,1.027,0.088,2026-09-11
ERO,37.90999984741211,2026-10-02,28.546175314610696,0.7681902473459252,,,
EROC,12.649999618530273,2026-10-02,13.057124996185303,,,,
EROK,21.3700008392334,2026-10-02,22.654999966524084,,,,
ERTH,42.33000183105469,2026-10-02,47.543027961396604,-0.1237838826794666,0.832,0.148,2026-09-21
ERX,104.58000183105469,2026-10-02,80.88051801278772,0.8741936068270777,1.391,0.366,2026-09-22
ERY,9.09000015258789,2026-10-02,13.96099599329124,-0.5559354930384568,0.307,0.066,2026-09-22
ES,64.5,2026-10-02,70.27621523792526,-0.1107127935260489,3.117,0.788,2026-09-21
ESAB,69.9000015258789,2026-10-02,101.45306776434302,-0.4054099780749004,0.54,0.12,2026-10-02
ESBG,20.586999893188477,2026-10-02,21.886041317511044,0.024228830968964443,0.314,0.085,2026-09-24
ESE,274.95001220703125,2026-10-02,268.51685263341165,0.31952785261812333,0.4,0.08,2026-10-01
ESG,180.31100463867188,2026-10-02,165.77827471850878,0.1678476722232236,1.501,0.345,2026-09-18
ESGG,238.92599487304688,2026-10-02,217.43972492597968,0.20020493139941342,3.005,0.478,2026-09-18
ESGV,136.75,2026-10-02,125.39211185044977,0.14780930586341445,1.189,0.321,2026-09-18
ESI,37.93000030517578,2026-10-02,33.97027886531267,0.41213698597452586,0.32,0.08,2026-09-01
ESIM,28.899599075317383,2026-10-02,27.778495395602892,,0.349,0.294,2026-06-29
ESLG,28.660900115966797,2026-10-02,26.24092788240349,0.1345460020085223,0.078,0.035,2026-06-29
ESLV,27.860000610351562,2026-10-02,26.9686055810328,0.1013599435214878,0.261,0.117,2026-06-29
ESML,52.849998474121094,2026-10-02,50.193784873324084,0.15620213372688174,0.504,0.151,2026-09-15
ESNT,60.220001220703125,2026-10-02,62.617729095823734,-0.01793865752765067,1.0499999999999998,0.35,2026-08-31
ESP,63.22999954223633,2026-10-02,55.09075690645621,0.6212820395445213,1.75,1.0,2026-09-18
ESRT,4.170000076293945,2026-10-02,5.82856572956678,-0.4633204521840032,0.14,0.035,2026-09-15
ESS,268.6499938964844,2026-10-02,266.31980020591465,0.01580516752935246,10.34,2.59,2026-09-30
ESSC,29.00790023803711,2026-10-02,28.048095193992097,0.14787306965011382,0.125,0.076,2026-06-29
ESTC,93.94000244140625,2026-10-02,68.6060957433693,0.09768638036319777,,,
ESUM,30.610000610351562,2026-10-02,28.476645420272035,0.11850038227818271,0.304,0.06,2026-09-29
ETB,15.380000114440918,2026-10-02,15.27474105880555,0.02670230870680479,1.2720000000000002,0.106,2026-09-15
ETCO,8.96500015258789,2026-10-02,14.118011987541776,-0.7129086893240086,10.989,0.185,2026-09-29
ETD,21.059999465942383,2026-10-02,22.92729081385639,-0.27178425275297613,4.8100000000000005,3.0,2026-09-03
ETFT,9.840700149536133,2026-10-02,9.769931870415098,-0.012671802748729144,,,
ETG,23.049999237060547,2026-10-02,22.61286864717643,0.07409134298324971,1.548,0.129,2026-09-15
ETH,25.459999084472656,2026-10-02,23.784621519871443,-0.4029080804664953,0.035,0.035,2026-09-03
ETHD,24.809999465942383,2026-10-02,55.16593626865828,-0.19448051686672152,6.272,0.189,2026-10-01
ETHE,21.43000030517578,2026-10-02,20.44545821839595,-0.4246979783845428,0.268,0.026,2026-09-03
ETHO,81.05000305175781,2026-10-02,72.05091639058999,0.25857945508558156,0.559,0.559,2025-12-30
ETHT,19.15999984741211,2026-10-02,26.891155337907403,-0.8187837015125222,0.22700000000000004,0.015,2026-10-01
ETHU,29.809999465942383,2026-10-02,39.57818737637949,-0.8048700750654094,0.45400000000000007,0.021,2026-09-23
ETHV,38.95399856567383,2026-10-02,36.71770524408713,-0.4117487489037498,,,
ETHW,19.079999923706055,2026-10-02,17.97278881452948,-0.41165588207962756,,,
ETJ,8.130000114440918,2026-10-02,8.552549806724032,-0.08651680192055011,0.7799999999999998,0.065,2026-09-15
ETN,436.1099853515625,2026-10-02,383.3629885973683,0.16775557042238165,4.34,1.1,2026-08-07
ETNG,14.09000015258789,2026-10-02,13.547878775933777,,,,
ETO,30.06999969482422,2026-10-02,29.655617512554763,0.07277912801303077,2.076,0.173,2026-09-15
ETR,100.91000366210938,2026-10-02,104.04832692545249,0.05786774617654489,2.56,0.64,2026-08-13
ETSS,9.960000038146973,2026-10-02,9.900357132866269,,,,
ETSY,72.7699966430664,2026-10-02,64.91581683519827,0.005388220564349622,,,
ETTY,9.699999809265137,2026-10-02,12.618550609480515,-0.59650584692782,3.933,0.303,2026-09-29
ETU,7.889999866485596,2026-10-02,10.47378087803662,-0.8043154780207398,,,
ETV,14.9399995803833,2026-10-02,14.58175298227257,0.046218477573793715,1.188,0.099,2026-09-15
ETW,9.489999771118164,2026-10-02,9.328326707817169,0.03715848817079004,0.7920000000000003,0.066,2026-09-15
ETX,17.489999771118164,2026-10-02,18.72143430063924,-0.08716075624183828,0.9359999999999998,0.078,2026-09-15
ETY,14.180000305175781,2026-10-02,14.798525863434689,-0.09508613681325251,1.188,0.099,2026-09-15
EUAD,41.650001525878906,2026-10-02,43.372529945525514,-0.118518486224785,0.169,0.169,2025-12-30
EUDG,37.35100173950195,2026-10-02,38.023685257748305,0.03585898082050809,0.902,0.045,2026-09-25
EUDV,51.775001525878906,2026-10-02,53.08547405227722,-0.03303819727194712,1.093,0.129,2026-09-23
EUHY,51.900001525878906,2026-10-02,53.6147809123613,-0.06905826859410036,3.7560000000000002,0.226,2026-10-01
EUIG,48.849998474121094,2026-10-02,49.88491617950574,-0.027280022168084894,1.3090000000000002,0.125,2026-10-01
EUM,15.5,2026-10-02,17.92382475104465,-0.2461089298335959,0.5730000000000001,0.133,2026-09-23
EUO,32.02000045776367,2026-10-02,29.360119542277666,0.14153302419551705,,,
EURL,41.47999954223633,2026-10-02,43.66386465247409,0.07908431384321335,0.837,0.151,2026-09-22
EUSA,112.51000213623047,2026-10-02,108.49286858304089,0.08391135672828054,1.613,0.394,2026-09-15
EUSB,41.459999084472656,2026-10-02,43.48547024365915,-0.05536569466776764,1.7199999999999998,0.146,2026-10-01
EUV,26.920000076293945,2026-10-02,25.949711616222675,,,,
EUVX,17.360000610351562,2026-10-02,17.439058831158807,,,,
EVAC,10.3100004196167,2026-10-02,10.12681282848951,0.03722342604154627,,,
EVC,7.380000114440918,2026-10-02,5.650557764972824,2.2511013993175135,0.2,0.05,2026-09-16
EVEX,1.7400000095367432,2026-10-02,3.249681286127919,-0.6209150432041461,,,
EVF,4.855000019073486,2026-10-02,5.1145617078499965,-0.11405109449354889,0.42700000000000016,0.033,2026-09-14
EVG,10.039999961853027,2026-10-02,10.7868127670896,-0.09874329870456955,0.8909999999999998,0.073,2026-09-15
EVH,3.4600000381469727,2026-10-02,4.230278877623053,-0.5795868492591931,,,
EVHY,50.55699920654297,2026-10-02,52.56595625250463,-0.05128545059168965,3.6720000000000006,0.265,2026-09-30
EVI,19.290000915527344,2026-10-02,20.270916338460854,-0.34698712533255915,,,
EVIM,50.290000915527344,2026-10-02,52.87052192536008,-0.04282451390926889,1.8519999999999996,0.152,2026-09-30
EVLN,48.349998474121094,2026-10-02,49.000756769066314,-0.025496385398586452,3.2420000000000004,0.265,2026-09-30
EVLU,41.68899917602539,2026-10-02,36.81976890563965,0.3475449722310213,1.547,0.349,2026-06-15
EVMN,6.920000076293945,2026-10-02,19.00872241452927,-0.6579337502284011,,,
EVMO,48.150001525878906,2026-10-02,50.32004376901573,-0.04860697598903996,2.531,0.209,2026-09-30
EVMU,35.0974006652832,2026-10-02,23.064304447174074,,0.255,0.21,2026-09-22
EVN,9.279999732971191,2026-10-02,10.74956174295737,-0.1470588570441338,0.6120000000000001,0.051,2026-09-14
EVNT,12.274999618530273,2026-10-02,11.93079678280895,0.031079369496696208,0.551,0.551,2025-12-18
EVR,261.67999267578125,2026-10-02,323.0433865125436,-0.20476510479161036,3.46,0.89,2026-08-28
EVSB,50.61000061035156,2026-10-02,50.90808372953499,-0.0076470468558517135,2.3,0.184,2026-09-30
EVSM,49.220001220703125,2026-10-02,50.31294416146449,-0.024380565384250374,1.504,0.117,2026-09-30
EVT,27.780000686645508,2026-10-02,26.163306749199492,0.1306471726370224,1.9800000000000002,0.165,2026-09-15
EVTC,27.229999542236328,2026-10-02,28.5393227429029,-0.16369783802978866,0.15000000000000002,0.05,2026-08-03
EVTL,0.593999981880188,2026-10-02,3.2162988083771027,-0.9010000030199686,,,
EVTR,48.16999816894531,2026-10-02,50.962183143038196,-0.066110964347743,2.4430000000000005,0.221,2026-09-30
EVUS,36.46500015258789,2026-10-02,33.906306749321075,0.15329875758719735,0.527,0.14,2026-09-15
EVV,8.430000305175781,2026-10-02,9.530358553882614,-0.16617204832365084,0.863,0.07,2026-09-14
EVX,39.040000915527344,2026-10-02,39.71565734437738,0.004632020132491421,0.071,0.071,2025-12-22
EW,85.1500015258789,2026-10-02,84.38326692011252,0.10483978023938301,,,
EWA,28.31999969482422,2026-10-02,28.199721134991286,0.032446204146797,0.849,0.405,2026-06-15
EWC,58.720001220703125,2026-10-02,56.40980078404643,0.14597968964118402,0.75,0.275,2026-06-15
EWD,50.04999923706055,2026-10-02,50.670796914879546,0.03838171047382111,1.795,1.194,2026-06-15
EWG,41.29999923706055,2026-10-02,42.13262934893726,-0.02663212491133049,0.832,0.832,2026-06-15
EWH,21.56999969482422,2026-10-02,22.559482027334997,0.00046383251992332397,1.0350000000000001,0.35,2026-06-15
EWI,57.400001525878906,2026-10-02,56.8095220132653,0.09104734575093043,1.876,1.174,2026-06-15
EWJ,98.91999816894531,2026-10-02,88.79776903737589,0.2095866916787914,3.562,0.501,2026-06-15
EWK,25.360000610351562,2026-10-02,25.689681277332078,0.06509874755042677,0.493,0.332,2026-06-15
EWL,59.22999954223633,2026-10-02,60.671593639480164,0.045358272180468395,1.09,1.09,2026-06-15
EWM,27.059999465942383,2026-10-02,27.967330666652238,0.032824377021370976,0.9969999999999999,0.572,2026-06-15
EWN,67.87999725341797,2026-10-02,63.09107560845485,0.13854408704317778,2.838,0.677,2026-06-15
EWO,41.7599983215332,2026-10-02,38.12924309840715,0.31651952161145713,0.841,0.841,2026-06-15
EWP,58.310001373291016,2026-10-02,56.18342626807224,0.17442093819268645,1.6640000000000001,0.924,2026-06-15
EWQ,42.22999954223633,2026-10-02,45.17573699343252,-0.059674912364316435,1.315,1.087,2026-06-15
EWS,32.959999084472656,2026-10-02,29.630597597099396,0.1334250058784774,1.1840000000000002,0.516,2026-06-15
EWT,116.33000183105469,2026-10-02,83.89039836746763,0.7996596987852691,2.816,2.816,2025-12-16
EWU,46.18000030517578,2026-10-02,45.86007967033234,0.08302066055814095,1.495,0.666,2026-06-15
EWUS,43.099998474121094,2026-10-02,42.503864577092024,0.03730443478992962,1.361,0.537,2026-06-15
EWV,15.40999984741211,2026-10-02,21.024661383305887,-0.4237097988289279,0.817,0.216,2026-09-23
EWW,71.08999633789062,2026-10-02,74.0262949666179,0.06406225019755807,2.465,1.138,2026-06-15
EWX,71.33999633789062,2026-10-02,69.6564541698927,0.05641933403620625,1.8439999999999999,0.571,2026-06-22
EWY,191.8800048828125,2026-10-02,143.04366524380993,1.2883721928991219,2.037,2.037,2025-12-16
EWZ,38.189998626708984,2026-10-02,35.427450157256715,0.2591493149612414,1.464,0.331,2026-06-15
EXEQ,26.84000015258789,2026-10-02,26.296000039577486,,0.026,0.026,2026-06-24
EXG,9.420000076293945,2026-10-02,9.436573701075824,0.025027258586779233,0.7920000000000003,0.066,2026-09-15
EXI,192.47000122070312,2026-10-02,188.59498030825915,0.10171725576918922,2.12,1.145,2026-06-15
EXK,8.600000381469727,2026-10-02,9.602071724089969,0.11688319409068693,,,
EXOD,7.329999923706055,2026-10-02,11.16956174136158,-0.7561543561565642,,,
EXP,171.36000061035156,2026-10-02,210.1378885094388,-0.2695652337931306,1.0,0.25,2026-09-14
EXPD,192.47000122070312,2026-10-02,156.75792812636175,0.5582092491216653,1.58,0.81,2026-06-01
EXPN,25.312999725341797,2026-10-02,25.1842499838935,,,,
EXR,133.25,2026-10-02,140.86422237077082,-0.06700746977623151,6.48,1.62,2026-09-15
EYES,29.202999114990234,2026-10-02,37.57879061017718,,,,
EYLD,48.060001373291016,2026-10-02,43.32487653451137,0.2843400247190764,2.1229999999999998,0.497,2026-09-18
EZA,63.189998626708984,2026-10-02,68.47498003895065,-0.0287426837082283,5.045,1.434,2026-06-15
EZBC,48.70000076293945,2026-10-02,46.07867724961969,-0.3157228886344209,,,
EZET,20.200000762939453,2026-10-02,19.040203223665397,-0.4124490943755852,,,
EZJ,70.93000030517578,2026-10-02,59.824541677041836,0.40233289318757537,1.376,0.234,2026-09-23
EZM,72.83000183105469,2026-10-02,70.81808780199029,0.09584716873807908,0.905,0.22,2026-09-25
EZPZ,21.336999893188477,2026-10-02,20.378573778616005,-0.34884646973463707,,,
EZU,67.02999877929688,2026-10-02,66.33625489497089,0.062113739994202,1.8410000000000002,1.231,2026-06-15
F,12.100000381469727,2026-10-02,13.356972105474586,-0.0449881366528726,0.6,0.15,2026-08-11
FAF,62.4900016784668,2026-10-02,66.32721108364395,-0.028300356853049657,2.2600000000000002,0.61,2026-09-28
FAI,57.86000061035156,2026-10-02,46.04068932400282,0.44642773359943333,,,
FAN,22.809999465942383,2026-10-02,23.17302796565204,0.15435218632247638,0.208,0.066,2026-09-24
FAPR,48.060001373291016,2026-10-02,45.499832609260224,0.10355917830631123,,,
FARX,29.971500396728516,2026-10-02,28.41589438297834,0.12421232439121166,0.7140000000000001,0.116,2026-06-29
FAS,140.88999938964844,2026-10-02,153.8641429764341,-0.2013038307000965,14.619000000000002,1.0,2026-09-22
FAUG,57.93000030517578,2026-10-02,54.49961757279962,0.11511067284723486,,,
FAX,12.899999618530273,2026-10-02,14.961035872835563,-0.19071518455961756,1.965,0.15,2026-09-22
FAZ,39.41999816894531,2026-10-02,40.90035852683018,-0.03571435570016812,1.0,0.205,2026-09-22
FB,45.650001525878906,2026-10-02,43.322844668688525,0.1031899552330815,0.8320000000000001,0.091,2026-09-23
FBCG,63.970001220703125,2026-10-02,57.21735064441939,0.19135862900227063,0.02,0.02,2025-12-19
FBCV,41.152000427246094,2026-10-02,38.10431067782094,0.19541035117710415,1.0050000000000001,0.115,2026-09-18
FBDC,16.809999465942383,2026-10-02,17.980617561188353,-0.1427843476420464,2.025,0.15,2026-09-24
FBIN,38.560001373291016,2026-10-02,47.019641465874784,-0.27066385185727126,1.03,0.26,2026-08-21
FBK,53.41999816894531,2026-10-02,55.81083653362624,-0.08197285736958693,0.82,0.21,2026-08-11
FBND,43.279998779296875,2026-10-02,45.69940240259665,-0.0658321375181431,2.113,0.166,2026-09-29
FBP,27.040000915527344,2026-10-02,23.59509958973919,0.22686024465985666,0.6000000000000001,0.2,2026-08-27
FBRT,6.269999980926514,2026-10-02,9.095338631436169,-0.4330922474645069,0.9549999999999998,0.2,2026-09-30
FBT,266.44000244140625,2026-10-02,221.32294795427666,0.40869199165276315,,,
FBTC,73.33000183105469,2026-10-02,69.40159383523037,-0.3157599786886668,,,
FBUF,33.54890060424805,2026-10-02,31.56056132829522,0.11829668680826821,0.193,0.045,2026-09-18
FBX,40.79999923706055,2026-10-02,31.683043410812598,,,,
FBY,9.510000228881836,2026-10-02,11.079972130368905,-0.37680209133400033,4.848,0.151,2026-10-01
FC,17.329999923706055,2026-10-02,18.966812764505942,-0.11355495652123015,,,
FCBD,24.579999923706055,2026-10-02,25.4525577651552,-0.04152858315645702,0.788,0.243,2026-06-29
FCBM,12.65999984741211,2026-10-02,12.709729710140744,,,,
FCF,20.559999465942383,2026-10-02,18.519880549366256,0.22308150619502554,0.55,0.14,2026-08-07
FCFY,29.0939998626709,2026-10-02,27.537617504834177,0.07831432830133855,0.38300000000000006,0.076,2026-09-24
FCG,29.18000030517578,2026-10-02,27.35187255433831,0.2343486065381719,0.659,0.194,2026-09-24
FCLD,45.060001373291016,2026-10-02,33.888111631233855,0.5275094252078045,0.004,0.004,2025-12-19
FCN,136.39999389648438,2026-10-02,162.47968100741565,-0.14750003814697266,,,
FCOM,71.79000091552734,2026-10-02,71.6378485994985,0.02294101743161181,0.6799999999999999,0.175,2026-09-18
FCOR,44.65999984741211,2026-10-02,47.319470135814164,-0.0719035569674551,2.182,0.175,2026-09-29
FCPI,56.619998931884766,2026-10-02,52.40952190080012,0.12526576347770702,0.8570000000000001,0.146,2026-09-18
FCPT,21.549999237060547,2026-10-02,24.512310742382034,-0.11170655260732432,1.4669999999999996,0.122,2026-09-30
FCRS,10.25,2026-10-02,10.173213642293756,0.0009765848735701077,,,
FCSH,23.6200008392334,2026-10-02,24.28170519521037,-0.034381243124059324,1.018,0.087,2026-09-30
FCTR,37.679500579833984,2026-10-02,37.60468731458444,0.060050710953574615,0.20700000000000002,0.064,2026-09-24
FCUS,43.86000061035156,2026-10-02,37.62915541356303,0.3451512594315953,1.359,1.359,2025-12-29
FCX,72.04000091552734,2026-10-02,59.22119523614526,0.8159819571638423,0.6,0.15,2026-07-15
FDAT,22.31060028076172,2026-10-02,22.277787273148615,-0.018969320555501268,1.317,0.137,2026-09-24
FDD,18.84000015258789,2026-10-02,18.424780868439086,0.1615290351508376,1.056,0.258,2026-09-24
FDEC,56.224998474121094,2026-10-02,52.47713924879097,0.1402351836999871,,,
FDEM,35.875,2026-10-02,33.73229089106221,0.17468889733268478,1.165,0.379,2026-09-18
FDEV,36.04999923706055,2026-10-02,35.81253784301271,0.08193276012125517,1.215,0.326,2026-09-18
FDG,136.91900634765625,2026-10-02,127.36070977929104,0.12499798617737223,,,
FDHY,47.52000045776367,2026-10-02,49.105035880647335,-0.03590992949659466,3.184,0.253,2026-09-29
FDIS,95.91999816894531,2026-10-02,100.7286854778153,-0.061631803722595135,0.7750000000000001,0.201,2026-09-18
FDL,49.18000030517578,2026-10-02,48.4962947739073,0.12027331653244544,1.938,0.514,2026-09-24
FDLO,71.19999694824219,2026-10-02,68.45280480859763,0.07895134494818801,0.995,0.232,2026-09-18
FDLS,42.13999938964844,2026-10-02,39.02934652685644,0.2156002695575585,0.278,0.09,2026-06-26
FDM,88.66999816894531,2026-10-02,85.07956187943539,0.17490389207282964,1.366,0.377,2026-09-24
FDMO,96.45999908447266,2026-10-02,88.65856967029343,0.1629392903655864,0.5860000000000001,0.166,2026-09-18
FDN,291.75,2026-10-02,267.8256178776106,0.04980028122599589,,,
FDND,22.583999633789062,2026-10-02,21.84422706512816,-0.04933494104288838,1.7289999999999996,0.152,2026-09-24
FDRR,68.7300033569336,2026-10-02,63.519207304692365,0.16048974466357824,1.396,0.307,2026-09-18
FDRV,16.36199951171875,2026-10-02,17.632940254363405,-0.08831564870735076,0.219,0.022,2026-09-18
FDS,266.0,2026-10-02,255.08350557730017,-0.05784007136658076,4.5200000000000005,1.16,2026-08-31
FDV,31.469999313354492,2026-10-02,30.86098804701847,0.09575209142575702,0.956,0.094,2026-09-30
FDVV,60.91999816894531,2026-10-02,59.012231044085375,0.08785711015973763,1.714,0.362,2026-09-18
FDX,290.3599853515625,2026-10-02,280.43856629147473,0.47310711202438593,4.776826,1.22,2026-09-14
FDXF,112.88999938964844,2026-10-02,143.47311130099826,,,,
FE,43.34000015258789,2026-10-02,47.18171302825806,-0.05639016188502022,1.82,0.465,2026-08-07
FEAC,33.159000396728516,2026-10-02,30.47264943369831,0.16744711964366976,0.271,0.083,2026-09-18
FEBM,31.760000228881836,2026-10-02,30.787868522552856,0.06054027765243064,,,
FEBP,35.077999114990234,2026-10-02,32.829940218374546,0.13092816489842685,,,
FEBT,42.38079833984375,2026-10-02,39.50272837483075,0.14138584330328063,,,
FEBU,30.21820068359375,2026-10-02,28.598132334857347,0.10245169105488983,,,
FEBW,36.459999084472656,2026-10-02,34.65356171748552,0.09858983325929138,,,
FEBZ,41.0890007019043,2026-10-02,39.08815935598427,0.07158874413653482,1.204,1.204,2025-12-24
FECM,23.735599517822266,2026-10-02,24.63644845557935,,0.173,0.094,2026-09-01
FEDM,63.79100036621094,2026-10-02,61.420494064391846,0.09412892698940611,1.8570000000000002,0.265,2026-09-18
FEDU,9.350000381469727,2026-10-02,10.876386479077587,-0.34797766513396,,,
FEGE,50.18000030517578,2026-10-02,48.654498081283265,0.12259506596652603,0.589,0.589,2025-12-30
FEIG,38.50600051879883,2026-10-02,40.88372512452631,-0.07663899024591181,1.773,0.168,2026-09-01
FELC,43.689998626708984,2026-10-02,39.89358576740402,0.16911961133164177,0.361,0.086,2026-09-18
FELG,45.72999954223633,2026-10-02,42.04519914725862,0.11022095331130832,0.156,0.037,2026-09-18
FELV,41.599998474121094,2026-10-02,37.601175331024535,0.234421291760605,0.592,0.145,2026-09-18
FEMD,34.41999816894531,2026-10-02,35.74505814840627,,,,
FEMG,26.614999771118164,2026-10-02,25.98541664194178,,0.048,0.023,2026-09-18
FEMR,41.72999954223633,2026-10-02,37.082350620710514,0.32157332340758193,0.754,0.288,2026-09-18
FEMV,26.5935001373291,2026-10-02,26.59975461606626,,0.159,0.09,2026-09-18
FENG,1.399999976158142,2026-10-02,1.7866932215443645,-0.4852941318263643,,,
FENI,40.0,2026-10-02,38.68081683276659,0.11700637995043772,1.217,0.21,2026-09-18
FENY,34.63999938964844,2026-10-02,30.037091646536414,0.4041345473255562,0.7869999999999999,0.205,2026-09-18
FEOE,53.810001373291016,2026-10-02,51.87013559227446,0.15027795590933968,0.738,0.738,2025-12-30
FERG,223.3300018310547,2026-10-02,238.6375300190838,-0.03583302196085081,3.56,0.89,2026-08-21
FESC,23.14150047302246,2026-10-02,23.703962152654473,,,,
FESM,45.630001068115234,2026-10-02,42.01583664730725,0.23558084730695605,0.39299999999999996,0.104,2026-09-18
FET,83.13999938964844,2026-10-02,52.511274869698454,2.2174922174418765,,,
FETH,26.549999237060547,2026-10-02,25.031912302115998,-0.41261064626287536,,,
FEUS,83.56400299072266,2026-10-02,77.08729869340995,0.14518297372610967,0.827,0.213,2026-09-18
FEZ,67.0,2026-10-02,66.28147412486285,0.05578318573271934,1.829,0.111,2026-09-21
FF,5.159999847412109,2026-10-02,4.2135458220523665,0.30964461230295526,0.14,0.01,2026-09-04
FFA,22.209999084472656,2026-10-02,22.074422342368806,0.03014840605896385,1.5890000000000002,0.425,2026-09-22
FFDI,32.07699966430664,2026-10-02,31.34447404777861,0.04974311932561104,0.688,0.073,2026-09-18
FFEB,62.8390007019043,2026-10-02,58.66203174363095,0.13840829015057055,,,
FFEM,42.42599868774414,2026-10-02,38.17007963780863,0.3137425023725211,0.6440000000000001,0.193,2026-09-18
FFF,27.360000610351562,2026-10-02,24.007545821520747,,,,
FFGX,34.136600494384766,2026-10-02,32.498528271557326,0.12443101996442896,0.569,0.097,2026-09-18
FFIU,20.461000442504883,2026-10-02,21.962533829221687,-0.08488746693873472,0.898,0.23,2026-09-29
FFLC,59.27000045776367,2026-10-02,55.815223177115755,0.13522316600443451,0.599,0.125,2026-09-18
FFLG,34.47999954223633,2026-10-02,31.316366545232643,0.1688135438046212,0.023,0.01,2026-09-18
FFLS,23.432899475097656,2026-10-02,23.350565329015968,-0.07339555201373527,1.527,1.527,2025-12-26
FFLV,27.746000289916992,2026-10-02,26.133370532457572,0.18852007307813068,0.37600000000000006,0.083,2026-09-18
FFLX,9.380000114440918,2026-10-02,9.579230797596466,,0.049,0.049,2026-08-21
FFND,32.2239990234375,2026-10-02,31.149023967910097,0.07449147280323709,0.195,0.195,2025-12-26
FFOG,52.86000061035156,2026-10-02,47.48669729954693,0.10957181544039574,,,
FFOX,28.78580093383789,2026-10-02,28.41555305876105,0.03901104541086964,0.494,0.494,2025-12-31
FFSM,34.4900016784668,2026-10-02,33.77113156109692,0.17564855997680784,0.16599999999999998,0.047,2026-09-18
FFTY,35.39099884033203,2026-10-02,37.609996020556444,-0.06718502579445296,0.469,0.469,2025-12-31
FG,21.920000076293945,2026-10-02,27.687450211361586,-0.29585606594169445,1.0,0.25,2026-09-16
FGD,32.849998474121094,2026-10-02,32.380677295396055,0.13158793307341798,1.9140000000000001,0.641,2026-09-24
FGDL,55.14799880981445,2026-10-02,59.26207564456529,0.06013068674596567,,,
FGRU,7.320000171661377,2026-10-02,13.070379752147046,,,,
FGSM,34.427799224853516,2026-10-02,32.658971307762116,0.15813233946995253,0.486,0.053,2026-09-29
FHDG,37.349998474121094,2026-10-02,35.03031470006206,0.13044786438151212,,,
FHEQ,33.775001525878906,2026-10-02,31.90011554125296,0.09873135254907472,0.198,0.057,2026-09-18
FHI,56.06999969482422,2026-10-02,55.67067726104858,0.08368762806127794,1.44,0.38,2026-08-07
FHIL,24.149999618530273,2026-10-02,24.751599960327148,,,,
FHLC,80.5999984741211,2026-10-02,74.77406377906344,0.16138323778084884,1.018,0.254,2026-09-18
FHN,23.420000076293945,2026-10-02,23.894382431212648,0.03812059533289691,0.66,0.17,2026-09-11
FHYS,22.507999420166016,2026-10-02,23.14009162629268,-0.03199730615315144,1.377,0.107,2026-09-30
FIAT,15.600000381469727,2026-10-02,23.62927484702304,-0.3632652905522561,19.11,0.162,2026-10-01
FIAX,17.040000915527344,2026-10-02,17.68828287162629,-0.056739528825247465,1.422,0.115,2026-09-17
FICO,661.25,2026-10-02,1320.2579250867623,-0.6426931125406277,,,
FIDI,27.59000015258789,2026-10-02,27.354705164631998,0.11160356534336735,1.2309999999999999,0.291,2026-09-18
FIDU,90.27999877929688,2026-10-02,90.15290820361133,0.09603005668277786,0.828,0.207,2026-09-18
FIG,21.360000610351562,2026-10-02,29.01788854409024,-0.5972850633172129,,,
FIGB,40.77000045776367,2026-10-02,43.02948602927159,-0.06480102497618168,1.7550000000000001,0.151,2026-09-29
FIGS,13.520000457763672,2026-10-02,11.993984074231637,0.9015471454120587,,,
FIIG,19.6200008392334,2026-10-02,20.840406334257697,-0.0790893894300031,1.029,0.081,2026-09-24
FINA,25.75,2026-10-02,25.50540977227883,,0.043,0.043,2026-09-18
FINS,11.960000038146973,2026-10-02,12.853585623175025,-0.08841462328737504,1.3800000000000001,0.115,2026-09-16
FINT,36.25699996948242,2026-10-02,34.1258804731635,0.16995805864035396,0.7129999999999999,0.063,2026-09-29
FINV,2.9000000953674316,2026-10-02,5.034462142275624,-0.5983379252576886,0.306,0.306,2026-04-16
FIRY,12.470000267028809,2026-10-02,6.71382469959943,0.5433168793037799,,,
FIS,32.439998626708984,2026-10-02,50.63633462062395,-0.5137160984572748,1.72,0.44,2026-09-11
FISR,24.3700008392334,2026-10-02,25.673450196406755,-0.06441951300809112,1.0819999999999999,0.093,2026-10-01
FITB,50.869998931884766,2026-10-02,49.95613546485445,0.1454627135030062,1.62,0.42,2026-09-30
FITE,112.5510025024414,2026-10-02,97.44538657503774,0.2698973935497999,0.123,0.045,2026-09-21
FITZ,25.940000534057617,2026-10-02,24.910898958699086,,0.058,0.058,2026-09-18
FIVA,37.93000030517578,2026-10-02,36.3369602872081,0.19014745234905206,1.081,0.244,2026-09-18
FIW,104.4800033569336,2026-10-02,108.9817927691091,-0.08197868730167324,0.794,0.187,2026-09-24
FIX,1728.010009765625,2026-10-02,1427.1978467964082,1.1124558246673923,2.9999999999999996,0.9,2026-08-13
FIXP,19.098100662231445,2026-10-02,19.847976411006364,-0.03836354102240025,0.9459999999999998,0.08,2026-08-28
FIXT,35.82600021362305,2026-10-02,37.87659768944243,-0.07198547756937235,2.0200000000000005,0.14,2026-10-01
FIXX,14.220000267028809,2026-10-02,12.710312485694885,,,,
FIZY,26.112600326538086,2026-10-02,25.92215347290039,,0.48700000000000004,0.071,2026-09-30
FJAN,56.869998931884766,2026-10-02,53.166035853534105,0.1325075549861161,,,
FJET,1.7200000286102295,2026-10-02,6.0813131320356115,,,,
FJUL,61.560001373291016,2026-10-02,57.57983279893123,0.12300928298418334,,,
FJUN,61.5099983215332,2026-10-02,58.41817934864546,0.09898154332683573,,,
FLAG,27.388999938964844,2026-10-02,27.668800840339813,-0.0298254023751493,0.567,0.237,2026-06-29
FLAO,28.844999313354492,2026-10-02,28.259864533564958,0.029112704851657067,,,
FLAU,33.79800033569336,2026-10-02,33.70754988165016,0.032630638814364676,1.067,0.485,2026-06-26
FLAX,37.0,2026-10-02,33.27266933243588,0.25863186061905363,0.736,0.198,2026-06-26
FLBL,22.809999465942383,2026-10-02,23.20711154101854,-0.041193838245938474,1.73,0.142,2026-10-01
FLBR,23.93000030517578,2026-10-02,21.924645382094667,0.28104924594382097,1.294,0.261,2026-06-26
FLC,15.699999809265137,2026-10-02,17.09808765274595,-0.12094069021669018,1.28,0.107,2026-09-23
FLCA,52.4900016784668,2026-10-02,50.44880490853967,0.1408390261536019,0.921,0.392,2026-06-26
FLCB,20.329999923706055,2026-10-02,21.43435063305129,-0.06313367700766015,0.9309999999999998,0.081,2026-10-01
FLCC,36.61000061035156,2026-10-02,33.7147570302287,0.1410316863019252,0.164,0.164,2025-12-31
FLCE,31.84000015258789,2026-10-02,29.678015948291794,0.12883786636887695,0.093,0.005,2026-06-29
FLCG,36.04999923706055,2026-10-02,33.12943821029359,0.10582824921535416,0.016,0.016,2025-12-31
FLCH,20.260000228881836,2026-10-02,23.118836581469534,-0.2281904674711681,0.512,0.142,2026-06-26
FLCO,20.239999771118164,2026-10-02,21.428410351513865,-0.07453136742414368,0.9269999999999998,0.08,2026-09-01
FLCV,36.210899353027344,2026-10-02,33.49092793559648,0.17797331238269476,0.257,0.257,2025-12-31
FLDR,49.76499938964844,2026-10-02,50.188211053491116,-0.009257419009070289,2.07,0.166,2026-09-29
FLDZ,27.886499404907227,2026-10-02,29.88565537654071,-0.0673723195550604,0.445,0.445,2025-12-24
FLEE,37.665000915527344,2026-10-02,37.76792023191414,0.05949371937712811,1.222,0.869,2026-06-26
FLEL,13.369999885559082,2026-10-02,12.389062523841858,,,,
FLEU,34.564998626708984,2026-10-02,34.33356579936358,0.05635518222200253,0.96,0.576,2026-06-26
FLG,11.699999809265137,2026-10-02,13.24589641160699,-0.02662234911079786,0.04,0.01,2026-09-04
FLGB,35.56999969482422,2026-10-02,35.16794430402171,0.08610686091066322,1.058,0.466,2026-06-26
FLGR,32.119998931884766,2026-10-02,33.15403593298923,-0.04119406173478313,1.107,0.999,2026-06-26
FLGV,19.389999389648438,2026-10-02,20.34248611936531,-0.059194623220455767,0.8380000000000001,0.062,2026-10-01
FLHY,23.299999237060547,2026-10-02,24.261916384753953,-0.04566871335883027,1.582,0.141,2026-10-01
FLIA,20.010000228881836,2026-10-02,20.36882869370905,-0.026277324974536165,0.6559999999999999,0.067,2026-10-01
FLIN,33.459999084472656,2026-10-02,36.30205175696141,-0.10868411645049036,0.152,0.152,2025-12-19
FLJH,46.959999084472656,2026-10-02,42.1342550026943,0.28446382167751727,1.127,0.286,2026-06-26
FLJJ,34.54499816894531,2026-10-02,32.76285265736371,0.10339202587190321,,,
FLJP,42.0,2026-10-02,37.97143430063924,0.1938601374548834,1.689,0.169,2026-06-26
FLKR,63.04999923706055,2026-10-02,46.83536654164592,1.2358155152932158,1.472,0.298,2026-06-26
FLLA,27.65999984741211,2026-10-02,26.746135422907976,0.20260868901791773,1.303,0.369,2026-06-26
FLMB,21.899999618530273,2026-10-02,23.685374453723192,-0.07321200184842513,0.9899999999999999,0.1,2026-10-01
FLMI,23.309999465942383,2026-10-02,24.827091589391944,-0.05512771001806449,0.9949999999999999,0.091,2026-10-01
FLMX,34.40599822998047,2026-10-02,36.16410359538409,0.058874163594195394,1.42,0.721,2026-06-26
FLNG,31.239999771118164,2026-10-02,28.80952189168132,0.21556415734304712,3.0,0.75,2026-09-03
FLO,5.570000171661377,2026-10-02,9.139561750024438,-0.5767477024130279,0.746,0.125,2026-09-11
FLOC,18.459999084472656,2026-10-02,20.731155429703307,0.18943289561813703,0.48,0.14,2026-08-21
FLOT,50.88999938964844,2026-10-02,50.94434257902472,-0.0005891355140537069,2.178,0.175,2026-10-01
FLOW,41.92449951171875,2026-10-02,37.78649200196285,0.1963730384946647,0.7750000000000001,0.052,2026-09-03
FLQL,79.43000030517578,2026-10-02,73.25760553367584,0.16261710567884013,0.8300000000000001,0.194,2026-09-18
FLQM,57.880001068115234,2026-10-02,57.47944211009964,0.015438615230091823,0.984,0.187,2026-09-18
FLQS,47.40999984741211,2026-10-02,45.66642632047493,0.0812844756979445,0.732,0.196,2026-09-18
FLR,49.900001525878906,2026-10-02,48.035258958064226,0.1569673148644677,,,
FLRG,41.659000396728516,2026-10-02,39.496187263276,0.08036822907335406,0.589,0.128,2026-09-18
FLRN,30.739999771118164,2026-10-02,30.780717203816568,-0.00032521069534430236,1.3110000000000002,0.106,2026-10-01
FLRT,46.5,2026-10-02,46.8886692609445,-0.019504464985583003,3.117,0.219,2026-09-24
FLS,74.37000274658203,2026-10-02,73.72334648223512,0.4093235190722935,0.87,0.22,2026-09-25
FLSA,31.389999389648438,2026-10-02,33.04274899456131,-0.09486738427266772,0.9949999999999999,0.588,2026-06-26
FLSP,28.700000762939453,2026-10-02,27.378051826203485,0.09818626725081625,0.713,0.713,2025-12-19
FLSW,40.85900115966797,2026-10-02,41.99931081642668,0.0404634755126454,0.991,0.94,2026-06-26
FLTB,49.040000915527344,2026-10-02,50.37641038932648,-0.032951384667972206,2.196,0.181,2026-09-29
FLTR,25.510000228881836,2026-10-02,25.522390464387566,0.0007846393857693368,1.132,0.089,2026-10-01
FLTW,112.37000274658203,2026-10-02,80.64529873365424,0.874082796236759,1.64,0.184,2026-06-26
FLUD,24.8700008392334,2026-10-02,25.003649312661462,-0.005001000032126224,1.007,0.088,2026-10-01
FLUT,74.80999755859375,2026-10-02,141.7398801096882,-0.7081154852842874,,,
FLV,82.70059967041016,2026-10-02,79.641201581613,0.11715296653673435,1.422,0.345,2026-09-08
FLXI,47.27000045776367,2026-10-02,48.83197357780055,,1.478,0.218,2026-09-21
FLXN,24.046600341796875,2026-10-02,25.26637694370224,-0.06342352263493589,2.516,0.19,2026-09-25
FLXR,37.7599983215332,2026-10-02,39.27517917526671,-0.048866559297834344,2.4000000000000004,0.2,2026-10-01
FLYD,54.94200134277344,2026-10-02,61.67937024181108,-0.24983611489218482,,,
FLYT,5.544000148773193,2026-10-02,14.274839659783408,-0.7743497865732097,,,
FLYU,34.558998107910156,2026-10-02,45.96103189475983,-0.3581405089867006,,,
FLYX,1.25,2026-10-02,2.516892434591316,-0.7133027610729842,,,
FMAG,36.43000030517578,2026-10-02,34.93090429723975,0.03789179170578261,0.001,0.001,2026-09-18
FMAR,53.7599983215332,2026-10-02,49.84137858052652,0.15702473978591103,,,
FMAT,56.16999816894531,2026-10-02,57.06434258996728,0.0680737403683247,0.821,0.202,2026-09-18
FMAY,57.69499969482422,2026-10-02,54.68798007433158,0.10319705006861257,,,
FMC,8.4399995803833,2026-10-02,14.544262927841855,-0.7382134261481629,0.32,0.08,2026-09-30
FMCE,28.591999053955078,2026-10-02,27.27686062087101,0.04901667558432843,0.812,0.034,2026-06-24
FMCX,36.362998962402344,2026-10-02,35.2724183603112,0.02731944446989054,0.107,0.029,2026-06-24
FMDE,40.9900016784668,2026-10-02,38.35372506859768,0.13138289253030044,0.433,0.116,2026-09-18
FMF,52.060001373291016,2026-10-02,49.99733060859589,0.06418649472352178,2.486,0.232,2026-09-24
FMKT,21.889999389648438,2026-10-02,22.177179268156866,-0.08448349940003475,0.464,0.464,2025-12-23
FMN,9.960000038146973,2026-10-02,11.093147369020013,-0.09372154271358968,0.5399999999999999,0.045,2026-09-23
FMNY,24.850000381469727,2026-10-02,26.583860518922844,-0.06403009056278353,0.9999999999999999,0.085,2026-09-24
FMQQ,11.835000038146973,2026-10-02,12.79827890738073,-0.20655673454147416,0.085,0.085,2025-12-30
FMS,22.25,2026-10-02,23.43446220914681,-0.16822429906542058,0.872,0.872,2026-05-22
FMTL,34.97959899902344,2026-10-02,33.62873949920922,0.4526411590469752,0.532,0.514,2026-06-25
FMX,115.68000030517578,2026-10-02,112.24111570685034,0.20865114838291676,3.622,1.827,2026-07-15
FMY,11.069999694824219,2026-10-02,11.842430281924061,-0.08963817156789389,0.7799999999999998,0.065,2026-10-01
FN,463.69000244140625,2026-10-02,511.3231479599181,0.26691257497651977,,,
FNB,17.450000762939453,2026-10-02,17.51737050136247,0.07384620079627413,0.5,0.13,2026-09-01
FNCL,75.94000244140625,2026-10-02,76.18824704234818,-0.003412001538694698,1.2910000000000001,0.31,2026-09-18
FND,45.4900016784668,2026-10-02,58.267529795369306,-0.38243280726489015,,,
FNDA,35.65999984741211,2026-10-02,34.3948606133936,0.13458477572905858,0.442,0.133,2026-09-23
FNDB,30.850000381469727,2026-10-02,28.681513904100395,0.18882464256140663,0.45099999999999996,0.116,2026-09-23
FNDC,49.869998931884766,2026-10-02,47.83848609772336,0.10896147605452589,1.802,0.278,2026-06-24
FNDE,41.90999984741211,2026-10-02,39.276613425448595,0.15390969712437785,1.486,0.187,2026-06-24
FNDF,53.84000015258789,2026-10-02,50.14745028370405,0.23119141816104727,1.637,0.296,2026-06-24
FNDX,31.700000762939453,2026-10-02,29.3707171360335,0.19532429169545318,0.472,0.12,2026-09-23
FNF,39.2599983215332,2026-10-02,50.6352424925542,-0.3211169284467714,2.08,0.52,2026-09-16
FNG,6.230000019073486,2026-10-02,7.577763130790309,,,,
FNGD,24.270000457763672,2026-10-02,45.50766534539333,-0.527821016784519,,,
FNGG,277.72100830078125,2026-10-02,223.47797220541662,0.15026451555534992,24.732000000000003,0.66,2026-09-22
FNGO,159.48800659179688,2026-10-02,124.80523490145862,0.27487397572688765,,,
FNGS,82.6780014038086,2026-10-02,71.24954975933667,0.19029660946671023,,,
FNGU,34.86000061035156,2026-10-02,26.660597645429025,0.20581116549096312,,,
FNOV,60.40549850463867,2026-10-02,56.3662291143045,0.1401566445179494,,,
FNV,239.3000030517578,2026-10-02,230.21772948489246,0.08683809161594036,1.32,0.44,2026-09-10
FOA,13.5,2026-10-02,20.988247035509087,-0.39461881336909455,,,
FOCT,54.33980178833008,2026-10-02,50.48411477989409,0.13991617108409748,,,
FOF,12.5,2026-10-02,13.468645403584636,-0.04361130131088997,1.0439999999999998,0.087,2026-09-08
FOIL,16.209999084472656,2026-10-02,21.134053977760107,,,,
FOMG,9.390000343322754,2026-10-02,6.911249998542997,,,,
FOPC,24.30500030517578,2026-10-02,25.524486085808135,-0.056299705021914725,0.805,0.267,2026-06-29
FOR,25.75,2026-10-02,27.040039852795847,-0.04735481517312379,,,
FORH,24.163999557495117,2026-10-02,24.911095638199157,-0.06929090751610567,0.439,0.439,2025-12-24
FOTO,19.84000015258789,2026-10-02,20.335454550656404,,,,
FOUR,36.16999816894531,2026-10-02,53.526374588924575,-0.5294041389316109,,,
FOWF,33.85599899291992,2026-10-02,33.217386405306506,0.07462307236246613,0.26,0.057,2026-09-03
FOXY,27.14900016784668,2026-10-02,28.559219124782608,-0.013660289042491613,2.39,0.23,2026-09-25
FPAA,24.718599319458008,2026-10-02,25.239129299070775,,,,
FPAG,40.79999923706055,2026-10-02,38.889796906733416,0.12551722033270485,0.541,0.087,2026-09-15
FPAS,23.799999237060547,2026-10-02,24.93002794273346,-0.06739816574650048,1.193,0.086,2026-09-15
FPH,4.539999961853027,2026-10-02,5.338525899377952,-0.25328947058840134,,,
FPI,11.239999771118164,2026-10-02,10.557250984161499,0.05046728705410275,0.5299999999999999,0.09,2026-10-01
FPRO,23.11199951171875,2026-10-02,23.851629477573105,0.02410486968874248,0.601,0.135,2026-09-18
FPS,40.349998474121094,2026-10-02,39.33716870503253,,,,
FPSX,4.940000057220459,2026-10-02,5.426944421397315,,,,
FPWR,34.71269989013672,2026-10-02,35.90871988729652,0.03697390507642506,0.7779999999999999,0.217,2026-09-24
FPX,180.6199951171875,2026-10-02,174.5524305366425,0.08997639128133961,0.317,0.005,2026-06-25
FQAL,83.69999694824219,2026-10-02,78.34616721103866,0.1154050629938479,0.968,0.235,2026-09-18
FR,59.459999084472656,2026-10-02,60.22462148780367,0.15009667711834673,1.945,0.5,2026-09-30
FRA,10.489999771118164,2026-10-02,11.355019903752908,-0.18492619546262945,1.4880000000000004,0.124,2026-09-15
FRDM,71.0999984741211,2026-10-02,60.22482071834732,0.5750996773479318,1.178,0.293,2026-09-28
FREL,27.139999389648438,2026-10-02,28.379999973859444,-0.023741002357016483,0.972,0.233,2026-09-18
FRGN,31.374000549316406,2026-10-02,29.428586409642147,0.23993207025537888,0.064,0.064,2025-12-24
FRI,29.510000228881836,2026-10-02,29.768884461239516,0.049057984688458456,0.8,0.195,2026-09-24
FRIZ,26.488000869750977,2026-10-02,26.02891631715326,0.03866363539201867,0.264,0.059,2026-09-18
FRNW,21.329999923706055,2026-10-02,22.713000027781938,0.04074159796442767,0.244,0.049,2026-09-18
FRO,52.7400016784668,2026-10-02,33.552270904480224,1.2772021600146921,5.99,3.41,2026-09-18
FRT,106.69000244140625,2026-10-02,109.4924300904293,0.07323205423109425,4.55,1.16,2026-10-01
FRTY,23.8700008392334,2026-10-02,21.844525910943627,0.05015403959330267,0.041,0.041,2025-12-18
FRUT,28.21139907836914,2026-10-02,26.885474999745686,,,,
FSCC,33.959999084472656,2026-10-02,32.58068527738411,0.13975028942140355,0.081,0.081,2025-12-31
FSCO,5.110000133514404,2026-10-02,5.525458162999248,-0.26790829232795654,0.748,0.059,2026-09-23
FSEC,41.689998626708984,2026-10-02,43.95533062452339,-0.0616700801180865,1.9460000000000006,0.136,2026-09-29
FSEG,26.40999984741211,2026-10-02,26.93620370935511,,0.019999999999999997,0.011,2026-09-18
FSEP,57.45000076293945,2026-10-02,53.19590025214085,0.1342546699349294,,,
FSEV,25.84000015258789,2026-10-02,26.259259241598624,,0.16499999999999998,0.092,2026-09-18
FSI,6.050000190734863,2026-10-02,6.350537864335505,-0.356382932313267,,,
FSIG,18.399999618530273,2026-10-02,18.99541031126957,-0.04365905210918164,0.9139999999999997,0.073,2026-09-24
FSK,10.970000267028809,2026-10-02,12.454422320027751,-0.26671121396684083,2.04,0.44,2026-09-16
FSM,11.25,2026-10-02,9.996334695246116,0.25979838919821296,,,
FSMB,19.520000457763672,2026-10-02,19.998693245815566,-0.02788841972460654,0.6340000000000001,0.054,2026-09-24
FSMD,50.16999816894531,2026-10-02,47.626593737963184,0.13712600597295843,0.6500000000000001,0.185,2026-09-18
FSML,29.294599533081055,2026-10-02,27.824750532018076,0.15976874106461292,0.148,0.029,2026-09-18
FSOL,13.920000076293945,2026-10-02,11.366168960588707,-0.15891234332369175,,,
FSP,0.33000001311302185,2026-10-02,0.7301593612864673,-0.7999999891627917,0.02,0.01,2026-01-23
FSPC,18.549999237060547,2026-10-02,19.17180330245221,,,,
FSS,116.33999633789062,2026-10-02,115.47800795110574,-0.01797927627977669,0.5900000000000001,0.15,2026-08-14
FSSL,11.859999656677246,2026-10-02,12.31207208375673,-0.15285716738019672,1.266,0.15,2026-09-23
FSTA,50.900001525878906,2026-10-02,52.31007964297595,0.025382799188615968,1.1789999999999998,0.291,2026-09-18
FSYD,46.599998474121094,2026-10-02,48.47833460165685,-0.04331760726770717,3.0429999999999997,0.254,2026-09-29
FT,7.079999923706055,2026-10-02,7.979721114929928,-0.11278196656845696,0.5159999999999999,0.043,2026-09-23
FTBD,46.803001403808594,2026-10-02,49.31724692720816,-0.06442648842276844,2.453,0.199,2026-09-29
FTBI,21.134300231933594,2026-10-02,21.493132701433037,-0.008291520116794793,1.679,0.144,2026-09-24
FTCA,6.849999904632568,2026-10-02,7.308438305144614,-0.07055630786988365,0.275,0.025,2026-10-01
FTCB,19.75,2026-10-02,20.97627489310337,-0.07623943988537352,1.1159999999999999,0.078,2026-09-24
FTCE,27.160499572753906,2026-10-02,25.798456123625616,0.09810384061554611,0.197,0.058,2026-09-24
FTEC,306.29998779296875,2026-10-02,248.6830675953413,0.361393752231697,1.109,0.332,2026-09-18
FTF,5.369999885559082,2026-10-02,5.950717143328541,-0.15299688386172505,0.7440000000000002,0.062,2026-09-23
FTHB,24.088499069213867,2026-10-02,25.11473354980023,,0.572,0.145,2026-09-30
FTHF,49.70000076293945,2026-10-02,40.733262985351075,0.6458043856638982,1.5210000000000001,0.231,2026-09-24
FTHY,12.609999656677246,2026-10-02,13.710976106712067,-0.1119718432355511,1.5,0.125,2026-10-01
FTI,68.81999969482422,2026-10-02,61.85589633044969,0.8091482134200725,0.2,0.05,2026-08-18
FTIF,27.898000717163086,2026-10-02,26.121239020055032,0.2585942549964857,0.362,0.134,2026-09-24
FTK,30.940000534057617,2026-10-02,20.073107582639413,0.9434673609160065,,,
FTKI,19.392200469970703,2026-10-02,19.498618327288987,0.03868239907474691,2.301,0.199,2026-09-24
FTLS,77.33999633789062,2026-10-02,72.75659757211389,0.1051728011988986,0.6659999999999999,0.183,2026-09-24
FTMA,8.510000228881836,2026-10-02,8.982571444341115,-0.06018774797637794,0.29000000000000004,0.027,2026-10-01
FTMH,10.850000381469727,2026-10-02,11.60448509784455,-0.06922872394821344,0.45899999999999996,0.044,2026-09-01
FTMN,8.1899995803833,2026-10-02,8.782804421318902,-0.07248022070810367,0.259,0.026,2026-10-01
FTMS,9.720000267028809,2026-10-02,9.920885114466891,-0.023115532326157373,0.30400000000000005,0.026,2026-10-01
FTMU,7.329999923706055,2026-10-02,7.807782986823549,-0.06920635889446924,0.30300000000000005,0.026,2026-10-01
FTNJ,8.260000228881836,2026-10-02,8.72184890323215,-0.05793789239272851,0.281,0.026,2026-10-01
FTNY,7.320000171661377,2026-10-02,7.835174477354009,-0.0757575629864552,0.28500000000000003,0.026,2026-10-01
FTOH,7.869999885559082,2026-10-02,8.354857794443767,-0.06420927130209086,0.268,0.025,2026-09-01
FTPA,8.10200023651123,2026-10-02,8.614266658359103,-0.0633525325070654,0.28700000000000003,0.025,2026-10-01
FTRA,9.864999771118164,2026-10-02,9.87928563721326,,,,
FTRB,23.940000534057617,2026-10-02,25.1846414771213,-0.059516770543673436,1.066,0.081,2026-09-30
FTS,52.869998931884766,2026-10-02,54.64195214989651,0.05151153968711597,1.397,0.461,2026-08-19
FTSD,88.69999694824219,2026-10-02,90.52406371827145,-0.023772877477432952,3.948,0.33,2026-10-01
FTV,57.470001220703125,2026-10-02,56.84868512400593,0.1400516047344018,0.25,0.07,2026-09-04
FTW,9.84000015258789,2026-10-02,11.053625501959447,-0.0529355315265535,0.43900000000000006,0.338,2026-08-31
FTWO,44.611000061035156,2026-10-02,44.03109174325647,0.115275001525879,0.291,0.06,2026-06-29
FUBO,8.65999984741211,2026-10-02,19.856175274487985,-0.8177609477274896,,,
FUL,50.20000076293945,2026-10-02,59.18159354160506,-0.15317135970536744,0.96,0.245,2026-07-30
FUMB,19.93000030517578,2026-10-02,20.072629487846953,-0.008457715077989203,0.5439999999999999,0.044,2026-09-24
FUN,11.600000381469727,2026-10-02,17.758406331339682,-0.5144411604089023,,,
FURY,0.5130000114440918,2026-10-02,0.6099641429950516,-0.19212595409672584,,,
FUSD,24.8700008392334,2026-10-02,25.05338037517709,,0.293,0.103,2026-09-30
FUSI,50.50899887084961,2026-10-02,50.468984018758945,-0.0011074806166373463,2.322,0.158,2026-09-04
FUTY,51.52000045776367,2026-10-02,57.39414336671867,-0.10353228878644971,1.53,0.391,2026-09-18
FVAL,81.47000122070312,2026-10-02,75.33355776722213,0.17239895992542098,1.2289999999999999,0.254,2026-09-18
FVD,47.08000183105469,2026-10-02,47.80880466780339,0.018386378914881485,1.123,0.256,2026-09-24
FVR,16.68000030517578,2026-10-02,17.071235014622903,0.19913734638027458,0.86,0.215,2026-09-30
FVRR,8.539999961853027,2026-10-02,13.796414325911686,-0.6361312223390758,,,
FWD,134.7100067138672,2026-10-02,120.3757209929812,0.30135736374586,0.113,0.113,2025-12-17
FXA,68.86000061035156,2026-10-02,68.54697200881533,0.05354957110336489,0.7959999999999999,0.088,2026-10-01
FXB,127.25,2026-10-02,128.92362544451103,-0.017677886404352305,2.6989999999999994,0.215,2026-10-01
FXC,68.54000091552734,2026-10-02,70.42298797972174,-0.021276565611050957,0.10100000000000003,0.007,2026-10-01
FXD,64.58999633789062,2026-10-02,67.76231084876801,-0.054042215983827635,0.478,0.135,2026-09-24
FXE,103.81999969482422,2026-10-02,107.17055809355352,-0.041189500690365755,0.843,0.087,2026-10-01
FXED,16.579999923706055,2026-10-02,17.68640237025531,-0.10232807037961811,1.246,0.04,2026-09-29
FXF,106.2300033569336,2026-10-02,110.82681271374463,-0.045638256338888517,,,
FXG,58.41999816894531,2026-10-02,63.34099583416821,-0.07372762879941008,1.2590000000000001,0.326,2026-09-24
FXH,129.50999450683594,2026-10-02,117.88745032078717,0.13555450277420977,0.736,0.292,2026-09-24
FXI,33.189998626708984,2026-10-02,36.978087732991376,-0.1986962797213926,0.679,0.263,2026-06-15
FXL,228.05999755859375,2026-10-02,186.16155391860292,0.3423190450350737,,,
FXN,22.5,2026-10-02,19.935976127229363,0.37952181095917426,0.42100000000000004,0.161,2026-09-24
FXO,61.16999816894531,2026-10-02,60.7125498555096,0.029278106256681147,1.3989999999999998,0.329,2026-09-24
FXP,22.93000030517578,2026-10-02,19.498446187175126,0.41194585149904794,0.505,0.118,2026-09-23
FXR,83.16999816894531,2026-10-02,84.74402384359048,0.05452003642220782,0.662,0.246,2026-09-24
FXU,44.36000061035156,2026-10-02,47.70290821576973,-0.033761691183013975,1.1219999999999999,0.332,2026-09-24
FXY,58.06999969482422,2026-10-02,58.328406299727845,-0.06968917977772815,,,
FXZ,78.22480010986328,2026-10-02,74.68404289640753,0.24264970868620805,1.03,0.251,2026-09-24
FYEE,29.920000076293945,2026-10-02,28.969788874288003,0.06514773633909932,2.73,0.555,2026-09-18
FYLD,39.63999938964844,2026-10-02,36.36561751650624,0.25881231113901904,1.151,0.26,2026-09-18
G,33.290000915527344,2026-10-02,37.72764946075075,-0.19218632237071454,0.5640000000000001,0.188,2026-09-10
GAA,34.96799850463867,2026-10-02,34.082047831014805,0.10059169111084998,0.927,0.199,2026-06-23
GAB,5.239999771118164,2026-10-02,5.785699992540823,-0.14223668686625845,0.598515,0.15,2026-09-16
GABF,42.02399826049805,2026-10-02,45.03750997900488,-0.12371504433789071,0.907,0.907,2025-12-29
GAEM,25.541000366210938,2026-10-02,26.641729066096453,-0.03290418349950597,1.6,0.15,2026-09-25
GAIQ,65.7699966430664,2026-10-02,64.54216199307828,,,,
GAL,52.650001525878906,2026-10-02,51.52513935651437,0.0653582249414828,1.6969999999999998,0.283,2026-09-25
GALX,23.639999389648438,2026-10-02,23.779285737446376,,,,
GAM,63.7599983215332,2026-10-02,62.55533856699666,0.01464032728694109,6.4,6.4,2025-11-17
GAMR,100.08999633789062,2026-10-02,89.98609963831198,0.03324035821215254,0.471,0.471,2025-12-30
GAP,22.510000228881836,2026-10-02,23.57270917854461,0.04261232375135804,0.6799999999999999,0.175,2026-07-08
GAPR,42.75,2026-10-02,40.795649418317936,0.08809077365463702,,,
GARA,25.472000122070312,2026-10-02,27.18588776491126,,0.63,0.2,2026-09-18
GARP,86.63999938964844,2026-10-02,73.54988060149539,0.309354719467259,0.20600000000000002,0.049,2026-09-15
GASZ,22.061599731445312,2026-10-02,23.631746237094585,,,,
GATX,171.02999877929688,2026-10-02,176.22059783327626,-0.02740976489577951,2.5900000000000003,0.66,2026-09-15
GAU,1.9900000095367432,2026-10-02,2.405219120333394,-0.2071713079291846,,,
GAUG,42.29999923706055,2026-10-02,40.212876460466724,0.09415414909506525,,,
GBAB,12.59000015258789,2026-10-02,14.565577685595509,-0.194497756851857,1.5119999999999996,0.126,2026-09-15
GBCI,43.90999984741211,2026-10-02,46.88478091418506,-0.08881508406859995,1.32,0.33,2026-07-07
GBHI,24.34149932861328,2026-10-02,25.290693205053156,-0.02867119523707784,0.824,0.354,2026-06-26
GBIL,99.87999725341797,2026-10-02,100.04808767858255,-0.0007003471431866748,3.3030000000000004,0.305,2026-09-01
GBND,47.90250015258789,2026-10-02,50.485049806268094,-0.05911177463374617,1.9080000000000001,0.193,2026-10-01
GBR,0.7699999809265137,2026-10-02,0.7956972119817696,-0.24509804379889621,,,
GBTC,65.11000061035156,2026-10-02,62.054581661148376,-0.3243046886888764,,,
GBX,40.58000183105469,2026-10-02,48.12047809433652,-0.11840097963881457,1.32,0.34,2026-07-16
GCAD,48.9630012512207,2026-10-02,51.12871311385318,0.07161146010451813,0.956,0.956,2025-12-29
GCAL,48.50189971923828,2026-10-02,50.764967808210514,-0.04042137746010055,1.8080000000000003,0.136,2026-10-01
GCC,26.520000457763672,2026-10-02,23.550876442654673,0.22664197170789824,1.404,0.319,2025-12-26
GCDT,0.4000000059604645,2026-10-02,1.363093409891967,,,,
GCLO,50.290000915527344,2026-10-02,50.16677425753686,,,,
GCO,34.79999923706055,2026-10-02,31.98617524834743,0.15231782642092107,,,
GCOR,39.119998931884766,2026-10-02,41.202179274236066,-0.061420377988171904,1.6980000000000002,0.185,2026-10-01
GCOW,44.47999954223633,2026-10-02,44.32812743167953,0.10839766654223504,2.274,0.428,2026-09-03
GCPB,48.275001525878906,2026-10-02,49.551923311673676,,0.318,0.188,2026-10-01
GCPU,35.60599899291992,2026-10-02,36.96738249942126,-0.1915077599290833,0.163,0.163,2025-12-31
GCSH,49.939998626708984,2026-10-02,50.105584429456044,,0.447,0.125,2026-09-03
GCTS,2.25,2026-10-02,1.7028924295626788,0.4802631764695917,,,
GCV,4.130000114440918,2026-10-02,4.431992027389101,-0.028235267190372282,0.48,0.12,2026-09-16
GD,330.0899963378906,2026-10-02,352.36131487234655,-0.039374887874853215,6.18,1.59,2026-07-02
GDDY,97.20999908447266,2026-10-02,100.84266930082404,-0.2799259327076099,,,
GDE,64.0999984741211,2026-10-02,64.85768934455051,0.10574430092005471,2.662,0.142,2025-12-26
GDEC,40.939998626708984,2026-10-02,38.65029882909767,0.11371056844491823,,,
GDIV,18.225000381469727,2026-10-02,17.652418349368638,0.12499997056560885,0.18,0.054,2026-07-01
GDL,8.324999809265137,2026-10-02,8.451334660746662,-0.0263158335029684,0.48,0.12,2026-09-16
GDLC,38.68000030517578,2026-10-02,36.92490437116281,-0.3574750861300967,,,
GDMA,40.939998626708984,2026-10-02,41.03529876161856,0.0441213869581909,1.077,1.077,2025-12-30
GDMN,82.33999633789062,2026-10-02,94.71309987102372,0.018429163783428626,2.5130000000000003,0.228,2025-12-26
GDO,9.75,2026-10-02,11.019920311126102,-0.19221207568207865,1.4639999999999995,0.122,2026-09-23
GDOC,36.4900016784668,2026-10-02,34.868039826472916,0.09431699932915327,0.113,0.113,2025-12-23
GDOG,10.720000267028809,2026-10-02,11.658339558091274,-0.40609414292836465,,,
GDOT,12.5,2026-10-02,12.504741045583291,-0.04361130131088997,,,
GDT,33.68370056152344,2026-10-02,37.93606084043329,,1.1949999999999998,0.025,2026-09-25
GDV,28.3700008392334,2026-10-02,28.51422310635388,0.04570592395225703,1.7699999999999996,0.15,2026-09-16
GDX,87.77999877929688,2026-10-02,88.26864535875055,0.13881677081034116,0.633,0.633,2025-12-22
GDXD,22.329999923706055,2026-10-02,62.377888409739946,-0.8677132729857879,,,
GDXJ,113.6500015258789,2026-10-02,115.81159374343447,0.13946264247076123,2.649,2.649,2025-12-22
GDXU,105.27999877929688,2026-10-02,200.66442229738274,-0.4962679484244169,,,
GDXW,37.71699905395508,2026-10-02,51.206819024579275,-0.2705912061522645,24.264000000000003,0.392,2026-09-28
GDXY,9.979999542236328,2026-10-02,13.844780853545048,-0.4418344513049498,8.319,0.07,2026-10-01
GE,309.55999755859375,2026-10-02,318.9135861339797,0.04228955406933932,1.2999999999999998,0.47,2026-07-06
GEEQ,47.16130065917969,2026-10-02,48.74326742849043,,0.373,0.373,2026-09-03
GEF,82.18000030517578,2026-10-02,70.87924306801116,0.35632942891923314,2.3600000000000003,0.62,2026-09-17
GEF-B,107.56999969482422,2026-10-02,85.16019933632171,0.720294287458705,3.5300000000000002,0.93,2026-09-17
GEM,51.58000183105469,2026-10-02,46.69509553339377,0.2470986719024677,0.958,0.958,2025-12-23
GEMD,39.500999450683594,2026-10-02,42.0929879724267,-0.058917416264603006,2.423,0.237,2026-10-01
GENC,17.59000015258789,2026-10-02,14.939999990729222,0.2361209218860958,,,
GEND,12.833000183105469,2026-10-02,12.41903584696857,0.12768014534733907,0.39,0.107,2026-09-29
GENI,6.019999980926514,2026-10-02,7.521792806952123,-0.49623430317889583,,,
GENM,9.885000228881836,2026-10-02,10.27709165322353,-0.03898502946460447,0.30100000000000005,0.026,2026-09-29
GENT,9.876999855041504,2026-10-02,10.289597610078484,-0.05028844064156612,0.43099999999999994,0.036,2026-09-29
GENW,14.399999618530273,2026-10-02,14.26371711943729,0.14059402919051678,0.33499999999999996,0.121,2026-09-29
GEO,31.360000610351562,2026-10-02,21.684581669203315,0.551707176199006,,,
GEV,988.7000122070312,2026-10-02,852.7534259932925,0.6617086479346792,1.75,0.5,2026-06-16
GEVC,19.469999313354492,2026-10-02,19.909166638056437,,,,
GEVX,18.610000610351562,2026-10-02,16.636752947393166,0.9610117027599074,,,
GF,10.550000190734863,2026-10-02,11.410239075284554,-0.10289115770383128,0.28400000000000003,0.154,2026-05-26
GFEB,45.20000076293945,2026-10-02,42.68649792006291,0.11275238679190625,,,
GFF,93.97000122070312,2026-10-02,84.77681276237823,0.20737503546104863,0.88,0.22,2026-08-31
GFI,35.619998931884766,2026-10-02,43.133545757764836,-0.15472236716181087,2.456,1.014,2026-09-11
GFL,41.97999954223633,2026-10-02,41.55533862778865,-0.09972123996065041,0.034,0.017,2026-07-13
GFR,5.800000190734863,2026-10-02,5.6748605420389975,0.2236287913082844,,,
GFSG,4.050000190734863,2026-10-02,5.382638881603877,,,,
GGB,5.010000228881836,2026-10-02,4.16888445876984,0.5321101706741647,0.09999999999999999,0.045,2026-08-21
GGG,78.0,2026-10-02,81.86760960917074,-0.07975462442020065,1.16,0.295,2026-07-20
GGM,30.93869972229004,2026-10-02,28.939134263422385,0.14026095099886082,0.428,0.428,2025-12-26
GGME,65.91999816894531,2026-10-02,59.563625426881345,0.03128911228554565,0.049999999999999996,0.044,2026-09-21
GGN,5.25,2026-10-02,5.22621514407762,0.011560682489023755,0.3600000000000001,0.03,2026-09-16
GGOV,49.4900016784668,2026-10-02,49.81868932351648,-0.017665727883672155,2.024,0.405,2026-10-01
GGRW,38.04100036621094,2026-10-02,35.8919521878915,0.07725202226055683,0.151,0.151,2025-12-29
GGT,3.9800000190734863,2026-10-02,4.131274903438006,-0.06132069954713959,0.88,0.08,2026-09-16
GGTL,41.763099670410156,2026-10-02,35.04237101277507,0.2870380591539623,0.333,0.333,2025-12-29
GGUS,69.1969985961914,2026-10-02,64.31945809900049,0.09018006178952587,0.267,0.057,2026-09-24
GGZ,15.380000114440918,2026-10-02,15.490996030222373,0.06954102865380118,0.84,0.21,2026-09-16
GHC,1149.6099853515625,2026-10-02,1114.7344659448145,-0.01016010580316662,7.4399999999999995,1.88,2026-07-16
GHG,0.9399999976158142,2026-10-02,1.4051992012210102,-0.5707762680112167,,,
GHM,91.48999786376953,2026-10-02,84.27796826609577,0.6328752428524977,,,
GHTA,29.700000762939453,2026-10-02,30.622458226177322,-0.04550708620246302,1.147,1.147,2025-12-16
GHY,10.869999885559082,2026-10-02,12.08043825673867,-0.14476791086274066,1.26,0.105,2026-09-10
GHYB,43.013999938964844,2026-10-02,44.919450235556795,-0.05644156798971478,2.9520000000000004,0.239,2026-10-01
GHYG,43.2400016784668,2026-10-02,45.52011961006073,-0.06709809920254306,2.8209999999999997,0.231,2026-10-01
GIAX,16.299999237060547,2026-10-02,16.385175325006127,-0.07386369978593266,3.9859999999999998,0.074,2026-10-02
GIB,70.19000244140625,2026-10-02,76.87414357766687,-0.23415165005112482,0.371,0.122,2026-08-14
GIC,43.61000061035156,2026-10-02,32.94752977378815,0.2161182339122114,1.1,0.28,2026-08-17
GIGB,43.36000061035156,2026-10-02,45.857689222966535,-0.07072437307870183,2.1149999999999998,0.18,2026-10-01
GIGL,47.72800064086914,2026-10-02,50.47772507078619,-0.06724771177053579,2.093,0.195,2026-10-01
GII,70.19000244140625,2026-10-02,73.82091640761175,0.0009982842567362038,2.02,0.784,2026-06-01
GIL,41.0,2026-10-02,58.10155386753766,-0.32742781142128885,0.747,0.249,2026-08-20
GINC,48.380001068115234,2026-10-02,49.533589680989586,,0.472,0.178,2026-10-01
GINN,81.11299896240234,2026-10-02,75.96444258366922,0.07619737304680885,0.922,0.922,2025-12-23
GIS,32.0099983215332,2026-10-02,40.56167332774614,-0.36437653031017825,2.44,0.61,2026-07-10
GISC,49.39500045776367,2026-10-02,49.988116871226914,,0.533,0.217,2026-09-03
GJAN,46.25,2026-10-02,43.711406343011745,0.10778443113772451,,,
GJH,9.319999694824219,2026-10-02,9.661115536176826,-0.05858585313684683,0.636,0.319,2026-06-12
GJO,24.6200008392334,2026-10-02,24.800557672265043,-0.017557806707336976,1.1260000000000001,0.094,2026-09-14
GJP,24.399999618530273,2026-10-02,24.6605177875534,-0.014141429554332396,1.233,0.106,2026-09-14
GJR,23.799999237060547,2026-10-02,24.791673211937407,-0.038772252946164154,1.12,0.096,2026-09-14
GJS,22.989999771118164,2026-10-02,23.385019834298063,-0.0026030137929858865,1.086,0.098,2026-09-14
GJT,23.100000381469727,2026-10-02,23.173904152980363,0.0013004198978050496,1.142,0.097,2026-09-30
GJUL,44.7599983215332,2026-10-02,42.327123497586804,0.10316944037789333,,,
GJUN,42.150001525878906,2026-10-02,40.33855775627957,0.08388194292942996,,,
GK,29.347999572753906,2026-10-02,27.032358579901587,0.1148337596278537,0.02,0.02,2025-12-22
GKOS,163.75,2026-10-02,126.25055752332467,0.8733553728356906,,,
GL,165.67999267578125,2026-10-02,152.65223079848573,0.20424473376030883,1.2000000000000002,0.33,2026-07-06
GLAM,27.6200008392334,2026-10-02,27.298365391217747,,,,
GLAS,5.489999771118164,2026-10-02,8.95394822420827,-0.32138446630783046,,,
GLBL,28.885000228881836,2026-10-02,26.31807166171739,0.16843976555992457,0.20900000000000002,0.009,2026-09-03
GLD,380.1400146484375,2026-10-02,408.46506016947836,0.0629124233263374,,,
GLDG,0.9399999976158142,2026-10-02,1.2436653354253426,-0.24193549162391315,,,
GLDM,82.05000305175781,2026-10-02,88.0058962453409,0.06669273277340793,,,
GLDN,15.428299903869629,2026-10-02,17.03979929791221,,1.41,0.047,2026-09-21
GLDW,39.25,2026-10-02,50.333012876839476,-0.23477345121817894,12.837,0.204,2026-09-28
GLED,10.039999961853027,2026-10-02,9.955916651089986,,,,
GLIN,42.86000061035156,2026-10-02,45.22800787511575,-0.0500886164679436,0.388,0.388,2025-12-22
GLIX,25.389999389648438,2026-10-02,26.54028405761719,0.011594025581527001,0.653,0.093,2026-09-18
GLL,25.059999465942383,2026-10-02,23.4775697092611,-0.23690623174471637,,,
GLNK,12.020000457763672,2026-10-02,11.351800791295876,-0.5531598279472242,,,
GLO,5.420000076293945,2026-10-02,5.800836652398584,-0.057391291079313844,0.6360000000000001,0.054,2026-09-17
GLOB,35.099998474121094,2026-10-02,48.336533861806195,-0.41723395748148406,,,
GLOF,61.09000015258789,2026-10-02,56.039362402076264,0.1734988230114669,0.933,0.449,2026-06-15
GLQ,7.599999904632568,2026-10-02,8.014223121551879,-0.011703530808609752,0.8519999999999999,0.073,2026-09-17
GLRY,38.650001525878906,2026-10-02,38.95282067530658,0.03783465411797482,0.06,0.004,2026-06-26
GLTR,186.14999389648438,2026-10-02,205.34988020330786,0.11008403116654719,,,
GLU,17.450000762939453,2026-10-02,19.258087682534025,-0.03909686621356634,1.2900000000000003,0.11,2026-09-16
GLV,5.789999961853027,2026-10-02,6.151713145206649,-0.0317725847181346,0.6720000000000002,0.057,2026-09-17
GLW,164.19000244140625,2026-10-02,137.3668129909561,0.9649354624056004,1.12,0.28,2026-08-31
GLX,12.680000305175781,2026-10-02,14.774179145471374,,,,
GLXU,4.960000038146973,2026-10-02,13.018246981252236,-0.8645918674988948,0.781,0.781,2025-12-24
GM,78.2699966430664,2026-10-02,78.17509963502921,0.30167961504610985,0.69,0.18,2026-09-04
GMAR,45.36000061035156,2026-10-02,42.569493981471574,0.12920096285736316,,,
GMAY,44.119998931884766,2026-10-02,42.124262836349914,0.08873755862565091,,,
GME,24.700000762939453,2026-10-02,22.29772912743557,-0.02679268795557399,,,
GMEC,28.84000015258789,2026-10-02,21.898059816502812,,,,
GMED,75.5999984741211,2026-10-02,82.48892426205822,0.24999998423157543,,,
GMEU,9.029999732971191,2026-10-02,9.678553778811755,-0.42848103645806324,,,
GMEY,25.190000534057617,2026-10-02,33.5810796122152,-0.5239804814485671,18.916,0.39,2026-10-01
GMF,157.11000061035156,2026-10-02,147.44916355087463,0.11441343007263027,1.857,0.655,2026-06-22
GMMA,21.979999542236328,2026-10-02,21.42193225085498,0.034158268657964674,0.687,0.069,2026-09-29
GMMF,100.29000091552734,2026-10-02,100.31870908091268,0.00044888191642900033,3.5120000000000005,0.071,2026-09-30
GMNY,47.71500015258789,2026-10-02,49.86724303348131,-0.038100985930645814,1.6949999999999998,0.129,2026-10-01
GMOC,50.07500076293945,2026-10-02,50.1149231185261,0.0006994373855266911,1.677,0.185,2026-08-31
GMOD,27.448699951171875,2026-10-02,26.717261001711986,0.10218040038392062,0.375,0.136,2026-06-30
GMOI,39.3849983215332,2026-10-02,36.565159353127044,0.2498015965245619,0.5,0.151,2026-06-30
GMOM,38.16659927368164,2026-10-02,35.86934898953989,0.17255300056124678,0.578,0.099,2026-09-22
GMOV,31.583200454711914,2026-10-02,29.24503261064628,0.18466619037800558,0.441,0.128,2026-06-30
GMRS,9.890000343322754,2026-10-02,12.759494974155619,,,,
GMTL,8.630000114440918,2026-10-02,14.068382312269772,,,,
GMUB,48.93000030517578,2026-10-02,51.04648216217163,-0.036241877801805655,1.5879999999999999,0.115,2026-09-01
GNE,16.43000030517578,2026-10-02,14.46756970834922,0.07175475452995306,0.3,0.075,2026-08-14
GNK,27.670000076293945,2026-10-02,22.35892426540177,0.6068525656000023,1.8,0.8,2026-08-17
GNL,8.25,2026-10-02,8.923107584159213,0.00732605893660998,0.76,0.19,2026-07-13
GNMX,37.72999954223633,2026-10-02,30.96115385569059,,,,
GNOV,43.0,2026-10-02,40.53162552730971,0.12801682069391274,,,
GNR,74.43000030517578,2026-10-02,69.63637453056427,0.24903507492176802,1.822,0.861,2026-06-01
GNRC,216.8000030517578,2026-10-02,203.012191468501,0.3086256138584105,,,
GNS,0.15000000596046448,2026-10-02,0.4140438226114706,-0.8453608231585545,,,
GNT,8.489999771118164,2026-10-02,8.158247016815551,0.19409277238953293,0.6900000000000002,0.06,2026-09-16
GNW,9.550000190734863,2026-10-02,9.001434282477634,0.06823273366701987,,,
GOAU,42.970001220703125,2026-10-02,43.55529873304633,0.052412424532902735,0.4,0.4,2025-12-24
GOCT,42.79999923706055,2026-10-02,40.32920319150644,0.1150189164669213,,,
GOEX,82.04000091552734,2026-10-02,82.09258946574542,0.18795256032149066,1.766,0.091,2026-06-29
GOF,8.739999771118164,2026-10-02,11.507011975900111,-0.41733334859212234,2.1839999999999997,0.182,2026-09-15
GOGL,23.639999389648438,2026-10-02,24.68565224910128,,,,
GOIB,24.24180030822754,2026-10-02,24.819187326634182,,0.817,0.203,2026-09-30
GOLD,42.290000915527344,2026-10-02,40.95792828898031,0.584488575096259,1.8,1.2,2026-09-16
GOLF,83.6500015258789,2026-10-02,91.75322705151075,0.03822765102048953,1.0,0.255,2026-09-04
GOLS,25.392499923706055,2026-10-02,25.728182464680344,,,,
GOLY,24.020000457763672,2026-10-02,31.098808820504118,-0.27759397119507756,2.164,0.109,2026-09-14
GOOL,12.449999809265137,2026-10-02,12.960634882487948,,,,
GOOP,35.62099838256836,2026-10-02,38.386079674223026,0.09863362470358528,5.400000000000001,0.45,2026-09-16
GOOS,7.659999847412109,2026-10-02,11.060000020669277,-0.47570157238770094,,,
GOOW,59.0,2026-10-02,67.4040677803921,-0.017485416326408987,25.154999999999998,0.476,2026-09-28
GOOX,70.47000122070312,2026-10-02,72.20202773500723,0.5552857886745337,0.213,0.213,2025-12-24
GOOY,11.970000267028809,2026-10-02,13.779063737724881,-0.11855667641549361,6.496999999999999,0.058,2026-10-01
GOP,45.36000061035156,2026-10-02,40.468924305828445,0.2358663243905219,0.25,0.25,2025-12-26
GORO,3.259999990463257,2026-10-02,3.9418725103021144,0.13194439615364617,,,
GOTU,2.549999952316284,2026-10-02,2.1527091687419024,-0.2105263352141582,,,
GOVM,24.31999969482422,2026-10-02,24.84969692037563,,0.37900000000000006,0.083,2026-10-01
GOVT,21.809999465942383,2026-10-02,22.83131482401692,-0.05543528272788023,0.8329999999999999,0.071,2026-10-01
GOVZ,30.700000762939453,2026-10-02,36.50741036859642,-0.20998455273411498,1.8399999999999999,0.143,2026-10-01
GPC,127.23999786376953,2026-10-02,121.9427490538335,-0.08938666174529841,4.218999999999999,1.063,2026-09-04
GPGI,12.899999618530273,2026-10-02,17.325139459860754,-0.3667158032863512,0.009000000000000001,0.003,2026-08-17
GPI,249.83999633789062,2026-10-02,340.70167328731947,-0.44214708947089687,2.1500000000000004,0.55,2026-09-01
GPK,8.779999732971191,2026-10-02,12.414661354277714,-0.5467217680658255,0.44,0.11,2026-09-15
GPMT,0.7609999775886536,2026-10-02,1.7878685325265407,-0.7420339100719078,0.16000000000000003,0.01,2026-10-01
GPN,78.37999725341797,2026-10-02,77.24888449741074,-0.10891316428794529,1.0,0.25,2026-09-11
GPOR,154.39999389648438,2026-10-02,185.44517924396166,-0.16855144623659668,,,
GPRK,10.850000381469727,2026-10-02,8.957051780594298,0.6641104928236372,0.076,0.023,2026-08-19
GPTY,43.220001220703125,2026-10-02,42.891605589969224,-0.07983819251737856,15.990999999999998,0.294,2026-09-30
GPUS,0.17000000178813934,2026-10-02,0.9960956170976875,-0.9370370374867292,,,
GPZ,21.3700008392334,2026-10-02,24.22117924785234,-0.22177707386315493,0.225,0.225,2025-12-22
GQGU,26.78499984741211,2026-10-02,25.811290854951775,0.06226451260453736,0.25,0.25,2025-12-30
GQI,60.61000061035156,2026-10-02,57.85549789975839,0.08993147415693392,5.267,0.378,2026-10-01
GQRE,58.900001525878906,2026-10-02,62.31075692651756,-0.03410951183948041,2.651,0.423,2026-09-18
GRBK,66.66000366210938,2026-10-02,69.02561750070032,-0.1384257296662147,,,
GRC,77.26000213623047,2026-10-02,65.22597617647088,0.6268688019706297,0.76,0.19,2026-08-14
GRDN,42.380001068115234,2026-10-02,35.25362556579103,0.7702589859103985,,,
GREK,82.47000122070312,2026-10-02,72.2387248795346,0.2463352501558278,1.952,0.551,2026-06-29
GRF,10.15999984741211,2026-10-02,10.426215126219974,-0.03330165307779098,0.85,0.85,2025-11-21
GRMN,281.1600036621094,2026-10-02,240.72840656417299,0.09375245597293813,3.9000000000000004,1.05,2026-09-11
GRN,33.45000076293945,2026-10-02,31.60359754980323,0.056504895755180806,,,
GRNB,23.15999984741211,2026-10-02,24.115043807314688,-0.05120852141801724,1.059,0.086,2026-10-01
GRND,13.430000305175781,2026-10-02,13.55952189548082,-0.05021216555219188,,,
GRNI,21.209999084472656,2026-10-02,20.654104562239212,-0.38414634348957755,1.72,0.178,2026-09-29
GRNJ,30.31999969482422,2026-10-02,28.378511350448818,0.2477366521305242,,,
GRNT,4.46999979019165,2026-10-02,5.053824707806348,-0.1813187254649381,0.44,0.11,2026-08-28
GRNY,28.31999969482422,2026-10-02,26.11637445275052,0.12649166198807338,0.035,0.015,2026-09-29
GRO,2.1500000953674316,2026-10-02,2.5156573817074537,-0.163424065675136,,,
GROV,1.0399999618530273,2026-10-02,1.2499760964002267,-0.31125829905868874,,,
GROY,2.9700000286102295,2026-10-02,3.5897609484623154,-0.22454305802274177,,,
GROZ,34.25510025024414,2026-10-02,30.709446637279008,0.1674823868790325,0.013,0.013,2025-12-29
GRPM,136.85000610351562,2026-10-02,126.45521882805691,0.1317400609973005,0.785,0.151,2026-09-21
GRPZ,30.64299964904785,2026-10-02,29.2338446430951,0.14152137557040523,0.265,0.043,2026-09-21
GRX,9.375,2026-10-02,9.46918326830009,0.014610414743062128,0.68,0.17,2026-09-16
GS,902.5599975585938,2026-10-02,927.5007985635583,0.142509962117068,18.0,5.0,2026-09-01
GSBD,9.069999694824219,2026-10-02,9.433067732123265,-0.09481045105176378,1.3800000000000001,0.32,2026-09-30
GSC,63.234100341796875,2026-10-02,59.62043877711809,0.18051156469677587,0.139,0.063,2026-09-24
GSEE,69.5999984741211,2026-10-02,63.279968352906735,0.22998622054675577,1.423,1.423,2025-12-23
GSEP,42.31999969482422,2026-10-02,39.76917918839778,0.10988718881030168,,,
GSEU,47.457000732421875,2026-10-02,47.15298805388797,0.07058747698750789,0.827,0.412,2026-06-24
GSEW,94.19999694824219,2026-10-02,89.87400781395901,0.10046727368483621,1.341,0.383,2026-09-24
GSG,35.72999954223633,2026-10-02,28.80394421915609,0.5705494304279706,,,
GSID,74.90499877929688,2026-10-02,72.79921120571426,0.10463060722826922,1.8809999999999998,0.388,2026-09-24
GSIE,45.90999984741211,2026-10-02,44.68615541800085,0.10201632298527263,1.21,0.26,2026-09-24
GSJY,56.45800018310547,2026-10-02,50.565039722093076,0.23378501429136045,1.071,0.412,2026-06-24
GSK,47.029998779296875,2026-10-02,51.1645019804814,0.08489043678681218,1.816,0.452,2026-08-14
GSKH,66.9729995727539,2026-10-02,71.77635486192437,0.09450892426594515,2.078,0.928,2026-06-16
GSL,45.790000915527344,2026-10-02,38.20657384348106,0.4998362229175086,2.5,0.625,2026-08-21
GSLC,146.4499969482422,2026-10-02,136.5257168956012,0.12084794767774687,1.481,0.457,2026-09-24
GSOL,8.960000038146973,2026-10-02,8.013123529365814,-0.47876673881452125,0.03,0.03,2026-09-03
GSPY,42.599998474121094,2026-10-02,38.82034257683621,0.15773444976498197,0.963,0.963,2025-12-10
GSSC,86.87000274658203,2026-10-02,81.80715532036892,0.14922618011871935,0.8639999999999999,0.198,2026-09-24
GSST,50.29999923706055,2026-10-02,50.5218485190099,-0.003763169639332431,2.1149999999999998,0.193,2026-10-01
GSUI,16.290000915527344,2026-10-02,12.54216049335621,,0.009,0.009,2026-09-03
GSUS,106.5,2026-10-02,98.26820729168288,0.14762927260467018,1.038,0.254,2026-09-24
GSWO,65.11000061035156,2026-10-02,60.56027084897714,0.14328357749070086,0.935,0.204,2026-09-24
GSY,49.97999954223633,2026-10-02,50.20310764388734,-0.005966572083213162,2.1039999999999996,0.175,2026-09-21
GTE,10.4399995803833,2026-10-02,6.899402392337997,1.3303570392712651,,,
GTEK,61.047000885009766,2026-10-02,48.388860466945694,0.5338442727447255,,,
GTES,27.649999618530273,2026-10-02,24.933784880011206,0.07420356893535196,,,
GTIP,46.290000915527344,2026-10-02,48.99581673610733,-0.07010843610588824,2.525,0.054,2026-10-01
GTN,4.539999961853027,2026-10-02,4.663466151492054,-0.19787984377264134,0.32,0.08,2026-09-15
GTN-A,5.199999809265137,2026-10-02,9.296533896153667,-0.48361470041177523,0.32,0.08,2026-09-15
GTND,26.02739906311035,2026-10-02,25.301300048828125,,0.04,0.04,2026-06-29
GTO,44.58000183105469,2026-10-02,46.966314733740816,-0.06364206554196261,2.2399999999999998,0.195,2026-09-21
GTOC,23.89780044555664,2026-10-02,25.148309996403547,-0.06319873652921026,1.1509999999999998,0.093,2026-09-21
GTOH,24.635000228881836,2026-10-02,25.510075717333304,-0.045155001652296245,1.572,0.132,2026-09-21
GTOS,24.635000228881836,2026-10-02,25.024039895411033,-0.01911206635917706,1.115,0.097,2026-09-21
GTY,28.200000762939453,2026-10-02,31.233386529869293,0.05578441518303845,1.94,0.485,2026-09-24
GUG,13.899999618530273,2026-10-02,15.550135456708324,-0.11857963125884285,1.428,0.119,2026-09-15
GUMI,50.095001220703125,2026-10-02,50.31580082258855,-0.001693883697802434,1.316,0.111,2026-10-01
GUNR,53.119998931884766,2026-10-02,51.035059849104556,0.21112626978276228,1.233,0.366,2026-09-18
GURU,67.88999938964844,2026-10-02,64.38055767956008,0.12905368674021278,0.054,0.054,2025-12-30
GUSA,66.4800033569336,2026-10-02,61.56403597037631,0.1447069893311832,0.644,0.16,2026-09-24
GUSH,42.88999938964844,2026-10-02,33.02250996623856,0.7204171225278297,0.48,0.148,2026-09-22
GUT,5.949999809265137,2026-10-02,6.1753386691272025,-0.019769416639636717,0.6000000000000001,0.05,2026-09-16
GVA,119.91999816894531,2026-10-02,122.70661357864441,0.09766588712993429,0.52,0.13,2026-09-30
GVAL,38.040000915527344,2026-10-02,34.514481966239046,0.2969655988570734,0.938,0.256,2026-09-18
GVI,102.77999877929688,2026-10-02,106.44067720208035,-0.0420356239886821,3.886,0.327,2026-10-01
GVIP,171.43899536132812,2026-10-02,163.443510017547,0.11053600234058703,0.519,0.519,2025-12-23
GVLU,27.1299991607666,2026-10-02,26.331067712183494,0.04854288416111907,1.587,1.587,2025-12-10
GVUS,64.01100158691406,2026-10-02,58.63196027231407,0.21580663833713998,0.966,0.23,2026-09-24
GWH,0.15700000524520874,2026-10-02,1.5656733063468895,-0.9087209287013409,,,
GWRE,152.14999389648438,2026-10-02,166.19709142555755,-0.3384782874065897,,,
GWW,1280.300048828125,2026-10-02,1156.2968120195,0.33839995492819996,9.5,2.49,2026-08-10
GWX,45.7599983215332,2026-10-02,43.55589630309329,0.12266928866281468,1.194,0.526,2026-06-22
GXC,85.30000305175781,2026-10-02,95.51366546144523,-0.1957382140742262,1.989,0.665,2026-06-22
GXIG,23.472999572753906,2026-10-02,25.056334681719896,-0.0939514437783453,1.5640000000000005,0.106,2026-10-01
GXLC,92.9020004272461,2026-10-02,85.63155358911035,0.150303974166069,0.818,0.246,2026-08-05
GXO,46.560001373291016,2026-10-02,52.44099601046498,-0.13344496984983378,,,
GXPC,30.670000076293945,2026-10-02,29.865533813537354,0.11486731447186727,0.096,0.059,2026-06-29
GXPD,25.09000015258789,2026-10-02,26.017239027289282,-0.04181780926819212,0.09,0.04,2026-06-29
GXPE,36.90399932861328,2026-10-02,31.731143381491126,0.4088184675911646,0.722,0.406,2026-06-29
GXPS,25.719999313354492,2026-10-02,26.098956142288756,0.05852329237037002,0.33499999999999996,0.19,2026-06-29
GXPT,35.91999816894531,2026-10-02,29.556737056291436,0.31142749066729203,0.07100000000000001,0.033,2026-06-29
GXRP,28.489999771118164,2026-10-02,28.244213991386946,-0.3480549365280652,,,
GXUS,62.84299850463867,2026-10-02,59.701330633277436,0.15558454157449741,1.6,0.487,2026-09-24
GYLD,13.319999694824219,2026-10-02,13.86828680912337,0.005282995835790061,1.04,0.091,2026-09-16
H,158.89999389648438,2026-10-02,165.70179280436847,0.08102583820825959,0.6,0.15,2026-08-27
HACK,123.08000183105469,2026-10-02,91.26497999700418,0.4079158591743952,0.06,0.06,2025-12-30
HAE,104.68000030517578,2026-10-02,72.99936247441873,1.0732817751087573,,,
HAFN,10.25,2026-10-02,7.240836633629058,0.6091052094423042,1.287,0.5,2026-09-08
HAIL,34.20899963378906,2026-10-02,36.20435064247405,-0.07192080663769729,0.6779999999999999,0.09,2026-09-21
HAKY,32.439998626708984,2026-10-02,27.21629378755214,,3.129,0.39,2026-09-29
HAL,31.850000381469727,2026-10-02,33.54199194433205,0.3101604722818143,0.68,0.17,2026-09-02
HALX,24.600000381469727,2026-10-02,25.36463155244526,,,,
HAP,73.76000213623047,2026-10-02,68.3898806173013,0.28166816879349565,1.364,1.364,2025-12-22
HAPI,46.194000244140625,2026-10-02,42.733836671745635,0.14392551827671896,0.356,0.356,2025-12-19
HAPS,36.9119987487793,2026-10-02,33.961665499257855,0.1666245088758025,0.178,0.178,2025-12-19
HARD,34.150001525878906,2026-10-02,32.231123426520966,0.1270627850085666,1.2,0.3,2026-09-25
HASI,36.27000045776367,2026-10-02,36.43490051178343,0.18336055168613052,2.1149999999999998,0.425,2026-10-02
HAUG,25.079999923706055,2026-10-02,25.210465142893238,,,,
HAUS,16.72599983215332,2026-10-02,18.073262940365005,-0.051437623650994024,0.808,0.34,2026-06-29
HAUZ,20.8700008392334,2026-10-02,23.308804781788375,-0.1168006102224366,0.816,0.243,2026-06-18
HAWG,30.56060028076172,2026-10-02,30.157731464930944,,,,
HAWK,14.8100004196167,2026-10-02,22.374271790958144,,,,
HAWX,45.82699966430664,2026-10-02,42.705155543597094,0.1913638053593989,1.13,0.502,2026-07-02
HAYW,12.399999618530273,2026-10-02,15.082191216518204,-0.19689119459014637,,,
HBB,37.9900016784668,2026-10-02,20.74968127520436,1.553091491014023,0.49,0.125,2026-09-01
HBIL,20.020000457763672,2026-10-02,20.041389094458687,,0.016,0.016,2026-09-01
HBIT,25.80780029296875,2026-10-02,25.307607430678146,,,,
HBM,27.200000762939453,2026-10-02,22.831155385629113,0.7280813950740721,0.021,0.007,2026-09-08
HBMX,26.239999771118164,2026-10-02,24.95569761409316,,,,
HBRD,23.68000030517578,2026-10-02,24.51967103857743,,0.841,0.116,2026-09-21
HBTA,33.41379928588867,2026-10-02,30.22834182830446,0.18358535724359726,0.185,0.185,2025-12-24
HBTC,21.881000518798828,2026-10-02,21.851019969499443,-0.3047691413010042,1.591,1.591,2025-12-17
HCA,426.69000244140625,2026-10-02,449.64095570841636,-0.006635018966382411,3.0600000000000005,0.78,2026-09-16
HCC,89.3499984741211,2026-10-02,86.82442249434878,0.3923952162018527,0.32,0.08,2026-08-10
HCI,184.25,2026-10-02,173.14490013578498,-0.04770516813808934,1.6,0.4,2026-08-21
HCMT,43.54999923706055,2026-10-02,39.08540643638823,0.1524212273614025,0.197,0.004,2026-09-22
HCRB,33.314998626708984,2026-10-02,35.137832687195555,-0.06457961374036436,1.4700000000000002,0.128,2026-09-29
HD,282.8500061035156,2026-10-02,345.11816649417955,-0.2840327852693706,9.29,2.33,2026-09-03
HDB,22.34000015258789,2026-10-02,28.889840692162988,-0.3477372218222514,,,
HDEF,32.18000030517578,2026-10-02,32.169350673477965,0.0787797649172024,1.267,0.226,2026-09-18
HDG,54.09000015258789,2026-10-02,53.07183272525134,0.05335933320129849,1.235,0.3,2026-09-23
HDGE,15.579999923706055,2026-10-02,16.34505980138285,-0.03945742396681262,0.56,0.56,2025-12-22
HDLB,15.25,2026-10-02,16.534932280916617,-0.09554593767887398,1.795,0.051,2026-09-14
HDMV,35.902400970458984,2026-10-02,36.9556510742917,0.03167821142433902,1.753,0.766,2026-09-24
HDUS,73.26000213623047,2026-10-02,68.31860954922983,0.13558510039442528,1.0299999999999998,0.287,2026-09-25
HDV,28.040000915527344,2026-10-02,26.755832656921143,0.14579931250650802,0.8522000000000001,0.056,2026-09-16
HE,8.899999618530273,2026-10-02,13.137888414451325,-0.20250898385145655,,,
HECA,27.34000015258789,2026-10-02,28.185211181640625,-0.019544560581694514,0.558,0.558,2025-12-30
HEDG,30.84000015258789,2026-10-02,29.753187716737084,0.0696077396294823,0.8540000000000001,0.154,2026-09-24
HEDJ,55.63999938964844,2026-10-02,54.61179298613651,0.08735589956334877,1.03,0.045,2026-09-25
HEEM,42.529998779296875,2026-10-02,39.13911948640983,0.24284036417760846,1.3290000000000002,0.229,2026-07-02
HEFA,46.54999923706055,2026-10-02,44.011912250898746,0.15537349663153432,1.871,0.691,2026-07-02
HEFT,26.469999313354492,2026-10-02,26.454467588000828,0.057108560125507246,0.005,0.005,2025-12-30
HEGD,27.0,2026-10-02,25.925059770682893,0.07913667090369447,0.09,0.09,2025-12-23
HEI,302.45001220703125,2026-10-02,320.52147416194595,-0.05675965082141443,0.25,0.13,2026-07-01
HEI-A,224.83999633789062,2026-10-02,242.6451394130509,-0.11049573708304616,0.25,0.13,2026-07-01
HELO,69.41999816894531,2026-10-02,67.0294064373609,0.06635944387220727,0.394,0.091,2026-09-22
HELS,23.895000457763672,2026-10-02,24.39154194611047,-0.05362588863302131,0.005,0.005,2025-12-30
HELX,43.790000915527344,2026-10-02,36.66054183078477,0.3501265175460324,0.143,0.143,2025-12-30
HEMI,41.56959915161133,2026-10-02,40.93843024939149,,2.6919999999999997,0.297,2026-09-29
HEQ,11.0,2026-10-02,11.207450190388348,0.0299625173858038,1.0,0.25,2026-09-11
HEQT,34.439998626708984,2026-10-02,32.75364935065646,0.1005656035786695,0.4,0.1,2026-09-25
HESM,37.75,2026-10-02,37.212988097354234,0.09706481160705627,3.087,0.789,2026-08-06
HEWJ,66.41000366210938,2026-10-02,58.87007952686325,0.3236995432703933,2.6079999999999997,0.349,2026-07-02
HEZU,48.529998779296875,2026-10-02,46.195701264765155,0.1307083142983605,1.258,0.839,2026-07-02
HF,22.5,2026-10-02,21.72458168424933,0.06307578675762104,0.198,0.198,2025-12-29
HFEQ,23.241300582885742,2026-10-02,22.963013128455415,0.017570071261684417,2.199,2.199,2025-12-24
HFGM,31.75,2026-10-02,32.113585589891414,-0.008896514711085102,3.24,3.24,2025-12-24
HFGO,30.690000534057617,2026-10-02,27.815749027814523,0.13080328755509107,,,
HFMF,22.520000457763672,2026-10-02,22.1166612921483,0.061863460172136175,0.617,0.617,2025-12-24
HFND,24.027000427246094,2026-10-02,23.91774503548307,0.011279920883447758,1.145,1.145,2025-12-24
HFRO,6.829999923706055,2026-10-02,6.5225697057655605,0.07898894250021771,0.4679999999999999,0.039,2026-09-23
HFSI,33.54999923706055,2026-10-02,35.2670238996407,-0.05811341260235936,1.9489999999999998,0.171,2026-09-29
HFXI,37.439998626708984,2026-10-02,35.2251475512744,0.18631176363332758,1.168,0.121,2026-09-18
HG,34.130001068115234,2026-10-02,30.33988042276694,0.3890924498181769,2.0,2.0,2026-03-06
HGER,35.290000915527344,2026-10-02,29.850840587539977,0.3752923275674318,1.759,1.759,2025-12-12
HGLB,6.71999979019165,2026-10-02,8.427717138571568,-0.32462312371763147,1.029,0.085,2026-09-23
HGRO,30.309999465942383,2026-10-02,29.442737017019812,0.09501441950037948,0.023,0.023,2025-12-30
HGTY,13.609999656677246,2026-10-02,11.945139432808318,0.13511258686271055,,,
HGV,34.86000061035156,2026-10-02,44.878326735173566,-0.20283555967837907,,,
HHH,71.04000091552734,2026-10-02,72.38828678815014,-0.16186881636283657,,,
HIAI,25.91200065612793,2026-10-02,25.31606674194336,,,,
HIBL,118.95099639892578,2026-10-02,85.66343422999896,0.9035204545356041,1.488,0.075,2026-06-23
HIBS,15.8100004196167,2026-10-02,36.644689198984096,-0.7420880812987296,1.299,0.217,2026-09-22
HIDV,89.45600128173828,2026-10-02,84.55868138165113,0.12815601089286743,2.277,0.667,2026-09-18
HIG,126.05000305175781,2026-10-02,134.7872507163728,-0.05552227850547109,2.4,0.6,2026-09-01
HIGH,21.25,2026-10-02,21.95030274714132,-0.08179577745989086,1.3600000000000003,0.1,2026-09-25
HII,268.5400085449219,2026-10-02,336.1009578628844,-0.055234950143741024,5.52,1.38,2026-08-28
HIMC,14.439299583435059,2026-10-02,16.744125826605433,,,,
HIMS,29.0,2026-10-02,30.895737028691872,-0.44803959850275676,,,
HIMU,45.40999984741211,2026-10-02,48.647788849484876,-0.07099020345493878,2.5669999999999997,0.201,2026-10-01
HIO,3.2899999618530273,2026-10-02,3.6617131470684035,-0.14099215995035919,0.4319999999999999,0.036,2026-09-23
HIPO,32.2400016784668,2026-10-02,29.950119444098604,-0.11525787888377603,,,
HIPS,10.670999526977539,2026-10-02,11.70878885656714,-0.09644376394324694,1.1880000000000002,0.108,2026-08-27
HIW,29.670000076293945,2026-10-02,27.436972067175635,-0.0853883683008051,2.0,0.5,2026-08-17
HIX,3.5399999618530273,2026-10-02,4.039561763702635,-0.18055559694766832,0.5880000000000001,0.049,2026-09-23
HIYY,11.470000267028809,2026-10-02,19.849378502226447,-0.749453897490799,17.23,0.145,2026-10-01
HJLY,25.43000030517578,2026-10-02,25.300000029343824,,,,
HJUN,25.34000015258789,2026-10-02,25.115930268930835,,,,
HKD,1.7100000381469727,2026-10-02,1.6267131491011357,-0.04469269576030488,,,
HL,17.200000762939453,2026-10-02,18.224183306751023,0.44537826170651296,0.016,0.004,2026-08-26
HLF,12.5600004196167,2026-10-02,13.23980079324122,0.4503464943327957,,,
HLI,126.37000274658203,2026-10-02,156.56820703027734,-0.37257335559864435,2.5999999999999996,0.7,2026-09-01
HLIO,71.70999908447266,2026-10-02,68.50984071830355,0.3589160216488585,0.42,0.12,2026-07-10
HLLY,2.3399999141693115,2026-10-02,3.236175292991547,-0.2302631764695917,,,
HLN,8.800000190734863,2026-10-02,9.725378465842441,-0.016759734271166393,0.195,0.064,2026-08-14
HLT,319.3599853515625,2026-10-02,306.4965336408273,0.23576981930352892,0.6,0.15,2026-08-21
HMAY,25.40999984741211,2026-10-02,25.276826858520508,,,,
HMC,31.350000381469727,2026-10-02,28.917091658390852,-0.0006375663764298656,,,
HMN,45.2599983215332,2026-10-02,46.479402443327274,0.01913979907772112,1.4299999999999997,0.36,2026-09-16
HMOP,36.959999084472656,2026-10-02,38.98904782177443,-0.05182145924796444,1.3710000000000002,0.121,2026-09-29
HMY,17.3799991607666,2026-10-02,18.313466148072504,-0.04400446265016955,0.312,0.312,2026-04-24
HNGE,97.66999816894531,2026-10-02,58.516772942714006,0.9042697684838032,,,
HNI,46.81999969482422,2026-10-02,41.585179271925966,-0.002556432368885586,1.38,0.35,2026-08-28
HODL,23.84000015258789,2026-10-02,22.53398406648066,-0.31415416272274577,,,
HOG,24.549999237060547,2026-10-02,23.679322702476227,-0.13464932989674439,0.744,0.188,2026-09-15
HOLA,55.35020065307617,2026-10-02,54.08586929138913,0.06479555058135933,1.578,1.578,2025-12-16
HOLD,32.98699951171875,2026-10-02,32.28401990335776,0.044586561246583,2.228,2.228,2025-12-19
HOMB,28.670000076293945,2026-10-02,28.276932302224207,0.020284686373175376,0.86,0.23,2026-08-12
HOMZ,40.63199996948242,2026-10-02,45.3301394337202,-0.1419339974325935,1.2260000000000002,0.098,2026-09-15
HONG,12.760000228881836,2026-10-02,14.697474730135214,,,,
HOOC,20.737300872802734,2026-10-02,19.59528830846151,,,,
HOOW,26.940000534057617,2026-10-02,37.122808745182844,-0.6822363656292442,28.327999999999996,0.464,2026-09-28
HOOY,26.770000457763672,2026-10-02,38.18949408360211,-0.6567948659261067,32.588,0.43,2026-10-01
HOS,7.590000152587891,2026-10-02,8.531992065004143,0.1379310443434245,,,
HOST,3.5999999046325684,2026-10-02,11.55810759836934,-0.8575385896549699,,,
HOV,116.19999694824219,2026-10-02,118.59119555104776,-0.11432927095202172,,,
HP,38.560001373291016,2026-10-02,34.30545823602562,0.672885147488117,1.0,0.25,2026-08-18
HPE,69.33000183105469,2026-10-02,34.150000135262175,1.8379042556281227,0.572,0.143,2026-09-17
HPEL,26.350000381469727,2026-10-02,16.59708333015442,,,,
HPP,11.479999542236328,2026-10-02,11.810318697971177,-0.3970588765636952,,,
HPQ,32.119998931884766,2026-10-02,24.09358564885964,0.2057056932353274,1.2,0.3,2026-09-09
HQH,19.799999237060547,2026-10-02,19.947011962829833,0.06280193929143474,2.47,0.66,2026-08-24
HQL,17.68000030517578,2026-10-02,17.886812787606896,0.12111602992831894,2.24,0.62,2026-08-24
HR,17.469999313354492,2026-10-02,18.618924258714653,-0.022930641311871836,0.96,0.24,2026-08-11
HRB,41.68000030517578,2026-10-02,40.527091676020525,-0.1947449448073869,1.72,0.46,2026-09-03
HRI,138.3699951171875,2026-10-02,139.83609561996155,0.07941331212965985,2.8,0.7,2026-09-02
HRL,20.25,2026-10-02,23.15952186280513,-0.17816556405811967,1.1689999999999998,0.293,2026-07-13
HRSK,25.399999618530273,2026-10-02,25.42999995838512,,,,
HRTG,33.9900016784668,2026-10-02,27.60482073780075,0.3761133857722916,,,
HSBC,96.13999938964844,2026-10-02,87.66438226585844,0.3313945521198802,3.75,0.5,2026-08-14
HSBH,107.59500122070312,2026-10-02,97.16485641297116,0.36110053215628013,2.501,2.15,2026-06-16
HSCZ,43.43199920654297,2026-10-02,41.24327894415988,0.14117557912056777,1.3399999999999999,0.575,2026-07-02
HSEP,25.190000534057617,2026-10-02,25.141428811209543,,,,
HSHP,18.170000076293945,2026-10-02,12.81641435433194,1.2158537193822565,1.37,0.25,2026-09-17
HSLV,5.25,2026-10-02,5.339790190850104,,,,
HSMV,35.52629852294922,2026-10-02,37.159060975944854,-0.01852916261716675,1.6280000000000001,1.05,2026-09-24
HSY,160.19000244140625,2026-10-02,189.13832681967443,-0.17906012180130815,5.726,1.452,2026-08-14
HTAB,17.899999618530273,2026-10-02,19.091306754792353,-0.06527415273629833,0.7250000000000001,0.066,2026-09-29
HTAX,22.93000030517578,2026-10-02,24.4292350632261,-0.05870280251832649,1.115,0.082,2026-09-30
HTB,46.59000015258789,2026-10-02,44.80482086242433,0.14471742700829981,0.56,0.15,2026-08-13
HTD,22.25,2026-10-02,24.874462089690553,-0.10137319085942464,1.8959999999999997,0.158,2026-09-11
HTEC,43.45000076293945,2026-10-02,36.20126291100247,0.35055326270317755,0.346,0.346,2025-12-30
HTGC,16.739999771118164,2026-10-02,16.68167324370122,-0.0902173848819191,1.88,0.47,2026-08-11
HTH,38.45000076293945,2026-10-02,36.66087643748735,0.1602293745047454,0.8,0.22,2026-08-07
HTRB,32.06999969482422,2026-10-02,33.87669319365604,-0.06719026473310263,1.576,0.133,2026-09-29
HTT,2.309999942779541,2026-10-02,3.0954980128314866,-0.48089886701343265,,,
HTUS,45.849998474121094,2026-10-02,42.58706364118721,0.07281575149216635,4.721,4.721,2025-12-26
HUBB,466.9800109863281,2026-10-01,477.45856103515627,0.13070220577803426,5.68,1.42,2026-08-31
HUBS,214.52999877929688,2026-10-02,281.12254904940784,-0.5252395576217428,,,
HULL,27.8700008392334,2026-10-02,26.164999943513138,,,,
HUM,388.3599853515625,2026-10-02,287.1708366120479,0.3688142664621692,2.6550000000000002,0.885,2026-06-26
HUMM,28.6156005859375,2026-10-02,27.109632968902588,,,,
HUMN,29.988000869750977,2026-10-02,31.55087645025367,-0.018717231877862783,0.216,0.216,2025-12-30
HUN,8.529999732971191,2026-10-02,11.303466135762127,-0.08378095075076497,0.352,0.088,2026-09-15
HUSV,38.95249938964844,2026-10-02,39.453715123028395,-0.015431093191407008,0.5860000000000001,0.19,2026-09-24
HUYA,2.299999952316284,2026-10-02,2.920079684352495,-0.29878049622611735,0.135,0.135,2026-06-17
HVAC,35.09000015258789,2026-10-02,35.423334661233,0.1349742976487982,0.06,0.06,2025-12-22
HVT,27.5,2026-10-02,24.18087646210811,0.2796649740759456,1.32,0.33,2026-08-25
HVT-A,28.09000015258789,2026-10-02,25.492270861013953,0.3382563343921132,1.24,0.31,2026-08-25
HWM,231.27000427246094,2026-10-02,238.23872551785047,0.22203436867878956,0.5,0.14,2026-08-07
HXA,24.770099639892578,2026-10-01,24.859436171395437,,,,
HXC,25.93000030517578,2026-10-02,25.878666623433432,,,,
HXE,26.149999618530273,2026-10-02,25.373703638712566,,,,
HXF,25.71109962463379,2026-10-02,25.445290429251536,,0.032,0.032,2026-09-18
HXL,86.41000366210938,2026-10-02,85.84585667036444,0.3357551460965902,0.71,0.18,2026-08-10
HY,31.229999542236328,2026-10-02,34.25139443142955,-0.14950984466121087,1.45,0.365,2026-09-01
HYBB,44.8489990234375,2026-10-02,46.75190044874214,-0.04769088308842162,2.7560000000000002,0.232,2026-10-01
HYBL,27.450000762939453,2026-10-02,28.12431074803569,-0.03582713645997826,1.954,0.165,2026-10-01
HYBX,28.530000686645508,2026-10-02,29.87936654413839,-0.06810384125625968,2.37,0.18,2026-10-01
HYD,47.959999084472656,2026-10-02,50.74051787843742,-0.05478917031991204,2.219,0.182,2026-10-01
HYDB,44.72999954223633,2026-10-02,46.87731077946515,-0.05930598822441846,3.2120000000000006,0.265,2026-10-01
HYDW,45.5099983215332,2026-10-02,46.8629243858307,-0.03488496448622325,2.365,0.217,2026-09-01
HYEM,19.280000686645508,2026-10-02,19.98721124261499,-0.03212848329303353,1.3670000000000004,0.114,2026-10-01
HYFI,35.959999084472656,2026-10-02,37.36636271989678,-0.04829961017095119,2.2670000000000003,0.188,2026-09-01
HYG,76.91000366210938,2026-10-02,80.02964156557364,-0.04861445885468474,4.701,0.342,2026-10-01
HYGD,53.79999923706055,2026-10-02,50.76315789473684,,,,
HYGH,85.12000274658203,2026-10-02,86.25690824957007,-0.015498454222529268,6.010999999999999,0.404,2026-10-02
HYGM,23.669300079345703,2026-10-02,24.638689654806385,,1.026,0.2,2026-09-29
HYGU,22.739999771118164,2026-10-02,24.351841976768092,,,,
HYGV,38.599998474121094,2026-10-02,40.37055779263318,-0.05784727058744665,2.9720000000000004,0.257,2026-10-01
HYGW,27.89299964904785,2026-10-02,29.40146613405995,-0.0736300536819493,3.3840000000000003,0.373,2026-10-02
HYHG,63.75,2026-10-02,64.51681264748136,-0.015444015444015413,4.295999999999999,0.353,2026-10-01
HYI,9.779999732971191,2026-10-02,10.830637453086823,-0.15324679034927846,1.14,0.095,2026-09-23
HYIN,12.63599967956543,2026-10-02,14.961099624633789,-0.25008905676575033,1.859,0.14,2026-09-25
HYLB,35.02000045776367,2026-10-02,36.54916333202347,-0.05171946470697486,2.375,0.205,2026-10-01
HYLN,4.53000020980835,2026-10-02,3.034661353346836,1.1469196374545887,,,
HYMB,23.18000030517578,2026-10-02,24.976733044324167,-0.06870225497811111,1.145,0.09,2026-10-01
HYNX,31.389999389648438,2026-10-02,24.84224138588741,,,,
HYS,89.95999908447266,2026-10-02,93.7669324532923,-0.05553806735461775,6.84,0.52,2026-10-01
HYSA,14.319999694824219,2026-10-02,14.993517898468383,-0.06159898558051957,0.9049999999999998,0.074,2026-09-01
HYSD,19.510000228881836,2026-10-02,20.164936270846788,-0.03986217904071632,1.184,0.095,2026-10-01
HYT,7.840000152587891,2026-10-02,8.728406360899784,-0.16949147234288797,0.9350669999999999,0.078,2026-09-15
HYTI,18.229999542236328,2026-10-02,19.331633488020575,-0.0813806917106501,1.972,0.161,2026-10-01
HYTR,20.780000686645508,2026-10-02,21.513099586821173,-0.0528714593972518,1.239,0.107,2026-09-18
HYUP,39.48500061035156,2026-10-02,41.770219141743574,-0.07115967609082086,3.0789999999999997,0.268,2026-10-01
HZO,52.349998474121094,2026-10-02,32.63095613304837,0.8603411375118413,,,
IACL,25.225000381469727,2026-10-02,25.078030441746566,,0.106,0.106,2026-09-09
IAE,8.855299949645996,2026-10-02,8.082331877780625,0.1744429700858674,0.7799999999999998,0.065,2026-10-01
IAF,12.390000343322754,2026-10-02,13.001474103129718,-0.11563168159122705,1.4500000000000002,0.35,2026-08-24
IAG,18.520000457763672,2026-10-02,17.321633475710197,0.3945783757647796,,,
IAGG,48.9900016784668,2026-10-02,50.36446216476866,-0.04595904315057897,2.252,0.415,2026-07-01
IAI,175.88999938964844,2026-10-02,179.38541798382641,0.0,2.127,0.514,2026-09-15
IAK,137.3300018310547,2026-10-02,135.76884442211622,0.017108557884003117,3.5650000000000004,0.508,2026-09-15
IAPR,33.49399948120117,2026-10-02,32.06108769572589,0.10676400029042266,,,
IAT,57.59000015258789,2026-10-02,57.369561807092914,0.10114724651427465,1.64,0.421,2026-09-15
IAU,77.94999694824219,2026-10-02,83.68410358200985,0.0645997766823534,,,
IAUG,30.25349998474121,2026-10-02,29.333356576136858,0.07759569590742443,,,
IAUI,48.209999084472656,2026-10-02,54.84768122030919,-0.08328581584724903,6.751,0.501,2026-09-16
IAUM,41.33000183105469,2026-10-02,44.32434270486414,0.06685596387125381,,,
IAUX,1.6200000047683716,2026-10-02,1.4982470100619403,0.7052631843123083,,,
IBCA,23.989999771118164,2026-10-02,25.607976100359306,-0.07801693508578744,1.2230000000000003,0.106,2026-10-01
IBCB,23.549999237060547,2026-10-02,24.79409087787975,,0.5329999999999999,0.098,2026-10-01
IBD,23.020000457763672,2026-10-02,23.905840657146804,-0.047579628254043715,1.007,0.082,2026-09-25
IBDR,24.170000076293945,2026-10-02,24.22202388413874,-0.0024762470935171255,0.9759999999999999,0.078,2026-10-01
IBDS,24.049999237060547,2026-10-02,24.227462229025793,-0.00947287656838769,1.0319999999999998,0.084,2026-10-01
IBDT,24.889999389648438,2026-10-02,25.313027894829375,-0.022388048520074255,1.131,0.093,2026-10-01
IBDU,22.610000610351562,2026-10-02,23.23762949909347,-0.03499785250293308,1.0679999999999998,0.088,2026-10-01
IBDV,21.06999969482422,2026-10-02,21.866418314170076,-0.04660636510708549,0.9909999999999998,0.083,2026-10-01
IBDW,19.979999542236328,2026-10-02,20.914282946947562,-0.057102452162590356,0.9909999999999999,0.082,2026-10-01
IBDX,23.969999313354492,2026-10-02,25.242693228550642,-0.06293982076440541,1.2020000000000002,0.101,2026-10-01
IBDY,24.389999389648438,2026-10-02,25.814641428183748,-0.07050306393317829,1.252,0.105,2026-10-01
IBDZ,24.520000457763672,2026-10-02,26.061211232645103,-0.07454237852090106,1.266,0.107,2026-10-01
IBFR,50.18769836425781,2026-10-02,49.96686821479302,,0.39999999999999997,0.283,2026-06-30
IBHF,22.479999542236328,2026-10-02,22.86893228325711,-0.03477893265135046,1.282,0.073,2026-10-01
IBHG,21.700000762939453,2026-10-02,22.142203129620192,-0.031249949442487934,1.2850000000000001,0.099,2026-10-01
IBHH,23.05500030517578,2026-10-02,23.536099627673387,-0.0288542322049955,1.44,0.118,2026-10-01
IBHI,22.704999923706055,2026-10-02,23.42982474551258,-0.04238714464669724,1.5410000000000001,0.127,2026-10-01
IBHJ,25.510000228881836,2026-10-02,26.41581278493205,-0.04277671316947307,1.747,0.146,2026-10-01
IBHK,24.565000534057617,2026-10-02,25.668673306347365,-0.05428295771722058,1.6700000000000002,0.139,2026-10-01
IBHL,24.299999237060547,2026-10-02,25.454366554776986,-0.05373835871166621,1.5790000000000002,0.132,2026-10-01
IBHM,24.1200008392334,2026-10-02,25.21090909206506,,0.8160000000000001,0.135,2026-10-01
IBIC,25.639999389648438,2026-10-02,25.768876413900063,-0.0023346837163343848,1.0350000000000001,0.116,2026-10-01
IBID,25.770000457763672,2026-10-02,25.976832689991983,-0.009607993681852833,1.1139999999999999,0.127,2026-10-01
IBIE,25.59000015258789,2026-10-02,26.08798801376525,-0.02328246536597145,1.1150000000000002,0.1,2026-10-01
IBIF,25.329999923706055,2026-10-02,26.109159401213507,-0.036185845616745094,1.142,0.137,2026-10-01
IBIG,25.040000915527344,2026-10-02,26.118259011986723,-0.05151510313084784,1.272,0.137,2026-10-01
IBIH,24.905000686645508,2026-10-02,26.083501922181878,-0.052861737425952016,1.1219999999999999,0.126,2026-10-01
IBII,24.44499969482422,2026-10-02,25.78788450324678,-0.060169185708803696,1.147,0.121,2026-10-01
IBIJ,24.315000534057617,2026-10-02,25.866004024368834,-0.07017205014306571,1.274,0.136,2026-10-01
IBIK,23.975000381469727,2026-10-02,25.639486069698258,-0.07521693010517971,1.281,0.178,2026-10-01
IBIL,23.700000762939453,2026-10-02,25.390398397863624,-0.0767432531164568,1.1590000000000003,0.128,2026-10-01
IBIM,23.545000076293945,2026-10-02,24.904810630913936,,0.548,0.089,2026-10-01
IBLC,45.91400146484375,2026-10-02,47.25497199434683,-0.22656824519551444,2.561,2.561,2025-12-16
IBM,222.63999938964844,2026-10-02,264.4061351031421,-0.22793632083957893,6.74,1.69,2026-08-10
IBMO,25.579999923706055,2026-10-02,25.6323107001316,-0.0003907865893789664,0.6180000000000001,0.059,2026-10-01
IBMP,25.190000534057617,2026-10-02,25.39019516264775,-0.008696972576542783,0.6400000000000001,0.056,2026-10-01
IBMQ,25.1299991607666,2026-10-02,25.533952203879792,-0.016977000048795432,0.6310000000000001,0.055,2026-10-01
IBMR,24.764999389648438,2026-10-02,25.3708485683122,-0.027717846300847504,0.6400000000000001,0.055,2026-10-01
IBMS,25.05500030517578,2026-10-02,25.909330732793922,-0.03727182814880181,0.6430000000000001,0.056,2026-10-01
IBMT,24.760000228881836,2026-10-02,25.776685258781768,-0.04327662164621149,0.6160000000000001,0.052,2026-10-01
IBMU,24.200000762939453,2026-10-02,25.107045419288404,,0.306,0.047,2026-10-01
IBMV,23.989999771118164,2026-10-02,25.05568183552135,,0.34,0.055,2026-10-01
IBMW,23.685100555419922,2026-10-02,24.916331383489794,,0.31799999999999995,0.044,2026-10-01
IBMX,23.3700008392334,2026-10-02,24.67050849785239,,0.29400000000000004,0.029,2026-10-01
IBN,27.440000534057617,2026-10-02,29.10035856786477,-0.10793236898961178,0.249,0.249,2026-08-03
IBND,29.690000534057617,2026-10-02,31.55414348769473,-0.08052029444878273,0.8749999999999998,0.072,2026-10-01
IBO,5.320000171661377,2026-10-02,6.570571872817568,-0.3391824112225723,,,
IBP,193.0,2026-10-02,255.87131460729347,-0.2038938834679893,3.3400000000000003,0.39,2026-09-15
IBRN,32.551998138427734,2026-10-02,33.820609537253816,0.16448442396796326,0.32,0.32,2025-12-16
IBTA,41.61000061035156,2026-10-02,29.955418240976524,0.3907085730029718,,,
IBUF,31.450000762939453,2026-10-02,30.196175275095907,0.09696549282342626,,,
IBUY,66.2300033569336,2026-10-02,69.92378076804111,-0.13534468384682363,,,
IBX,15.739999771118164,2026-10-02,21.880895458050627,,,,
ICAP,27.459999084472656,2026-10-02,28.07808369944295,-0.0004368461540598112,2.6639999999999997,0.25,2026-08-27
ICE,150.14999389648438,2026-10-02,155.05601616969622,-0.07668184476156803,2.04,0.52,2026-09-16
ICF,62.75,2026-10-02,64.5615141059298,0.019330711503610987,1.7440000000000002,0.479,2026-09-15
ICL,5.039999961853027,2026-10-02,5.534701191571604,-0.19101124455492913,0.158,0.058,2026-09-02
ICLO,25.600000381469727,2026-10-02,25.580143430793427,0.0,1.2360000000000002,0.099,2026-09-21
ICOW,42.08000183105469,2026-10-02,41.925338623533214,0.13729734678526184,1.734,0.938,2026-09-03
ICPI,50.44660186767578,2026-10-02,50.34981312575164,0.0075215133842010395,1.62,0.33,2026-08-03
ICPY,12.885000228881836,2026-10-02,11.730115540948997,0.25830083172695706,0.031,0.031,2025-12-23
ICSH,50.2599983215332,2026-10-02,50.562709246023715,-0.006915674463492727,2.0829999999999997,0.173,2026-10-01
ICVT,113.69999694824219,2026-10-02,108.85079694649137,0.11700555973664462,1.6020000000000003,0.137,2026-10-01
IDA,132.7899932861328,2026-10-02,137.96107583216937,0.0030213301482622246,3.52,0.88,2026-08-05
IDAU,24.239999771118164,2026-10-02,24.791627883911133,,,,
IDE,12.130000114440918,2026-10-02,12.9551394185222,0.0,1.2000000000000002,0.1,2026-10-01
IDEC,34.528499603271484,2026-10-02,33.369918245718296,0.10371113557722178,,,
IDEQ,35.099998474121094,2026-10-02,32.96836244347561,0.2090939594868122,0.46499999999999997,0.282,2026-06-18
IDEV,89.58000183105469,2026-10-02,86.83302799544012,0.09860192329230544,2.873,1.344,2026-06-15
IDGT,115.29000091552734,2026-10-02,103.91669299972959,0.32441122198443484,0.9199999999999999,0.213,2026-09-15
IDHQ,43.5,2026-10-02,39.14601595753218,0.2579525071318729,0.849,0.115,2026-09-21
IDJL,24.65999984741211,2026-10-02,25.20953844510592,,,,
IDJN,24.829999923706055,2026-10-02,25.10406968759936,,,,
IDLV,33.97999954223633,2026-10-02,34.83792834642874,0.014934289332030337,1.74,0.304,2026-09-21
IDMO,61.52000045776367,2026-10-02,58.1533068166786,0.13192276329237784,2.365,0.346,2026-09-21
IDMY,24.989999771118164,2026-10-02,25.304038487947903,,,,
IDNA,41.650001525878906,2026-10-02,30.510354554985625,0.6903410128888468,0.28,0.125,2026-06-15
IDOG,41.54999923706055,2026-10-02,41.1203187585352,0.14874208848410642,1.8719999999999999,0.384,2026-09-17
IDR,27.639999389648438,2026-10-02,36.56776887202168,-0.21096202247132279,,,
IDRV,32.939998626708984,2026-10-02,38.62405173617055,-0.12206827758998573,0.641,0.303,2026-06-15
IDSE,24.469999313354492,2026-10-02,24.68428557259696,,,,
IDT,78.9800033569336,2026-10-02,55.06442237945192,0.5936239138100119,0.2,0.07,2026-06-09
IDU,101.7300033569336,2026-10-02,112.47613540588623,-0.0960547136187403,2.579,0.647,2026-09-15
IDUB,27.398000717163086,2026-10-02,26.147326723987838,0.14253549792219888,1.3119999999999998,0.351,2026-09-29
IDV,41.7599983215332,2026-10-02,41.909760919700105,0.13880557422275674,2.425,0.53,2026-09-15
IDVO,41.619998931884766,2026-10-02,41.032410306284625,0.10809364776756425,2.482,0.212,2026-09-29
IDVZ,32.810001373291016,2026-10-02,33.4282828859124,0.05872867426959605,0.961,0.12,2026-08-28
IDX,10.609999656677246,2026-10-02,13.801713130388602,-0.34221945389283015,0.344,0.344,2025-12-22
IDYN,30.377599716186523,2026-10-02,29.526341001351042,0.11752194699854135,0.552,0.435,2026-06-15
IE,10.4399995803833,2026-10-02,13.104541839356441,-0.1607717096030944,,,
IEFA,97.01000213623047,2026-10-02,94.19414340927307,0.0919631487519017,3.289,1.578,2026-06-15
IEMG,82.36000061035156,2026-10-02,74.97290841516745,0.23053937299896532,1.7970000000000002,0.658,2026-06-15
IEO,136.60000610351562,2026-10-02,110.82565727081906,0.47611848662296086,2.187,0.493,2026-09-15
IETC,116.50800323486328,2026-10-02,102.55335071457334,0.14223532583199305,0.40700000000000003,0.09,2026-09-15
IEUR,73.4000015258789,2026-10-02,73.29641450068866,0.056419084334343506,2.391,1.542,2026-06-15
IEV,70.80000305175781,2026-10-02,70.78756978312336,0.05956305559878472,2.032,1.281,2026-06-15
IEX,232.99000549316406,2026-10-02,202.47023946450526,0.39514973349200044,3.61,0.73,2026-10-02
IEZ,26.809999465942383,2026-10-02,26.37776886989396,0.38839980359543613,0.33000000000000007,0.097,2026-09-15
IFEB,31.3700008392334,2026-10-02,30.694438265614302,0.060549725736825266,,,
IFED,46.452999114990234,2026-10-02,45.28201996092778,0.002633179294142307,,,
IFF,82.41999816894531,2026-10-02,73.94322700044549,0.3255065578068963,1.6,0.4,2026-09-18
IFLN,17.415000915527344,2026-10-02,18.33910358474549,-0.0642127703187455,1.0839999999999999,0.089,2026-09-21
IFLR,52.773399353027344,2026-10-02,52.237969517158476,0.08945914222072249,0.502,0.353,2026-06-30
IFN,10.489999771118164,2026-10-02,12.652350589098683,-0.2888135748394465,1.6100000000000003,0.37,2026-08-24
IFRA,56.189998626708984,2026-10-02,57.801326660521,0.06058888471513857,1.017,0.259,2026-09-15
IFS,53.11000061035156,2026-10-02,48.84521909918918,0.29631435264673134,1.8,1.8,2026-04-24
IG,19.479999542236328,2026-10-02,20.655031872935503,-0.07546275157177473,1.0419999999999998,0.086,2026-10-01
IGA,10.010000228881836,2026-10-02,9.879282875364995,0.014184432112060108,1.02,0.085,2026-10-01
IGBH,24.469999313354492,2026-10-02,24.51189239471557,-0.003461657127463824,1.436,0.119,2026-10-02
IGC,0.27000001072883606,2026-10-02,0.30155378574156666,-0.34146338272208165,,,
IGCB,43.30500030517578,2026-10-02,45.90641432074437,-0.07675084890333861,2.11,0.18,2026-10-01
IGD,6.070000171661377,2026-10-02,6.0290039697016375,0.03231293427254034,0.6000000000000001,0.05,2026-10-01
IGE,62.66999816894531,2026-10-02,57.66250996380688,0.27715505520077643,1.203,0.316,2026-09-15
IGEB,42.630001068115234,2026-10-02,45.134398395796694,-0.07336158942813542,2.296,0.195,2026-10-01
IGGY,28.381000518798828,2026-10-02,28.687992080749268,-0.07445209599666403,,,
IGHG,77.4395980834961,2026-10-02,78.21183099024799,-0.01850954897515189,3.985,0.336,2026-10-01
IGI,15.720000267028809,2026-10-02,16.209123505064216,-0.059808557858430644,0.8519999999999998,0.071,2026-09-23
IGLB,45.459999084472656,2026-10-02,49.843266931662995,-0.11882149738291359,2.638,0.241,2026-10-01
IGLD,20.059999465942383,2026-10-02,24.218446169241492,-0.16154649506241836,4.984000000000001,0.118,2026-10-01
IGM,172.02999877929688,2026-10-02,141.8295617578514,0.3537141666711694,0.22300000000000003,0.05,2026-09-15
IGPT,103.11000061035156,2026-10-02,75.57609573303466,0.8564998003362483,,,
IGR,11.640000343322754,2026-10-02,5.212239992141724,1.255814086731137,2.1599999999999997,0.18,2026-09-21
IGRO,88.51000213623047,2026-10-02,86.3890438307804,0.09352606210142222,2.413,0.425,2026-09-15
IGV,108.43000030517578,2026-10-02,97.00414333875436,-0.0557345765377153,0.017,0.017,2026-06-15
IH,1.1399999856948853,2026-10-02,1.8390996028702573,-0.6109215154535514,0.1,0.1,2026-04-17
IHAK,68.69999694824219,2026-10-02,53.219852447509766,0.3013827572796115,0.044,0.007,2026-06-15
IHD,7.639999866485596,2026-10-02,6.984262929969574,0.2146263772368704,0.6600000000000001,0.055,2026-10-01
IHDG,51.970001220703125,2026-10-02,50.25976091362091,0.10527436654080535,0.9289999999999999,0.125,2026-09-25
IHE,98.6500015258789,2026-10-02,90.22657368572585,0.30472160732098974,1.4329999999999998,0.279,2026-09-15
IHF,55.09000015258789,2026-10-02,50.35023904321678,0.0876603848558708,0.544,0.132,2026-09-15
IHG,161.74000549316406,2026-10-02,145.30059823571924,0.30519696484063163,1.904,0.645,2026-08-21
IHI,50.45000076293945,2026-10-02,55.94525891186232,-0.167903680122634,0.262,0.081,2026-09-15
IHS,8.319999694824219,2026-10-02,7.874661343031195,0.2362555232161243,,,
IHT,1.3200000524520874,2026-10-02,1.3660956160480757,-0.2625697873839008,0.01,0.01,2026-01-27
IHY,20.770000457763672,2026-10-02,21.78764939783104,-0.058903455144379446,1.2670000000000001,0.106,2026-10-01
IIF,21.270000457763672,2026-10-02,23.651394429909754,-0.199473063527847,1.985,1.985,2025-12-19
IIGD,23.799999237060547,2026-10-02,24.608007978158167,-0.043023786331558234,1.0279999999999998,0.086,2026-09-21
IIIN,29.559999465942383,2026-10-02,31.500757035031263,-0.23834067456937713,1.12,0.03,2026-09-11
IIM,10.920000076293945,2026-10-02,12.430517926159133,-0.12639999389648438,0.9239999999999998,0.077,2026-09-14
IINC,24.770000457763672,2026-10-02,25.688873291015625,,0.647,0.21,2026-09-29
IIPR,50.52000045776367,2026-10-02,54.247768949227506,-0.10520720373767367,7.6,1.9,2026-09-30
IJAN,38.349998474121094,2026-10-02,37.16669723997078,0.08538754918576674,,,
IJH,73.38999938964844,2026-10-02,70.98613529281312,0.11585834172891585,0.9019999999999999,0.226,2026-09-15
IJJ,140.52000427246094,2026-10-02,138.86346596645643,0.07185352959867397,2.352,0.581,2026-09-15
IJK,111.80000305175781,2026-10-02,105.99776866046555,0.15914988687612786,0.637,0.193,2026-09-15
IJR,138.52000427246094,2026-10-02,132.31099570224958,0.1535643084628715,1.7080000000000002,0.509,2026-09-15
IJS,130.38999938964844,2026-10-02,124.5555373719964,0.1605696587497749,1.852,0.563,2026-09-15
IJUL,36.060001373291016,2026-10-02,34.687482035967456,0.09315796850454894,,,
IJUN,31.260000228881836,2026-10-02,30.191960133404372,0.09071878560056934,,,
ILCB,106.73999786376953,2026-10-02,98.45796817612363,0.14996766014556995,1.04,0.278,2026-09-15
ILCG,118.75,2026-10-02,108.3616735754735,0.13701644220682652,0.479,0.138,2026-09-15
ILCV,105.81999969482422,2026-10-02,98.61529869292362,0.16683203050075202,1.653,0.421,2026-09-15
ILDR,40.130001068115234,2026-10-02,35.00268134462881,0.2126432442345827,,,
ILF,34.97999954223633,2026-10-02,33.667011944896196,0.23299254520506896,1.1800000000000002,0.439,2026-06-15
ILOW,45.540000915527344,2026-10-02,44.34248598258334,0.058454370725256055,0.682,0.682,2025-12-17
ILS,20.079999923706055,2026-09-25,20.25857162475586,,0.408729,0.408729,2026-09-23
ILTB,44.66999816894531,2026-10-02,49.08988048355893,-0.11614567946670928,2.4270000000000005,0.2,2026-10-01
IMAR,30.531099319458008,2026-10-02,30.025729487141763,0.04597965607998522,,,
IMAX,52.720001220703125,2026-10-02,39.92450209537825,0.5643916922008008,,,
IMAY,31.882200241088867,2026-10-02,30.794514751054376,0.08853838378819412,,,
IMC,9.109999656677246,2026-10-02,7.944680863238395,,,,
IMCB,95.80000305175781,2026-10-02,89.46231063903565,0.14703073398304367,1.197,0.324,2026-09-15
IMCG,95.72000122070312,2026-10-02,87.62011940640757,0.15353093936341722,0.6199999999999999,0.186,2026-09-15
IMF,53.650001525878906,2026-10-02,49.47482866689978,0.20057290030952424,0.464,0.464,2025-12-22
IMFL,33.56999969482422,2026-10-02,32.3003984124537,0.19063663976512446,1.153,0.385,2026-09-21
IMO,125.68000030517578,2026-10-02,114.1982868088194,0.3958240673840592,2.4210000000000003,0.631,2026-09-04
IMTB,41.22999954223633,2026-10-02,43.7013386426219,-0.06535487244073357,1.963,0.165,2026-10-01
IMTG,46.38999938964844,2026-10-02,48.84263164118717,,1.2590000000000001,0.207,2026-09-21
IMTM,53.04999923706055,2026-10-02,50.83643821321161,0.10153653249878913,2.323,0.602,2026-06-15
IMVP,18.520000457763672,2026-10-02,22.346932361800356,-0.26740506508185713,2.3810000000000002,0.585,2026-06-22
INCE,65.87999725341797,2026-10-02,64.92857765106567,0.10627863016806738,3.3399999999999994,0.3,2026-09-30
INCM,28.510000228881836,2026-10-02,28.815995995266977,0.024802319972202946,1.5310000000000001,0.125,2026-09-30
INCO,57.16999816894531,2026-10-02,61.31231081533242,-0.11924210532254553,,,
INDA,46.52000045776367,2026-10-02,50.68812760128918,-0.11306006137116875,,,
INDE,28.648000717163086,2026-10-02,29.01892027531962,-0.03623211608024168,0.527,0.527,2025-12-17
INDL,39.2400016784668,2026-10-02,49.051673372428255,-0.2830257261708099,0.516,0.089,2026-09-22
INDO,2.6700000762939453,2026-10-02,3.247478093758997,-0.12171049019801605,,,
INDS,37.217098236083984,2026-10-01,39.226451781858884,-0.015941339598232296,1.7485819999999999,0.791105,2026-09-03
INDZ,23.510000228881836,2026-10-02,24.43942676228323,,,,
INEQ,39.39899826049805,2026-10-02,39.518517938743074,0.03949653887333682,4.017,0.312,2026-09-25
INFH,7.909999847412109,2026-10-02,8.633975965430938,,,,
INFL,50.40999984741211,2026-10-02,49.80898804683609,0.120471170632106,0.312,0.13,2026-06-24
INFO,28.290000915527344,2026-10-02,25.73578083752636,0.18140824876937534,0.086,0.086,2025-12-19
INFQ,13.149999618530273,2026-10-02,12.607044058026007,,,,
INFU,13.15999984741211,2026-10-02,9.801872500385421,0.2702702976375295,,,
INFY,11.039999961853027,2026-10-02,14.209482041013194,-0.3197781717046292,0.518,0.259,2026-06-10
ING,34.779998779296875,2026-10-02,29.67466136278859,0.34910775224740487,1.338,0.458,2026-08-10
INGM,28.5,2026-10-02,24.942390411498536,0.2954545454545454,0.33199999999999996,0.086,2026-08-11
INGR,95.33000183105469,2026-10-02,108.35689249836591,-0.21130140096939454,3.29,0.83,2026-10-01
INKM,33.04999923706055,2026-10-02,34.01326695476395,-0.006612600471178731,1.5930000000000002,0.342,2026-09-25
INLX,5.050000190734863,2026-10-02,7.313107568429285,-0.5627705534770593,,,
INMU,22.920000076293945,2026-10-02,24.00926691032501,-0.04020096809927354,0.8,0.06,2026-10-01
INN,6.019999980926514,2026-10-02,5.382549781723326,0.11275418682427496,0.32,0.08,2026-08-17
INOV,36.80799865722656,2026-10-02,35.685414226881534,0.10012548436211288,,,
INQQ,12.850000381469727,2026-10-02,13.689669331706378,-0.1799616899230524,0.328,0.328,2025-12-30
INR,12.90999984741211,2026-10-02,14.461992020625992,-0.05282467065176122,,,
INSP,69.97000122070312,2026-10-02,68.33713143945215,-0.08631497064904847,,,
INSW,115.80999755859375,2026-10-02,73.36792821998141,1.4593331319458334,12.61,5.05,2026-09-10
INT,24.469999313354492,2026-10-02,18.835666735967,,,,
INTF,41.54999923706055,2026-10-02,39.924824657668154,0.136798908464276,1.2429999999999999,0.721,2026-06-15
INTL,30.700000762939453,2026-10-02,29.601051756110323,0.08714899304434764,1.033,0.315,2026-06-25
INTM,49.349998474121094,2026-10-02,51.62365339666724,-0.03282710439329006,1.8659999999999999,0.184,2026-09-21
INTT,12.300000190734863,2026-10-02,12.15426295497028,0.5628971244719498,,,
INUV,0.5699999928474426,2026-10-02,1.9384860538866415,-0.8267477205299415,,,
INVG,24.06999969482422,2026-10-02,25.46172103273916,-0.0724112587450162,1.2310000000000003,0.1,2026-09-30
INVH,26.040000915527344,2026-10-02,27.880836608400383,-0.09078207156180418,1.2,0.3,2026-09-24
INVN,25.552099227905273,2026-10-02,21.670797211240487,0.20369787339798617,0.062,0.062,2025-12-18
INVX,27.309999465942383,2026-10-02,25.389043838379393,0.4526596050124312,,,
INYY,40.150001525878906,2026-10-02,43.6662353515625,,12.004,0.767,2026-10-01
IOCT,37.779998779296875,2026-10-02,36.0350118690278,0.09507242838541674,,,
ION,45.48400115966797,2026-10-02,53.16465744079347,0.12776771501239526,0.8240000000000001,0.278,2026-09-23
IONC,13.569999694824219,2026-10-02,13.208507423970238,,,,
IONQ,43.77000045776367,2026-10-02,46.28944225235289,-0.40270194886889643,,,
IOO,144.83999633789062,2026-10-02,132.44203246827144,0.19249133401654084,1.168,0.721,2026-06-15
IOPP,25.03499984741211,2026-10-02,26.126693277245025,-0.08064342037588446,0.1,0.05,2026-06-25
IOR,17.0,2026-10-02,18.475936167743576,-0.055030560517713156,,,
IOSX,33.40999984741211,2026-10-02,31.69492533669543,,,,
IOT,41.119998931884766,2026-10-02,34.729681303776594,0.05166241781571013,,,
IP,31.969999313354492,2026-10-02,38.686294867223005,-0.3222386992925058,1.852,0.463,2026-08-14
IPAC,85.77999877929688,2026-10-02,79.59075702804019,0.14955770064248664,3.1980000000000004,0.881,2026-06-15
IPAV,30.761999130249023,2026-10-02,31.30829890885676,0.07412965521871206,0.477,0.227,2026-06-29
IPAY,46.459999084472656,2026-10-02,48.98792818532997,-0.20048186892986553,0.411,0.411,2025-12-30
IPB,24.929800033569336,2026-10-02,25.803305933674967,-0.049931392872607394,1.513,0.757,2026-06-18
IPI,32.7599983215332,2026-10-02,34.27976077866269,0.11466481802894246,,,
IPO,53.59000015258789,2026-10-02,49.469482072321064,0.0692338646179742,0.062,0.031,2026-06-12
IPOS,21.209999084472656,2026-10-02,20.308502011090162,0.16596114024868402,0.144,0.072,2026-09-11
IQDF,34.630001068115234,2026-10-02,32.76207176147704,0.19951506967239796,1.189,0.433,2026-09-18
IQDG,42.45399856567383,2026-10-02,42.27215933324806,0.04322395586780958,1.012,0.12,2026-09-25
IQDY,42.29999923706055,2026-10-02,39.70147407197382,0.2285796939334237,1.396,0.46,2026-09-18
IQHI,25.065000534057617,2026-10-02,26.047968108340562,-0.05379385614847054,1.9139999999999997,0.143,2026-09-30
IQI,8.9399995803833,2026-10-02,9.938804759447319,-0.0905392014476446,0.7559999999999998,0.063,2026-09-14
IQLT,49.79999923706055,2026-10-02,47.913944183592776,0.10470268887066347,1.195,0.746,2026-06-15
IQM,114.74400329589844,2026-10-02,100.03167739807373,0.29478672692011365,,,
IQMM,100.11000061035156,2026-10-02,100.0980886957448,,2.1140000000000003,0.071,2026-09-29
IQSI,38.21699905395508,2026-10-02,36.88397209197876,0.09822119280900132,1.043,0.133,2026-09-18
IQSM,38.948001861572266,2026-10-02,36.88609168064072,0.13963024804127855,0.41100000000000003,0.103,2026-09-18
IQSU,63.21900177001953,2026-10-02,57.397059831961215,0.18538590155660706,0.569,0.123,2026-09-18
IQSZ,32.233001708984375,2026-10-02,29.726143430428674,0.19174032810598396,0.603,0.129,2026-09-21
IQV,258.2099914550781,2026-10-02,208.02525882796937,0.24962486257268668,,,
IR,76.06999969482422,2026-10-02,80.93924293670047,-0.09386536676441137,0.08,0.02,2026-08-13
IRAB,10.149999618530273,2026-10-02,9.930974025230903,,,,
IRE,9.5,2026-10-02,27.680795073010433,-0.8631123949405463,,,
IREC,20.940000534057617,2026-10-02,22.683275913370068,,,,
IREX,13.899999618530273,2026-10-02,35.842746955935965,-0.8392320175142521,,,
IREZ,9.34000015258789,2026-10-02,38.170534285632044,,,,
IRM,113.38999938964844,2026-10-02,108.94414325729309,0.08196561152434567,3.456,0.864,2026-09-15
IROC,47.79999923706055,2026-10-02,50.62588444743973,-0.05561597052369238,2.5980000000000003,0.209,2026-09-21
IRS,13.359999656677246,2026-10-02,15.146693206878297,0.16173910058063012,,,
IRT,14.510000228881836,2026-10-02,16.34059762004837,-0.11036169809932883,0.7,0.18,2026-09-30
IRTR,31.292999267578125,2026-10-02,31.365497991858252,0.01905038038896789,1.074,0.078,2026-10-02
IRVH,18.38800048828125,2026-10-02,19.930804712363923,-0.12153634696615645,1.0999999999999999,0.075,2026-10-01
ISBG,15.824000358581543,2026-10-02,17.293039553583004,,2.2059999999999995,0.053,2026-09-28
ISCB,72.0999984741211,2026-10-02,69.48517941478714,0.11939131151665383,0.976,0.252,2026-09-15
ISCF,44.529998779296875,2026-10-02,43.38768136073869,0.07159182895615457,1.6139999999999999,0.822,2026-06-15
ISCG,62.2599983215332,2026-10-02,59.42561747638353,0.128307321080122,0.4,0.115,2026-09-15
ISCV,75.48999786376953,2026-10-02,73.21956178581573,0.11688122435139414,1.493,0.401,2026-09-15
ISD,11.699999809265137,2026-10-02,13.50812748608836,-0.17605634039296347,1.26,0.105,2026-09-10
ISEP,34.9119987487793,2026-10-02,33.636784800495285,0.08641669744184388,,,
ISMD,47.029998779296875,2026-10-02,43.567430123864895,0.19669210412978355,0.43500000000000005,0.223,2026-06-26
ISMF,28.90999984741211,2026-10-02,27.632992049137435,0.08946339358272337,1.638,1.638,2025-12-16
ISOU,9.170000076293945,2026-10-02,10.347956172973511,-0.08299999237060551,,,
ISPY,47.9900016784668,2026-10-02,46.52309954213906,0.06243089714048855,2.654,0.252,2026-10-01
ISRA,66.98999786376953,2026-10-02,62.97733057637613,0.2215535681505334,0.869,0.869,2025-12-22
ISSB,24.114999771118164,2026-10-02,20.173920884644243,,2.57,0.077,2026-09-28
ISVL,53.409000396728516,2026-10-02,50.06300794745822,0.17127571965509025,1.6109999999999998,1.011,2026-06-15
ISWN,20.898700714111328,2026-10-02,21.95620593796688,-0.023425182867053418,0.6539999999999999,0.172,2026-09-29
IT,184.8000030517578,2026-10-02,186.25143429577588,-0.2814930237911326,,,
ITA,207.7899932861328,2026-10-02,225.9461351979776,-0.008398996611755138,0.5660000000000001,0.251,2026-09-15
ITAN,43.90999984741211,2026-10-02,39.33418732905293,0.2477621405056416,0.299,0.105,2026-06-29
ITB,86.63999938964844,2026-10-02,98.1507568663335,-0.20688391537964868,1.263,0.754,2026-09-15
ITDB,34.75600051879883,2026-10-02,34.04310759890127,0.0491744399268359,0.675,0.675,2025-12-23
ITDC,36.52000045776367,2026-10-02,35.40109569048027,0.06939967279617187,0.687,0.687,2025-12-23
ITDD,38.52000045776367,2026-10-02,36.91666541536491,0.09090906144514466,0.642,0.642,2025-12-23
ITDE,40.209999084472656,2026-10-02,38.15753778708409,0.11098826300531073,0.673,0.673,2025-12-23
ITDF,41.83000183105469,2026-10-02,39.343741002785734,0.12871020725869142,0.613,0.613,2025-12-23
ITDG,42.73699951171875,2026-10-02,39.9188326041537,0.14099204531358311,0.604,0.604,2025-12-23
ITDH,42.7869987487793,2026-10-02,39.90950600369518,0.14321214302378804,0.603,0.603,2025-12-23
ITDI,42.74399948120117,2026-10-02,39.888103606691395,0.14227689932583232,0.612,0.612,2025-12-23
ITDJ,33.21500015258789,2026-10-02,31.000677222749626,0.14396419242786207,0.41,0.41,2025-12-23
ITEQ,62.89500045776367,2026-10-02,61.1463825636176,0.07558789395434884,0.492,0.492,2025-12-30
ITGR,126.44999694824219,2026-10-02,92.67039836260427,0.20382707393474475,,,
ITM,44.150001525878906,2026-10-02,46.673386425611035,-0.05135366013392262,1.409,0.112,2026-10-01
ITOT,167.9499969482422,2026-10-02,155.56641439612642,0.14649457744801264,1.6860000000000002,0.453,2026-09-15
ITP,0.14000000059604645,2026-10-02,0.2042231072942574,-0.48148149987797606,,,
ITRG,2.640000104904175,2026-10-02,3.0664143495825655,-0.1619047539754972,,,
ITT,206.1699981689453,2026-10-02,193.53131468267554,0.13805472511185934,1.509,0.386,2026-09-08
ITW,262.9200134277344,2026-10-02,264.54737136658446,0.011230820875901548,6.55,1.72,2026-09-30
ITWO,43.349998474121094,2026-10-02,42.65606782160907,0.09193948717978273,3.237,0.227,2026-10-01
IVAI,10.170000076293945,2026-10-02,10.176666577657064,,,,
IVE,229.6199951171875,2026-10-02,220.9603982750638,0.10479214377914348,3.609,0.931,2026-09-15
IVEP,25.969999313354492,2026-10-02,26.923548390788415,,,,
IVES,41.84000015258789,2026-10-02,34.454004029353776,0.27872856331417895,0.131,0.131,2025-12-22
IVLU,42.619998931884766,2026-10-02,40.67402382960832,0.18454695592349446,1.4049999999999998,0.711,2026-06-15
IVOG,139.3699951171875,2026-10-02,131.89641406906554,0.15900203839656957,0.774,0.774,2025-12-22
IVOL,17.010000228881836,2026-10-02,18.316011968361902,-0.11773860876135811,0.6090000000000001,0.052,2026-08-28
IVOO,124.25,2026-10-02,120.17912371510053,0.1169543544235161,1.496,0.374,2026-09-23
IVOV,109.04000091552734,2026-10-02,107.20944222985986,0.07154086700539608,1.841,1.841,2025-12-22
IVR,5.710000038146973,2026-10-02,7.912669316705954,-0.2641752745193223,1.7800000000000002,0.12,2026-09-28
IVT,30.399999618530273,2026-10-02,31.17127487668953,0.08687881175655088,0.988,0.25,2026-09-30
IVV,773.0999755859375,2026-10-02,714.329361265874,0.1497278415790826,8.397,2.203,2026-09-15
IVVB,35.59000015258789,2026-10-02,33.86179288734953,0.084631105064783,0.405,0.405,2025-12-23
IVVM,37.96699905395508,2026-10-02,35.80622701150963,0.10884921707910289,0.238,0.238,2025-12-23
IVVW,44.75,2026-10-02,45.111127389854644,-0.02700470873577443,8.525999999999998,0.884,2026-10-02
IVW,143.91000366210938,2026-10-02,128.5758170017683,0.1887494346962637,0.485,0.128,2026-09-15
IVZ,30.65999984741211,2026-10-02,27.039242999012252,0.27537432112196525,0.85,0.215,2026-08-14
IWB,420.2099914550781,2026-10-02,389.2878490919136,0.14352189310468177,3.814,1.006,2026-09-15
IWC,186.67999267578125,2026-10-02,174.79099568522784,0.22767325840477715,1.942,0.449,2026-09-15
IWD,249.3800048828125,2026-10-02,228.2413947724726,0.21672519864305784,3.531,0.93,2026-09-15
IWF,127.06999969482422,2026-10-02,118.8285259839548,0.08158487496001365,0.432,0.109,2026-09-15
IWFG,56.277000427246094,2026-10-02,52.742294797859344,0.0475986438652114,,,
IWL,191.83999633789062,2026-10-02,176.64414303236273,0.1508098371318749,1.596,0.416,2026-09-15
IWLG,58.289100646972656,2026-10-02,54.17586888165113,0.08022797694497608,0.001,0.001,2025-12-19
IWM,281.5199890136719,2026-10-02,269.96669383257984,0.14518157636082574,2.729,0.75,2026-09-15
IWMI,49.47999954223633,2026-10-02,50.47219526435275,0.006304685475599703,7.258,0.608,2026-09-16
IWMW,37.650001525878906,2026-10-02,39.11237057081732,-0.06903713278753032,8.337000000000002,0.59,2026-10-02
IWMY,17.18000030517578,2026-10-02,19.681067782094278,-0.25659888137430775,6.835000000000001,0.099,2026-10-01
IWN,212.33999633789062,2026-10-02,201.2131472279826,0.18334815787370173,3.2540000000000004,0.885,2026-09-15
IWO,360.8399963378906,2026-10-02,350.3985254052151,0.10870769314727236,1.6849999999999998,0.41,2026-09-15
IWP,141.22000122070312,2026-10-02,138.34960132006154,-0.011963839240914487,0.529,0.155,2026-09-15
IWR,108.27999877929688,2026-10-02,103.07091643800773,0.11364800000878827,1.272,0.327,2026-09-15
IWS,162.55999755859375,2026-10-02,153.61593664404882,0.1534804939114256,2.206,0.595,2026-09-15
IWV,436.1600036621094,2026-10-02,404.2396398293545,0.1454684356609015,3.7849999999999997,0.997,2026-09-15
IWX,109.91999816894531,2026-10-02,99.39992033817853,0.24315766167422503,1.5379999999999998,0.396,2026-09-15
IWY,298.70001220703125,2026-10-02,277.9677697291887,0.0883189590710185,0.9700000000000001,0.231,2026-09-15
IX,37.119998931884766,2026-10-02,33.43274900732762,0.43875969106865487,,,
IXC,57.88999938964844,2026-10-02,50.56362551806932,0.3845969262902158,1.572,0.724,2026-06-15
IXG,126.43000030517578,2026-10-02,122.36278907806275,0.0841193391146724,2.832,1.763,2026-06-15
IXJ,100.86000061035156,2026-10-02,97.30513954922498,0.08884814424011989,1.444,0.846,2026-06-15
IXN,151.94000244140625,2026-10-02,120.45378468426101,0.4495325594711743,1.096,0.167,2026-06-15
IXP,117.83000183105469,2026-10-02,120.05952210445328,-0.039846800366748036,3.928,0.812,2026-06-15
IYC,95.12000274658203,2026-10-02,101.51015946589618,-0.08318069641848647,0.527,0.15,2026-09-15
IYE,66.22000122070312,2026-10-02,57.343067822703325,0.399112585228216,1.351,0.394,2026-09-15
IYF,126.06999969482422,2026-10-02,126.99462155041941,0.003182951632904052,1.946,0.418,2026-09-15
IYG,90.16999816894531,2026-10-02,90.08545806398429,0.01166836023309159,1.028,0.27,2026-09-15
IYH,70.4000015258789,2026-10-02,65.27474098661506,0.15107916451143955,0.7989999999999999,0.191,2026-09-15
IYJ,155.97000122070312,2026-10-02,155.25043849261158,0.060731830402038556,1.058,0.301,2026-09-15
IYK,70.91000366210938,2026-10-02,71.35745020406655,0.04402246133350407,1.8860000000000001,0.437,2026-09-15
IYLD,21.6200008392334,2026-10-02,21.89760959670838,0.019330588046130304,1.11,0.078,2026-10-02
IYM,180.25999450683594,2026-10-02,172.65896351118963,0.2040610942684502,2.298,0.586,2026-09-15
IYR,94.7699966430664,2026-10-02,99.17804778809567,-0.023392459305899616,2.385,0.738,2026-09-15
IYRI,45.029998779296875,2026-10-02,49.15851400003015,-0.10778684980841102,5.368,0.429,2026-09-16
IYT,80.19999694824219,2026-10-02,79.42179271804385,0.11034186931881851,0.756,0.186,2026-09-15
IYW,269.69000244140625,2026-10-02,218.91003916463055,0.365795570098431,0.246,0.049,2026-09-15
IYY,187.1199951171875,2026-10-02,173.10342607840124,0.14642809531760292,1.6199999999999999,0.424,2026-09-15
IYZ,42.56999969482422,2026-10-02,38.74215141995494,0.3018348226789931,0.673,0.178,2026-09-15
IZRL,28.80299949645996,2026-10-02,29.509964179232774,-0.012581439111213455,0.775,0.775,2025-12-26
J,138.05999755859375,2026-10-02,136.3517927496557,-0.10698582077575836,1.4,0.36,2026-08-21
JA,50.119998931884766,2026-10-02,50.14203830889076,,1.2699999999999998,0.204,2026-08-31
JAAA,50.47999954223633,2026-10-02,50.602987996135575,-0.0023715204644944032,2.448,0.202,2026-09-30
JABS,49.33000183105469,2026-10-02,50.036167387943344,-0.018308421272543507,2.455,0.162,2026-09-30
JACS,10.789999961853027,2026-10-02,10.565422305072921,0.04150582233838551,,,
JADB,26.3799991607666,2026-10-02,25.874519109725952,,,,
JADE,79.73300170898438,2026-10-02,71.4035456987966,0.29818139945152433,1.437,1.437,2025-12-16
JAGU,1.190000057220459,2026-10-02,2.010670730980431,,,,
JAJL,30.35849952697754,2026-10-02,29.4617151131193,0.05889429529788326,,,
JAN,29.049999237060547,2026-10-02,27.890588199391086,,0.304,0.048,2026-09-11
JANB,28.079999923706055,2026-10-02,26.38792214628126,0.1241892546740273,,,
JANH,24.790000915527344,2026-10-02,24.82454978517327,0.0008074468063807849,1.5490000000000002,0.389,2026-09-30
JANI,25.4468994140625,2026-10-02,25.517910590538612,,,,
JANJ,24.75,2026-10-02,24.792191266063675,0.00040421297390280664,1.242,0.31,2026-09-30
JANM,34.46500015258789,2026-10-02,33.37422712105679,0.06209551131813007,,,
JANP,35.81529998779297,2026-10-02,33.54977408633289,0.1291790000184614,,,
JANT,45.41339874267578,2026-10-02,42.360571431923674,0.1398945423880944,,,
JANU,30.661500930786133,2026-10-02,28.99417330069371,0.10372570816838844,,,
JANW,39.654998779296875,2026-10-02,37.73584055805586,0.09665373193122107,,,
JANZ,41.81449890136719,2026-10-02,39.44679482144664,0.09806977129047767,0.541,0.541,2025-12-24
JAVA,80.19999694824219,2026-10-02,75.71812755083182,0.1546213360974602,0.946,0.233,2026-09-22
JBBB,47.34000015258789,2026-10-02,47.52677292842789,-0.01457120627808317,2.9729999999999994,0.251,2026-09-30
JBGS,10.5600004196167,2026-10-02,15.48143425215763,-0.5104311280008687,0.7,0.175,2026-08-13
JBI,4.210000038146973,2026-10-02,6.083386462998106,-0.5794205852263752,,,
JBK,24.75,2026-10-02,25.94525894985731,-0.03055231749576559,1.586,0.793,2026-08-14
JBL,304.4100036621094,2026-10-02,283.07330674859156,0.5063836149239835,0.32,0.08,2026-08-14
JBLG,10.989999771118164,2026-10-02,12.599841269235762,,,,
JBND,50.95000076293945,2026-10-02,53.57711152156511,-0.058747464297556284,2.376,0.201,2026-10-01
JBS,11.670000076293945,2026-10-02,14.130199151210102,-0.18675959818345977,1.0,1.0,2026-05-18
JBTM,108.5999984741211,2026-10-02,136.08772940464704,-0.25015537456939463,0.4,0.1,2026-08-17
JCAL,47.31999969482422,2026-10-02,49.23714268672002,,0.558,0.137,2026-10-01
JCE,16.829999923706055,2026-10-02,16.068685292247757,0.07677541909653796,1.388,0.364,2026-09-15
JCHI,50.724998474121094,2026-10-02,54.97704781764057,-0.157755836199719,0.991,0.991,2025-12-16
JCI,156.24000549316406,2026-10-02,132.8174898671914,0.43616145030167286,1.2000000000000002,0.4,2026-09-21
JCPB,44.58000183105469,2026-10-02,46.96715147466774,-0.060286612108881976,2.266,0.182,2026-10-01
JCPI,46.0,2026-10-02,48.13975292372989,-0.05600361358586159,1.9519999999999997,0.117,2026-10-01
JDIV,56.53499984741211,2026-10-02,55.394111557310794,0.043004231116160696,1.515,0.152,2026-09-22
JDST,25.3700008392334,2026-10-02,43.09545797370819,-0.7015294018913718,1.52,0.212,2026-09-22
JDVI,39.91699981689453,2026-10-02,37.655127430342105,0.16494967249156245,0.854,0.854,2025-12-29
JDVL,31.530000686645508,2026-10-02,29.213318684186593,0.18627488338578746,0.461,0.461,2025-12-29
JEDI,25.170000076293945,2026-10-02,27.231745001804306,-0.07463237609211482,,,
JEF,45.970001220703125,2026-10-02,53.315617473951846,-0.2636552779755158,1.6,0.4,2026-08-18
JELD,1.8899999856948853,2026-10-02,2.1705378457844495,-0.6134969248878092,,,
JELH,25.5,2026-10-02,25.443333341364276,,0.753,0.226,2026-08-31
JELM,25.5,2026-10-02,25.383333256370143,,0.469,0.162,2026-08-31
JEMB,50.54800033569336,2026-10-02,53.41605571731628,-0.053355039751879274,3.347,0.267,2026-09-30
JENA,10.399999618530273,2026-10-02,10.294721082862155,0.023622025071121877,,,
JEPI,56.099998474121094,2026-10-02,57.187689245459566,-0.01630721243349198,4.563,0.341,2026-10-01
JETD,3.440000057220459,2026-10-02,4.175956176096699,-0.5238095143799011,,,
JETS,28.139999389648438,2026-10-02,27.929800778271193,0.12695234935783772,0.233,0.233,2025-12-24
JETU,22.770000457763672,2026-10-02,29.74565737750901,0.01249500348282595,,,
JFLI,53.09400177001953,2026-10-02,52.318195236631595,0.03335929673555316,4.254,0.319,2026-09-04
JFLX,48.75,2026-10-02,50.11443433723602,-0.030911446093675687,2.299,0.154,2026-10-01
JFR,7.349999904632568,2026-10-02,7.680876490604355,-0.09034653786712621,0.9709999999999999,0.078,2026-09-15
JGH,11.59000015258789,2026-10-02,12.608071688161903,-0.13313386299230767,1.247586,0.104,2026-09-15
JGRO,97.69000244140625,2026-10-02,93.07378478639154,0.04014059141780835,0.146,0.146,2025-12-16
JGRW,27.573400497436523,2026-10-02,26.84600156046955,0.008131354124091494,0.10799999999999998,0.022,2026-09-18
JHAC,15.420000076293945,2026-10-02,15.075314753559006,-0.005610362633629462,0.087,0.087,2025-12-29
JHCB,20.0,2026-10-02,21.298509992926245,-0.08298943192404962,1.085,0.082,2026-09-28
JHCP,23.809900283813477,2026-10-02,25.180911972228273,-0.06701019370201267,1.0999999999999999,0.089,2026-09-28
JHCR,23.950000762939453,2026-10-02,25.287478055612024,-0.06353861003025951,1.045,0.085,2026-09-28
JHDG,28.361600875854492,2026-10-02,27.43969037455897,,0.05,0.022,2026-09-28
JHDV,46.254798889160156,2026-10-02,43.28436969285942,0.15233681097385965,1.035,0.283,2026-09-28
JHEM,40.08000183105469,2026-10-02,36.54924296192914,0.25015596114244354,0.71,0.203,2026-06-26
JHHY,24.68000030517578,2026-10-02,25.71159368112268,-0.05505780395365523,1.7730000000000001,0.13,2026-09-28
JHI,12.180000305175781,2026-10-02,13.41892432406604,-0.1312410907639434,1.219,0.294,2026-09-11
JHID,42.25400161743164,2026-10-02,40.863964096008544,0.16717313986088933,1.516,0.284,2026-09-28
JHLN,24.46500015258789,2026-10-02,24.71388449041967,-0.021008388288863977,1.345,0.111,2026-09-28
JHMB,20.829999923706055,2026-10-02,22.00670123765193,-0.061711747394192384,1.0519999999999998,0.084,2026-09-28
JHMD,44.45000076293945,2026-10-02,43.56601581345517,0.09523227216100882,1.361,0.771,2026-06-26
JHML,90.01000213623047,2026-10-02,84.17172110508163,0.14292613260968046,0.855,0.389,2026-06-26
JHMM,72.63999938964844,2026-10-02,70.12954193662362,0.11411047223380022,0.657,0.288,2026-06-26
JHMU,24.713300704956055,2026-10-02,26.106467311600763,-0.05094854700178575,0.9929999999999999,0.076,2026-09-28
JHS,10.34000015258789,2026-10-02,11.250597611841453,-0.12372881479216724,0.63,0.155,2026-09-11
JHSC,46.198001861572266,2026-10-02,45.25552191867296,0.09189317802139385,0.488,0.19,2026-06-26
JHX,24.989999771118164,2026-10-02,23.09266933881904,0.22439980195721443,,,
JIDE,51.30799865722656,2026-10-02,50.23659651460704,,,,
JIG,85.22000122070312,2026-10-02,79.71522303121499,0.1091299829002661,1.65,1.65,2025-12-16
JIII,48.18000030517578,2026-10-02,50.10698807856951,-0.05464534168692026,3.489,0.202,2026-09-30
JILL,24.84000015258789,2026-10-02,16.01003985765921,0.5192660289317366,0.35,0.09,2026-09-23
JIRE,82.2300033569336,2026-10-02,79.21597633513797,0.09494014683994223,2.239,2.239,2025-12-16
JKS,9.149999618530273,2026-10-02,21.801912372330744,-0.6301536094106146,1.5,1.5,2026-06-22
JLCO,25.79330062866211,2026-10-02,25.478273255484446,,,,
JLL,306.80999755859375,2026-10-02,323.7484057908989,0.03943484636426042,,,
JLQD,38.89799880981445,2026-10-02,41.41212344834529,-0.07857399812351051,2.243,0.19,2026-09-30
JLS,16.360000610351562,2026-10-02,17.99266932970024,-0.1251336928940353,1.8479999999999996,0.154,2026-09-15
JMBS,42.29999923706055,2026-10-02,45.20661356344641,-0.07297834216755228,2.346,0.201,2026-09-30
JMEE,75.0999984741211,2026-10-02,70.58661352210785,0.17362082363240372,0.725,0.725,2025-12-16
JMHI,46.799598693847656,2026-10-02,50.02667968871584,-0.06940549131312512,2.202,0.182,2026-10-01
JMIA,6.920000076293945,2026-10-02,8.8061354568755,-0.4013840981743325,,,
JMKE,16.56999969482422,2026-10-02,20.979347726573113,,,,
JMM,5.579999923706055,2026-10-02,5.944023918820568,-0.12401883454409057,0.3480000000000001,0.029,2026-09-15
JMMF,100.23500061035156,2026-10-02,100.14877704582592,0.00034933795584302096,2.814,0.071,2026-10-02
JMOM,85.04000091552734,2026-10-02,74.99331075356776,0.25409237542067986,0.623,0.176,2026-09-22
JMSI,47.2599983215332,2026-10-02,50.03137837748129,-0.05743919232495687,1.8409999999999997,0.158,2026-10-01
JMST,50.560001373291016,2026-10-02,50.93354978219446,-0.0070698509151527755,1.3,0.109,2026-10-01
JMTG,48.09000015258789,2026-10-02,50.70555771299567,-0.05650384538239772,2.203,0.189,2026-10-01
JMUB,47.540000915527344,2026-10-02,50.247800773833376,-0.0559968161367449,1.8339999999999996,0.162,2026-10-01
JNEU,33.640899658203125,2026-10-02,31.533047406321977,0.11875290986429721,,,
JNJ,256.0299987792969,2026-10-02,232.43474107719513,0.3572413041120188,5.28,1.34,2026-08-25
JNK,92.38999938964844,2026-10-02,96.38362562323947,-0.0521186187281556,6.332999999999999,0.531,2026-10-01
JNUG,147.66000366210938,2026-10-02,190.73784835025134,-0.10930145524557922,3.513,0.755,2026-09-22
JOB,0.20999999344348907,2026-10-02,0.22207171164185877,0.0,,,
JOBC,12.399999618530273,2026-10-02,18.842999998728434,,,,
JOBX,7.070000171661377,2026-10-02,38.343426259865325,-0.9445359684321311,,,
JOBY,5.949999809265137,2026-10-02,10.801553805985774,-0.6741511645846519,,,
JOE,65.37999725341797,2026-10-02,63.356653479465926,0.32724318881753134,0.64,0.16,2026-08-21
JOET,45.65999984741211,2026-10-02,43.456442175633406,0.061613616119398085,0.275,0.275,2025-12-22
JOF,12.670000076293945,2026-10-02,11.37537846812214,0.17970208066166893,1.089,0.096,2026-09-15
JOJO,14.508000373840332,2026-10-02,15.48266533551463,-0.05932697542224963,0.855,0.07,2026-10-02
JOUL,23.110000610351562,2026-10-02,24.101826924544113,,,,
JPAN,43.76100158691406,2026-10-02,39.57535449632135,0.18561370273162714,1.827,1.827,2025-12-17
JPEM,63.30799865722656,2026-10-02,63.36305179064017,0.0727260387222548,2.879,0.797,2026-09-22
JPHY,48.63999938964844,2026-10-02,50.3714661921163,-0.04251968267425299,3.201,0.263,2026-10-01
JPIB,46.47999954223633,2026-10-02,48.33717929794494,-0.04948879157727348,2.185,0.115,2026-10-01
JPIE,44.689998626708984,2026-10-02,46.06668119696507,-0.03414743495619699,2.561,0.216,2026-10-01
JPIN,73.69000244140625,2026-10-02,72.26066133415557,0.09559916891100095,3.1430000000000002,0.512,2026-09-22
JPLD,51.27000045776367,2026-10-02,52.20204790274936,-0.018943702555796138,2.2329999999999997,0.199,2026-10-01
JPM,332.3800048828125,2026-10-02,318.77944277577194,0.07208981773220624,6.0,1.5,2026-07-06
JPMB,37.75,2026-10-02,40.00866138412658,-0.06257761184797406,2.284,0.202,2026-10-01
JPME,120.47000122070312,2026-10-02,117.46450988040027,0.10544238189398758,2.22,0.578,2026-09-22
JPND,43.2400016784668,2026-10-02,46.64161337575605,,,,
JPNU,27.40999984741211,2026-10-02,26.18677416155415,,,,
JPO,13.288000106811523,2026-10-02,14.758370456467587,-0.2222416845846925,4.5249999999999995,0.047,2026-10-01
JPRE,49.349998474121094,2026-10-02,50.13307569891333,0.03221077298881636,1.206,0.312,2026-09-22
JPSE,57.210899353027344,2026-10-02,55.06586018596512,0.13920545524483652,0.8220000000000001,0.251,2026-09-22
JPST,50.22999954223633,2026-10-02,50.56250995468808,-0.007508418564166397,2.086,0.175,2026-10-01
JPSV,66.489501953125,2026-10-02,62.98162753648492,0.1308892642553503,0.822,0.822,2025-12-16
JPUS,137.24000549316406,2026-10-02,133.39871310047894,0.1035082382212511,2.846,0.725,2026-09-22
JPXN,104.81999969482422,2026-10-02,94.97262959271313,0.21039262750273435,2.748,0.643,2026-06-15
JQC,4.670000076293945,2026-10-02,4.902350617594928,-0.10707455845836633,0.6200000000000001,0.05,2026-09-15
JQTY,25.3799991607666,2026-10-02,25.31999969482422,,,,
JQUA,74.62000274658203,2026-10-02,67.05848587461676,0.18331749320556212,0.7949999999999999,0.181,2026-09-22
JRI,10.899999618530273,2026-10-02,12.938605692282142,-0.2324266017228277,1.6042759999999996,0.134,2026-09-15
JRS,7.420000076293945,2026-10-02,8.028326676661274,-0.08620687427718354,0.72,0.19,2026-09-15
JSCP,45.89500045776367,2026-10-02,47.22872116271243,-0.03358604262644904,2.084,0.181,2026-10-01
JSI,49.93000030517578,2026-10-02,51.68748212715544,-0.04238586709518477,3.2489999999999997,0.247,2026-09-30
JSTC,22.65999984741211,2026-10-02,21.280737006806756,0.10509635575936982,0.275,0.1,2026-06-29
JTNY,47.0099983215332,2026-10-02,49.123506471708225,,0.603,0.156,2026-10-01
JUCY,21.649999618530273,2026-10-02,22.1410956135784,-0.028712484105428704,1.7849999999999995,0.146,2026-09-29
JUDB,26.40999984741211,2026-10-02,25.984807564662052,,,,
JUDO,28.368600845336914,2026-10-02,27.6703682234793,,0.657,0.15,2026-08-31
JULB,28.264999389648438,2026-10-02,26.4648115048643,0.1323211085086684,,,
JULC,25.809999465942383,2026-10-02,25.497076914860653,,,,
JULH,24.969999313354492,2026-10-02,25.071968063415284,-0.002596386437139775,1.609,0.411,2026-09-30
JULI,24.860000610351562,2026-10-02,24.983731341006152,,,,
JULJ,24.860000610351562,2026-10-02,25.012350667520348,-0.005401089191800823,1.411,0.336,2026-09-30
JULM,35.025001525878906,2026-10-02,34.06285651461537,0.054017514546188306,,,
JULP,33.498199462890625,2026-10-02,31.624176032989624,0.11031486172291438,,,
JULT,49.03950119018555,2026-10-02,46.14475499491293,0.11610682090066549,,,
JULU,32.58000183105469,2026-10-02,30.67729487172161,0.1089177250406903,,,
JULV,30.825000762939453,2026-10-02,30.719761984688894,,,,
JULW,41.64889907836914,2026-10-02,39.87114709496973,0.08333721963785723,,,
JULZ,46.35300064086914,2026-10-02,44.62524300077522,-0.0034827206472101135,5.039,5.039,2025-12-24
JUNC,25.5,2026-10-02,25.11720927925997,,,,
JUNM,35.474998474121094,2026-10-02,34.63708768137898,0.048160649863439486,,,
JUNP,32.47990036010742,2026-10-02,31.09295975734513,0.08555816434779095,,,
JUNT,38.75469970703125,2026-10-02,37.049186144217074,0.08846230038729819,,,
JUNW,35.09000015258789,2026-10-02,33.87415534091661,0.06805868554222316,,,
JUNZ,35.94329833984375,2026-10-02,33.91993350146776,0.09018189290431633,0.751,0.751,2025-12-24
JUSA,69.0999984741211,2026-10-02,64.17497606011501,0.14301783361864362,0.516,0.132,2026-09-22
JUST,109.83399963378906,2026-10-02,101.28014738531226,0.16448261226845795,1.029,0.247,2026-09-24
JVAL,58.689998626708984,2026-10-02,53.27323094402176,0.22090240831188357,0.9329999999999999,0.216,2026-09-22
JXI,77.45999908447266,2026-10-02,82.90529900053107,-0.017254511743430845,2.047,1.127,2026-06-15
JXN,131.52999877929688,2026-10-02,112.19099617764294,0.2669042493346694,3.5,0.9,2026-09-15
JXX,32.00199890136719,2026-10-02,29.043944301833193,0.12587950822829286,,,
KAI,268.8299865722656,2026-10-02,304.1117930621265,-0.11423398163998144,1.4,0.36,2026-07-16
KAIT,27.740299224853516,2026-10-02,25.215634286403656,,,,
KAMO,23.90999984741211,2026-10-02,24.791095388594584,,0.734,0.29,2026-09-30
KAPA,1.559999942779541,2026-10-02,4.186509951177347,-0.8245219479714361,,,
KAPR,39.654998779296875,2026-10-02,37.240996053019366,0.15292915399121365,,,
KARS,27.78499984741211,2026-10-02,31.806992071083343,-0.11144869073662933,0.056,0.056,2025-12-22
KATT,23.200000762939453,2026-10-02,26.412778006659615,,,,
KAUG,28.467300415039062,2026-10-02,27.592566919516756,0.08903217596524682,,,
KB,123.87999725341797,2026-10-02,103.32063773713739,0.4955933178184815,,,
KBA,30.739999771118164,2026-10-02,31.809442200983664,0.02296174880452706,0.483,0.483,2025-12-22
KBDC,12.670000076293945,2026-10-02,14.123266930599137,-0.06632274419825857,1.6,0.4,2026-09-30
KBE,64.36000061035156,2026-10-02,63.49800795292949,0.08569503940052114,1.471,0.375,2026-09-21
KBFR,26.593700408935547,2026-10-02,26.218205848297515,,0.081,0.052,2026-06-30
KBH,45.75,2026-10-02,56.46984068426003,-0.30428834376825487,1.0,0.25,2026-08-06
KBR,34.2400016784668,2026-10-02,38.75537848757558,-0.2779417334332567,0.66,0.165,2026-09-15
KBUF,25.260000228881836,2026-10-02,29.342741058167235,-0.2754288169733131,2.3,2.3,2025-12-30
KCAI,32.44499969482422,2026-10-02,33.54895218625012,-0.13466154201310088,10.798,0.081,2025-12-30
KCCA,16.729999542236328,2026-10-02,16.316298800160684,-0.053197539898073964,0.483,0.483,2025-12-22
KCE,154.00999450683594,2026-10-02,152.08031849652173,0.011161427191200612,2.693,0.551,2026-09-21
KCHP,28.964000701904297,2026-10-02,26.36742877960205,,,,
KCOP,23.113000869750977,2026-10-02,23.678756248950958,,2.1,0.3,2026-09-09
KCSH,25.020000457763672,2026-10-02,25.089677301536042,-0.002392323210721803,0.8879999999999999,0.068,2026-08-28
KD,11.5600004196167,2026-10-02,17.36007963613685,-0.6178512257977951,,,
KDEC,28.350000381469727,2026-10-02,26.95094420900383,0.10328460944185114,,,
KDEF,44.529998779296875,2026-10-02,48.971422233429564,-0.09418228402128381,2.963,2.963,2025-12-30
KDRN,22.34000015258789,2026-10-02,23.257199222823065,-0.04370531680063805,0.6,0.229,2026-06-24
KDVD,27.7549991607666,2026-10-02,27.378087386344244,0.10582087459595457,0.374,0.179,2026-06-26
KEEX,7.070000171661377,2026-10-02,12.380740846014772,,,,
KEMQ,24.79199981689453,2026-10-02,25.37475299455255,-0.08421988195321461,1.298,1.298,2025-12-22
KEMX,52.290000915527344,2026-10-02,44.26019135129404,0.4810094907708029,1.216,0.042,2025-12-30
KEN,60.4900016784668,2026-10-02,70.19513150705285,0.3385705580153511,3.85,3.85,2026-04-13
KEO,25.138500213623047,2026-10-02,25.38663101196289,,0.332,0.083,2026-09-16
KEP,11.079999923706055,2026-10-02,15.033107567593396,-0.13302033214283238,,,
KEX,137.8699951171875,2026-10-02,127.64764945345571,0.6616848630681402,,,
KEY,20.079999923706055,2026-10-02,20.900199236622843,0.07783149910135512,0.82,0.205,2026-09-01
KEYG,15.65999984741211,2026-10-02,12.383552676752993,,,,
KEYS,384.6400146484375,2026-10-02,278.0556170095011,1.2188635771881682,,,
KEYX,27.280000686645508,2026-10-02,21.15676052469603,,,,
KF,68.81999969482422,2026-10-02,52.58039841518934,1.137931116210805,1.382,1.382,2025-12-23
KFEB,30.753999710083008,2026-10-02,29.24143426446801,0.13971244301156105,,,
KFRC,52.86000061035156,2026-10-02,39.27139444845131,0.7567298219440302,1.5899999999999999,0.4,2026-09-11
KFY,71.91999816894531,2026-10-02,69.81191227825515,0.03288813738126262,2.13,0.55,2026-09-22
KGC,24.059999465942383,2026-10-02,28.65605583798838,-0.03875354351151328,0.12,0.04,2026-08-20
KGLD,25.75,2026-10-02,30.26699199144584,-0.0945851084227749,4.25,0.35,2026-09-02
KGRN,21.094999313354492,2026-10-02,26.845537846781816,-0.34036899264197606,0.231,0.231,2025-12-22
KGS,54.33000183105469,2026-10-02,53.33286855325281,0.5775262484743702,1.96,0.49,2026-08-17
KHC,22.190000534057617,2026-10-02,24.147330675467078,-0.14850341562525504,1.6,0.4,2026-09-04
KHPI,25.950000762939453,2026-10-02,25.768278836254105,0.012880558661056085,2.3200000000000003,0.195,2026-09-30
KHYB,23.59000015258789,2026-10-02,24.293007991228446,-0.040081407111775214,1.865,0.194,2026-08-28
KIE,59.2400016784668,2026-10-02,59.24127489067169,-0.014145423064780727,0.992,0.184,2026-09-21
KIM,22.239999771118164,2026-10-02,22.779123488650377,0.035864018741944115,1.06,0.28,2026-09-04
KIO,10.350000381469727,2026-10-02,11.342310753476573,-0.1686746554190801,1.4639999999999995,0.122,2026-09-11
KJAN,45.779998779296875,2026-10-02,43.457203108950914,0.12509216820781122,,,
KJUL,33.099998474121094,2026-10-02,32.698079690515286,0.06225926303623219,,,
KJUN,29.14699935913086,2026-10-02,28.685490080084932,0.06317703395087415,,,
KKR,90.29000091552734,2026-10-02,107.03454197735425,-0.29267528526255004,0.76,0.195,2026-08-10
KLAR,12.510000228881836,2026-10-02,21.504780909929618,-0.6925534369354771,,,
KLC,1.8600000143051147,2026-10-02,4.02318725452955,-0.729651165208409,,,
KLIP,21.5,2026-10-02,27.347011968909033,-0.3495689063226688,6.111999999999999,0.473,2026-08-28
KLMN,31.611000061035156,2026-10-02,29.22925504555265,0.15024378347116762,0.36200000000000004,0.076,2026-09-21
KLMT,35.0093994140625,2026-10-02,32.610408053455124,0.14185908637626765,0.624,0.139,2026-09-21
KMAR,31.805099487304688,2026-10-02,30.248709545667428,0.13569364186455002,,,
KMAY,29.809999465942383,2026-10-02,29.10429085963276,0.07481517252306702,,,
KMCA,21.270000457763672,2026-10-02,20.05097088304538,,,,
KMEM,20.579999923706055,2026-10-02,18.98106064940944,,,,
KMI,31.06999969482422,2026-10-02,30.54836663781884,0.09170768426958742,1.182,0.298,2026-08-03
KMID,23.639999389648438,2026-10-02,24.72072503291278,-0.04869219208236186,0.028,0.014,2026-05-11
KMLM,31.079999923706055,2026-10-02,27.985844646317076,0.16317367973031582,1.303,1.303,2025-12-22
KMPR,25.670000076293945,2026-10-02,33.31402382717665,-0.49308845999825834,1.28,0.32,2026-08-21
KMT,32.599998474121094,2026-10-02,32.57191227916702,0.49062630192673606,0.8,0.2,2026-08-11
KMX,54.91999816894531,2026-10-02,46.51019923145552,0.18311073535729805,,,
KN,40.04999923706055,2026-10-02,29.927091636505736,0.6652806863854006,,,
KNCT,209.69000244140625,2026-10-02,164.84880494501488,0.6162324153166057,1.6400000000000001,0.719,2026-09-21
KNF,50.33000183105469,2026-10-02,75.0360958661691,-0.30760764698522947,,,
KNG,48.20000076293945,2026-10-02,49.94268923451701,-0.028617456660863683,4.210999999999999,0.345,2026-09-24
KNO,63.03799819946289,2026-10-02,57.00333868079927,0.23063406608726322,0.554,0.554,2025-12-23
KNOV,31.780000686645508,2026-10-02,30.029637393723448,0.13516217879492443,,,
KNOW,12.729999542236328,2026-10-02,12.27964942293813,0.10965824675557867,0.158,0.03,2026-09-22
KNRG,24.951000213623047,2026-10-02,25.79219119767269,-0.040973208925456084,1.7400000000000007,0.14,2026-09-25
KNRX,0.23899999260902405,2026-10-02,1.106099601998272,-0.920333335796992,,,
KNSL,329.7200012207031,2026-10-02,366.3234662667689,-0.2928409164096154,0.92,0.25,2026-08-28
KNTK,52.529998779296875,2026-10-02,44.66501988262769,0.3622924509458738,3.2100000000000004,0.81,2026-07-24
KNX,66.76000213623047,2026-10-02,61.19294813239717,0.6121710307227299,0.78,0.2,2026-09-04
KO,85.6500015258789,2026-10-02,77.92601602865881,0.28507126129055926,2.1,0.53,2026-09-15
KOCT,37.93000030517578,2026-10-02,35.462446281159544,0.1390390743001091,,,
KODK,9.8100004196167,2026-10-02,8.802908342673009,0.45548972592757564,,,
KOKU,132.8520050048828,2026-10-02,124.72308358728174,0.13046297481085722,1.747,0.306,2026-09-18
KOLD,27.75,2026-10-02,27.160756958433357,-0.19611820301239524,,,
KOMP,67.38999938964844,2026-10-02,65.11820708802972,0.05560775733984147,1.02,0.126,2026-09-21
KONG,32.991600036621094,2026-10-02,31.013687650520964,0.07854455129576121,0.112,0.112,2025-12-24
KOOL,14.649700164794922,2026-10-02,13.675377298636265,0.15597725690373498,0.062,0.012,2026-09-29
KOP,46.040000915527344,2026-10-02,37.611434283009565,0.7051852190936054,0.35,0.09,2026-08-28
KORP,44.349998474121094,2026-10-02,46.81400397859247,-0.06827731311308638,2.172,0.175,2026-09-04
KORU,22.950000762939453,2026-10-02,20.656567782519822,2.801872086466893,0.07944999999999999,0.0057,2026-03-24
KOS,2.509999990463257,2026-10-02,2.150039837892312,0.4342857088361467,,,
KPET,10.020000457763672,2026-10-02,10.00956034398341,,,,
KPHO,22.268999099731445,2026-10-02,23.83263462323409,-0.11896661181416734,2.582,2.582,2025-12-30
KPO,25.1200008392334,2026-10-02,24.753599853515624,,,,
KPRO,26.28499984741211,2026-10-02,28.16090434860898,-0.15909526089329917,0.751,0.751,2025-12-30
KR,59.029998779296875,2026-10-02,64.00294819866043,-0.10965315140009169,1.44,0.39,2026-08-14
KRBN,33.41999816894531,2026-10-02,33.004127570832395,-0.009484395186788452,0.673,0.673,2025-12-22
KRC,33.630001068115234,2026-10-02,36.1839043742632,-0.20777384066679294,2.16,0.54,2026-09-30
KRE,70.77999877929688,2026-10-02,68.85505966551275,0.11552400202079749,1.611,0.412,2026-09-21
KREF,6.159999847412109,2026-10-02,7.389800806919417,-0.3193370477805575,0.7,0.1,2026-09-30
KRG,24.389999389648438,2026-10-02,25.316653392229423,0.09914370449041776,1.2850000000000001,0.29,2026-07-09
KRMN,34.13999938964844,2026-10-02,69.44864539036237,-0.5297520646392584,,,
KRO,7.78000020980835,2026-10-02,6.248207181573389,0.3601399467092774,0.2,0.05,2026-09-03
KRSP,10.602999687194824,2026-10-02,10.421232587237691,0.019519238087552848,,,
KRWX,16.200000762939453,2026-10-02,15.853294125725242,,,,
KRYP,24.177499771118164,2026-10-02,20.67567367325286,,0.055,0.001,2026-10-01
KSA,36.220001220703125,2026-10-02,38.33316722429131,-0.10545814474575643,1.033,0.593,2026-06-15
KSEP,30.760000228881836,2026-10-02,29.34224302740211,0.11489670383334905,,,
KSLV,23.719999313354492,2026-10-02,31.760784871074783,-0.066876505029,7.699999999999998,0.6,2026-09-16
KSPY,30.195499420166016,2026-10-02,28.708687261756197,0.061763785471796284,1.774,1.774,2025-12-22
KSS,18.809999465942383,2026-10-02,17.162509963806883,0.11235952901685264,0.5,0.125,2026-09-09
KSTR,22.06999969482422,2026-10-02,21.932219159555626,0.09637360233172187,,,
KT,18.940000534057617,2026-10-02,19.690677293268333,-0.037112330422210627,,,
KTB,64.70999908447266,2026-10-02,72.56466161112387,-0.21420764683064197,2.12,0.53,2026-09-08
KTEC,11.470000267028809,2026-10-02,14.650490008502368,-0.4072351400048083,0.525,0.525,2025-12-22
KTF,8.100000381469727,2026-10-02,9.039840597555457,-0.11668480762506805,0.7649999999999997,0.061,2026-09-23
KTN,25.640100479125977,2026-10-02,25.963426681153802,-0.02620202987387521,2.057,1.026,2026-06-30
KTUP,4.159999847412109,2026-10-02,19.90310360046022,-0.9076376606826851,0.492,0.492,2025-12-24
KULR,2.6500000953674316,2026-10-02,3.188884464393099,-0.5146520005763966,,,
KURE,19.139999389648438,2026-10-02,17.838804773125517,-0.1009864459099602,0.715,0.715,2025-12-22
KVLE,27.84000015258789,2026-10-02,27.28710356176612,0.007782810953407715,2.1759999999999997,0.166,2026-06-29
KVUE,17.200000762939453,2026-10-02,17.660278818046905,0.08791905796524024,1.044,0.21,2026-09-21
KVYO,15.710000038146973,2026-10-02,20.835258966423126,-0.393201992718923,,,
KWEB,23.860000610351562,2026-10-02,31.161633533310606,-0.44056272551657616,2.096,2.096,2025-12-22
KWH,23.8700008392334,2026-10-02,24.63859658492239,,,,
KWIN,25.858999252319336,2026-10-02,25.48940350716574,0.0337810552257265,,,
KWR,160.72999572753906,2026-10-02,145.86840647055334,0.19911969395903784,2.032,0.508,2026-07-17
KWT,36.34000015258789,2026-10-02,37.81575304008575,-0.07399855690051083,2.063,0.807,2026-06-15
KWY,9.430000305175781,2026-10-02,11.535537795716548,-0.3585033722767651,,,
KXI,65.1500015258789,2026-10-02,67.474422318052,0.01765081134122304,1.605,0.819,2026-06-15
KYC,24.690000534057617,2026-10-02,25.365769202892597,,,,
KYLD,20.56999969482422,2026-10-02,21.299065158678136,-0.1850237764913838,5.544999999999997,0.1,2026-09-30
KYN,13.90999984741211,2026-10-02,13.433784868612708,0.1318144744172014,1.02,0.09,2026-09-15
L,106.02999877929688,2026-10-02,107.70960162645318,0.04278125945186151,0.252,0.063,2026-08-19
LABD,7.489999771118164,2026-10-02,16.494980120563888,-0.7956901308703389,0.46,0.071,2026-09-22
LABU,248.72000122070312,2026-10-02,194.28593605922987,1.4082107296709285,0.91,0.91,2025-12-23
LABX,14.600000381469727,2026-10-02,10.60220118917792,0.011781016819034207,,,
LAC,2.549999952316284,2026-10-02,4.58964144851107,-0.7179203580667292,,,
LAD,307.7699890136719,2026-10-02,312.0699206348434,-0.04109547230983257,2.37,0.7,2026-08-07
LADM,33.010501861572266,2026-10-02,32.58855797587962,,,,
LADR,8.619999885559082,2026-10-02,10.288725089266956,-0.19212747667073105,0.92,0.23,2026-09-30
LALT,24.709999084472656,2026-10-02,23.97837053732093,0.08481865031595426,0.983,0.081,2026-09-24
LANV,0.9900000095367432,2026-10-02,1.5998326710970754,-0.5308056593567828,,,
LAPR,25.15999984741211,2026-10-02,25.232665331715133,-0.00039730746331045896,1.518,0.141,2026-09-30
LAR,5.489999771118164,2026-10-02,6.90111554001432,0.32929772856951867,,,
LASC,6.800000190734863,2026-10-02,15.15464787416055,,,,
LATR,25.616100311279297,2026-10-02,26.640923958558304,,,,
LAW,4.179999828338623,2026-10-02,4.99725100243709,-0.34687503655441054,,,
LAZ,36.06999969482422,2026-10-02,46.456653442990735,-0.30353351888028357,2.0,0.5,2026-08-03
LAZR,48.279998779296875,2026-10-02,42.81776120769444,,,,
LB,83.79000091552734,2026-10-02,68.11505976521161,0.47856014862981877,0.45999999999999996,0.12,2026-08-27
LBAY,24.866899490356445,2026-10-02,25.89017088384742,-0.012552160867732698,0.9169999999999999,0.085,2026-08-28
LBO,23.92300033569336,2026-10-02,26.39449399970917,-0.1717560001677283,1.505,0.339,2026-09-28
LBOX,25.1299991607666,2026-10-01,25.07160711288452,,,,
LBRT,19.309999465942383,2026-10-02,23.16215139746191,0.4957397129491983,0.36,0.09,2026-09-04
LCAP,34.02000045776367,2026-10-02,31.294266993306074,0.16248081897439448,0.031,0.031,2025-12-29
LCF,46.17649841308594,2026-10-02,42.99787835960844,0.1163990851071679,0.231,0.231,2025-12-30
LCII,82.80999755859375,2026-10-02,112.96027860603485,-0.12286840010124034,4.6,1.15,2026-08-21
LCIV,24.65999984741211,2026-10-02,24.68999989827474,,,,
LCLG,71.1843032836914,2026-10-02,66.76525211714178,0.1318138796047985,,,
LCLN,23.579999923706055,2026-10-02,23.787127636848613,,0.07,0.07,2026-09-01
LCO,27.92099952697754,2026-10-02,27.184043511100437,,,,
LCOW,26.920000076293945,2026-10-02,24.513043825369905,0.1515099571217784,0.172,0.043,2026-09-03
LCR,40.221500396728516,2026-10-02,38.876503932998475,0.05645886425180047,0.521,0.521,2025-12-11
LCTD,57.808998107910156,2026-10-02,56.99476884940706,0.06395624282295742,1.9529999999999998,0.956,2026-06-15
LCTO,24.700000762939453,2026-10-02,24.94888886951265,,0.092,0.046,2026-09-23
LCTU,82.38999938964844,2026-10-02,76.68671687760676,0.1307987743544281,0.7870000000000001,0.201,2026-09-15
LCTX,0.9300000071525574,2026-10-02,1.4682868536250049,-0.44970415641161143,,,
LDDR,74.0270004272461,2026-10-02,80.99960138693274,-0.12991303674107568,10.829,0.833,2026-10-02
LDI,0.6349999904632568,2026-10-02,1.7573625495234333,-0.7883333365122477,,,
LDOS,117.73999786376953,2026-10-02,156.03306792361803,-0.39799572164093067,1.72,0.43,2026-09-15
LDRC,24.549999237060547,2026-10-02,25.20305575032633,-0.03002766672929036,1.144,0.088,2026-10-02
LDRH,23.920000076293945,2026-10-02,24.720828668054832,-0.044690263228436944,1.696,0.127,2026-10-02
LDRI,24.639999389648438,2026-10-02,25.316669319730355,-0.03144658520498789,1.375,0.122,2026-10-02
LDRT,24.520000457763672,2026-10-02,25.16066930398523,-0.030638450926773864,1.005,0.075,2026-10-02
LDUR,93.88999938964844,2026-10-02,95.6337053823281,-0.02075508886916022,3.98,0.34,2026-10-01
LEA,120.8499984741211,2026-10-02,123.74685252520193,0.1621309833320579,3.08,0.77,2026-09-02
LEGO,10.079999923706055,2026-10-02,9.933071374893188,,,,
LEMB,42.040000915527344,2026-10-02,42.07577683346205,0.01841090500738174,1.015,1.015,2025-12-19
LEN,79.80999755859375,2026-10-02,100.18697214316562,-0.3864073724570837,2.0,0.5,2026-07-10
LEN-B,78.69000244140625,2026-10-02,95.62944173622891,-0.36406979311540544,2.0,0.5,2026-07-10
LENS,43.14899826049805,2026-10-02,42.25574107379077,0.2724939619470761,0.618,0.618,2025-12-23
LEO,5.590000152587891,2026-10-02,6.284860548270176,-0.10987261690577488,0.31600000000000006,0.03,2026-09-14
LEU,139.27000427246094,2026-10-02,223.19697236444847,-0.5945442131299599,,,
LEUX,7.210000038146973,2026-10-02,15.97350320087117,,,,
LEVI,19.8700008392334,2026-10-02,21.715856590119017,-0.1873210544290974,0.5800000000000001,0.16,2026-07-22
LFAI,138.5679931640625,2026-10-02,151.58223472078484,-0.11453627487114681,10.829,0.833,2026-10-02
LFAO,150.4770050048828,2026-10-02,165.25611111462354,-0.11815588270694499,10.829,0.833,2026-10-02
LFAW,159.86900329589844,2026-10-02,176.36575286986817,-0.12267388322404138,10.829,0.833,2026-10-02
LFBE,167.63499450683594,2026-10-02,185.899689267831,-0.12812716085820308,10.829,0.833,2026-10-02
LFDR,167.79299926757812,2026-10-02,185.9827570212315,-0.1273960937847789,10.829,0.833,2026-10-02
LFEQ,61.31809997558594,2026-10-02,56.588079992043546,0.14630410736035038,0.49,0.49,2025-12-29
LFGY,19.059999465942383,2026-10-02,24.21350197203131,-0.4888710378656519,14.610999999999999,0.153,2026-09-30
LFT,5.019999980926514,2026-10-02,11.915776900561207,-0.7385416780494977,1.2000000000000002,0.4,2026-06-30
LGCY,9.579999923706055,2026-10-02,11.039641467698543,-0.02344551336111267,,,
LGDX,25.558000564575195,2026-10-02,23.811063766479492,0.12555598450668826,0.119,0.119,2025-12-23
LGH,66.51100158691406,2026-10-02,62.4818406276019,0.09508366570198001,0.237,0.237,2025-12-16
LGHT,10.286999702453613,2026-10-02,9.400780873469623,-0.0012621833049036857,,,
LGI,16.860000610351562,2026-10-02,17.818645462096924,-0.04095559251872327,1.8170000000000002,0.153,2026-09-10
LGL,7.230000019073486,2026-10-02,6.771115534809006,0.08721803238921733,,,
LGLV,174.8699951171875,2026-10-02,180.51099641959505,-0.015814935132968277,3.8770000000000002,0.991,2026-09-21
LGOV,19.6299991607666,2026-10-02,21.52335059025373,-0.10324350351286748,0.9359999999999998,0.078,2026-09-24
LGPS,0.75,2026-10-02,0.8826653380317991,-0.3421052549024036,0.046,0.012,2026-09-30
LH,308.489990234375,2026-10-02,277.7577693984803,0.1139235484756087,2.88,0.72,2026-08-28
LHX,236.60000610351562,2026-10-02,306.05235120309777,-0.20441173392047263,4.95,1.25,2026-09-04
LIAE,192.2969970703125,2026-10-02,208.87155358059948,-0.1032262398334991,11.384999999999998,0.882,2026-10-02
LIAM,216.56199645996094,2026-10-02,236.9341474434294,-0.11027024072141256,11.384999999999998,0.882,2026-10-02
LIAU,238.44200134277344,2026-10-02,262.2910356863561,-0.11653137874053554,11.384999999999998,0.882,2026-10-02
LIBD,252.34500122070312,2026-10-02,278.6377097809932,-0.1212635047626861,11.098999999999998,0.86,2026-10-02
LIFT,20.950000762939453,2026-10-02,26.099422302854013,-0.3094013562319956,10.829,0.833,2026-10-02
LII,356.29998779296875,2026-10-02,489.43633461758435,-0.3529230433623063,5.32,1.36,2026-09-30
LION,11.15999984741211,2026-10-02,10.422191209527126,0.7169230534480169,,,
LIT,69.27999877929688,2026-10-02,72.03466114484931,0.1766303927058428,0.503,0.325,2026-06-29
LITB,2.809999942779541,2026-10-02,2.6877689200093546,0.4263958893248869,,,
LITC,37.36000061035156,2026-10-02,26.302333386739097,,,,
LITG,23.309999465942383,2026-10-02,17.624736911372135,,,,
LITL,33.46699905395508,2026-10-02,31.114804811211695,0.17891357187239976,0.9339999999999999,0.1,2026-09-25
LITU,26.15999984741211,2026-10-02,20.100967694354313,,,,
LITX,42.0,2026-10-02,33.068069452495244,,,,
LITZ,18.8700008392334,2026-10-02,57.43407090786284,,,,
LJAN,24.704999923706055,2026-10-02,24.6453426330688,0.0006075086805992225,1.2120000000000002,0.1,2026-09-30
LJUL,23.934999465942383,2026-10-02,23.95503983364637,-0.001460152207539256,1.245,0.106,2026-09-30
LKOR,38.0099983215332,2026-10-02,41.828748999363874,-0.1261064661466329,2.3870000000000005,0.201,2026-10-01
LLDR,40.69900131225586,2026-10-02,44.94180483267127,-0.11981222108959488,2.0719999999999996,0.173,2026-10-01
LLMA,25.385299682617188,2026-10-02,25.297649383544922,,,,
LLY,1142.8499755859375,2026-10-02,1046.0269347415028,0.3607462848181344,6.6899999999999995,1.73,2026-08-14
LLYX,23.850000381469727,2026-10-02,22.646653372927965,0.4264354880936152,0.704,0.704,2025-12-30
LMND,46.4900016784668,2026-10-02,62.523904428064114,-0.14728537622661375,,,
LMT,505.4100036621094,2026-10-02,545.4805195721023,0.0018236505095114985,13.8,3.45,2026-09-01
LMUB,46.36000061035156,2026-10-02,50.21499211284744,-0.07400375747500487,1.944,0.188,2026-10-01
LNC,40.29999923706055,2026-10-02,39.71063744594377,-0.019226111282396485,1.8,0.45,2026-07-10
LND,3.509999990463257,2026-10-02,3.7823904301540785,-0.06149733114625722,,,
LNG,269.95001220703125,2026-10-02,240.04944254962572,0.16217501991433592,2.22,0.555,2026-08-10
LNGX,42.48500061035156,2026-10-02,41.211120687682055,0.25646943351525153,0.351,0.256,2026-06-29
LNN,114.3499984741211,2026-10-02,118.35956172259205,-0.19004105109478953,1.4899999999999998,0.38,2026-08-17
LNOK,17.350000381469727,2026-10-02,22.767152554571293,,,,
LOAR,61.720001220703125,2026-10-02,68.5603188290539,-0.21635348467936055,,,
LOB,36.68000030517578,2026-10-02,37.121354524832796,0.05675601476994552,0.12,0.03,2026-09-01
LOCL,1.0950000286102295,2026-10-02,1.7729402374461352,-0.6337792558134863,,,
LOCT,23.854999542236328,2026-10-02,23.865159304493453,0.0014693470974189715,1.236,0.103,2026-09-30
LODE,2.2799999713897705,2026-10-02,3.392988051076334,-0.3559322045313539,,,
LODI,24.899999618530273,2026-10-02,25.247936256378296,-0.016004769087581083,1.2660000000000002,0.11,2026-09-30
LOEV,15.895000457763672,2026-10-02,16.02250005580761,,,,
LOFD,5.619999885559082,2026-10-02,7.2870731702665,,0.02,0.02,2026-09-22
LOFF,18.600000381469727,2026-10-02,17.011688343890302,,0.034,0.024,2026-09-22
LOHA,25.030000686645508,2026-10-02,25.747857113273778,,,,
LOMA,9.15999984741211,2026-10-02,10.916892410749458,0.2245989069591896,,,
LONZ,48.95000076293945,2026-10-02,49.761753051879396,-0.034611991021374355,3.9800000000000004,0.24,2026-10-01
LOPP,35.749000549316406,2026-10-02,35.80566142564751,0.10295575494747267,0.274,0.274,2025-12-29
LOUP,91.12000274658203,2026-10-02,82.61980076520092,0.19894740456028992,,,
LOW,180.8000030517578,2026-10-02,233.10816797507238,-0.266084844439638,4.85,1.25,2026-07-22
LOWV,82.96209716796875,2026-10-02,79.46344267704572,0.05256469773779093,0.714,0.182,2026-09-18
LPA,2.990000009536743,2026-10-02,3.1364262882931775,-0.3219954392308324,,,
LPG,57.209999084472656,2026-10-02,36.551314851677276,0.9850797949434744,3.35,1.0,2026-07-27
LPL,3.119999885559082,2026-10-02,4.167330678240711,-0.4200743830498398,,,
LPRE,26.770999908447266,2026-10-02,27.867876501197358,0.028941512397436364,0.481,0.241,2026-06-26
LPSV,24.2903995513916,2026-10-02,24.0450332959493,,,,
LPX,65.0999984741211,2026-10-02,78.29649410779733,-0.2799469545713076,1.1800000000000002,0.3,2026-08-14
LQAI,46.638999938964844,2026-10-02,42.33660957062862,0.15896325398734068,0.309,0.088,2026-06-26
LQD,101.83000183105469,2026-10-02,109.00310753446176,-0.08713582209579296,5.0489999999999995,0.439,2026-10-01
LQDB,81.95999908447266,2026-10-02,86.38611538951615,-0.06778888999770039,4.0969999999999995,0.357,2026-10-01
LQDD,55.26449966430664,2026-10-02,51.16696046528063,,,,
LQDH,92.16000366210938,2026-10-02,92.93769331852279,-0.01190085794904494,5.852,0.458,2026-10-02
LQDI,24.75950050354004,2026-10-02,26.296037825930167,-0.07854485559270163,1.3210000000000002,0.106,2026-10-02
LQDM,22.776899337768555,2026-10-02,24.21379910344663,,1.209,0.232,2026-09-29
LQDU,22.083599090576172,2026-10-02,24.179305227179277,,,,
LQDW,22.349000930786133,2026-10-02,24.16194819264203,-0.11066447763047327,3.0699999999999994,0.381,2026-10-02
LQID,24.799999237060547,2026-10-02,24.983535419810902,,0.44,0.11,2026-09-16
LQTI,17.93000030517578,2026-10-02,19.536589633896057,-0.11848573398882112,1.7319999999999998,0.14,2026-10-01
LRCC,21.420000076293945,2026-10-02,18.223650796072825,,,,
LRCU,61.400001525878906,2026-10-02,42.4947411016639,2.4924727141788194,,,
LRGC,86.52999877929688,2026-10-02,80.46504381643348,0.11940485592683525,0.451,0.451,2025-12-17
LRGF,78.56999969482422,2026-10-02,72.22786843349259,0.13376617943498448,0.8260000000000001,0.203,2026-09-15
LRGG,29.976999282836914,2026-10-02,28.50154981575164,-0.005737987989460347,0.046,0.046,2025-12-31
LRN,78.88999938964844,2026-10-02,86.51920311004517,-0.45047366445203774,,,
LRNX,20.33799934387207,2026-10-02,24.471380421813105,,,,
LRNZ,70.23999786376953,2026-10-02,51.868605564315004,0.5032637807933231,,,
LSAF,53.761199951171875,2026-10-02,48.9079730121263,0.19549029334741252,0.309,0.309,2025-12-17
LSAT,44.49250030517578,2026-10-02,42.06234858235515,0.07389395784212116,0.737,0.737,2025-12-17
LSCP,23.803300857543945,2026-10-02,24.681173136536504,,0.216,0.094,2026-09-01
LSEQ,33.77199935913086,2026-10-02,32.13194027934891,0.22491024648388147,0.607,0.607,2025-12-19
LSF,3.4600000381469727,2026-10-02,3.43089641137902,-0.3929824291357218,,,
LSGR,45.310001373291016,2026-10-02,43.64035464283005,0.02164606386018475,,,
LSPD,9.819999694824219,2026-10-02,10.340916348643512,-0.17340070705156252,,,
LST,47.439998626708984,2026-10-02,43.43951002630104,0.19333895196872786,0.539,0.153,2025-12-11
LSTB,23.818700790405273,2026-10-02,24.678291535713303,,0.245,0.113,2026-09-01
LSVD,36.374000549316406,2026-10-02,32.08953784471489,0.28199350037306004,0.096,0.096,2025-12-30
LTAX,23.22100067138672,2026-10-02,24.875912131843986,,0.585,0.082,2026-08-31
LTC,43.0,2026-10-02,38.01007964601555,0.19444444444444442,2.28,0.19,2026-09-22
LTH,40.9900016784668,2026-10-02,32.16844631666206,0.5058781305095978,,,
LTL,23.540000915527344,2026-10-02,26.111812743532706,-0.16354264975236832,0.278,0.077,2026-09-23
LTM,47.91999816894531,2026-10-02,52.002748876928806,0.11183294351433282,0.132,0.132,2026-05-08
LTPZ,44.900001525878906,2026-10-02,51.01864546513652,-0.1552210679802718,2.9600000000000004,0.46,2026-08-03
LTTI,16.40690040588379,2026-10-02,18.647557391588432,-0.16597704006886316,1.646,0.129,2026-10-01
LU,1.0199999809265137,2026-10-02,2.1073306794185562,-0.7450000047683716,,,
LUCK,5.289999961853027,2026-10-02,7.846932253514628,-0.4990530538212762,0.24,0.06,2026-09-08
LUD,3.819999933242798,2026-10-02,6.093266929763247,-0.6628420159782956,,,
LUMA,27.600000381469727,2026-10-02,24.30350879200718,,,,
LUMN,5.75,2026-10-02,7.725697205836079,-0.12347560211049868,,,
LUNC,25.040000915527344,2026-10-02,24.90999984741211,,,,
LUNL,3.509000062942505,2026-10-02,13.738879148776714,,,,
LUV,42.470001220703125,2026-10-02,41.510318695311526,0.3059655788093336,0.72,0.18,2026-09-03
LUXE,9.739999771118164,2026-10-02,8.421952205825137,0.23291134854918671,,,
LVHI,41.630001068115234,2026-10-02,39.684621605740126,0.1846898631528897,1.96,0.361,2026-09-03
LVLN,24.594999313354492,2026-10-02,24.813753398041747,-0.01835964822264491,1.4889999999999999,0.137,2026-10-01
LVS,36.22999954223633,2026-10-02,53.49203175092598,-0.28918974544736065,1.1500000000000001,0.3,2026-08-04
LVWR,1.5700000524520874,2026-10-02,2.42768126821138,-0.7043314370300606,,,
LW,43.599998474121094,2026-10-02,48.99589631282001,-0.3068362890868488,1.5099999999999998,0.38,2026-08-07
LWLX,13.281100273132324,2026-10-02,12.689427231297348,,,,
LXFR,17.270000457763672,2026-10-02,14.949561787791461,0.25144929123685955,0.52,0.13,2026-07-17
LXP,60.95000076293945,2026-10-02,52.18725099601593,0.3023504648836326,2.0999999999999996,0.7,2026-06-30
LXU,9.859999656677246,2026-10-02,11.089243003571651,0.0967741832824176,,,
LYB,58.58000183105469,2026-10-02,58.69362549192877,0.18415201911373802,3.44,0.69,2026-08-24
LYG,5.5,2026-10-02,5.442549794793604,0.19825704077570494,0.21800000000000003,0.084,2026-08-10
LYLD,31.979000091552734,2026-10-02,29.804948198842812,0.15272869379141607,0.7,0.183,2026-09-18
LYNX,12.739999771118164,2026-10-02,13.438124984502792,,,,
LYTE,26.030000686645508,2026-10-02,25.133902433441907,,,,
LYV,168.77000427246094,2026-10-02,159.67705253205926,0.07964429609077506,,,
LZB,29.940000534057617,2026-10-02,35.79458182741446,-0.12965118587178137,0.968,0.242,2026-09-03
LZM,3.8499999046325684,2026-10-02,4.3926693348295665,-0.292279436739619,,,
M,22.729999542236328,2026-10-02,21.27812744991713,0.24821530395450675,0.758,0.192,2026-09-15
MA,552.260009765625,2026-10-02,536.862149303178,-0.0485657711233739,3.37,0.87,2026-07-09
MAA,115.2699966430664,2026-10-02,131.3051794591653,-0.15676664801455464,6.105,1.53,2026-07-15
MAC,23.049999237060547,2026-10-02,20.878964108774863,0.27771607911732477,0.68,0.17,2026-09-14
MADE,35.63999938964844,2026-10-02,34.69335852391217,0.20719434081540555,0.225,0.07,2026-09-15
MAGA,54.0629997253418,2026-10-02,54.356251082097394,0.026038560361060892,0.826,0.826,2025-12-30
MAGC,17.143999099731445,2026-10-02,21.756231064815445,-0.41166782914135536,0.975,0.975,2025-12-30
MAGG,19.18000030517578,2026-10-02,20.29682071275445,-0.0689320412620611,0.8889999999999999,0.075,2026-08-27
MAGN,11.670000076293945,2026-10-02,11.971274896446927,-0.00426622778119945,,,
MAGS,72.58999633789062,2026-10-02,65.79306784094092,0.1266490143421486,0.976,0.976,2025-12-30
MAGX,63.06999969482422,2026-10-02,54.92390052825806,0.13048931098459127,1.171,1.171,2025-12-30
MAGY,43.25,2026-10-02,47.907856610666705,-0.2342422034253523,14.771,0.164,2026-10-02
MAIA,1.190000057220459,2026-10-02,1.4476573709472718,-0.31213870283205436,,,
MAIN,55.11000061035156,2026-10-02,56.644740875973646,-0.1246823155697453,4.32,0.3,2026-09-21
MAIR,25.040000915527344,2026-10-02,33.63720341052039,,,,
MAKX,71.14600372314453,2026-10-02,59.844916461473446,0.35214860100581213,0.056,0.016,2026-06-24
MAMB,22.9950008392334,2026-10-02,24.085617544166595,-0.033417404190811184,0.649,0.162,2026-09-24
MAN,54.15999984741211,2026-10-02,36.69346617132544,0.3812803140018364,1.44,0.72,2026-06-01
MANE,116.76000213623047,2026-10-02,89.86353302001953,,,,
MANI,25.628999710083008,2026-10-02,25.515836692901246,0.015854755126193165,1.198,0.376,2026-06-24
MANU,20.079999923706055,2026-10-02,18.794780867983146,0.30984996892626726,,,
MARM,34.6150016784668,2026-10-02,33.600780958198456,0.061256432630660385,,,
MARO,3.8399999141693115,2026-10-02,7.566183261187428,-0.7984251932830086,8.145999999999999,0.071,2026-10-01
MARS,25.920000076293945,2026-10-02,29.14374151683989,,,,
MART,43.18510055541992,2026-10-02,40.2199208081006,0.14334014614640433,,,
MARU,30.195499420166016,2026-10-02,28.595731104512613,0.09761901740970402,,,
MARW,36.95500183105469,2026-10-02,35.15605979706662,0.09792333092121552,,,
MARZ,37.42300033569336,2026-10-02,35.57062550274974,0.07134066007990425,1.13,1.13,2025-12-24
MAS,68.36000061035156,2026-10-02,69.03298817972738,-0.02870128902950908,1.27,0.32,2026-08-24
MATR,28.05500030517578,2026-10-02,27.166628991403886,0.06228703018810755,0.775,0.775,2025-12-19
MATV,11.899999618530273,2026-10-02,10.631115531541436,0.07207200086191534,0.4,0.1,2026-08-28
MATX,231.11000061035156,2026-10-02,166.60585654209333,1.3021217453476956,1.46,0.38,2026-08-06
MAUG,33.4900016784668,2026-10-02,32.782710119942635,,,,
MAVF,138.40699768066406,2026-10-02,128.42467310324133,0.179658685263814,0.515,0.515,2025-12-23
MAX,9.619999885559082,2026-10-02,11.010557771204002,-0.14260252614890767,,,
MAXJ,29.554000854492188,2026-10-02,28.683235092467047,0.0534307800039433,0.284,0.284,2025-12-23
MAYC,26.280000686645508,2026-10-02,25.81429902192588,,,,
MAYM,33.34000015258789,2026-10-02,32.55796013790298,0.04809810475739296,,,
MAYP,33.37480163574219,2026-10-02,31.63625815190167,0.10242457061187427,,,
MAYT,40.06999969482422,2026-10-02,37.89782471675797,0.10757914036141036,,,
MAYU,34.73500061035156,2026-10-02,32.61992820800538,0.11580473969714644,,,
MAYW,35.619998931884766,2026-10-02,34.15921918709439,0.07942659895566617,,,
MAYZ,36.847198486328125,2026-10-02,34.73331960548918,0.09358337446845133,0.72,0.72,2025-12-24
MBBA,46.90999984741211,2026-10-02,49.40136412251202,,1.548,0.075,2026-10-01
MBBB,20.18000030517578,2026-10-02,21.41974106442881,-0.0781599919631889,1.0839999999999999,0.087,2026-10-01
MBC,7.019999980926514,2026-10-02,9.815697191246002,-0.47178329563006904,,,
MBCE,40.02799987792969,2026-10-02,37.36104393765271,0.07866012630472641,0.10600000000000001,0.038,2026-09-24
MBGL,17.209999084472656,2026-10-02,20.114057927891828,,0.06,0.06,2026-08-27
MBI,4.400000095367432,2026-10-02,6.193505999576523,-0.39393939991030735,,,
MBND,25.69890022277832,2026-10-02,27.192003668066988,-0.05830343127045212,0.9399999999999998,0.079,2026-10-01
MBOX,40.319000244140625,2026-10-02,38.19762546797673,0.1334477070528577,0.608,0.165,2026-06-29
MBSD,19.760000228881836,2026-10-02,20.655406283192427,-0.052278183819920665,0.7789999999999999,0.061,2026-09-01
MBSF,25.43000030517578,2026-10-02,25.647131528512414,-0.006058189753500587,1.013,0.081,2026-08-27
MBSX,25.575000762939453,2026-10-02,26.817382478144065,-0.04033766870463118,0.9460000000000002,0.045,2026-08-27
MC,56.31999969482422,2026-10-02,65.66685260909487,-0.17504024514194616,2.6,0.65,2026-08-10
MCB,89.25,2026-10-02,85.93362536183392,0.19814743669645662,0.95,0.35,2026-07-31
MCD,231.88999938964844,2026-10-02,292.91836681593935,-0.22955016637240433,7.44,1.86,2026-09-01
MCH,26.645999908447266,2026-10-02,28.55488442804709,-0.13029572805708678,0.497,0.497,2025-12-17
MCHG,8.699999809265137,2026-10-02,8.995789408683777,,,,
MCHU,15.460000038146973,2026-10-02,16.86303370186452,,,,
MCI,17.799999237060547,2026-10-02,18.858565782645783,-0.13926503992335193,1.6,0.4,2026-08-28
MCK,902.280029296875,2026-10-02,841.2937050625623,0.22250227932891598,3.4,0.94,2026-09-01
MCN,5.260000228881836,2026-10-02,5.841035852394256,-0.15974440310501725,0.7200000000000002,0.06,2026-09-15
MCO,441.3599853515625,2026-10-02,473.7549800796813,-0.0900544747316735,4.03,1.03,2026-08-14
MCOW,22.246999740600586,2026-10-02,20.354856551880854,0.08920443434994474,0.055999999999999994,0.011,2026-09-03
MCRP,0.6800000071525574,2026-10-02,2.0040239022072566,-0.5776397508629532,,,
MCS,27.059999465942383,2026-10-02,19.52501999904435,0.7628663709095915,0.32999999999999996,0.09,2026-08-25
MCVT,27.622900009155273,2026-10-02,27.35663834191803,,0.032,0.024,2026-09-15
MCY,102.2699966430664,2026-10-02,95.08075686754934,0.17646377871894803,1.272,0.318,2026-09-10
MD,25.969999313354492,2026-10-02,22.690278858777535,0.4839999607631138,,,
MDA,29.889999389648438,2026-10-02,33.54943655578183,,,,
MDAA,118.03700256347656,2026-10-02,108.7093147186644,0.1800160352286897,0.458,0.458,2025-12-29
MDCR,33.060001373291016,2026-10-02,32.60064120170398,,,,
MDEV,20.44099998474121,2026-10-02,20.152374518345077,-0.01208254797662578,0.022,0.022,2026-06-25
MDLV,30.059900283813477,2026-10-02,30.08845381717758,0.07142502656800165,0.815,0.188,2026-09-28
MDPL,27.481399536132812,2026-10-02,26.916360148395675,0.020323736562111394,0.407,0.085,2026-09-24
MDST,27.940000534057617,2026-10-02,28.049972078239776,0.04565872949305705,2.7,0.225,2026-09-29
MDT,86.37999725341797,2026-10-02,90.37816717140228,-0.11586489302370329,2.8599999999999994,0.72,2026-09-25
MDU,18.610000610351562,2026-10-02,20.485657384196127,0.050225808774514435,0.5650000000000001,0.145,2026-09-10
MDY,669.6599731445312,2026-10-02,647.9807569040245,0.1148364874972323,7.006,1.604,2026-09-18
MDYG,106.62000274658203,2026-10-02,101.14374496642337,0.15878709130687696,0.702,0.229,2026-09-21
MDYV,90.22000122070312,2026-10-02,89.31079679086389,0.06997155535142952,1.586,0.391,2026-09-21
MEAR,49.56999969482422,2026-10-02,50.29404396269901,-0.015687071206368475,1.406,0.117,2026-10-01
MEC,16.440000534057617,2026-10-02,21.603027936471886,0.19912476209443009,,,
MED,11.729999542236328,2026-10-02,11.411872518015098,-0.16154397897471895,,,
MEDI,32.430999755859375,2026-10-02,31.535956287763984,0.0974586004794995,0.075,0.075,2025-12-19
MEGI,13.350000381469727,2026-10-02,14.686772908822475,-0.10402679709688734,1.5,0.125,2026-09-24
MEGX,24.799999237060547,2026-10-02,22.84552942163804,,,,
MEI,15.739999771118164,2026-10-02,10.128844608823616,0.9312884058707023,0.2,0.05,2026-07-17
MEIB,29.755599975585938,2026-10-02,26.146076689375207,,0.835,0.246,2026-09-30
MEM,44.18899917602539,2026-10-02,40.53495217129529,0.20033140014853013,1.275,1.275,2025-12-17
MEME,8.967000007629395,2026-10-02,7.976362901349222,-0.08639833000591834,,,
MEMX,48.78200149536133,2026-10-02,42.89395629457269,0.37162950594707733,1.827,1.827,2025-12-17
MEMY,16.516000747680664,2026-10-02,19.761370798175253,,2.6500000000000004,0.08,2026-10-02
MET,94.43000030517578,2026-10-02,82.71250967200534,0.14641249431176195,2.322,0.593,2026-08-04
METG,20.229999542236328,2026-10-02,15.863015901474725,,,,
METQ,13.9399995803833,2026-10-02,19.579696944265656,,,,
METV,21.15999984741211,2026-10-02,18.73569320207573,0.010023822282820394,0.034,0.034,2025-12-30
METW,29.30500030517578,2026-10-02,31.264904440161715,-0.33639038934704324,12.309999999999999,0.258,2026-09-28
MEXX,22.75,2026-10-02,28.283374550808,0.024313414578430503,0.453,0.041,2026-09-22
MFA,7.650000095367432,2026-10-02,9.435019907248448,-0.16938110057743372,1.08,0.36,2026-06-30
MFC,42.93000030517578,2026-10-02,38.091434341977795,0.34324159996715253,1.0579999999999998,0.352,2026-08-21
MFDX,41.34199905395508,2026-10-02,40.483661347651385,0.10889966728580536,1.23,0.23,2026-10-01
MFEB,33.52000045776367,2026-10-02,32.846168054598515,,,,
MFEM,28.9950008392334,2026-10-02,26.097374517129236,0.29413077217693906,0.63,0.22,2026-10-01
MFG,10.890000343322754,2026-10-02,8.76047810710284,0.647503800810479,,,
MFM,4.889999866485596,2026-10-02,5.398924295645786,-0.0790960604180524,0.31200000000000006,0.03,2026-09-22
MFSB,23.809999465942383,2026-10-02,25.008673246163298,-0.05889327336166661,1.146,0.101,2026-09-30
MFSD,24.64189910888672,2026-10-02,24.781288146972656,,,,
MFSG,30.920000076293945,2026-10-02,28.73197608734982,0.09567685431025996,0.02,0.02,2025-12-16
MFSI,32.69599914550781,2026-10-02,31.44021110990608,0.08986663818359375,0.252,0.012,2026-07-31
MFSM,23.58679962158203,2026-10-02,24.96417454419383,-0.051405596674117815,0.8849999999999998,0.071,2026-09-30
MFSV,28.260000228881836,2026-10-02,27.64471715949921,0.07657143729073668,0.396,0.088,2026-09-24
MFSX,24.704999923706055,2026-10-02,24.829706079819623,,,,
MFUL,22.10219955444336,2026-10-02,22.150359377918015,-0.003462793502407635,0.411,0.411,2025-12-16
MFUS,65.12999725341797,2026-10-02,61.23882857546863,0.15794899417418673,0.9299999999999999,0.24,2026-10-01
MFUT,19.760000228881836,2026-10-02,18.030633428657197,0.2710665656840905,,,
MG,20.649999618530273,2026-10-02,15.443147419933304,1.1136129632543543,,,
MGA,64.56999969482422,2026-10-02,58.891593553155545,0.3177550958127391,1.4849999999999999,0.495,2026-08-14
MGC,284.69000244140625,2026-10-02,260.71462161607474,0.16162069656608136,1.936,0.651,2026-06-26
MGF,2.7100000381469727,2026-10-02,2.938446186453223,-0.12861732168532047,0.23099999999999996,0.02,2026-09-22
MGIN,24.42140007019043,2026-10-01,24.68772554397583,,,,
MGK,93.68000030517578,2026-10-02,83.95205566892587,0.16032501281157296,0.2268,0.084,2026-06-26
MGLD,2.0299999713897705,2026-10-02,1.0871553746352633,0.9351762854204428,,,
MGM,30.479999542236328,2026-10-02,38.427131485654066,-0.10167995083728842,,,
MGMT,49.550899505615234,2026-10-02,47.476003456875624,0.12177167691832702,0.151,0.151,2025-12-30
MGNR,49.58000183105469,2026-10-02,49.14040245572884,0.215434449245131,0.45799999999999996,0.047,2026-10-02
MGOV,19.049999237060547,2026-10-02,20.270175249928023,-0.07141117212643489,0.9550000000000001,0.07,2026-09-24
MGV,161.7100067138672,2026-10-02,152.10266927893892,0.1684249555301096,2.3440000000000003,0.732,2026-06-26
MGY,24.06999969482422,2026-10-02,25.97302786382546,0.01818952268518559,0.6599999999999999,0.18,2026-08-10
MH,12.850000381469727,2026-10-02,13.126494023904382,0.07172649097318207,,,
MHD,10.329999923706055,2026-10-02,11.62183266521925,-0.11406517505240299,0.7200000000000002,0.06,2026-09-15
MHF,6.260000228881836,2026-10-02,6.887569714352429,-0.155195633226889,0.40800000000000014,0.034,2026-09-23
MHH,7.150000095367432,2026-10-02,7.042908364558125,-0.042837979091296496,,,
MHIG,19.850000381469727,2026-10-02,19.990869555266006,,,,
MHIP,20.489999771118164,2026-10-02,20.265565258523694,,,,
MHK,126.41000366210938,2026-10-02,115.25438243364432,-0.02136714830038211,,,
MHO,134.75999450683594,2026-10-02,136.95788844743097,-0.08982847001935435,,,
MHX,17.254899978637695,2026-10-02,19.419222354888916,,,,
MHY,25.239999771118164,2026-10-02,25.33296012878418,-0.0035531051266866065,1.3419999999999999,0.428,2026-06-24
MI,0.8939999938011169,2026-10-02,5.02012748636335,-0.7668839674293492,,,
MIAX,33.0099983215332,2026-10-02,43.035657388755524,-0.21572824419427816,,,
MIC,16.170000076293945,2026-10-02,14.020144946333291,,,,
MICC,17.479999542236328,2026-10-02,16.858592200047763,0.17158173276486166,,,
MID,70.93099975585938,2026-10-02,66.58159763594547,0.06282778714745718,0.07200000000000001,0.016,2026-06-09
MIDE,36.840999603271484,2026-10-02,35.41753376052674,0.13741896565288436,0.479,0.131,2026-09-18
MIDU,62.720001220703125,2026-10-02,60.707609488194684,0.21291824272216098,0.28400000000000003,0.013,2026-09-22
MIG,20.155000686645508,2026-10-02,21.35358171349028,-0.07482208731620588,0.9789999999999999,0.075,2026-10-01
MIGO,30.40999984741211,2026-10-02,27.884575164396,,,,
MILK,23.253000259399414,2026-10-02,24.58257366651558,-0.0815987979311833,1.688,0.107,2026-09-24
MIN,2.3299999237060547,2026-10-02,2.518047820999328,-0.12406020732197776,0.23199999999999996,0.02,2026-09-22
MINE,2.6500000953674316,2026-10-02,3.0496242887022866,,,,
MINN,20.799299240112305,2026-10-02,22.274945392076713,-0.0662491763721672,0.6830000000000002,0.058,2026-09-25
MINO,42.529998779296875,2026-10-02,45.233091635533064,-0.05886257862906752,1.7599999999999998,0.14,2026-10-01
MINT,100.31999969482422,2026-10-02,100.54820722602753,-0.0004981872112135299,4.112,0.328,2026-10-01
MINV,48.935001373291016,2026-10-02,43.755653381347656,0.28438328958279224,0.534,0.534,2025-12-17
MINY,35.400001525878906,2026-10-02,41.10165561903391,,7.323999999999999,0.209,2026-09-30
MIR,14.600000381469727,2026-10-02,20.38482075573439,-0.3593681529199757,,,
MISL,42.040000915527344,2026-10-02,44.995649330169556,-0.010357783226233597,0.029,0.029,2026-03-26
MITQ,0.578000009059906,2026-10-02,0.6523067730356498,-0.41616161263435425,,,
MITT,5.760000228881836,2026-10-02,7.6852589717424244,-0.21739128744669833,0.95,0.24,2026-09-30
MIVL,25.01849937438965,2026-10-02,25.836410681406658,,,,
MIY,11.170000076293945,2026-10-02,12.007490051695076,-0.00887314795101346,0.6600000000000001,0.055,2026-09-15
MJ,24.729999542236328,2026-10-02,27.192215110201285,-0.3276236986675318,0.591,0.591,2025-12-30
MJSC,62.676998138427734,2026-10-02,56.44894416778686,0.27005066010883993,0.327,0.327,2025-12-30
MJUN,33.11000061035156,2026-10-02,32.64538451952812,,,,
MKC,44.66999816894531,2026-10-02,57.61398415736468,-0.35176323037249513,1.89,0.48,2026-07-06
MKC-V,46.220001220703125,2026-10-02,57.683187188380266,-0.3264354507329811,1.89,0.48,2026-07-06
MKL,1737.1800537109375,2026-10-02,1943.371307251463,-0.1050215465547335,,,
MKOR,65.44000244140625,2026-10-02,49.35242236467946,1.0847404814855324,0.903,0.903,2025-12-17
MKTN,28.0,2026-10-02,25.93707165965046,0.14660114301888916,0.131,0.131,2025-12-31
MLCC,57.349998474121094,2026-10-02,51.99874997138977,,,,
MLDR,46.540000915527344,2026-10-02,48.98167730992534,-0.06199613317518726,1.8789999999999996,0.16,2026-10-01
MLI,62.560001373291016,2026-10-02,60.4579283421733,0.2449751517072838,0.6499999999999999,0.175,2026-09-04
MLM,482.2699890136719,2026-10-02,595.5603978130447,-0.24024453869165519,3.3299999999999996,0.84,2026-09-01
MLN,16.219999313354492,2026-10-02,17.48358559323497,-0.0715512334934364,0.6790000000000002,0.054,2026-10-01
MLP,15.710000038146973,2026-10-02,16.41482068248004,-0.12479112142531534,,,
MLPA,53.939998626708984,2026-10-02,52.61824699797003,0.12094762726538288,4.02,1.02,2026-08-10
MLPB,29.56130027770996,2026-10-02,28.067797983785074,0.18958953013752788,1.742,0.444,2026-07-14
MLPD,24.29800033569336,2026-10-02,25.170537887816412,-0.05818052882329916,3.412,0.253,2026-09-21
MLPI,51.16999816894531,2026-10-02,54.41470192417954,,6.611,0.628,2026-09-16
MLPR,71.13800048828125,2026-10-02,67.45531471222046,0.25443934732883067,6.673,1.767,2026-07-14
MLPX,71.06999969482422,2026-10-02,69.06000003586728,0.13912486600562368,3.065,0.757,2026-08-10
MLR,54.38999938964844,2026-10-02,45.83960160031262,0.342962947892554,0.83,0.21,2026-09-08
MLSS,0.3799999952316284,2026-10-02,0.35988047730875206,-0.13636364252114097,,,
MMA,0.3720000088214874,2026-10-02,0.757864543285028,-0.7452054800672275,,,
MMAR,33.09000015258789,2026-10-02,32.61999988555908,,,,
MMAX,27.5049991607666,2026-10-02,26.729107556590048,0.05161531021524279,0.345,0.345,2025-12-23
MMAY,33.52000045776367,2026-10-02,32.863084062237604,,,,
MMCA,20.639999389648438,2026-10-02,21.695529816160164,-0.05011738677877087,0.7030000000000001,0.062,2026-09-30
MMD,13.739999771118164,2026-10-02,15.062828694681722,-0.08764944300925404,0.7830000000000001,0.068,2026-09-15
MMHI,24.98270034790039,2026-10-02,25.07135009765625,,,,
MMI,28.56999969482422,2026-10-02,28.783147409142725,-0.011076486728444745,0.5,0.25,2026-09-15
MMID,26.579999923706055,2026-10-02,25.73651398130622,0.055599666463963526,0.253,0.069,2026-09-24
MMIN,22.350000381469727,2026-10-02,23.881227128534203,-0.05934342734972542,0.9619999999999999,0.079,2026-09-30
MMIT,23.010000228881836,2026-10-02,24.229868497506555,-0.04956624952375366,0.8799999999999999,0.073,2026-09-30
MMK,100.0199966430664,2026-10-02,100.15217386565594,,2.3049999999999997,0.311,2026-10-01
MMKT,100.16500091552734,2026-10-02,100.228868796056,-0.0008080250579857173,3.582,0.078,2026-09-25
MMM,161.88999938964844,2026-10-02,161.36294841386407,0.02035797083692148,3.0700000000000003,0.78,2026-08-24
MMMA,23.857999801635742,2026-10-02,25.185834175378233,,0.8539999999999999,0.087,2026-09-30
MMS,52.650001525878906,2026-10-02,71.26047800071686,-0.4229504300899849,1.29,0.33,2026-08-14
MMSC,27.132999420166016,2026-10-02,26.03577692860151,0.14907036042692368,,,
MMSD,24.685300827026367,2026-10-02,25.357056993887245,-0.030047147858111245,0.8949999999999999,0.074,2026-09-30
MMT,4.320000171661377,2026-10-02,4.566454154086778,-0.0924369823662422,0.423,0.04,2026-09-22
MMTM,310.2749938964844,2026-10-02,299.775479138135,0.0876538221537706,2.736,0.664,2026-09-21
MMU,9.029999732971191,2026-10-02,10.262549799277012,-0.1266924951919689,0.6600000000000001,0.055,2026-09-23
MNA,36.88999938964844,2026-10-02,36.274143522954084,0.025576817840522903,,,
MNBD,24.952600479125977,2026-10-02,25.888823117867883,-0.03434209242344144,0.865,0.068,2026-09-17
MNGB,24.770000457763672,2026-10-02,25.254444546169704,,,,
MNGU,33.66559982299805,2026-10-02,28.847523029033955,,,,
MNGZ,28.562700271606445,2026-10-02,28.18677295338024,,,,
MNSO,8.829999923706055,2026-10-02,15.91693229599303,-0.5919593265825177,0.376,0.376,2026-04-20
MNSX,19.969999313354492,2026-10-02,23.934225324174047,,,,
MNTN,9.890000343322754,2026-10-02,11.127330677442817,-0.4496382458972632,,,
MNVR,33.5,2026-10-02,32.81224295357677,,,,
MO,67.3499984741211,2026-10-02,65.98832682879322,0.02464620469271006,4.29,1.11,2026-09-15
MOAT,106.22000122070312,2026-10-02,104.12928273478352,0.0505390226437048,1.404,1.404,2025-12-22
MOD,178.1999969482422,2026-10-02,201.1786055545883,0.20723525649620123,,,
MOG-A,392.7300109863281,2026-10-02,316.46290795071667,0.8856772599502842,1.19,0.3,2026-08-14
MOG-B,394.4599914550781,2026-10-02,318.86278956439867,0.9148543274518355,1.19,0.3,2026-08-14
MOGU,1.8600000143051147,2026-10-02,2.283613546910989,-0.44970415641161143,,,
MOH,189.5399932861328,2026-10-02,177.91262966323183,-0.061543832546633426,,,
MOO,81.33999633789062,2026-10-02,79.73509985327246,0.09993238261822679,1.798,1.798,2025-12-22
MORT,7.889999866485596,2026-10-02,10.254701228730706,-0.25425331537036366,1.429,0.307,2026-10-01
MOS,21.06999969482422,2026-10-02,25.05537847693698,-0.3898059530932523,0.88,0.22,2026-09-10
MOTG,39.130001068115234,2026-10-02,40.502509979612796,-0.14338877393392657,6.882,6.882,2025-12-22
MOTI,34.40999984741211,2026-10-02,36.19751389948021,-0.10128495963273376,1.182,1.182,2025-12-22
MOTO,62.520999908447266,2026-10-02,59.092971984133776,0.20378534720560948,0.563,0.563,2025-12-12
MOV,33.65999984741211,2026-10-02,27.683266932270918,0.7182235622885145,1.5,0.4,2026-09-08
MP,46.970001220703125,2026-10-02,58.49505969347707,-0.3430769060041521,,,
MPA,9.739999771118164,2026-10-02,11.172111587220455,-0.14185026927224487,0.6120000000000001,0.048,2026-09-15
MPC,422.3299865722656,2026-10-02,247.34876430557068,1.1866521067976192,4.0,1.0,2026-08-19
MPDB,25.005399703979492,2026-10-02,24.949875651179134,,,,
MPDY,24.123899459838867,2026-10-02,24.292267567402607,,0.337,0.337,2026-09-21
MPIM,24.360000610351562,2026-10-02,24.507567586125553,,0.441,0.441,2026-09-21
MPLY,33.37200164794922,2026-10-02,30.805964139353232,0.12701366313740725,0.039,0.039,2025-12-29
MPRO,31.445899963378906,2026-10-02,31.800007550364946,0.023962907875120454,0.6020000000000001,0.162,2026-09-24
MPT,3.2699999809265137,2026-10-02,4.873824717989006,-0.4097472917973163,0.36,0.09,2026-09-10
MPTI,77.11000061035156,2026-10-02,69.47266941146546,0.4221689205884456,,,
MPU,2.700000047683716,2026-10-02,0.801244981377479,1.1259843214438177,,,
MPV,15.980600357055664,2026-10-02,17.86968369882895,-0.20966365481025895,1.48,0.37,2026-08-28
MPWC,26.002500534057617,2026-10-02,22.660039720081148,,,,
MPWX,16.709999084472656,2026-10-02,17.95294647557395,,,,
MQY,10.039999961853027,2026-10-02,11.345378450188504,-0.1299826694071443,0.6960000000000002,0.058,2026-09-15
MRAX,31.6200008392334,2026-10-02,26.91921043395996,,,,
MRCP,35.39550018310547,2026-10-02,33.10695013676982,0.133744425419154,,,
MRGR,45.130001068115234,2026-10-02,45.07884453397348,0.04734279202375036,1.2209999999999999,0.042,2026-09-23
MRK,144.3000030517578,2026-10-02,116.57075701101843,0.6178943727079311,3.4,0.85,2026-09-15
MRNX,135.75,2026-10-02,42.30766474558208,,,,
MRNY,39.099998474121094,2026-10-02,19.4769562421092,1.0909089240045016,17.768,0.807,2026-10-01
MRP,24.610000610351562,2026-10-02,29.838007961136412,-0.23523926734104694,3.0100000000000002,0.77,2026-07-06
MRSH,170.05999755859375,2026-10-02,179.05075638607678,-0.1545192499023852,4.680000000000001,0.99,2026-10-01
MRSK,39.790000915527344,2026-10-02,37.50225099054466,0.11114212202194507,0.138,0.043,2025-12-30
MRT,1.940000057220459,2026-10-02,2.069195217820278,-0.19502075181388556,,,
MRVX,32.75,2026-10-02,23.874137960631273,,,,
MS,190.30999755859375,2026-10-02,187.96091579726018,0.2076274000955478,4.15,1.15,2026-07-31
MSA,181.22999572753906,2026-10-02,173.71689274396553,0.041551699583557866,2.14,0.54,2026-08-14
MSB,18.899999618530273,2026-10-02,29.44470122135968,-0.42024538333847805,0.8900000000000001,0.05,2026-07-30
MSC,1.0499999523162842,2026-10-02,2.692788848838958,-0.727272732902446,,,
MSCI,535.9500122070312,2026-10-02,569.8452181265174,-0.043151437407799476,7.949999999999999,2.05,2026-08-14
MSD,6.710000038146973,2026-10-02,7.363585675380144,-0.09201621659324943,0.5850000000000001,0.145,2026-09-30
MSDL,13.529999732971191,2026-10-02,15.642031855792164,-0.16993862783694724,1.8499999999999999,0.45,2026-09-30
MSEP,32.939998626708984,2026-10-02,32.290121846082734,,,,
MSFC,50.459999084472656,2026-10-02,41.3618841862333,,,,
MSFO,12.385000228881836,2026-10-02,13.318577705626469,-0.29228570120675224,4.794,0.057,2026-10-01
MSFW,33.03099822998047,2026-10-02,33.296605471120884,-0.2925466009526694,10.332,0.17,2026-09-28
MSFX,26.579999923706055,2026-10-02,22.980800852832566,-0.23620688199902418,1.461,1.461,2025-12-24
MSFY,20.98900032043457,2026-10-02,20.825390492777426,-0.23445305975816455,4.500000000000001,0.2,2026-09-09
MSGE,79.87000274658203,2026-10-02,63.72900401263598,0.7523036318125988,,,
MSGS,406.95001220703125,2026-10-02,320.28693137605825,0.7573519857313162,,,
MSI,447.4100036621094,2026-10-02,425.8223114621592,-0.01212185981090963,4.84,1.21,2026-09-16
MSIF,11.720000267028809,2026-10-02,12.610398444521474,-0.11813391266596462,1.1900000000000002,0.11,2026-10-02
MSIX,31.549999237060547,2026-10-02,32.1738028459146,,,,
MSLC,60.439998626708984,2026-10-02,56.56743427291809,0.10554235688709523,1.168,1.168,2025-12-10
MSM,130.1199951171875,2026-10-02,101.51063744290417,0.41450155602662053,3.48,0.87,2026-07-08
MSMR,34.369998931884766,2026-10-02,35.1019801257616,0.009605489273621926,0.732,0.159,2026-09-29
MSN,0.38999998569488525,2026-10-02,0.41828685108408986,-0.0930233041681805,,,
MSOL,32.04999923706055,2026-10-02,25.86458345254262,,0.10200000000000001,0.044,2026-09-17
MSOS,4.46999979019165,2026-10-02,4.479960148078037,-0.13539657171612307,,,
MSOX,2.3499999046325684,2026-10-02,3.6994820833206177,-0.7329545620798076,,,
MSSE,28.704999923706055,2026-10-02,24.900729020436604,,,,
MSSM,57.65840148925781,2026-10-02,55.56517293253743,0.12069039278946692,1.595,1.595,2025-12-10
MSSS,34.56700134277344,2026-10-02,32.705569704215364,0.10969508077330703,0.072,0.053,2026-03-26
MSST,32.051998138427734,2026-10-02,34.32077622087034,-0.39680453332793475,7.065999999999999,0.153,2026-09-22
MSTB,44.09000015258789,2026-10-02,41.409278869628906,0.10296695926612442,0.164,0.164,2025-12-30
MSTC,70.0199966430664,2026-10-02,42.22101438218269,,,,
MSTI,19.7549991607666,2026-10-02,20.39758165519076,-0.04496013194039561,1.005,0.077,2026-08-27
MSTQ,40.60499954223633,2026-10-02,37.550366451065855,0.038305192376067776,4.821,4.821,2025-12-30
MSTU,43.15999984741211,2026-10-02,92.40840631082239,-0.9216696917469834,0.288,0.288,2026-08-25
MSTW,5.15500020980835,2026-10-02,9.274840654130001,-0.8497960298471164,7.736,0.093,2026-09-28
MSTY,16.360000610351562,2026-10-02,26.56179281439914,-0.778018978456121,22.865999999999996,0.311,2026-10-01
MSTZ,2.490000009536743,2026-10-02,9.996394418625243,-0.4275861921548557,,,
MT,64.51000213623047,2026-10-02,57.683386312537934,0.6795106064176895,0.7250000000000001,0.15,2026-08-07
MTA,9.1899995803833,2026-10-02,7.828087660420938,0.3903176088889371,,,
MTAL,10.149999618530273,2026-10-02,10.152689004144749,,,,
MTAW,26.458799362182617,2026-10-02,25.068855656517876,,,,
MTB,219.13999938964844,2026-10-02,216.57888459589378,0.12633635968078272,6.0,1.5,2026-09-01
MTBA,46.720001220703125,2026-10-02,49.58899991160845,-0.07411807236675894,2.92,0.23,2026-09-25
MTD,1486.18994140625,2026-10-02,1334.858803068974,0.13100811027536885,,,
MTDR,53.5,2026-10-02,50.75135450629124,0.18836071648182218,1.5,0.375,2026-08-10
MTG,26.950000762939453,2026-10-02,27.84250998022072,-0.020356214514111737,0.62,0.17,2026-08-05
MTGP,41.96549987792969,2026-10-02,44.227101618550215,-0.059933671555419954,1.985,0.2,2026-09-25
MTH,63.849998474121094,2026-10-02,69.6568530565239,-0.14559085232267732,1.8699999999999999,0.48,2026-09-15
MTN,141.16000366210938,2026-10-02,139.4737449737184,-0.10157836017735622,8.88,2.22,2026-06-25
MTNB,2.640000104904175,2026-10-02,0.7103760004639625,0.36082475620472043,,,
MTNE,9.920000076293945,2026-10-02,9.883424615206783,,,,
MTR,2.4700000286102295,2026-10-02,4.0791235084077755,-0.5339622755244173,0.14,0.025,2026-05-29
MTRA,26.521799087524414,2026-10-02,26.248417592143632,-0.0025649140531065484,0.18,0.18,2025-12-22
MTRN,312.1600036621094,2026-10-02,183.81685215923414,1.5089214616306204,0.5700000000000001,0.145,2026-08-20
MTSG,8.020000457763672,2026-10-02,7.293194459544288,,,,
MTUM,322.8800048828125,2026-10-02,278.0543027475061,0.2698312795748927,1.853,0.603,2026-09-15
MTUS,19.889999389648438,2026-10-02,18.532669306751266,0.18041536732081376,,,
MTW,23.219999313354492,2026-10-02,13.897529902211224,1.2114285060337613,,,
MTX,66.43000030517578,2026-10-02,68.78426310930594,0.05898295536329834,0.48,0.12,2026-08-14
MTZ,215.92999267578125,2026-10-02,285.4086843543794,0.000556022049696292,,,
MUA,9.529999732971191,2026-10-02,10.626613525755378,-0.13911472486969034,0.6720000000000002,0.056,2026-09-15
MUB,100.95999908447266,2026-10-02,106.56880494987823,-0.05094941068699044,3.4139999999999997,0.279,2026-10-01
MUC,9.739999771118164,2026-10-02,10.704980063723378,-0.10230420012217578,0.6480000000000001,0.054,2026-09-15
MUFG,22.81999969482422,2026-10-02,18.728167313503555,0.4479695027544608,,,
MUG,18.719999313354492,2026-10-02,16.410312563180923,,,,
MUIB,32.63119888305664,2026-10-02,29.464280798080118,,1.303,0.579,2026-09-30
MUJ,11.300000190734863,2026-10-02,12.043147421453103,-0.029209634240511928,0.6480000000000001,0.054,2026-09-15
MUNA,98.50499725341797,2026-10-02,100.06896003024036,-0.015294710378172649,2.244,0.208,2026-10-01
MUNB,97.48500061035156,2026-10-02,100.75554994377957,-0.034371761257654954,2.3570000000000007,0.204,2026-10-01
MUNC,97.04000091552734,2026-10-02,102.1176456284238,-0.04923334547279001,3.0110000000000006,0.277,2026-09-01
MUND,96.76499938964844,2026-10-02,102.5275697138205,-0.05466003504631978,3.704,0.189,2026-10-01
MUNF,98.18000030517578,2026-10-01,98.92078164907602,,,,
MUNG,98.0199966430664,2026-10-01,98.62672424316406,,,,
MUNH,97.87999725341797,2026-10-01,98.67414591862605,,,,
MUNI,49.72999954223633,2026-10-02,52.23888438251389,-0.04804751254947004,1.58,0.13,2026-09-01
MUNJ,98.05000305175781,2026-10-02,99.06129555080248,,,,
MUNX,23.377300262451172,2026-10-02,24.899251239053136,-0.06355954153342447,0.721,0.078,2026-09-01
MUNY,97.0999984741211,2026-10-02,102.80970891823331,-0.05517172671161952,3.322,0.273,2026-10-01
MUR,37.65999984741211,2026-10-02,34.68402400529717,0.23678157319614623,1.375,0.35,2026-08-17
MUSA,515.02001953125,2026-10-02,479.32956309527515,0.30233153962365655,2.55,0.65,2026-08-24
MUSE,47.904998779296875,2026-10-02,49.86338632895177,-0.0542888178120724,3.8899999999999997,0.32,2026-10-01
MUSQ,24.59000015258789,2026-10-02,26.482175317893464,-0.16787927117867896,0.178,0.178,2025-12-30
MUST,19.1200008392334,2026-10-02,20.507171349696428,-0.06913339888025449,0.6300000000000001,0.052,2026-09-01
MUX,17.739999771118164,2026-10-02,20.645458191039552,0.018954619563371633,,,
MUZ,6.710000038146973,2026-10-02,11.345308668819474,,,,
MVAL,36.30289840698242,2026-10-02,36.880533453952744,0.025302817911267317,0.633,0.633,2025-12-22
MVFD,30.62700080871582,2026-10-02,29.789509951830862,0.11789617568131483,0.442,0.085,2026-09-24
MVFG,33.9651985168457,2026-10-02,33.386921088534045,0.06721543042995948,0.523,0.204,2026-06-25
MVPA,34.61130142211914,2026-10-02,33.857363666671205,-0.009804232923761425,0.186,0.186,2025-12-18
MVPL,44.459999084472656,2026-10-02,39.19146616050447,0.20729915892482853,0.398,0.398,2025-12-18
MVRL,9.656000137329102,2026-10-02,14.013749050429142,-0.36557161840220453,2.739,0.16,2026-09-14
MVV,82.36000061035156,2026-10-02,79.27314732464187,0.17455786343884827,0.528,0.085,2026-09-23
MWA,21.65999984741211,2026-10-02,25.86247011769815,-0.1656394217530034,0.28,0.07,2026-08-10
MWG,1.4299999475479126,2026-10-02,1.956462147701309,-0.5034722601649922,,,
MWHS,19.959999084472656,2026-10-02,19.56426446578082,,,,
MX,3.680000066757202,2026-10-02,3.4823506030428457,0.1500000037252902,,,
MXC,10.0600004196167,2026-10-02,9.721589643166835,0.1431818410877348,0.1,0.1,2026-06-15
MXE,12.319999694824219,2026-10-02,12.93147408914756,0.05389222729298515,0.234,0.234,2025-12-16
MXF,19.93000030517578,2026-10-02,20.981354595655464,0.039103231911712166,1.2999999999999998,0.35,2026-07-22
MXI,107.80000305175781,2026-10-02,105.16820711538611,0.1597633845193629,1.833,1.125,2026-06-15
MXLL,30.100000381469727,2026-10-02,16.395789573067113,,,,
MYE,31.6299991607666,2026-10-02,23.74322713038836,0.8849819944250408,0.54,0.135,2026-09-18
MYI,9.770000457763672,2026-10-02,10.862470136695649,-0.10857660367166355,0.6720000000000002,0.056,2026-09-15
MYLD,32.439998626708984,2026-10-02,29.563382448903116,0.22920683974289724,0.7659999999999999,0.241,2026-09-18
MYN,8.949999809265137,2026-10-02,9.892549788334454,-0.10589414539255271,0.6120000000000001,0.051,2026-09-15
MYND,0.36000001430511475,2026-10-02,0.4552828680234126,-0.6124865376272117,,,
MYO,1.6299999952316284,2026-10-02,1.027039835889976,0.713985318328924,,,
MYY,15.720000267028809,2026-10-02,16.421314706840363,-0.11085972875086358,0.546,0.115,2026-09-23
MZYX,9.989999771118164,2026-10-02,9.953652116526728,,,,
MZZ,6.360000133514404,2026-10-02,6.942390428596283,-0.21674874099133035,0.23399999999999999,0.033,2026-09-23
NABL,4.230000019073486,2026-10-02,5.349561758725292,-0.46387831550653313,,,
NAC,10.229999542236328,2026-10-02,11.764302781853543,-0.11351823431083852,0.8720000000000001,0.07,2026-09-15
NACP,61.79999923706055,2026-10-02,53.992908462585206,0.2850904354537598,0.33499999999999996,0.105,2026-09-29
NAD,10.279999732971191,2026-10-02,11.792868530607793,-0.1160791374192196,0.8519999999999998,0.071,2026-09-15
NAIL,27.770000457763672,2026-10-02,48.78828672583835,-0.6416311624297057,0.339,0.116,2026-09-22
NAK,1.3300000429153442,2026-10-02,1.813864543618434,0.00757575004991895,,,
NAN,9.890000343322754,2026-10-02,11.316972105626567,-0.13245608120486885,0.8480000000000001,0.068,2026-09-15
NANC,52.95000076293945,2026-10-02,47.38189634953837,0.175621662669309,0.096,0.096,2025-12-26
NANR,84.79000091552734,2026-10-02,77.8564224547124,0.30990261885171067,1.4129999999999998,0.713,2026-06-01
NAPR,61.040000915527344,2026-10-02,56.37229092662553,0.15774901675115394,,,
NASA,25.0,2026-10-02,27.988837308661882,,,,
NAT,8.420000076293945,2026-10-02,5.223386452017552,1.5285286093709818,0.66,0.27,2026-09-10
NATL,45.41999816894531,2026-10-02,42.40382471882489,0.15045589401170778,,,
NAUG,33.57899856567383,2026-10-02,30.58825501977685,0.1588555618506311,,,
NAZ,10.850000381469727,2026-10-02,12.208685232823589,-0.08976507449460458,0.7760000000000002,0.062,2026-09-15
NBB,14.300000190734863,2026-10-02,15.74203186871046,-0.12269933373851816,1.164,0.097,2026-09-15
NBCE,36.790000915527344,2026-10-02,37.08908775603154,0.0947776050193947,0.443,0.443,2025-12-19
NBCM,31.020000457763672,2026-10-02,26.98447011666469,0.3132937915158196,1.913,1.913,2025-12-19
NBCR,34.36000061035156,2026-10-02,32.386916316362964,0.10340402324392839,0.143,0.143,2025-12-18
NBDS,41.650001525878906,2026-10-02,36.99348616125099,0.13903624598588826,0.135,0.135,2025-12-19
NBET,39.88999938964844,2026-10-02,37.75856971740723,0.21808959482763046,1.0030000000000001,0.308,2026-09-23
NBFC,49.150001525878906,2026-10-02,50.92648206004109,-0.04950681887291808,3.5810000000000004,0.238,2026-09-25
NBFR,27.21929931640625,2026-10-02,25.98980066373751,,0.006,0.006,2026-03-31
NBGX,30.520000457763672,2026-10-02,28.351422268080995,0.09210625459671995,0.115,0.115,2025-12-19
NBH,9.149999618530273,2026-10-02,10.240318746680757,-0.11078720578707002,0.6480000000000001,0.054,2026-09-30
NBHC,38.060001373291016,2026-10-02,40.63111561323067,-0.005747058856356069,1.27,0.32,2026-08-28
NBIC,21.829999923706055,2026-10-02,19.736379343887855,,,,
NBIE,26.579999923706055,2026-10-02,26.17510343091241,,,,
NBIZ,19.3799991607666,2026-10-02,759.8568168878555,,,,
NBJP,36.20800018310547,2026-10-02,33.87658964970198,0.2090289915336725,0.705,0.705,2025-12-19
NBOS,28.639999389648438,2026-10-02,27.641231156915307,0.0668255484390945,2.302,0.187,2026-09-25
NBR,79.63999938964844,2026-10-02,75.19382446410647,0.8616176171606096,,,
NBSD,49.900001525878906,2026-10-02,50.87739429245907,-0.02586621742725037,2.3810000000000002,0.196,2026-09-25
NBSM,27.670000076293945,2026-10-02,26.7642391174438,0.07833204368021662,0.101,0.101,2025-12-19
NBTR,47.49100112915039,2026-10-02,50.14445807164409,-0.07100794914552677,2.701,0.19,2026-09-25
NBXG,15.979999542236328,2026-10-02,14.795737087964062,0.03363515542084583,1.4400000000000004,0.12,2026-09-15
NC,36.25,2026-10-02,47.62195222406273,-0.13006955620613825,1.032,0.263,2026-08-31
NCA,8.420000076293945,2026-10-02,9.161992069259583,-0.0654828121642691,0.3550000000000001,0.03,2026-09-15
NCDL,11.020000457763672,2026-10-02,13.306175281327084,-0.21454022327127154,1.6099999999999999,0.38,2026-09-30
NCLH,15.140000343322754,2026-10-02,19.690916388158303,-0.37746708333450973,,,
NCLO,25.0,2026-10-02,25.014669304349983,-0.0015974805936423975,1.407,0.119,2026-10-01
NCV,15.140000343322754,2026-10-02,16.134183241551614,-0.009162263880564514,1.6320000000000006,0.136,2026-09-14
NCZ,13.970000267028809,2026-10-02,14.693227103031964,0.013788137716941096,1.4400000000000004,0.12,2026-09-14
NDEC,31.104999542236328,2026-10-02,28.68334659257258,0.1490579938271519,,,
NDIA,25.969999313354492,2026-10-02,28.0516294958107,-0.1001386429617912,0.327,0.327,2025-12-30
NDIV,33.33399963378906,2026-10-02,32.02219917479739,0.1602506148593681,3.032,0.308,2026-09-29
NDMO,8.9399995803833,2026-10-02,10.224023902558711,-0.1428572081683529,0.484,0.059,2026-09-15
NDOW,28.73200035095215,2026-10-02,28.442358571694665,0.050645417146287786,0.342,0.342,2025-12-16
NE,40.70000076293945,2026-10-02,40.37756976093429,0.361204056260789,2.0,0.5,2026-09-03
NEA,10.09000015258789,2026-10-02,11.41804786317377,-0.10311109754774306,0.8160000000000003,0.068,2026-09-15
NEAR,49.779998779296875,2026-10-02,50.82167334385602,-0.027164343157862758,2.244,0.184,2026-10-01
NEBX,28.579999923706055,2026-10-02,22.75019257382093,0.03726106858688172,,,
NECK,25.924999237060547,2026-10-02,25.066874980926514,,,,
NEE,76.83000183105469,2026-10-02,86.6219523456467,-0.04034468930847912,2.436,0.623,2026-08-28
NEHI,33.540000915527344,2026-10-02,34.79299041529021,-0.35675651078170345,9.692,0.872,2026-09-16
NELS,29.225000381469727,2026-10-02,27.094913584705242,0.16179684292296326,,,
NEM,115.55999755859375,2026-10-02,106.73342628023065,0.33041672515049303,1.03,0.26,2026-09-03
NEMD,49.88869857788086,2026-10-02,52.42497896293245,-0.027207351377695255,3.0500000000000003,0.233,2026-09-25
NERD,22.381999969482422,2026-10-02,22.6317928207823,-0.19503687380589207,0.152,0.152,2025-12-30
NET,349.07000732421875,2026-10-02,230.88525901277703,0.6110675694566463,,,
NETL,23.763999938964844,2026-10-02,25.554784858369256,-0.045239030867629815,1.155,0.105,2026-08-27
NEU,924.0599975585938,2026-10-02,750.8912752311069,0.09221788752011961,12.0,3.0,2026-09-15
NEWP,6.28000020980835,2026-10-02,4.3656972034044,1.3173432182320006,,,
NEXA,12.239999771118164,2026-10-02,11.38952189707661,1.4333994553818372,0.132,0.132,2026-07-28
NFEB,31.346599578857422,2026-10-02,28.978938570060578,0.1502917401464734,,,
NFG,76.43000030517578,2026-10-02,83.23302775835135,-0.13696925912167546,2.18,0.555,2026-09-30
NFGC,1.6200000047683716,2026-10-02,2.1646613485784645,-0.29565215723726346,,,
NFJ,15.109999656677246,2026-10-02,13.971912342238712,0.16409862785510843,1.22,0.305,2026-09-14
NFLP,15.468000411987305,2026-10-02,24.51156177368772,-0.5612287993912586,4.3,0.25,2026-09-23
NFLT,22.1200008392334,2026-10-02,22.95052589173336,-0.04366616334540885,1.225,0.102,2026-09-21
NFLU,13.5600004196167,2026-10-02,28.90016341874324,-0.7418617792741894,0.004,0.004,2026-08-25
NFLW,13.609000205993652,2026-10-02,24.063948209542204,-0.6559909066337448,9.391999999999998,0.055,2026-09-28
NFLY,6.53000020980835,2026-10-02,10.519737068875378,-0.5867088524696633,4.357,0.033,2026-10-01
NFRA,62.70000076293945,2026-10-02,64.12055794461315,-0.011352844951017627,3.702,0.327,2026-09-18
NFX,18.380199432373047,2026-10-02,23.6363522968595,,,,
NG,6.550000190734863,2026-10-02,8.702151387811183,-0.3443443102299758,,,
NGG,76.12000274658203,2026-10-02,81.63434257355344,0.03663356162640041,3.24,2.174,2026-05-29
NGIF,11.90999984741211,2026-10-02,12.683411732841941,,,,
NGS,33.16999816894531,2026-10-02,35.937490068108914,0.22443698715803073,0.52,0.15,2026-08-19
NGVC,30.610000610351562,2026-10-02,29.101792871239653,-0.23855721319858658,0.6,0.15,2026-08-17
NGVT,72.41000366210938,2026-10-02,66.76418319641357,0.3163062328937589,,,
NHC,227.66000366210938,2026-10-02,173.08976028260008,0.876524927751231,2.62,0.67,2026-09-30
NHI,65.72000122070312,2026-10-02,77.32199215224065,-0.16269584648518576,3.7,0.94,2026-09-30
NHS,5.440000057220459,2026-10-02,6.723625494664409,-0.2648648666064176,1.0892819999999999,0.091,2026-09-15
NHYB,23.792999267578125,2026-10-02,24.80070519922264,-0.0492307840052828,1.618,0.135,2026-10-01
NHYM,23.170000076293945,2026-10-02,24.786358639538527,-0.058512819924592674,1.119,0.091,2026-10-01
NI,39.43000030517578,2026-10-02,44.46011945260948,-0.10038789281458327,1.1800000000000002,0.3,2026-07-31
NIC,166.47000122070312,2026-10-02,147.571075986581,0.24631273558760225,1.3599999999999999,0.36,2026-09-01
NICO,24.540000915527344,2026-10-02,25.645673054915207,,,,
NIE,24.889999389648438,2026-10-02,25.582071707068213,-0.013476026902763616,2.686,0.58,2026-09-14
NIHI,50.93000030517578,2026-10-02,51.133553721515305,0.011519401164486576,5.325,0.417,2026-09-16
NIM,8.75,2026-10-02,9.35083667025623,-0.061158767541673154,0.3480000000000001,0.029,2026-09-15
NINE,7.559999942779541,2026-10-02,10.326589185138081,,,,
NIO,3.369999885559082,2026-10-02,5.315378489247356,-0.5623376663588899,,,
NIQ,16.639999389648438,2026-10-02,13.237131458829598,0.1258457165278537,,,
NISM,25.139999389648438,2026-10-02,24.87282837761773,,0.06,0.06,2026-06-18
NITE,38.779998779296875,2026-10-02,36.836541711571684,0.09393506190946854,,,
NJAN,60.880001068115234,2026-10-02,56.46388057693542,0.1439308468943119,,,
NJNK,19.28499984741211,2026-10-02,20.096988039662637,-0.04821830642457969,1.2280000000000002,0.102,2026-10-01
NJR,51.59000015258789,2026-10-02,52.317171438756695,0.09812687644253892,1.9249999999999998,0.5,2026-09-24
NJUL,79.10070037841797,2026-10-02,74.36455657472648,0.11082448546130474,,,
NJUN,33.66939926147461,2026-10-02,31.976172914543,0.09100156167606888,,,
NKE,33.869998931884766,2026-10-02,52.140597461229305,-0.5291255555653374,1.64,0.41,2026-09-01
NKX,10.529999732971191,2026-10-02,12.429043804031918,-0.1715185128743406,0.8959999999999998,0.072,2026-09-15
NL,6.980000019073486,2026-10-02,6.079282876504845,0.1368078454159134,0.39,0.1,2026-09-03
NLOP,9.760000228881836,2026-10-02,16.98031869257589,-0.6724832054108282,19.25,3.3,2026-03-30
NLR,102.73999786376953,2026-10-02,131.28434251884065,-0.2733573922676499,3.166,3.166,2025-12-22
NLSI,57.391998291015625,2026-10-02,50.93395592184628,0.1363851665806728,2.263,0.255,2026-09-23
NLY,18.5,2026-10-02,22.250398407894302,-0.10886320828347906,2.9,0.75,2026-09-30
NMAI,14.260000228881836,2026-10-02,13.568725103401093,0.09021409113597634,1.4120000000000004,0.116,2026-09-15
NMAR,33.244998931884766,2026-10-02,30.725147482883408,0.1541398569577932,,,
NMAX,9.520000457763672,2026-10-02,8.29298802865929,-0.2509834438087366,,,
NMAY,30.454299926757812,2026-10-02,28.537323879530707,0.117179004807624,,,
NMB,22.970199584960938,2026-10-02,24.732502789136422,-0.09136871198364926,1.2100000000000002,0.08,2026-09-25
NMBL,21.059600830078125,2026-10-02,20.41316782909891,0.05477317682744265,0.183,0.183,2025-12-23
NMCO,8.710000038146973,2026-10-02,10.550796839345498,-0.1942645975904771,0.8969999999999998,0.069,2026-10-01
NMG,1.1799999475479126,2026-10-02,2.152430282171029,-0.5800711844923729,,,
NMI,9.289999961853027,2026-10-02,10.276733064081565,-0.06913823767858462,0.4559999999999999,0.038,2026-09-15
NML,10.029999732971191,2026-10-02,9.631274892039508,0.1635730703168865,0.7680000000000002,0.07,2026-09-15
NMR,9.729999542236328,2026-10-02,8.596852583714215,0.35326835393625755,,,
NMS,9.989999771118164,2026-10-02,11.807274913407891,-0.15979819321633593,0.7879999999999998,0.063,2026-09-15
NMT,10.300000190734863,2026-10-02,12.051513941639447,-0.10667819347116037,0.7559999999999998,0.061,2026-09-15
NMZ,8.949999809265137,2026-10-02,10.297290843796445,-0.15246217295226216,0.7920000000000003,0.066,2026-09-15
NNI,123.87000274658203,2026-10-02,131.01270911228136,-0.044655257997801234,1.32,0.33,2026-09-01
NNN,40.95000076293945,2026-10-02,43.59386454730395,-0.04367115705773339,2.42,0.62,2026-07-31
NNOV,32.71049880981445,2026-10-02,29.86779085288485,0.14512509008407748,,,
NNVC,1.2799999713897705,2026-10-02,1.3073705140338001,-0.07246378564303779,,,
NNY,7.829999923706055,2026-10-02,8.444581668215443,-0.06451612535678752,0.3600000000000001,0.03,2026-09-15
NOA,12.180000305175781,2026-10-02,14.229482077032447,-0.15062760281925813,0.261,0.087,2026-08-28
NOAH,7.789999961853027,2026-10-02,10.263585622567104,-0.34866221262487773,1.381,1.381,2026-07-09
NOBL,54.29999923706055,2026-10-02,54.45683261217824,0.0459404464889428,1.1735,0.283,2026-09-23
NOC,478.0,2026-10-02,594.7833861088848,-0.2158020519885292,9.56,2.47,2026-08-31
NOCT,64.8499984741211,2026-10-02,59.87689257617966,0.14011950169377796,,,
NODE,39.513999938964844,2026-10-02,39.68329882526778,-0.09329971824811745,0.39,0.39,2025-12-22
NOEQ,29.700000762939453,2026-10-02,28.38466664067021,,0.121,0.073,2026-09-18
NOG,23.829999923706055,2026-10-02,23.746892442741242,-0.04832272154874262,1.8,0.45,2026-09-29
NOK,10.600000381469727,2026-10-02,9.238605579057063,1.16326534187034,,,
NOMD,10.649999618530273,2026-10-02,11.267131467264488,-0.18640187208670345,0.68,0.17,2026-08-11
NORW,35.5,2026-10-02,34.161195283866974,0.17123063759500634,2.535,2.105,2026-06-29
NOV,18.799999237060547,2026-10-02,18.43470116345531,0.37226273713860536,0.43499999999999994,0.09,2026-09-11
NOVM,34.30500030517578,2026-10-02,33.25479290114931,0.06504195219654796,,,
NOVP,33.695098876953125,2026-10-02,31.380092012929726,0.1267379402535891,,,
NOVZ,47.869998931884766,2026-10-02,45.59109156635178,0.06986410439229851,1.572,1.572,2025-12-24
NOW,134.3800048828125,2026-10-02,127.75246207552603,-0.263558218286012,,,
NOWX,32.880001068115234,2026-10-02,30.21706906680403,,,,
NP,27.43000030517578,2026-10-02,27.065577647600517,-0.09769734705996946,,,
NPB,15.350000381469727,2026-10-02,17.381394443283995,-0.12385844860708028,0.1,0.025,2026-07-15
NPCT,9.149999618530273,2026-10-02,10.178776896807301,-0.16131991324448225,1.1700000000000002,0.09,2026-09-15
NPFE,28.27519989013672,2026-10-02,26.87653980388508,,,,
NPK,150.72999572753906,2026-10-02,126.96868486138455,0.2828084742769281,1.0,1.0,2026-03-09
NPKI,11.789999961853027,2026-10-02,13.63438247969426,0.05645162392963732,,,
NPO,332.55999755859375,2026-10-02,275.410000379342,0.457126599413356,1.27,0.32,2026-09-02
NPV,9.34000015258789,2026-10-02,11.173466177100678,-0.19273980994432582,0.7680000000000002,0.062,2026-09-15
NPWR,1.3899999856948853,2026-10-02,2.172549799618968,-0.5887574146059449,,,
NQLT,25.299999237060547,2026-10-02,25.346949173232257,,,,
NRAM,25.0531005859375,2026-10-02,24.17900612775017,,,,
NRDY,7.650000095367432,2026-10-02,13.760976067577225,-0.5952380820226535,,,
NREF,15.8100004196167,2026-10-02,15.004502026683307,0.11416496738117865,2.0,0.5,2026-09-15
NRG,95.2300033569336,2026-10-02,146.1903585304777,-0.4272912914599416,1.8650000000000002,0.475,2026-08-03
NRGD,13.39799976348877,2026-10-02,43.405561857489474,-0.8373041892927399,,,
NRGU,55.51599884033203,2026-10-02,33.502207197516086,1.825241726110749,,,
NRGV,3.940000057220459,2026-10-02,4.024661357659268,0.17964076600893364,,,
NRK,9.359999656677246,2026-10-02,10.275498006448327,-0.0778325114821452,0.8160000000000003,0.066,2026-09-15
NRO,2.569999933242798,2026-10-02,2.9933466160914812,-0.2043343906914301,0.3720000000000001,0.031,2026-09-15
NRP,109.5,2026-10-02,109.17844618839096,0.013701197953412292,3.12,0.75,2026-08-18
NRR,24.18000030517578,2026-10-02,25.875,,,,
NRSH,31.334999084472656,2026-10-02,27.736756906091454,0.34542712978520096,0.096,0.096,2025-12-24
NRT,8.460000038146973,2026-10-02,7.852669328332422,0.5053381157329624,1.01,0.26,2026-08-17
NRXS,7.110000133514404,2026-10-02,5.6386733254588455,1.2358490516526341,,,
NSC,317.44000244140625,2026-10-02,306.71796748552663,0.05760456070802,5.4,1.35,2026-08-07
NSCI,24.854999542236328,2026-10-02,25.173394374163504,-0.010352388264037837,1.1760000000000002,0.1,2026-10-01
NSEP,32.52539825439453,2026-10-02,30.14407325835817,0.132302796256059,,,
NSIG,25.936899185180664,2026-10-02,24.982735962164206,,,,
NSIV,25.445999145507812,2026-10-02,25.831081953205047,,,,
NSP,46.47999954223633,2026-10-02,38.84601604416076,-0.05796515203702435,2.4,0.6,2026-09-02
NSRX,3.9200000762939453,2026-10-02,4.709215148036699,-0.4243759017281321,,,
NTB,58.7599983215332,2026-10-02,53.730079590086916,0.39011113520678564,1.5,0.5,2026-08-12
NTIP,1.6299999952316284,2026-10-02,1.4687649439055606,0.03821652278662713,0.1,0.05,2026-09-17
NTR,70.05999755859375,2026-10-02,67.86151379893026,0.1804549176044652,1.6500000000000001,0.55,2026-09-29
NTRL,20.390100479125977,2026-10-02,20.834653770781134,0.0074160429696250585,1.292,1.159,2026-09-24
NTSD,47.24190139770508,2026-10-02,45.21278743326229,,0.16,0.095,2026-09-25
NTSE,46.624000549316406,2026-10-02,42.72800801189772,0.26503152331518476,0.938,0.245,2026-09-25
NTSI,45.9119987487793,2026-10-02,45.815649435339694,0.05423649949708187,1.446,0.01,2026-09-25
NTST,17.520000457763672,2026-10-02,19.543984090189536,-0.051948003693320643,0.88,0.225,2026-09-01
NTSX,58.880001068115234,2026-10-02,56.56470132349022,0.08795273891674293,0.628,0.155,2026-09-25
NU,13.430000305175781,2026-10-02,14.966653413506618,-0.12279556256785429,,,
NUAG,19.93199920654297,2026-10-02,21.009868507841194,-0.06343390694500939,0.9359999999999999,0.076,2026-10-01
NUBD,21.09000015258789,2026-10-02,22.167063739670226,-0.06057908971640913,0.8899999999999999,0.076,2026-10-01
NUDG,62.970001220703125,2026-10-02,63.30870590209961,,0.162,0.162,2026-06-30
NUDM,39.65999984741211,2026-10-02,38.65942235391928,0.03632086158928849,2.702,2.702,2025-12-18
NUDV,32.14699935913086,2026-10-02,31.62281680772029,0.10232140868189932,0.76,0.175,2026-09-29
NUE,240.38999938964844,2026-10-02,201.12406356021228,0.7414518333926743,2.24,0.56,2026-09-30
NUEM,43.07500076293945,2026-10-02,39.23222319158425,0.18903026327801964,1.274,1.274,2025-12-18
NUGO,44.76599884033203,2026-10-02,40.780195167815066,0.13091146055184355,,,
NUGT,147.00999450683594,2026-10-02,178.1248607863468,-0.06571344897106213,1.113,0.396,2026-09-22
NUHY,20.350000381469727,2026-10-02,21.400223135473244,-0.061130283839885835,1.4379999999999997,0.124,2026-10-01
NUKX,31.329999923706055,2026-10-02,40.43577195493967,,3.1310000000000002,0.075,2026-09-29
NUKZ,60.84000015258789,2026-10-02,68.0240795393864,-0.09893360223033243,0.578,0.578,2025-12-30
NULC,56.0629997253418,2026-10-02,51.802800775049214,0.06992502884555951,4.866,4.866,2025-12-18
NULG,114.80999755859375,2026-10-02,104.13110774066818,0.15132366780153772,0.111,0.111,2025-12-18
NULV,53.209999084472656,2026-10-02,48.42914336611075,0.20849422120566263,0.737,0.737,2025-12-18
NUMG,46.415000915527344,2026-10-02,46.02591232664557,-0.05737206877827661,0.006,0.006,2025-12-18
NUMI,23.610000610351562,2026-10-02,24.995569799050866,-0.05142622782984951,0.8539999999999999,0.069,2026-10-01
NUMV,42.84000015258789,2026-10-02,41.326278838503406,0.09874322411859127,0.6,0.6,2025-12-18
NURE,29.489999771118164,2026-10-02,29.688649348528738,0.030110364115835564,1.302,0.279,2026-09-29
NUS,4.610000133514404,2026-10-02,7.619003977908556,-0.5945470378263137,0.24,0.06,2026-08-28
NUSA,22.60300064086914,2026-10-02,23.231593743738426,-0.034059785925380726,0.8939999999999999,0.076,2026-10-01
NUSC,49.310001373291016,2026-10-02,47.93754975824242,0.10436729424771007,0.467,0.467,2025-12-18
NUV,8.279999732971191,2026-10-02,9.04621514476153,-0.08203998749862029,0.39600000000000013,0.033,2026-09-15
NUVB,5.139999866485596,2026-10-02,5.753466143551101,0.3854446937021765,,,
NUW,13.34000015258789,2026-10-02,14.169003995766202,-0.06122448157801219,0.5880000000000001,0.049,2026-09-15
NVA,5.760000228881836,2026-10-02,6.705629502634603,0.3168724584901488,,,
NVBT,40.945098876953125,2026-10-02,38.083876940358685,0.13233127903023134,,,
NVBU,31.389999389648438,2026-10-02,29.771725111273657,0.10063109697824357,,,
NVBW,36.680198669433594,2026-10-02,34.655506909131056,0.10051595122498358,,,
NVC,33.5099983215332,2026-10-02,28.92724637017734,,,,
NVDB,35.689998626708984,2026-10-02,29.464147453764046,0.16997212288440133,0.702,0.253,2026-09-23
NVDQ,7.760000228881836,2026-10-02,14.021454148083569,-0.575956253967129,0.044,0.044,2025-12-24
NVDW,38.314998626708984,2026-10-02,39.674000097935895,-0.22938460003989625,19.081,0.281,2026-09-28
NVDX,21.649999618530273,2026-10-02,18.010677345245483,0.12292525142524346,0.573,0.573,2025-12-24
NVDY,12.829999923706055,2026-10-02,13.818366510459626,-0.23812352687334137,7.052,0.087,2026-10-01
NVG,10.710000038146973,2026-10-02,12.505179283628426,-0.12785014079510504,0.9479999999999998,0.079,2026-09-15
NVGS,23.84000015258789,2026-10-02,19.88262950471673,0.512690343043182,0.28,0.07,2026-08-19
NVIB,29.139999389648438,2026-10-02,27.42638307936648,,0.9179999999999999,0.238,2026-09-30
NVII,25.479999542236328,2026-10-02,26.757474146991136,-0.21065673773884397,12.947,0.131,2026-09-29
NVIR,38.41899871826172,2026-10-02,37.230187191906204,0.1725621679822027,0.299,0.299,2025-12-23
NVIT,51.93000030517578,2026-10-02,49.57452514509088,0.05437345617528333,10.221,0.243,2026-09-22
NVO,37.31999969482422,2026-10-02,46.75043815825565,-0.37414054961706855,1.8539999999999999,0.579,2026-08-17
NVOC,13.75,2026-10-02,20.96344837649115,,,,
NVOH,20.993999481201172,2026-10-02,25.520506019136345,-0.35031255751293155,1.56,0.03,2026-09-16
NVOX,9.100000381469727,2026-10-02,17.253525942920213,-0.7198275705134702,,,
NVR,5993.85009765625,2026-10-02,6848.497688931773,-0.26707629033305824,,,
NVRI,20.209999084472656,2026-10-02,18.831115540280287,0.6883875216060609,,,
NVS,141.0,2026-10-02,146.4284854600154,0.0650351284088364,4.773,4.773,2026-03-11
NVST,23.459999084472656,2026-10-02,24.552390398732218,0.12517979161873516,,,
NVT,169.55999755859375,2026-10-02,133.17418366694355,0.733742252225279,0.83,0.21,2026-07-24
NVTC,13.220000267028809,2026-10-02,14.112857122269888,,,,
NVTX,17.649999618530273,2026-10-02,44.97170129145284,-0.5967557817240183,3.515,3.515,2025-12-17
NWAX,10.069999694824219,2026-10-02,10.107528779698514,,,,
NWG,17.670000076293945,2026-10-02,16.78051793527793,0.18670246265090573,0.9430000000000001,0.322,2026-08-14
NWN,47.380001068115234,2026-10-02,49.258326739429,0.06735755169134006,1.972,0.493,2026-07-31
NX,19.0,2026-10-02,17.758087633140534,0.2898846293592887,0.32,0.08,2026-09-15
NXB,1.909999966621399,2026-10-02,2.4606171218124597,-0.4973684235292789,,,
NXDR,2.440000057220459,2026-10-02,1.9936653394623107,0.18446608009521936,,,
NXDT,5.300000190734863,2026-10-02,4.493824708034317,0.49295782026046187,0.48,0.03,2026-09-15
NXE,9.0,2026-10-02,10.463346620004966,0.03211006013725681,,,
NXG,55.45000076293945,2026-10-02,54.460637476339755,0.1139012077678212,6.719999999999999,0.6,2026-09-15
NXP,13.289999961853027,2026-10-02,14.232430302289378,-0.07963986509338583,0.6480000000000001,0.054,2026-09-15
NXPG,8.1899995803833,2026-10-02,9.772674405297568,,,,
NXPX,12.479999542236328,2026-10-02,14.986516845360232,,,,
NXRT,18.670000076293945,2026-10-02,27.800438284399025,-0.4095509303994508,2.12,0.53,2026-09-15
NXTE,49.47200012207031,2026-10-02,43.919964079837875,0.22972907494396244,0.176,0.117,2026-06-25
NXTI,36.1088981628418,2026-10-02,33.009366236834886,0.10593863630362521,0.24300000000000002,0.1,2026-09-25
NXUS,24.206899642944336,2026-10-02,24.931656978044852,-0.03577374688977952,0.694,0.069,2026-10-01
NYC,6.510000228881836,2026-10-02,8.365645440926114,-0.33462796760938496,,,
NYF,50.52000045776367,2026-10-02,53.332111525820544,-0.051623802822761355,1.677,0.139,2026-10-01
NYM,24.065000534057617,2026-10-02,24.95625783284505,-0.03836160236189601,0.6160000000000001,0.058,2026-09-01
NYNY,26.170000076293945,2026-10-02,26.712307673234207,,,,
NYSX,133.36300659179688,2026-10-02,121.62691671198064,,0.059,0.059,2026-07-06
NYT,62.70000076293945,2026-10-02,70.98856577170322,0.12708969187628583,0.82,0.23,2026-07-08
NYYY,46.29650115966797,2026-10-02,43.746458820461,,2.838,0.168,2026-09-16
NZF,10.960000038146973,2026-10-02,12.433227105919583,-0.1210906332435564,0.9599999999999999,0.08,2026-09-15
O,54.130001068115234,2026-10-02,61.053665206726805,-0.10380795197624682,3.248,0.272,2026-09-30
OACP,21.655000686645508,2026-10-02,22.79922305255297,-0.06340554408931875,0.8939999999999999,0.077,2026-08-28
OAEM,50.05500030517578,2026-10-02,42.92146217680548,0.4379075326872679,0.283,0.283,2025-12-30
OAIM,48.02000045776367,2026-10-02,44.57880872749237,0.18334150544604877,0.407,0.407,2025-12-30
OAIW,24.969999313354492,2026-10-02,24.131388929155136,,,,
OAKG,25.941999435424805,2026-10-02,25.838684730341868,0.0070651865266255776,0.01,0.01,2025-12-30
OAKI,25.621299743652344,2026-10-02,25.92788812797058,0.0010666516030291007,0.01,0.01,2025-12-30
OAKM,29.420000076293945,2026-10-02,28.46807171339058,0.10228548098950863,0.19,0.19,2025-12-10
OALC,41.540000915527344,2026-10-02,37.8177131713624,0.1889973549234183,0.215,0.215,2025-12-30
OARK,29.924999237060547,2026-10-02,33.868302827812286,-0.3350000169542101,17.271000000000004,0.204,2026-10-01
OASC,34.66999816894531,2026-10-02,31.839294851538668,0.2024415755825506,0.157,0.157,2025-12-30
OBDC,10.300000190734863,2026-10-02,11.674741034488754,-0.18641387718181246,1.3800000000000001,0.31,2026-09-30
OBE,10.399999618530273,2026-10-02,8.909282876200885,0.5453194040201552,,,
OBK,53.619998931884766,2026-10-02,44.596733047667726,0.5519536936593767,0.8,0.25,2026-08-14
OBND,24.68199920654297,2026-10-02,25.820290827656173,-0.057615241078132984,1.65,0.151,2026-10-01
OBOR,27.0939998626709,2026-10-02,27.213175268287202,0.0649738563311626,0.515,0.515,2025-12-22
OC,118.36000061035156,2026-10-02,124.33601589126891,-0.14677047600337645,3.06,0.79,2026-07-20
OCAC,10.0,2026-10-02,9.955454457889903,,,,
OCDB,26.639400482177734,2026-10-02,25.97114810576806,,,,
OCIO,38.04899978637695,2026-10-02,36.72077683528581,0.0221081504437175,3.508,0.106,2026-09-29
OCNL,27.979999542236328,2026-10-02,24.01878063853194,,,,
OCT,30.650699615478516,2026-10-02,30.59535026550293,,,,
OCTB,28.31999969482422,2026-10-02,26.341315550882307,0.1347062860426833,,,
OCTH,23.950000762939453,2026-10-02,24.060884498505004,0.0020082141592903113,1.552,0.388,2026-09-30
OCTI,25.01129913330078,2026-10-02,24.920649528503418,,,,
OCTJ,23.940000534057617,2026-10-02,24.03845418496911,0.001883242328180268,1.272,0.318,2026-09-30
OCTM,34.224998474121094,2026-10-02,33.11124300101839,0.062393242651334724,,,
OCTP,33.70000076293945,2026-10-02,31.21784865998652,0.13330645324750856,,,
OCTT,48.77000045776367,2026-10-02,44.92196428823281,0.1411390715945271,,,
OCTU,31.0,2026-10-02,29.32105578844291,0.09929075040098279,,,
OCTW,42.122501373291016,2026-10-02,39.884320810021634,0.09665455716290605,,,
OCTZ,46.630001068115234,2026-10-02,44.28366537208101,0.06993713653503453,1.699,1.699,2025-12-24
ODC,89.66000366210938,2026-10-02,72.79298808185227,0.4785620805500008,0.815,0.225,2026-08-07
ODDZ,20.810199737548828,2026-10-02,25.166732696386482,,,,
ODHY,9.678999900817871,2026-10-02,10.00209555682908,-0.038350690080280136,0.5189999999999999,0.046,2026-09-29
OEC,5.789999961853027,2026-10-02,6.182031880336929,-0.19694869192523567,0.063,0.021,2026-07-06
OEF,384.8299865722656,2026-10-02,352.8607572882299,0.1522545479166988,3.263,0.763,2026-09-15
OEFA,34.45500183105469,2026-10-02,33.95692440808057,0.015173931207540514,0.571,0.081,2026-09-17
OEI,26.18000030517578,2026-10-02,25.631348738149434,0.04992985225180746,2.1350000000000002,0.2,2026-09-17
OFG,51.290000915527344,2026-10-02,44.7704782068017,0.20257911091529301,1.0499999999999998,0.35,2026-09-30
OFRM,16.219999313354492,2026-10-02,17.617212116357052,,,,
OGC,27.110000610351562,2026-10-02,29.25338649369806,0.2195232194604133,0.3,0.09,2026-08-19
OGE,45.34000015258789,2026-10-02,46.32167325266804,-0.012630619326759018,1.7,0.425,2026-07-06
OGEN,0.49000000953674316,2026-10-02,0.7463346585572004,-0.6259541748551016,,,
OGG,2.809999942779541,2026-10-02,3.186533873774616,-0.17109148795764673,,,
OGIG,50.26499938964844,2026-10-02,48.43068526370592,-0.12369248858450521,0.039,0.039,2025-12-18
OGN,13.720000267028809,2026-10-02,10.295458199018501,0.2461398711907381,0.08,0.02,2026-08-14
OGS,72.56999969482422,2026-10-02,81.08649417223684,-0.0898031275636052,2.7100000000000004,0.68,2026-08-17
OGSP,9.925000190734863,2026-10-02,10.03517930916106,-0.015376957752416653,0.5850000000000001,0.047,2026-09-29
OHI,45.720001220703125,2026-10-02,45.76402396699822,0.11105709660667173,2.6900000000000004,0.68,2026-08-03
OI,5.599999904632568,2026-10-02,10.8976892323133,-0.5672333781894382,,,
OIA,5.599999904632568,2026-10-02,6.076294822996831,-0.0743802102339497,0.3480000000000001,0.029,2026-09-14
OIH,382.70001220703125,2026-10-02,366.20071660379966,0.4566284634569062,4.869,4.869,2025-12-22
OII,44.31999969482422,2026-10-02,35.6220318539684,0.8193759681594932,,,
OILD,30.200000762939453,2026-10-02,61.30788437588756,-0.7262012699240976,,,
OILK,55.880001068115234,2026-10-02,47.93131479514073,0.4244201305165185,9.538,2.573,2026-10-01
OILT,31.40999984741211,2026-09-21,32.625439453125,,0.1864,0.1864,2026-09-25
OILU,48.16400146484375,2026-10-02,37.8496254772779,1.0228476499437607,,,
OIS,8.229999542236328,2026-10-02,8.657011966781312,0.3084260082907502,,,
OKE,87.87999725341797,2026-10-02,83.41254953939126,0.20565232527493138,4.24,1.07,2026-08-03
OKLC,9.670000076293945,2026-10-02,14.675555637904576,,,,
OKLO,35.869998931884766,2026-10-02,71.40382459724091,-0.7183574217966098,,,
OLN,15.899999618530273,2026-10-02,22.651235052313936,-0.38276399544813033,0.8,0.2,2026-08-27
OLP,22.030000686645508,2026-10-02,22.57685257049196,-0.00899679980698287,1.8,0.45,2026-09-28
OMAH,17.530000686645508,2026-10-02,18.615079704983774,-0.09029578255236304,2.5669999999999997,0.23,2026-08-24
OMC,74.1500015258789,2026-10-02,77.73605568570444,-0.04458187163074401,3.2,0.8,2026-09-18
OMF,56.02000045776367,2026-10-02,59.54501991727913,-0.0030254168553139893,4.2,1.05,2026-08-10
OMFL,70.30500030517578,2026-10-02,64.80621512667591,0.16805120301129772,0.586,0.136,2026-09-21
OMFS,49.91999816894531,2026-10-02,48.36902394997646,0.1294117037844471,0.642,0.205,2026-09-21
OND,32.83700180053711,2026-10-02,37.54501997807112,-0.3217457593464571,,,
ONDC,16.889999389648438,2026-10-02,22.347142931014773,,,,
ONDL,5.090000152587891,2026-10-02,16.489005273549346,,,,
ONDU,13.359999656677246,2026-10-02,35.35501643065568,,,,
ONEH,24.364999771118164,2026-10-02,24.614205977495978,,,,
ONEO,150.31500244140625,2026-10-02,141.20528673270783,0.16463676819055562,1.888,0.489,2026-09-21
ONEV,139.66700744628906,2026-10-02,139.5150603032207,0.04135075907698904,2.794,0.738,2026-09-21
ONEY,123.89199829101562,2026-10-02,123.12696807982913,0.08636215363232314,3.814,1.052,2026-09-21
ONEZ,28.15999984741211,2026-10-02,26.89357370019434,0.058368078925679745,1.03,1.03,2025-12-24
ONG,5.449999809265137,2026-10-02,7.155581396679546,,,,
ONIT,27.260000228881836,2026-10-02,39.985298795054156,-0.28130767177552485,,,
ONL,2.4100000858306885,2026-10-02,2.5233466107531846,-0.0939849593733858,0.08,0.02,2026-09-30
ONLN,54.08000183105469,2026-10-02,57.6762549867668,-0.12942687120207486,0.16699999999999998,0.047,2026-06-24
ONOF,41.19269943237305,2026-10-02,38.64704256703654,0.10691402846846176,0.493,0.164,2026-06-29
ONON,30.850000381469727,2026-10-02,38.85402388401715,-0.2672208669928279,,,
ONT,12.710000038146973,2026-10-02,21.709880448907494,-0.5519915522677716,,,
ONTO,327.7699890136719,2026-10-02,230.29677311262762,1.2807735975287793,,,
ONTX,20.479999542236328,2026-10-02,18.421549286640865,,,,
ONX,8.670000076293945,2026-10-02,11.643146161283001,,,,
OOMA,20.799999237060547,2026-10-02,15.71131472568588,0.7946504713734786,,,
OOSP,10.0,2026-10-02,10.14931474358912,-0.0181640070687068,0.6360000000000001,0.05,2026-09-29
OPER,100.125,2026-10-02,100.18155791749992,0.00029970307139248753,3.781,0.35,2026-09-29
OPEX,3.9600000381469727,2026-10-02,31.125628719852948,-0.9502824863492271,,,
OPFI,5.96999979019165,2026-10-02,8.959760969853496,-0.4492620197273336,,,
OPHC,9.039999961853027,2026-10-02,5.743306790690023,1.1575178611930466,,,
OPLN,35.529998779296875,2026-10-02,32.02621513913827,0.25326272667425354,,,
OPP,6.949999809265137,2026-10-02,7.75691234543029,-0.18618268848831343,1.1039999999999999,0.091,2026-09-15
OPPE,57.48899841308594,2026-10-02,54.85879691378529,0.16186335782022576,1.649,0.265,2026-09-25
OPPG,36.29800033569336,2026-10-02,35.022924202846816,0.1338872659994561,0.198,0.198,2025-12-26
OPTT,1.0199999809265137,2026-10-02,0.4482470092426733,0.8214285296140886,,,
OPTU,0.9160000085830688,2026-10-02,1.4398924285672101,-0.6335999965667725,,,
OPY,120.12999725341797,2026-10-02,93.08589658699188,0.6756868902550637,1.7599999999999998,0.2,2026-08-14
OR,34.470001220703125,2026-10-02,36.4835059633293,-0.12557070467196896,0.185,0.065,2026-09-29
ORA,92.86000061035156,2026-10-02,112.96749002525056,-0.08331690214356602,0.48,0.12,2026-08-19
ORAC,21.030000686645508,2026-10-02,21.273970624979803,,,,
ORC,5.110000133514404,2026-10-02,7.033745022883928,-0.28330995070186016,1.3200000000000003,0.1,2026-09-30
ORCL,142.3000030517578,2026-10-02,179.77055750995044,-0.5026910052178721,2.0,0.5,2026-07-10
ORCZ,16.59000015258789,2026-10-02,18.696841976098845,,,,
ORI,38.060001373291016,2026-10-02,41.400199251820844,-0.12202992588311345,3.735,0.315,2026-09-04
ORN,9.300000190734863,2026-10-02,11.499601622501693,0.09669819490135101,,,
ORO,20.703899383544922,2026-10-02,19.025862729401016,0.04349074126946495,,,
OSCR,30.940000534057617,2026-10-02,21.077490058078233,0.42843955457156957,,,
OSCV,39.849998474121094,2026-10-02,39.938669257904905,0.043466873713138954,0.46,0.13,2026-09-29
OSEA,29.292999267578125,2026-10-02,30.24433863210488,-0.03259581891299901,0.376,0.376,2025-12-19
OSG,4.599999904632568,2026-10-02,6.131394418587248,-0.4871795130775112,,,
OSK,133.85000610351562,2026-10-02,143.16326749277306,0.018567859169079437,2.2199999999999998,0.57,2026-08-13
OSSL,3.380000114440918,2026-10-02,10.482555585437352,,,,
OSTX,1.6200000047683716,2026-10-02,1.6337848607287464,-0.19801979204706432,,,
OTAI,10.010000228881836,2026-10-02,9.980294101378497,,,,
OTAX,50.44609832763672,2026-10-02,50.05982225591486,,,,
OTF,9.579999923706055,2026-10-02,12.114143409577023,-0.33006994434076664,1.5999999999999999,0.35,2026-09-30
OTIS,64.05000305175781,2026-10-02,80.44103560124735,-0.30030585087209216,1.72,0.44,2026-08-14
OUNZ,39.849998474121094,2026-10-02,42.77390424568814,0.06493854687551615,,,
OUSA,59.63999938964844,2026-10-02,58.377386435094586,0.05185182693384793,0.8319999999999999,0.075,2026-09-17
OUSL,18.6200008392334,2026-10-02,16.03189650897322,,,,
OUSM,46.540000915527344,2026-10-02,46.034956122774524,0.041629377745015406,0.97,0.088,2026-09-17
OUT,28.700000762939453,2026-10-02,27.1770518177534,0.581267292900554,1.23,0.33,2026-09-04
OVB,19.469999313354492,2026-10-02,20.496322639434936,-0.0546708740205345,1.5330000000000001,0.103,2026-09-29
OVF,30.920000076293945,2026-10-02,30.770199186773414,0.05255993513352353,3.6189999999999998,0.277,2026-09-29
OVL,56.939998626708984,2026-10-02,54.65214748306578,0.09143186937282777,5.135,0.493,2026-09-29
OVLH,42.41360092163086,2026-10-02,40.45633302361842,0.08474686897246109,0.119,0.119,2025-12-23
OVM,20.395299911499023,2026-10-02,21.546511137153047,-0.04292349025654507,1.4240000000000002,0.093,2026-09-29
OVS,38.900001525878906,2026-10-02,38.61709172222244,0.08756429862440318,3.8819999999999997,0.343,2026-09-29
OVT,21.243000030517578,2026-10-02,21.957944239278238,-0.03777685584411383,1.9,0.12,2026-09-29
OVV,60.34000015258789,2026-10-02,51.49195232619327,0.5039880797363028,1.2,0.3,2026-09-15
OWL,9.079999923706055,2026-10-02,11.894980107645589,-0.4419176602190391,0.91,0.23,2026-08-13
OWLT,5.059999942779541,2026-10-02,8.110278897076489,-0.4129930382880329,,,
OWN,25.190000534057617,2026-10-02,24.635058818143957,,,,
OWNB,22.66200065612793,2026-10-02,22.179749021492157,-0.37345861754604737,0.187,0.187,2025-12-08
OWNS,16.325000762939453,2026-10-02,17.37099199940959,-0.064201716909004,0.7170000000000001,0.166,2026-09-30
OXM,24.93000030517578,2026-10-02,37.730876580652485,-0.3864139884372332,2.7800000000000002,0.7,2026-07-17
OXY,58.08000183105469,2026-10-02,51.55792829050011,0.29498336247586354,1.04,0.28,2026-09-10
P,140.13999938964844,2026-10-02,80.27382460818347,0.6130295098983229,,,
PAAA,51.31999969482422,2026-10-02,51.36762968572487,0.0,2.3920000000000003,0.188,2026-09-30
PAAI,1.159999966621399,2026-10-02,2.6486055765493934,-0.7656565633699268,,,
PAAS,45.5099983215332,2026-10-02,50.129681195870816,0.1648323183263838,0.544,0.184,2026-08-24
PAB,40.16600036621094,2026-10-02,42.3552947329335,-0.06372962849473829,1.905,0.151,2026-09-30
PAC,200.89999389648438,2026-10-02,238.5029483506404,-0.12305208822749336,,,
PACK,4.090000152587891,2026-10-02,5.305896406629646,-0.2996575264171045,,,
PACS,42.849998474121094,2026-10-02,34.91167327987245,2.13002189828565,,,
PAG,204.02999877929688,2026-10-02,175.57195205992437,0.17063518640648367,5.639999999999999,1.44,2026-08-14
PAGS,9.020000457763672,2026-10-02,9.713784882746845,-0.035294108047317696,0.54,0.28,2026-09-16
PAI,11.380000114440918,2026-10-02,12.248605568570445,-0.11370716672870995,0.6360000000000001,0.053,2026-09-23
PAII,10.329999923706055,2026-10-02,10.158270877670956,0.038190967007564414,,,
PALC,53.939998626708984,2026-10-02,54.54115540097909,0.04231881404268578,0.6960000000000001,0.217,2026-09-03
PALL,21.25,2026-10-02,26.727521987550286,-0.08151796791522326,,,
PAM,76.38999938964844,2026-10-02,82.5396016641442,0.25641447941145756,,,
PAMC,52.45000076293945,2026-10-02,50.672346578651215,0.1168842741636762,0.6529999999999999,0.158,2026-09-03
PAPI,26.530000686645508,2026-10-02,26.880450214522767,0.015696777727367994,2.061,0.177,2026-09-30
PAPL,0.9330000281333923,2026-10-02,1.6092868463926582,-0.8288073282961829,,,
PAPR,43.279998779296875,2026-10-02,40.651975973668804,0.12708325675792476,,,
PAR,14.25,2026-10-02,22.68573714252487,-0.6317829529955378,,,
PARR,84.0,2026-10-02,55.75541819234293,1.4475524693162511,,,
PATH,13.119999885559082,2026-10-02,13.248127469978485,0.0170542847701165,,,
PATX,9.600000381469727,2026-10-02,10.610005491382474,,,,
PAUG,46.869998931884766,2026-10-02,44.360649458440655,0.10308300965866235,,,
PAVE,53.880001068115234,2026-10-02,53.03655376662296,0.12367049449056688,0.431,0.103,2026-06-29
PAWZ,46.7599983215332,2026-10-02,52.18015935221516,-0.15914407825363286,0.36200000000000004,0.056,2026-09-23
PAXS,13.390000343322754,2026-10-02,14.862191261048336,-0.1835365454403144,1.788,0.149,2026-09-11
PAY,30.829999923706055,2026-10-02,29.525298798701677,-0.050800481582047086,,,
PAYC,220.99000549316406,2026-10-02,159.8685260787903,0.09476867544322931,1.5,0.375,2026-08-24
PAYH,24.729999542236328,2026-10-02,24.623884800216914,,2.678,0.358,2026-09-01
PAYM,25.3700008392334,2026-10-02,25.046178058804017,,1.6520000000000001,0.213,2026-09-01
PAYR,51.99380111694336,2026-10-02,53.289906440242646,0.04531160760801223,4.349,0.384,2026-09-30
PB,67.37999725341797,2026-10-02,69.82119524526406,0.02370096575245695,2.4,0.6,2026-09-15
PBA,45.88999938964844,2026-10-02,43.91812747788144,0.090282709035032,1.572,0.529,2026-09-15
PBAP,31.725000381469727,2026-10-02,29.970609535734017,0.11550632157964413,,,
PBAU,32.2057991027832,2026-10-02,30.626094818115234,0.09357549298646228,,,
PBD,17.110000610351562,2026-10-02,18.063505978223336,0.07745595006590134,0.257,0.069,2026-09-21
PBDC,26.81999969482422,2026-10-02,28.533649398986086,-0.14857143825954866,3.0549999999999997,0.696,2026-07-07
PBDE,31.799800872802734,2026-10-02,30.102170511070952,0.10877965601220496,,,
PBE,95.06999969482422,2026-10-02,83.83529906253891,0.30752304898772276,1.332,0.019,2026-09-21
PBF,80.77999877929688,2026-10-02,45.215458189823714,1.6467889111301792,1.1,0.275,2026-08-14
PBFB,32.724998474121094,2026-10-02,31.077509952256403,0.1004808491598097,,,
PBFR,31.3799991607666,2026-10-02,29.846438229321482,0.09624451216651875,0.002,0.002,2025-12-30
PBH,45.2599983215332,2026-10-02,56.63310764510318,-0.29237024750801144,,,
PBI,16.760000228881836,2026-10-02,13.412509944809386,0.5071942806984293,0.38,0.1,2026-08-10
PBJ,45.310001373291016,2026-10-02,47.31095614186321,-0.01499997014584753,0.5860000000000001,0.176,2026-09-21
PBJA,33.109798431396484,2026-10-02,31.479345883981164,0.09816911609667511,,,
PBJL,31.979700088500977,2026-10-02,30.55428963923359,0.08700543866652088,,,
PBJN,31.50079917907715,2026-10-02,30.37470837323314,0.07200268619075056,,,
PBL,33.499000549316406,2026-10-02,32.03225498275453,0.07575469511576638,0.684,0.684,2025-12-30
PBMR,32.86520004272461,2026-10-02,31.224813453704712,0.10101171265400244,,,
PBMY,31.899799346923828,2026-10-02,30.57176015481531,0.08098268720794732,0.023,0.023,2025-12-30
PBNV,31.92620086669922,2026-10-02,30.11255058349366,0.10318591145592193,,,
PBOC,31.579999923706055,2026-10-02,29.837219116697273,0.10054017283722816,,,
PBOT,35.84700012207031,2026-10-02,28.31144626869643,0.44381349282501015,0.024,0.024,2025-12-19
PBP,23.40999984741211,2026-10-02,22.794860513086814,0.05213482460279151,2.825,0.189,2026-09-21
PBR,21.649999618530273,2026-10-02,16.739840667086295,0.7459677648842031,0.797,0.53,2026-08-25
PBSE,31.464799880981445,2026-10-02,30.06470839815786,0.08630415036162908,,,
PBT,31.56999969482422,2026-10-02,23.72772906785942,0.7627023988716504,0.28300000000000003,0.02,2026-09-30
PBTP,25.5,2026-10-02,26.02622310288874,-0.02444622749366554,1.03,0.016,2026-09-21
PBUS,77.19000244140625,2026-10-02,71.33350613962607,0.14678361671625217,0.7690000000000001,0.187,2026-09-21
PBW,29.520000457763672,2026-10-02,34.1775697123007,-0.069063345630349,0.668,0.275,2026-09-21
PCEB,23.219999313354492,2026-10-02,24.49711539195134,,0.28900000000000003,0.082,2026-08-31
PCEF,19.459999084472656,2026-10-02,19.9071314990283,-0.027486313749028546,1.5059999999999998,0.115,2026-09-21
PCF,5.110000133514404,2026-10-02,5.775697217994477,-0.1863057384085105,0.7570000000000002,0.058,2026-09-22
PCFI,22.475000381469727,2026-10-02,23.118952207831274,-0.07624330242717758,2.2339999999999995,0.097,2026-09-30
PCG,12.319999694824219,2026-10-02,16.42498006478724,-0.22515723330797,0.2,0.05,2026-09-30
PCHI,23.5049991607666,2026-10-02,24.663577676294334,-0.07314674309699254,1.847,0.144,2026-09-30
PCI,47.237998962402344,2026-10-02,50.1427090101508,-0.07232776984313383,2.4690000000000003,0.185,2026-09-30
PCL,45.24700164794922,2026-10-02,49.79915143199176,-0.1248162286221085,2.8620000000000005,0.224,2026-09-30
PCLC,25.95050048828125,2026-10-02,24.778651078542072,,,,
PCLG,22.934999465942383,2026-10-02,23.024988068052497,-0.09440893656766725,0.009,0.009,2025-12-03
PCLN,31.51300048828125,2026-10-02,28.329933867966833,0.25036708308012257,0.019,0.019,2025-12-19
PCLO,24.915000915527344,2026-10-02,24.949131505897796,-0.002402380982019947,1.2600000000000002,0.104,2026-09-21
PCM,5.050000190734863,2026-10-02,5.835498013819357,-0.2462686067913854,0.7680000000000002,0.064,2026-09-11
PCN,10.869999885559082,2026-10-02,12.180199193764492,-0.1894108867080414,1.356,0.113,2026-09-11
PCOR,50.95000076293945,2026-10-02,58.751713270210175,-0.2990782906630236,,,
PCOV,23.860000610351562,2026-10-02,24.515624940395355,,,,
PCPC,24.410200119018555,2026-10-02,24.43644278390067,,,,
PCPP,26.6200008392334,2026-10-02,26.366144662880036,,,,
PCQ,7.760000228881836,2026-10-02,8.756414331762914,-0.11717858218898747,0.4319999999999999,0.036,2026-09-11
PCR,18.1299991607666,2026-10-02,21.041502021698363,-0.2610556644173402,2.29,0.18,2026-09-25
PCS,48.97999954223633,2026-10-02,50.12686050840583,-0.028097475370730596,2.162,0.178,2026-09-30
PCSG,23.149999618530273,2026-10-02,23.430312514305115,,,,
PCY,19.799999237060547,2026-10-02,21.440717142416663,-0.08418138443686507,1.2620000000000002,0.108,2026-09-21
PD,15.34000015258789,2026-10-02,10.77390437867062,-0.043044323424917375,,,
PDCC,8.378999710083008,2026-10-02,11.874043818014076,-0.4967567626393352,2.28,0.13,2026-09-16
PDEC,47.290000915527344,2026-10-02,44.4577849794669,0.12407894600829605,,,
PDI,14.399999618530273,2026-10-02,17.166693223900054,-0.27528943078364576,2.652,0.221,2026-09-11
PDM,9.0,2026-10-02,8.48509958160826,0.02974831071975781,,,
PDN,45.95000076293945,2026-10-02,44.617768853784085,0.10589654889702915,1.514,0.306,2026-09-21
PDO,12.109999656677246,2026-10-02,13.335366484653427,-0.14416961249818872,1.5360000000000005,0.128,2026-09-11
PDS,84.91000366210938,2026-10-02,80.63223132859189,0.46194905277549436,,,
PDT,11.779999732971191,2026-10-02,12.892948207627255,-0.11958149236059123,1.011,0.088,2026-09-11
PDX,20.760000228881836,2026-10-02,21.13278086536909,-0.1557543676266704,4.566000000000001,0.133,2026-09-11
PEB,19.06999969482422,2026-10-02,14.363784847031551,0.724231371727662,0.04,0.01,2026-09-30
PED,12.8100004196167,2026-10-02,12.905896380603076,0.11197915890564558,,,
PEG,68.06999969482422,2026-10-02,79.46960160456806,-0.16987805250214372,2.64,0.67,2026-09-09
PEJ,62.5099983215332,2026-10-02,61.813227087378024,0.04305019194426074,0.336,0.056,2026-09-21
PEMX,87.73799896240234,2026-10-02,76.60032282977465,0.36559321098008657,4.501,4.501,2025-12-19
PEN,317.54998779296875,2026-10-02,315.06625475636514,0.2401389940664369,,,
PENU,25.729999542236328,2026-10-02,21.625609677012374,,,,
PEO,27.81999969482422,2026-10-02,25.113506013178732,0.2861766423590668,2.04,0.54,2026-07-27
PERF,1.909999966621399,2026-10-02,1.751434255406201,0.01595743163077734,,,
PEVC,32.11600112915039,2026-10-02,29.25964143456691,0.11008957174547551,1.2790000000000001,0.014,2026-09-03
PEW,1.9299999475479126,2026-10-02,3.0391633420351494,-0.6108871103418481,,,
PEX,22.399999618530273,2026-10-02,23.561792806800142,-0.1594746739525238,1.282,0.245,2026-09-23
PEXL,74.79940032958984,2026-10-02,65.69884209803851,0.28565486313577027,0.257,0.083,2026-09-03
PFE,27.799999237060547,2026-10-02,26.149880489030206,0.015710573059638744,1.72,0.43,2026-07-24
PFEB,44.220001220703125,2026-10-02,41.75603591493402,0.11217311588150847,,,
PFGC,93.8499984741211,2026-10-02,96.96669334624393,-0.08501512378519727,,,
PFIG,23.030000686645508,2026-10-02,24.024422246621423,-0.05304272304136781,1.0519999999999998,0.086,2026-09-21
PFIX,65.0999984741211,2026-10-02,47.796171226349486,0.3806998169107183,3.7100000000000004,0.1,2026-09-25
PFL,6.980000019073486,2026-10-02,8.021752988199788,-0.1797885039551148,0.9719999999999999,0.081,2026-09-11
PFLT,6.840000152587891,2026-10-02,8.327808767675878,-0.22711866014044546,1.156,0.083,2026-09-15
PFN,6.340000152587891,2026-10-02,7.128884457971945,-0.16358836195237014,0.8639999999999998,0.072,2026-09-11
PFRL,49.5099983215332,2026-10-02,49.53703180442293,-0.0061226601141016745,3.071,0.235,2026-09-30
PFRX,33.28519821166992,2026-10-02,33.07461929321289,,,,
PFS,22.579999923706055,2026-10-02,21.736215120292755,0.14677497771773207,0.96,0.24,2026-08-14
PFSI,62.0,2026-10-02,98.91601589856394,-0.4965489303142945,1.2,0.3,2026-08-17
PG,144.91000366210938,2026-10-02,147.69155446086748,-0.04833519671531705,4.292,1.089,2026-07-24
PGHY,19.030000686645508,2026-10-02,19.784701183972604,-0.045158033354196436,1.3910000000000002,0.112,2026-09-21
PGP,8.419899940490723,2026-10-02,8.752071319823246,-0.022078945849794196,0.8279999999999998,0.069,2026-09-11
PGR,210.30999755859375,2026-10-02,212.32179272412304,-0.1440374433423518,13.999999999999998,0.1,2026-10-01
PGRI,26.424800872802734,2026-10-02,25.923277609458957,0.05530351064870276,0.03,0.03,2025-12-19
PGRO,48.69340133666992,2026-10-02,45.16830442816138,0.09251518218710109,0.009,0.009,2025-12-19
PGZ,9.119999885559082,2026-10-02,10.060079696168938,-0.12977096527496945,1.26,0.105,2026-09-16
PH,972.5499877929688,2026-10-02,916.9765328335097,0.2742554835118787,7.6,2.0,2026-08-31
PHDG,41.560001373291016,2026-10-02,39.518127411010255,0.11093294688067168,0.587,0.125,2026-09-21
PHEQ,35.61000061035156,2026-10-02,33.438497930883884,0.11177027684961027,0.29,0.049,2026-09-21
PHG,23.920000076293945,2026-10-02,27.5145019592042,-0.14571428298950195,1.013,1.013,2026-05-13
PHI,17.559999465942383,2026-10-02,20.27669324532923,-0.07578950179250621,1.55,0.752,2026-08-27
PHIN,59.779998779296875,2026-10-02,68.29836650103687,0.05450697173120167,1.1700000000000002,0.3,2026-09-04
PHK,4.150000095367432,2026-10-02,4.701075696375265,-0.16666665070826114,0.5760000000000001,0.048,2026-09-11
PHM,115.7300033569336,2026-10-02,124.29764936834692,-0.15900005200473832,1.04,0.26,2026-09-15
PHOX,25.049400329589844,2026-10-02,24.077163989727314,,,,
PHR,10.069999694824219,2026-10-02,13.475179296090783,-0.5672539967026722,,,
PHYL,33.47999954223633,2026-10-02,35.11235063104515,-0.058227840766484795,2.4,0.207,2026-09-30
PHYS,31.209999084472656,2026-10-02,33.72187249688988,0.04521093256954223,,,
PICB,22.229999542236328,2026-10-02,23.48003983212657,-0.06870553998060691,0.7999999999999998,0.067,2026-09-21
PICK,60.5,2026-10-02,57.37342635378894,0.3314260965764855,1.318,0.542,2026-06-15
PIEL,28.746000289916992,2026-10-02,27.504296829303104,,,,
PIEQ,35.880001068115234,2026-10-02,34.67128278724701,0.11014855838198301,0.423,0.423,2025-12-29
PIFI,90.7968978881836,2026-10-02,94.27544190304212,-0.042782197302546066,3.2800000000000002,0.862,2026-09-29
PII,53.709999084472656,2026-10-02,64.31617530123646,-0.1646967879419976,2.7100000000000004,0.68,2026-09-01
PILL,14.84000015258789,2026-10-02,13.615936288795623,0.7356724937467409,0.059000000000000004,0.001,2026-09-22
PIM,2.990000009536743,2026-10-02,3.2360557816418045,-0.12316717469865746,0.26399999999999996,0.022,2026-09-23
PINC,49.11000061035156,2026-10-02,49.87999995750717,,0.8049999999999999,0.209,2026-09-30
PINE,17.68000030517578,2026-10-02,18.29517926827845,0.2565743204443376,1.205,0.32,2026-09-10
PINK,38.130001068115234,2026-10-02,36.638677300684954,0.16534228745654844,0.2,0.05,2026-06-25
PINS,19.260000228881836,2026-10-02,22.85788849910417,-0.3971831058225651,,,
PIPE,28.951000213623047,2026-10-02,27.751027901334115,0.18603033160986948,1.1500000000000001,0.1,2026-09-21
PIPR,65.36000061035156,2026-10-02,80.34495009464096,-0.23492917737480423,2.0,0.2,2026-08-28
PIT,82.12999725341797,2026-10-02,66.86238636153628,0.5023963103798341,4.708,4.708,2025-12-22
PJAN,50.88999938964844,2026-10-02,48.08939045453926,0.11113537636195314,,,
PJFG,122.12000274658203,2026-10-02,111.58846586918926,0.1036003894951587,,,
PJFM,66.00399780273438,2026-10-02,64.5557529099909,0.09572029183656805,0.386,0.386,2025-12-30
PJFV,100.2699966430664,2026-10-02,90.12876503021118,0.254409875854112,0.566,0.566,2025-12-30
PJIN,49.05160140991211,2026-10-02,49.6840799331665,,,,
PJIO,64.28299713134766,2026-10-02,62.504374621873836,-0.018730040678844873,0.117,0.117,2025-12-30
PJP,120.87999725341797,2026-10-02,109.94541830845563,0.2637741278102632,1.129,0.301,2026-09-21
PJSM,49.51570129394531,2026-10-02,49.609795161655974,,,,
PJT,138.69000244140625,2026-10-02,162.15155375811207,-0.22739676516382057,1.0,0.25,2026-09-02
PJUL,49.869998931884766,2026-10-02,47.51219136211502,0.093640364049288,,,
PJUN,44.20000076293945,2026-10-02,42.575840634653765,0.07438019977367727,,,
PJUS,52.91830062866211,2026-10-02,51.832562313284924,,,,
PK,15.529999732971191,2026-10-02,12.306095609626922,0.400360641956097,1.0,0.25,2026-09-30
PKB,92.62999725341797,2026-10-02,100.3092830399593,-0.025152593917954325,0.183,0.011,2026-09-21
PKE,30.420000076293945,2026-10-02,28.179840703409507,0.5433790709944031,0.5,0.125,2026-10-01
PKG,228.5399932861328,2026-10-02,221.56760956661634,0.06525589837848167,5.5,1.5,2026-09-15
PKX,57.59000015258789,2026-10-02,59.5116335348304,0.17746882707535017,,,
PL,17.5,2026-10-02,24.482908355287346,0.14304373091833855,,,
PLAG,0.6899999976158142,2026-10-02,1.8128685207955866,-0.6123595456706199,,,
PLD,128.91000366210938,2026-10-02,135.13872503759376,0.10123019264189015,4.220000000000001,1.07,2026-09-16
PLG,1.2599999904632568,2026-10-02,1.9647808782607912,-0.5483870940175907,,,
PLGI,25.465999603271484,2026-10-02,24.973901419804015,0.008235022087276,0.082,0.077,2026-06-25
PLGO,24.25,2026-10-02,21.117171329331114,0.339778977288115,0.44999999999999996,0.15,2026-09-14
PLIB,33.279998779296875,2026-10-02,32.946808672965844,,3.84,3.018,2026-09-30
PLNT,42.40999984741211,2026-10-02,74.63262960730322,-0.5785550928654961,,,
PLOW,40.5099983215332,2026-10-02,40.22258962198082,0.2917728805196942,1.18,0.295,2026-09-15
PLTA,21.64699935913086,2026-10-02,20.568199157714844,-0.28016098042487725,0.5389999999999999,0.126,2026-09-23
PLTL,67.0199966430664,2026-10-02,50.73101458342179,,,,
PLTM,16.350000381469727,2026-10-02,18.073402416183654,0.05688429859412869,,,
PLTW,25.059999465942383,2026-10-02,28.710350606545983,-0.4512809180933429,18.457,0.323,2026-09-28
PLTY,36.66999816894531,2026-10-02,42.15916325846516,-0.4088344528359996,29.299999999999997,0.229,2026-10-01
PLU,5.159999847412109,2026-10-02,23.583301031461325,,,,
PLUN,10.09000015258789,2026-10-02,10.016081075410586,,,,
PLX,2.7100000381469727,2026-10-02,2.28474103027131,0.11522632250929377,,,
PM,187.4600067138672,2026-10-02,172.97521905785064,0.2230704083535371,7.48,1.6,2026-10-02
PMAP,27.65999984741211,2026-10-02,26.832482098583206,0.0624159788563059,,,
PMAR,49.050498962402344,2026-10-02,46.26815741185648,0.11562080691950194,,,
PMAU,26.9950008392334,2026-10-02,26.153529885280655,0.06008249273424893,,,
PMAY,42.369998931884766,2026-10-02,40.43549014087692,0.08892313282038677,,,
PMDE,26.295000076293945,2026-10-02,25.561352366492862,0.05032954809512735,,,
PMFB,27.729999542236328,2026-10-02,26.89513546917068,0.06062341008687944,,,
PMI,5.78000020980835,2026-10-02,80.70067728278171,-0.9879958458778643,,,
PMIO,48.625,2026-10-02,50.838733080373814,-0.044789290520996006,1.946,0.152,2026-09-30
PMJA,27.895000457763672,2026-10-02,27.059912358622153,0.05943792398755687,,,
PMJL,26.979999542236328,2026-10-02,26.212697207690237,0.0561753557117457,,,
PMJN,27.020000457763672,2026-10-02,26.40699997556162,0.04728687041783508,,,
PML,6.550000190734863,2026-10-02,7.536533864845793,-0.16878171375514217,0.4799999999999999,0.04,2026-09-11
PMM,5.650000095367432,2026-10-02,6.204541835176992,-0.07224959707652634,0.3480000000000001,0.033,2026-09-23
PMMF,100.2699966430664,2026-10-02,100.32915518103368,0.00019946776126089638,3.66,0.075,2026-09-30
PMMR,27.4950008392334,2026-10-02,26.72982472727498,0.05689031267761102,,,
PMMY,27.15999984741211,2026-10-02,26.500171327021018,0.049256310884929544,,,
PMNV,26.479999542236328,2026-10-02,25.601078207596487,0.05835327968667636,0.001,0.001,2025-12-30
PMO,9.210000038146973,2026-10-02,10.393824710314018,-0.10058591367123826,0.52,0.052,2026-09-23
PMOC,26.59000015258789,2026-10-02,25.651486073832114,0.06190092573436723,,,
PMSE,26.68000030517578,2026-10-02,25.89806780872117,0.05642451759107181,,,
PMT,7.800000190734863,2026-10-02,11.274661352909893,-0.3809523845565922,1.6,0.4,2026-07-09
PMTL,23.510000228881836,2026-10-02,24.557647069295246,,,,
PNAQ,9.819999694824219,2026-10-02,9.858333428700766,,,,
PNC,221.02999877929688,2026-10-02,220.1220717715077,0.11372564396800766,7.1,2.0,2026-07-20
PNFP,96.08999633789062,2026-10-02,95.47900372387403,0.029241599289753673,1.74,0.5,2026-08-07
PNI,6.190000057220459,2026-10-02,6.917888438084211,-0.11190814296276241,0.3600000000000001,0.03,2026-09-11
PNNT,3.25,2026-10-02,4.782788856096002,-0.5038168083418981,0.9599999999999999,0.08,2026-09-15
PNOV,45.83000183105469,2026-10-02,42.972569621416675,0.11332444581017165,,,
PNR,53.029998779296875,2026-10-02,86.31673320451105,-0.5274882188977439,1.06,0.27,2026-07-24
PNW,95.91999816894531,2026-10-02,97.19557782663293,0.06365045292021465,3.64,0.91,2026-08-03
POAS,0.14000000059604645,2026-10-02,1.8032072046184324,-0.9636363625807914,,,
POCT,48.130001068115234,2026-10-02,45.03621507925816,0.11515294806010368,,,
POEL,8.25,2026-10-02,22.64579435152428,,,,
PONX,10.810999870300293,2026-10-02,69.9746888605247,-0.9672443560971081,,,
POR,44.54999923706055,2026-10-02,49.74888439102477,0.031966669600369535,2.152,0.551,2026-09-25
POST,72.55999755859375,2026-10-02,96.21159359753369,-0.32363909037817273,,,
POW,27.079999923706055,2026-10-02,25.359615358531986,0.3361622173315848,0.038,0.038,2025-12-29
POWA,87.18000030517578,2026-10-02,89.76944249369708,-0.039338839612388043,0.845,0.845,2025-12-22
POWR,24.75,2026-10-02,25.93673307107264,-0.014729332279938334,1.591,0.083,2026-09-15
PPA,155.69000244140625,2026-10-02,167.73549770643987,-0.0036477158931728093,0.661,0.479,2026-09-21
PPG,105.1500015258789,2026-10-02,109.47266919869351,0.006894582194762577,2.87,0.74,2026-08-10
PPL,32.79999923706055,2026-10-02,36.14888452628694,-0.10626706934069663,1.128,0.285,2026-09-10
PPLT,15.430000305175781,2026-10-02,17.074513944496672,0.054033770715820495,,,
PPT,3.2699999809265137,2026-10-02,3.5141832743032997,-0.10655740321264473,0.31200000000000006,0.026,2026-09-23
PPTY,31.447999954223633,2026-10-02,31.900541829872893,0.014124467014155595,0.8520000000000001,0.294,2026-07-16
PQNT,22.844999313354492,2026-10-02,21.9912479416398,0.13043692054692735,0.083,0.083,2025-12-19
PQUS,28.780000686645508,2026-10-02,27.1025000622398,,,,
PQV,25.618000030517578,2026-10-02,25.41315150983406,,,,
PQX,25.562999725341797,2026-10-02,25.34686363104618,,,,
PQXV,25.559999465942383,2026-10-02,25.30787892775102,,,,
PQXX,25.540000915527344,2026-10-02,25.270757646271676,,,,
PR,22.1200008392334,2026-10-02,18.15155382270357,0.7569500056508423,0.63,0.16,2026-09-16
PRAB,24.690000534057617,2026-10-02,24.95419588955966,,,,
PRAE,42.0625,2026-10-02,38.940396449480396,0.17012550818238648,0.196,0.071,2026-07-02
PRAM,26.649999618530273,2026-10-02,25.103077081533577,,0.019,0.019,2026-09-23
PRAY,35.185001373291016,2026-10-02,33.639792864066195,0.11758731998159,0.216,0.216,2025-12-09
PRCS,28.918500900268555,2026-10-02,27.374336599828712,0.09643605309075087,0.035,0.035,2025-12-19
PRF,54.83000183105469,2026-10-02,50.59820714699794,0.2029398777623077,0.7409999999999999,0.192,2026-09-21
PRG,31.0,2026-10-02,34.404382454921524,-0.033665890567662116,0.55,0.14,2026-08-18
PRGO,14.260000228881836,2026-10-02,13.270239089114732,-0.36650377237289844,0.8699999999999999,0.29,2026-08-28
PRI,275.4200134277344,2026-10-02,273.47940197218935,-0.012796074882978958,4.640000000000001,1.2,2026-08-21
PRIM,79.08000183105469,2026-10-02,121.42179302200378,-0.4221832421570705,0.32,0.08,2026-09-30
PRIV,23.899999618530273,2026-10-02,25.206426324122454,-0.06256133234750205,1.137,0.095,2026-10-01
PRK,183.14999389648438,2026-10-02,171.9539436857064,0.13419617749748114,5.619999999999999,1.1,2026-08-21
PRKS,32.459999084472656,2026-10-02,39.27434274589873,-0.41206303889250095,,,
PRLB,98.20999908447266,2026-10-02,65.85183267479398,0.9780462450395491,,,
PRM,27.450000762939453,2026-10-02,28.664143383740427,0.22983876067457243,,,
PRMB,19.510000228881836,2026-10-02,20.66211159770707,-0.11719457501727182,0.45999999999999996,0.12,2026-08-24
PRNT,25.236000061035156,2026-10-02,23.447254940808058,0.052772072680237425,0.175,0.175,2025-12-26
PRSD,24.59000015258789,2026-10-02,25.029657394287597,-0.019928258149031097,1.037,0.089,2026-10-01
PRSU,52.380001068115234,2026-10-02,41.37254983970369,0.46763808023562414,,,
PRTO,27.350000381469727,2026-10-02,27.398421108274533,,,,
PRU,112.5999984741211,2026-10-02,108.12079675074118,0.08248415793067232,5.550000000000001,1.4,2026-08-25
PRVS,32.48699951171875,2026-10-02,29.971693251712388,0.19723601391904078,0.169,0.169,2025-12-19
PRXG,41.279998779296875,2026-10-02,37.32409959010394,0.147463531068444,0.040999999999999995,0.011,2026-09-29
PRXI,24.860000610351562,2026-10-02,25.311690155888947,,,,
PRXV,34.81999969482422,2026-10-02,32.65278880814632,0.1672812532309993,0.538,0.13,2026-09-29
PS,52.7599983215332,2026-10-02,38.41550477054141,,0.122,0.122,2026-07-13
PSA,283.80999755859375,2026-10-02,296.33569737164623,-0.033147137368292,12.0,3.0,2026-09-15
PSAI,27.389999389648438,2026-10-02,27.606698971350216,,0.026,0.023,2026-09-03
PSBD,9.770000457763672,2026-10-02,11.057649376857803,-0.20244894222337373,1.5699999999999998,0.38,2026-09-25
PSCJ,32.36000061035156,2026-10-02,30.782677221108244,0.09468555557519909,,,
PSCQ,32.3650016784668,2026-10-02,30.28415538590268,0.11468923191165414,,,
PSCW,30.729999542236328,2026-10-02,28.94305181313321,0.12153284562288902,,,
PSCX,33.595001220703125,2026-10-02,31.71889638710782,0.11182822550294835,,,
PSDM,50.04999923706055,2026-10-02,51.18876505088046,-0.02739991979202261,2.245,0.181,2026-09-30
PSEP,47.06999969482422,2026-10-02,44.7381752743664,0.0961807452305401,,,
PSFD,41.082000732421875,2026-10-02,38.43071319762454,0.1300544817341227,,,
PSFE,5.389999866485596,2026-10-02,7.905737050500999,-0.5938206721513598,,,
PSFF,35.28770065307617,2026-10-02,33.212528639105685,0.11387942907661452,,,
PSFJ,36.13090133666992,2026-10-02,34.06041001703635,0.11168585419947696,,,
PSFM,35.80500030517578,2026-10-02,33.31149805684488,0.14719168874876987,,,
PSFO,36.087799072265625,2026-10-02,33.42438570151766,0.1359080438239908,,,
PSH,48.72999954223633,2026-10-02,50.111493919950085,-0.03638521185864696,2.901,0.235,2026-09-30
PSI,160.94000244140625,2026-10-02,115.39342620363273,1.2297035433770396,0.024,0.016,2026-06-22
PSIL,21.850000381469727,2026-10-02,20.151717106184638,0.0983763518296521,1.684,1.684,2025-12-22
PSLV,19.549999237060547,2026-10-02,22.344820725490372,0.21202729412488108,,,
PSMD,35.27000045776367,2026-10-02,33.275063761676925,0.11261828419253272,,,
PSMJ,34.638999938964844,2026-10-02,32.91896406682839,0.0961708709116722,,,
PSMO,33.72999954223633,2026-10-02,31.55294418334961,0.11762754145670873,,,
PSMR,32.9900016784668,2026-10-02,30.977525863039542,0.12674621520370377,,,
PSN,40.790000915527344,2026-10-02,61.029840704929306,-0.5337220010257995,,,
PSO,16.1200008392334,2026-10-02,14.52521910800402,0.1312281290690105,0.345,0.11,2026-08-14
PSOX,50.7599983215332,2026-10-02,45.49676480012781,,,,
PSP,56.2599983215332,2026-10-02,62.27027880908009,-0.19340504198518704,3.141,0.404,2026-09-21
PSQ,24.520000457763672,2026-10-02,28.492390469250925,-0.207498382853195,1.04,0.257,2026-09-23
PSQA,20.600000381469727,2026-10-02,20.535904333410986,0.01303178307981434,0.609,0.198,2026-06-24
PSQH,4.699999809265137,2026-10-02,12.437131485616069,-0.8376511334921319,,,
PSQO,20.510000228881836,2026-10-02,20.716155367543497,-0.005334655958998069,0.6779999999999999,0.241,2026-06-24
PSR,96.24040222167969,2026-10-02,97.67924459996927,0.0383040207871157,2.7169999999999996,0.675,2026-09-21
PST,25.399999618530273,2026-10-02,22.697569736921455,0.14880139834272033,0.599,0.153,2026-09-23
PSTL,22.690000534057617,2026-10-02,20.000916310040598,0.47721360945434,0.978,0.245,2026-08-14
PSTP,37.6057014465332,2026-10-02,35.939664149189376,0.07997192410788823,,,
PSUS,37.13999938964844,2026-10-02,38.90651391405578,,,,
PSX,264.5799865722656,2026-10-02,174.20231096488072,0.9891737275326913,5.01,1.27,2026-08-18
PTBD,18.450000762939453,2026-10-02,19.256593605436652,-0.07029471396737663,1.159,0.094,2026-09-24
PTEU,32.380001068115234,2026-10-02,31.929597588649308,0.06331280129588479,0.589,0.589,2025-12-30
PTHS,20.600000381469727,2026-10-02,25.897848615608368,-0.26428570066179546,,,
PTIN,36.82400131225586,2026-10-02,34.392262895743684,0.1834806872290886,0.797,0.797,2025-12-30
PTL,275.8399963378906,2026-10-02,266.34794489036045,0.09740763402023456,2.463,0.816,2026-06-26
PTLC,60.060001373291016,2026-10-02,56.74935844694951,0.09140473751721223,0.591,0.591,2025-12-30
PTMC,39.880001068115234,2026-10-02,38.55285246343727,0.10624138452456111,0.657,0.657,2025-12-30
PTNT,24.549999237060547,2026-10-02,25.318653876964863,,,,
PTRB,39.415000915527344,2026-10-02,41.6569362047659,-0.06643771255507003,1.9479999999999997,0.158,2026-09-30
PTY,11.039999961853027,2026-10-02,12.444462194860694,-0.2359861517247679,1.428,0.119,2026-09-11
PUK,24.56999969482422,2026-10-02,29.05406374380408,-0.10197371539793598,0.556,0.178,2026-09-11
PULS,49.470001220703125,2026-10-02,49.65505973846314,-0.004026514105394674,2.168,0.171,2026-09-30
PUMP,9.270000457763672,2026-10-02,11.905498010703766,0.6793479148178789,,,
PUSH,49.86000061035156,2026-10-02,50.420724997957386,-0.011694750122210218,1.5790000000000002,0.124,2026-09-30
PVAL,52.779998779296875,2026-10-02,48.61760951798276,0.2288707297262611,0.481,0.126,2026-07-07
PVEX,30.99799919128418,2026-10-02,29.360390461773513,0.09487139342218032,0.054,0.054,2025-12-24
PVH,75.52999877929688,2026-10-02,76.87884477410184,-0.09566568707989576,0.152,0.038,2026-09-02
PVI,24.8799991607666,2026-10-02,24.827370639816223,0.0016102660198471508,0.549,0.043,2026-09-21
PW,6.650000095367432,2026-10-02,8.351792838943908,-0.3543689347356235,,,
PWB,165.8800048828125,2026-10-02,142.52211165713123,0.32049037777405953,,,
PWER,44.066001892089844,2026-10-02,39.86913533609702,0.3302542601829479,0.491,0.226,2026-09-21
PWR,676.5599975585938,2026-10-02,572.4803198096287,0.6063821639445373,0.44,0.11,2026-10-01
PWRZ,29.09600067138672,2026-10-02,30.035501920844453,0.1058492554519026,0.36,0.178,2026-06-29
PWS,32.16429901123047,2026-10-02,32.59814857391722,-0.0054329356997038225,0.68,0.337,2026-09-03
PWV,76.68000030517578,2026-10-02,72.17043812056461,0.17733768676232642,1.3719999999999999,0.344,2026-09-21
PWZ,22.25,2026-10-02,24.08868518388604,-0.07136891276347446,0.9099999999999999,0.073,2026-09-21
PXE,40.790000915527344,2026-10-02,34.310478111662235,0.3893051794129003,0.625,0.173,2026-09-21
PXED,25.110000610351562,2026-10-02,30.454898733841745,-0.3418086603923648,0.63,0.21,2026-07-29
PXF,76.38999938964844,2026-10-02,71.79091630608912,0.22932089056914018,2.493,0.549,2026-09-21
PXH,29.09000015258789,2026-10-02,27.693665310681105,0.13766134140690567,1.161,0.325,2026-09-21
PXJ,44.41999816894531,2026-10-02,38.530199225680285,0.6135124250284874,1.2349999999999999,0.444,2026-09-21
PYLD,25.219999313354492,2026-10-02,26.466039824770743,-0.056843697485944755,1.6770000000000005,0.14,2026-10-01
PYPU,30.1200008392334,2026-10-02,30.1434586460429,,0.481,0.314,2026-09-22
PYPY,24.84000015258789,2026-10-02,33.873067681058,-0.5429622658698781,16.614,0.151,2026-10-01
PYT,23.739999771118164,2026-10-02,23.512071655091063,0.0,1.263,0.311,2026-08-14
PZA,21.309999465942383,2026-10-02,23.114382474071,-0.0790838362996974,0.8769999999999999,0.075,2026-09-21
PZG,1.2000000476837158,2026-10-02,1.4408047826166648,-0.00826445466776271,,,
PZIV,29.112699508666992,2026-10-02,28.640724256634712,,,,
PZLV,29.989999771118164,2026-10-02,28.917343884706497,,,,
PZT,20.520000457763672,2026-10-02,22.251394378236565,-0.07858104912566011,0.839,0.072,2026-09-21
Q,131.47999572753906,2026-10-02,119.79404264409492,0.37964314288774736,0.30000000000000004,0.08,2026-08-31
QAI,36.2400016784668,2026-10-02,35.10302802765987,0.07473310695541913,0.504,0.504,2025-12-30
QARP,67.17410278320312,2026-10-02,62.48553836108204,0.1734082283698002,0.685,0.177,2026-09-18
QAU,26.260000228881836,2026-10-02,25.6465116101642,,,,
QBER,23.825000762939453,2026-10-02,24.04160957032466,-0.0344477609079088,0.782,0.782,2025-12-24
QBF,18.75670051574707,2026-10-02,19.43468806278183,-0.3446525164826282,0.296,0.296,2025-12-31
QBIF,25.969999313354492,2026-10-02,26.00749997794628,,,,
QBIV,26.540000915527344,2026-10-02,26.6503124833107,,,,
QBKF,26.114999771118164,2026-10-02,25.96121096611023,,,,
QBKV,27.000099182128906,2026-10-02,27.11820389330387,,,,
QBQF,26.09000015258789,2026-10-02,25.829218670725822,,,,
QBQV,27.278600692749023,2026-10-02,26.657801568508148,,,,
QBSF,27.530000686645508,2026-10-02,26.567418383412154,0.07220751084992072,,,
QBSV,27.309999465942383,2026-10-02,26.66437502205372,,,,
QBTX,20.56999969482422,2026-10-02,103.05087640465968,-0.9424067659202836,17.46,17.46,2025-12-12
QBUL,24.07659912109375,2026-10-02,24.4214007313033,-0.07851351492419256,2.128,2.128,2025-12-24
QCAP,25.607999801635742,2026-10-02,24.237776904467093,0.09745436716960376,,,
QCJA,24.024999618530273,2026-10-02,22.553844611483267,0.11915967192926802,,,
QCJL,26.207000732421875,2026-10-02,24.363836713996065,0.1239921405718234,,,
QCOC,24.59000015258789,2026-10-02,23.079545830350472,0.1154456823536465,,,
QDEC,37.03499984741211,2026-10-02,33.68048209688103,0.18854300477437036,,,
QDEF,89.69000244140625,2026-10-02,84.53354617418996,0.11665840117260151,1.4220000000000002,0.338,2026-09-18
QDF,91.0199966430664,2026-10-02,85.04673308110333,0.14117344790943975,1.37,0.347,2026-09-18
QDIV,38.28200149536133,2026-10-02,37.061486065625196,0.08386188635701375,1.106,0.09,2026-09-03
QDPL,46.22999954223633,2026-10-02,43.75791630232002,0.1004523063391809,2.076,0.189,2026-09-30
QDTE,29.559999465942383,2026-10-02,31.048605550332848,-0.16650220389790749,12.876,0.111,2026-10-01
QDVO,30.209999084472656,2026-10-02,29.22278881452948,0.043162984789947956,3.15,0.279,2026-09-29
QEFA,97.45999908447266,2026-10-02,94.95246212415961,0.09211117679822767,2.739,1.498,2026-06-01
QEMM,81.08999633789062,2026-10-02,73.89888438190597,0.21701935585373144,3.524,1.046,2026-06-01
QETH,26.530000686645508,2026-10-02,25.001195159091417,-0.4116211888031487,,,
QFHD,26.451000213623047,2026-10-02,26.684486125714212,,0.5429999999999999,0.189,2026-09-03
QFLR,36.43000030517578,2026-10-02,34.83420331734585,0.0949804569862791,,,
QFRD,31.171199798583984,2026-10-02,26.59961991283775,,0.037,0.006,2026-09-03
QGEN,44.75,2026-10-02,43.263545853208264,-0.04380340321538234,0.35,0.35,2026-07-07
QGRO,117.8499984741211,2026-10-02,113.93633470877234,0.029527362779538935,0.235,0.061,2026-09-08
QGRW,69.54000091552734,2026-10-02,61.45897206462237,0.2075013150074192,0.05,0.05,2025-12-26
QHY,44.244998931884766,2026-10-02,46.053107516224166,-0.05063835711902076,2.854,0.225,2026-09-25
QID,12.869999885559082,2026-10-02,17.861593679602876,-0.3977538895585385,0.8380000000000001,0.174,2026-09-23
QIDX,11.465700149536133,2026-10-02,11.223138231680213,0.03950139865031299,0.106,0.027,2026-09-29
QIG,42.08000183105469,2026-10-02,44.52085662173085,-0.07322975526118225,2.174,0.18,2026-09-25
QINT,69.5999984741211,2026-10-02,67.56418304139399,0.11717494906032,1.941,0.22,2026-09-08
QIS,11.055800437927246,2026-10-02,13.614242207956504,-0.42034286874315296,0.6,0.5,2026-09-25
QJL,25.920000076293945,2026-10-02,25.06738463181716,,,,
QJN,25.540000915527344,2026-10-02,24.676976714023326,,,,
QJUN,34.55400085449219,2026-10-02,32.4780159376532,0.11177609199851912,,,
QLC,91.69999694824219,2026-10-02,84.93498409316834,0.17323429697709658,0.8709999999999999,0.225,2026-09-18
QLD,98.12999725341797,2026-10-02,79.09681288274636,0.4182684461750039,0.124,0.027,2026-09-23
QLEP,10.050000190734863,2026-10-02,9.993611123826769,,,,
QLTA,44.86000061035156,2026-10-02,47.55888439649605,-0.07447906992850695,2.146,0.176,2026-10-01
QLTI,26.674999237060547,2026-10-02,26.557948207475274,0.01677143573365769,0.058,0.025,2026-06-30
QLTY,43.150001525878906,2026-10-02,39.684055829903045,0.17064570839320314,0.28200000000000003,0.061,2026-09-30
QLV,78.7699966430664,2026-10-02,74.7342388867382,0.09116338195153495,1.177,0.276,2026-09-18
QLVD,32.99599838256836,2026-10-02,32.863665295787065,0.052503922841147466,1.034,0.194,2026-09-18
QLVE,34.07400131225586,2026-10-02,31.691637457129488,0.1665583121456493,1.0190000000000001,0.34,2026-09-18
QMAG,26.459999084472656,2026-10-02,24.39763344996479,0.1392895005325383,,,
QMAR,38.55500030517578,2026-10-02,34.98427894105949,0.19698855638160606,,,
QMFE,25.054000854492188,2026-10-02,23.19030678889666,0.15429628853066135,,,
QMMY,27.200000762939453,2026-10-02,25.56733861672451,0.11011345462301603,,,
QMNV,25.920000076293945,2026-10-02,24.023757083482476,0.15947218103592875,,,
QMY,26.700000762939453,2026-10-02,25.83888886191628,,,,
QNC,1.590000033378601,2026-10-02,2.5707792206244036,,,,
QNTU,6.300000190734863,2026-10-02,10.78424241326072,,,,
QPX,48.766998291015625,2026-10-02,46.046920320427276,0.13161612506435283,,,
QQAU,26.139999389648438,2026-10-02,25.605813935745594,,,,
QQBF,20.389999389648438,2026-10-02,20.327999687194826,,,,
QQH,88.86000061035156,2026-10-02,79.50976890776737,0.16249554721607806,0.164,0.164,2025-12-16
QQJL,25.862899780273438,2026-10-02,25.114352446336014,,,,
QQJN,25.549999237060547,2026-10-02,24.78372099233228,,,,
QQMY,26.56999969482422,2026-10-02,25.804766378670095,,,,
QQQD,11.675000190734863,2026-10-02,13.09405974657887,-0.13932911523134983,0.414,0.102,2026-09-22
QQQU,63.5099983215332,2026-10-02,55.35678492694262,0.08899174646548547,5.3709999999999996,0.023,2026-06-23
QQSE,25.729999542236328,2026-10-02,25.467857088361466,,,,
QRED,10.050000190734863,2026-10-02,9.98601943080865,,,,
QSE,25.861600875854492,2026-10-02,25.554400171552384,,,,
QSIG,47.2400016784668,2026-10-02,48.608709038966204,-0.036606468329377306,2.135,0.175,2026-09-25
QSOL,11.850000381469727,2026-10-02,9.330403010050455,-0.05426970199465597,0.16,0.092,2026-09-21
QSPT,36.75,2026-10-02,33.03567330865746,0.182052100985306,,,
QSR,69.91000366210938,2026-10-02,72.66577707723792,0.020882012778566716,2.57,0.65,2026-09-18
QSU,3.8499999046325684,2026-10-02,27.094506210861844,-0.9653040624649991,,,
QTAC,25.90999984741211,2026-10-02,24.37250499725342,,0.014,0.014,2025-12-23
QTAP,53.305999755859375,2026-10-02,47.890888426883286,0.2178104847006428,,,
QTJA,34.470001220703125,2026-10-02,31.102980039984107,0.19129088843687914,,,
QTJL,44.013999938964844,2026-10-02,40.35552976995825,0.15262135309365,,,
QTOC,39.62799835205078,2026-10-02,35.80408364558125,0.19003000780695567,,,
QTUP,15.800000190734863,2026-10-02,17.653703654253924,,,,
QTWO,56.380001068115234,2026-10-02,57.934701243244795,-0.166099681124939,,,
QUA,11.350000381469727,2026-10-02,16.318000014623006,,,,
QUAD,9.420000076293945,2026-10-02,7.374262965532888,0.5831933408847245,0.375,0.1,2026-08-17
QUAL,224.47999572753906,2026-10-02,207.23792835250794,0.14256626626357627,1.8899999999999997,0.473,2026-09-15
QUBX,26.18000030517578,2026-10-02,91.23143035767087,-0.9636590790977981,,,
QUIZ,28.790000915527344,2026-10-02,27.97183270853354,0.11719054730764822,0.047,0.047,2025-12-29
QUS,191.5070037841797,2026-10-02,180.85797204249408,0.113399873300295,2.4269999999999996,1.011,2026-06-01
QUSA,17.84000015258789,2026-10-02,18.27578878972635,-0.09007450099915448,2.513,0.226,2026-08-24
QVML,45.58000183105469,2026-10-02,41.968589630734876,0.1558260490368748,0.449,0.111,2026-09-21
QVMM,34.15119934082031,2026-10-02,33.1556183408456,0.11890439872523473,0.435,0.125,2026-09-21
QVMS,32.585601806640625,2026-10-02,31.104257378445205,0.1537585161431403,0.41900000000000004,0.127,2026-09-21
QVMT,65.53600311279297,2026-10-02,61.5760638172408,0.1906760901283473,1.09,0.215,2026-09-21
QVOY,28.172000885009766,2026-10-02,29.083736982003625,-0.024515176465747635,0.166,0.166,2025-12-23
QWLD,155.05599975585938,2026-10-02,148.72184838526752,0.09606545749184892,2.777,1.342,2026-06-01
QXO,12.0600004196167,2026-10-02,18.492908348600228,-0.4038556256791924,,,
R,237.24000549316406,2026-10-02,220.4968526163899,0.22788674110706264,3.74,1.01,2026-08-24
RA,11.609999656677246,2026-10-02,12.869362553752277,-0.14000002543131507,1.4159999999999995,0.118,2026-09-10
RAAA,25.03499984741211,2026-10-02,25.047589701010413,-0.0005987780481144789,1.37,0.102,2026-10-01
RAAR,51.625,2026-10-02,50.74121131660035,,,,
RAAX,40.31999969482422,2026-10-02,39.08952580790121,0.16464474115537286,0.816,0.816,2025-12-29
RAAY,103.27999877929688,2026-10-02,101.4903087851442,,,,
RAC,10.550000190734863,2026-10-02,10.425175298257653,0.024271844210729476,,,
RACE,388.3299865722656,2026-10-02,374.21525908086403,-0.22512223625312944,4.254,4.254,2026-04-20
RACK,50.04999923706055,2026-10-02,48.80093042240586,,,,
RAFE,49.125,2026-10-02,44.770549758971924,0.19904804823818156,0.74,0.19,2026-10-01
RAL,73.19999694824219,2026-10-02,54.556175338319576,0.6523701627291327,0.2,0.05,2026-09-08
RAM,14.3100004196167,2026-10-02,14.20492955328713,,,,
RAML,14.84000015258789,2026-10-02,13.038235215579762,,,,
RAMP,37.650001525878906,2026-10-02,31.528007978462128,0.3735863456939639,,,
RAMZ,13.239999771118164,2026-10-02,17.622083286444347,,,,
RANK,19.610000610351562,2026-10-02,19.34432835365409,,,,
RAVI,74.97000122070312,2026-10-02,75.36274889455848,-0.005834802016159268,3.175,0.254,2026-10-01
RB,46.375,2026-10-02,45.186462113581804,0.11795481751075032,1.076,0.145,2026-09-23
RBA,81.87999725341797,2026-10-02,101.68274861977869,-0.24464948246453366,0.64,0.33,2026-08-25
RBC,515.5599975585938,2026-10-02,522.6420723356574,0.37853956261101684,,,
RBLD,83.98999786376953,2026-10-02,82.84031865701257,0.10367936330946903,0.88,0.22,2026-09-24
RBLU,4.489999771118164,2026-10-02,21.764908365994337,-0.9415440709044026,0.377,0.377,2025-12-24
RBLX,44.119998931884766,2026-10-02,66.53203193694947,-0.6403945060400875,,,
RBLY,9.050999641418457,2026-10-02,21.517940217280294,-0.8079689442054486,16.629,0.13,2026-10-01
RBRK,118.58000183105469,2026-10-02,72.75338641770807,0.4317797907268679,,,
RBUF,31.117000579833984,2026-10-02,30.10654178178643,0.07973907200894592,,,
RC,1.1299999952316284,2026-10-02,2.009282870121686,-0.7002652517377679,0.04,0.01,2026-09-30
RCG,2.9899001121520996,2026-10-02,2.8152187250524876,0.15887604673152156,0.021,0.021,2025-12-18
RCI,30.829999923706055,2026-10-02,36.51816735134657,-0.11280575759119271,1.088,0.362,2026-09-08
RCL,277.739990234375,2026-10-02,285.50426273421937,-0.11561852880099588,5.5,1.5,2026-09-17
RCLO,24.989999771118164,2026-10-02,24.987407604185474,-0.004382494369712053,1.5850000000000002,0.143,2026-10-01
RCLR,51.7400016784668,2026-10-02,50.395370577588494,,,,
RCLY,103.52999877929688,2026-10-02,100.80018606245147,,,,
RCS,5.010000228881836,2026-10-02,5.8173705230196155,-0.3535483575636341,0.4799999999999999,0.04,2026-09-11
RCTR,32.106998443603516,2026-10-02,34.81245423123181,-0.04670433038358779,0.267,0.058,2026-09-24
RCUS,24.440000534057617,2026-10-02,23.83557766842177,0.8307115981795179,,,
RDDC,11.229999542236328,2026-10-02,14.389999932256238,,,,
RDDT,147.86000061035156,2026-10-02,176.2617530366814,-0.2863899479338001,,,
RDFI,21.52400016784668,2026-10-02,23.60488047352825,-0.10744348446457996,2.104,0.16,2026-10-02
RDIV,57.119998931884766,2026-10-02,56.5233466007795,0.09028439773509356,2.127,0.517,2026-09-21
RDN,32.56999969482422,2026-10-02,35.18099606274608,-0.06542321030487153,1.02,0.255,2026-08-24
RDOG,37.63999938964844,2026-10-02,38.45211149116911,0.03208111131844804,2.46,0.58,2026-09-17
RDTE,26.530000686645508,2026-10-02,29.49653777468252,-0.21532092253614965,11.829,0.13,2026-10-01
RDVI,28.15999984741211,2026-10-02,27.33388447856523,0.08307691720815802,2.306,0.2,2026-09-24
RDW,10.880000114440918,2026-10-02,10.273346612177997,0.013979550662061468,,,
RDWU,6.150000095367432,2026-10-02,11.454705896097071,,,,
RDY,12.25,2026-10-02,13.435537870186733,-0.1348869963272763,0.083,0.083,2026-07-24
RDYY,14.869999885559082,2026-10-02,25.831633408231088,-0.6521556131258637,22.313999999999997,0.156,2026-10-01
REA,10.029999732971191,2026-10-02,14.912190482729958,,,,
RECI,20.457700729370117,2026-10-02,20.36323616422456,,0.167,0.03,2026-10-01
RECS,45.470001220703125,2026-10-02,42.17162137582483,0.12243898061416147,0.454,0.454,2025-12-18
REED,0.699999988079071,2026-10-02,2.9619123382397383,-0.8878205106161989,,,
REET,25.639999389648438,2026-10-02,26.501474099330217,-0.0015576680316191638,0.931,0.228,2026-09-15
REF,12.850000381469727,2026-10-02,14.406304317971934,,,,
REFA,22.952999114990234,2026-10-02,22.208108357020787,0.12520216315156563,0.007,0.007,2025-12-18
REGL,87.72000122070312,2026-10-02,88.69672497145208,0.02372594261361649,1.989,0.397,2026-09-23
REGS,11.670000076293945,2026-10-02,11.11535711288452,,,,
REI,1.309999942779541,2026-10-02,1.2385258966708088,0.19090901307823405,,,
REIX,28.222400665283203,2026-10-02,29.544276438861253,-0.0034814619257614865,0.796,0.168,2026-09-18
REK,16.850000381469727,2026-10-02,16.301434220545794,0.01506024061776956,0.45799999999999996,0.106,2026-09-23
RELX,33.41999816894531,2026-10-02,36.4848206964622,-0.27989661110053077,0.935,0.279,2026-08-07
REM,17.760000228881836,2026-10-02,22.00553789176789,-0.2057245194948768,1.981,0.506,2026-09-15
REMC,22.86400032043457,2026-10-02,21.60446043297796,0.12232478949366588,0.017,0.017,2025-12-18
REMX,63.209999084472656,2026-10-02,82.95258927060314,-0.1382413033481653,1.301,1.301,2025-12-22
REPX,42.189998626708984,2026-10-02,32.476015866040235,0.5533872924792738,1.6,0.4,2026-07-29
RERE,3.640000104904175,2026-10-02,4.646852592073114,-0.16321834834347315,0.1,0.1,2026-04-06
RES,5.860000133514404,2026-10-02,6.094501985496734,0.22338208354545452,0.16,0.04,2026-08-10
RESM,23.294200897216797,2026-10-02,22.409560430167925,0.1442283684149135,0.019,0.019,2025-12-18
RETL,7.210000038146973,2026-10-02,8.779402388994438,-0.30270793696821585,0.07400000000000001,0.024,2026-09-22
REVS,32.9900016784668,2026-10-02,30.43451791740509,0.17193613234546912,0.602,0.602,2025-12-18
REW,9.920000076293945,2026-10-02,17.980996010312996,-0.5724138038762256,0.769,0.072,2026-09-23
REX,43.369998931884766,2026-10-02,39.818525907052944,0.3711666165859495,,,
REXR,36.689998626708984,2026-10-02,37.65035852683018,-0.11951043343092072,1.735,0.435,2026-09-30
REZ,87.69999694824219,2026-10-02,88.59999996352481,0.040085356566070374,1.9490000000000003,0.535,2026-09-15
REZI,18.350000381469727,2026-10-02,23.947708274263785,-0.3883333206176758,,,
RF,27.100000381469727,2026-10-02,27.962270888674308,0.02690416855787392,1.095,0.3,2026-09-01
RFCI,21.363500595092773,2026-10-02,22.423177225181306,-0.06362042099442788,1.019,0.083,2026-09-17
RFDA,71.11000061035156,2026-10-02,67.05482861340283,0.1231500784804691,1.414,0.212,2026-09-17
RFFC,77.03119659423828,2026-10-02,70.88395713714965,0.1926365218019921,0.483,0.128,2026-09-17
RFG,60.20000076293945,2026-10-02,57.56641433533444,0.17785169328968564,0.064,0.016,2026-09-21
RFI,10.489999771118164,2026-10-02,11.351912361692147,-0.13448845955708755,0.9599999999999999,0.08,2026-09-08
RFIX,36.233001708984375,2026-10-02,38.9092310871261,-0.13607527669517316,1.4810000000000003,0.15,2026-08-26
RFL,1.5399999618530273,2026-10-02,1.5959681310501705,0.11594200519873432,,,
RFLR,31.65719985961914,2026-10-02,30.20828767601712,0.125269274947162,0.14300000000000002,0.048,2026-06-30
RFM,13.0,2026-10-02,14.33539841564528,-0.09909911815198413,1.0739999999999998,0.088,2026-09-15
RFMZ,11.8100004196167,2026-10-02,12.992322678584976,-0.0929339474351143,0.9779999999999998,0.08,2026-09-15
RFV,145.14999389648438,2026-10-02,137.23740994882775,0.11817268797779956,2.3880000000000003,0.572,2026-09-21
RGA,249.41000366210938,2026-10-02,213.2210760230562,0.2630912345886893,3.77,0.98,2026-08-18
RGEF,35.5,2026-10-02,32.50200400029521,0.19075572156612308,0.335,0.041,2026-09-29
RGNT,1.850000023841858,2026-10-02,3.579322110574979,-0.753333330154419,,,
RGR,44.369998931884766,2026-10-02,38.452191227460766,-0.0038168383508792036,0.43999999999999995,0.21,2026-08-14
RGT,14.239999771118164,2026-10-02,13.968167331589171,0.09370194089563344,0.19,0.19,2025-12-11
RGTC,20.899999618530273,2026-10-02,24.580172341445397,,,,
RGTU,9.859999656677246,2026-10-02,53.37608753447514,-0.9600809730498897,9.309,9.309,2025-12-12
RH,120.45999908447266,2026-10-02,161.64824700830468,-0.4194698839302523,,,
RHI,36.119998931884766,2026-10-02,30.7231076381121,0.04908505988177203,2.36,0.59,2026-08-25
RHLD,115.91000366210938,2026-10-02,147.97625458857928,0.4952271501739889,,,
RHP,121.66000366210938,2026-10-02,106.61227085675851,0.33736398845317117,4.8,1.2,2026-09-30
RHRX,21.625499725341797,2026-10-02,20.075304814068918,0.18430993725491596,,,
RHTX,19.886999130249023,2026-10-02,19.403796845698263,0.10729399465517564,,,
RIET,8.4350004196167,2026-10-02,9.43015936361366,-0.13130789016696964,1.0319999999999998,0.086,2026-09-15
RIG,5.170000076293945,2026-10-02,5.312828677583975,0.5341247038161971,,,
RIGS,21.899999618530273,2026-10-02,22.882828678267884,-0.05927839464828144,1.105,0.096,2026-09-17
RILA,12.34000015258789,2026-10-02,11.614521919493656,0.045585502857548255,0.015,0.002,2026-09-29
RINF,32.68000030517578,2026-10-02,32.39864540100098,0.01020098443957207,1.0830000000000002,0.265,2026-09-23
RIO,94.20999908447266,2026-10-02,90.52729067859421,0.42504913348497486,4.65,2.11,2026-08-14
RIOX,21.989999771118164,2026-10-02,43.54595627727736,-0.7885170315331421,12.852,12.852,2025-12-30
RISE,18.11829948425293,2026-10-02,18.6369761070319,,0.089,0.089,2026-06-25
RISN,30.290000915527344,2026-10-02,30.034601561101784,0.014468521560775605,0.241,0.096,2026-06-26
RISR,36.9900016784668,2026-10-02,36.24499998054657,0.028643009461001068,1.9669999999999999,0.18,2026-08-28
RITA,19.840999603271484,2026-10-02,20.370254964942475,0.009668746784242677,0.355,0.132,2026-06-26
RITM,8.710000038146973,2026-10-02,10.164183229089259,-0.21883405057057093,1.0,0.25,2026-10-01
RIV,10.489999771118164,2026-10-02,11.512517929077148,-0.12290972093145269,1.5630000000000002,0.131,2026-09-15
RIVC,15.638899803161621,2026-10-02,20.395842996136896,,,,
RIZE,24.290000915527344,2026-10-02,24.691075355775894,,0.44999999999999996,0.142,2026-08-03
RJCA,75.33940124511719,2026-10-02,72.83475910533558,,,,
RJDI,28.850000381469727,2026-10-02,27.4644422189173,0.15353858926212305,0.302,0.074,2026-09-30
RJF,158.2100067138672,2026-10-02,160.89258979706176,-0.05161251787753385,2.16,0.54,2026-10-01
RJMI,23.98349952697754,2026-10-02,25.43029675730671,-0.04740439753063619,0.7969999999999998,0.078,2026-09-30
RJVI,23.969999313354492,2026-10-02,25.02039437464984,-0.04330476865319188,1.009,0.096,2026-09-30
RKSG,28.350000381469727,2026-10-02,27.681039993286134,,,,
RKT,11.699999809265137,2026-10-02,15.97386453256189,-0.3426966117557402,,,
RKX,12.020000457763672,2026-10-02,12.668955219325735,,,,
RL,363.3699951171875,2026-10-02,359.5005181909082,0.12914451966653617,3.826,1.0,2026-09-25
RLGT,9.359999656677246,2026-10-02,7.627131479194914,0.5678391935716918,,,
RLI,55.939998626708984,2026-10-02,59.530717067034594,-0.13311638486104882,4.68,0.18,2026-08-31
RLJ,11.220000267028809,2026-10-02,9.000916338536843,0.5914893565214616,0.6,0.15,2026-09-30
RLTY,13.829999923706055,2026-10-02,15.249143391491408,-0.09960935984175467,1.3200000000000003,0.11,2026-09-08
RLY,36.380001068115234,2026-10-02,34.76944207575217,0.17015120262349082,1.075,0.073,2026-09-25
RM,31.799999237060547,2026-10-02,36.37517931356848,-0.18314926823073496,1.2,0.3,2026-08-19
RMBC,16.049999237060547,2026-10-02,13.707464755420954,,,,
RMBX,15.279999732971191,2026-10-02,12.34530294302738,,,,
RMCA,22.614999771118164,2026-10-02,24.16176892466754,-0.0676149019333383,1.0599999999999998,0.085,2026-09-29
RMD,218.88999938964844,2026-10-02,232.16282921293342,-0.21429339794324298,2.46,0.66,2026-08-20
RMHY,24.121999740600586,2026-10-02,24.892281680039957,,0.404,0.136,2026-10-01
RMI,13.779999732971191,2026-10-02,15.017171331610813,-0.05486969786838747,1.0859999999999999,0.089,2026-09-15
RMM,12.779999732971191,2026-10-02,14.142266934611408,-0.09232955950135291,1.0379999999999998,0.085,2026-09-15
RMME,100.06999969482422,2026-10-02,100.20678459057967,0.00044986921528478163,2.4760000000000004,0.289,2026-09-02
RMMZ,13.270000457763672,2026-10-02,14.723251019815999,-0.10155720741440755,1.0859999999999999,0.089,2026-09-15
RMNY,22.943599700927734,2026-10-02,24.44791473145504,-0.06256999618686143,1.0619999999999998,0.086,2026-09-29
RMOP,23.479999542236328,2026-10-02,25.07523903713758,-0.060424179380225373,1.3020000000000003,0.102,2026-09-29
RMRC,24.94580078125,2026-10-02,25.15458308876335,,0.14900000000000002,0.1,2026-06-26
RMT,13.600000381469727,2026-10-02,12.360438259474309,0.3076923923379602,0.87,0.23,2026-09-11
RND,33.75019836425781,2026-10-02,30.774514749230615,0.13236698603210306,,,
RNG,78.27999877929688,2026-10-02,40.95338641314868,1.7937186830989988,0.275,0.125,2026-08-06
RNGR,15.65999984741211,2026-10-02,15.60019920926645,0.12177649030227311,0.24,0.06,2026-08-07
RNMN,25.989999771118164,2026-10-02,26.49821512442661,-0.08950780516191548,3.081,3.081,2025-12-24
RNR,325.5299987792969,2026-10-02,294.9671715968159,0.2544024759326142,1.23,0.41,2026-09-15
RNST,39.91999816894531,2026-10-02,38.89553790453421,0.08419333242299998,0.94,0.24,2026-09-16
RNTY,45.91999816894531,2026-10-02,49.63849407363223,-0.09266948004041275,6.0,0.488,2026-09-02
ROAM,35.630001068115234,2026-10-02,32.70827903595578,0.26526993114986164,0.8440000000000001,0.332,2026-06-25
ROBN,32.34000015258789,2026-10-02,41.873147455344636,-0.719538627722591,2.425,2.425,2025-12-24
ROBO,82.81999969482422,2026-10-02,76.2803585766796,0.22117369607043424,0.292,0.292,2025-12-30
ROBX,24.480899810791016,2026-10-02,22.97034066915512,,,,
RODM,40.79999923706055,2026-10-02,39.46655770412004,0.14173775122986232,1.159,0.644,2026-06-25
ROG,160.0,2026-10-02,115.3066930580899,0.9260864402045856,,,
ROK,454.3500061035156,2026-10-02,413.41637429773095,0.30037210658373525,5.52,1.38,2026-08-17
ROKT,105.66000366210938,2026-10-02,102.2734661026305,0.341714332217262,0.21,0.051,2026-09-21
ROL,30.15999984741211,2026-10-02,51.422231066274456,-0.48628853146433304,0.732,0.183,2026-08-10
ROLR,4.889999866485596,2026-10-02,5.084266935211729,0.7038327740326769,,,
ROM,165.58999633789062,2026-10-02,115.0327885844318,0.7548748968503602,0.039,0.023,2026-03-25
ROMO,34.339900970458984,2026-10-02,33.53959714274008,0.007035264137033703,2.818,2.818,2025-12-29
RONB,24.06999969482422,2026-10-02,23.73203978846915,-0.04065366486888855,,,
ROPE,29.024799346923828,2026-10-02,28.547305908811044,0.09842565779491608,0.433,0.133,2026-06-29
ROSC,54.10200119018555,2026-10-02,50.886912311690736,0.19112303739958603,1.0619999999999998,0.275,2026-09-25
ROUS,67.22000122070312,2026-10-02,62.43056974373016,0.164991340240646,0.8840000000000001,0.195,2026-09-25
RPAR,21.139999389648438,2026-10-02,22.22262944073316,-0.0025479312008178656,0.40199999999999997,0.292,2026-06-29
RPC,7.619999885559082,2026-10-02,8.850836651258735,-0.3002755146622824,0.156,0.04,2026-08-31
RPG,59.63999938964844,2026-10-02,52.66490045676668,0.2471769086210085,0.08499999999999999,0.039,2026-09-21
RPM,99.19000244140625,2026-10-02,106.54454189467715,-0.15098860834700023,2.16,0.54,2026-07-14
RPT,11.100000381469727,2026-10-02,14.282828691946083,-0.25999997456868484,1.44,0.36,2026-07-07
RPV,115.73999786376953,2026-10-02,110.29338663412756,0.15290366139502032,2.5260000000000002,0.628,2026-09-21
RQI,11.0600004196167,2026-10-02,12.342908353919526,-0.11164653903159238,1.18,0.09,2026-09-08
RRC,38.22999954223633,2026-10-02,39.00617531096318,0.00026159919450208236,0.39,0.1,2026-09-11
RRX,159.8699951171875,2026-10-02,179.20713161757268,0.08064074948563205,1.4,0.35,2026-09-30
RS,400.30999755859375,2026-10-02,341.0842223148422,0.40899657948749457,4.95,1.25,2026-08-14
RSBA,19.878799438476562,2026-10-02,20.94936175555347,-0.0713011538991043,0.703,0.703,2025-12-29
RSBT,19.489999771118164,2026-10-02,18.863254934668067,0.10331156303460287,0.574,0.574,2025-12-29
RSBY,17.93000030517578,2026-10-02,17.37720718611759,0.10202826064580695,0.318,0.318,2025-12-29
RSDE,23.579999923706055,2026-10-02,22.63673703319048,0.08834115781148433,,,
RSEE,39.25400161743164,2026-10-02,36.38944632693591,0.17197116574457838,,,
RSF,14.3100004196167,2026-10-02,14.549653402837624,-0.03895231096929752,1.641,0.137,2026-09-15
RSG,209.55999755859375,2026-10-02,215.18123477768614,-0.06509032672393689,3.17,0.67,2026-10-02
RSI,20.010000228881836,2026-10-02,22.822350638796134,0.03894080950608281,,,
RSIT,21.799999237060547,2026-10-02,20.931923077656673,,,,
RSJN,37.14649963378906,2026-10-02,35.70331281684784,0.09447557857461808,,,
RSKD,7.860000133514404,2026-10-02,4.988406372260288,0.6617336367482771,,,
RSMC,27.904199600219727,2026-10-02,26.933813497839697,0.06006912771134898,,,
RSMR,23.821199417114258,2026-10-02,22.78333543116353,0.10288431828162548,,,
RSMV,28.64109992980957,2026-10-02,27.97687696935646,0.07479357396454867,0.274,0.274,2025-12-24
RSP,209.72999572753906,2026-10-02,202.37039847202985,0.09662742864072715,3.181,0.795,2026-09-21
RSPA,51.869998931884766,2026-10-02,52.15886059035343,0.011702720280164058,4.856,0.409,2026-09-21
RSPC,34.66999816894531,2026-10-02,37.83912350172066,-0.14268053050706142,0.406,0.1,2026-09-21
RSPD,51.83000183105469,2026-10-02,56.032111635246125,-0.10545386504095866,0.512,0.132,2026-09-21
RSPE,33.62900161743164,2026-10-02,31.638378500463478,0.1516781074921567,0.489,0.13,2026-09-21
RSPF,77.54000091552734,2026-10-02,77.66557783149628,-0.005387354718799142,1.249,0.29,2026-09-21
RSPG,110.51000213623047,2026-10-02,97.0196414050828,0.394623991866087,2.068,0.504,2026-09-21
RSPH,36.619998931884766,2026-10-02,32.595537770791836,0.2026271925895906,0.22399999999999998,0.052,2026-09-21
RSPM,37.209999084472656,2026-10-02,37.436693229523314,0.12723420104507221,0.6890000000000001,0.179,2026-09-21
RSPN,58.83000183105469,2026-10-02,59.88187251907896,0.04530922365079815,0.5389999999999999,0.183,2026-09-21
RSPR,33.10300064086914,2026-10-02,35.12061752076168,-0.06725840869841226,1.023,0.194,2026-09-21
RSPS,28.639999389648438,2026-10-02,30.162310740862235,-0.024855343163960764,0.8880000000000001,0.199,2026-09-21
RSPT,68.12000274658203,2026-10-02,53.40274888300801,0.5077468412229795,0.154,0.033,2026-09-21
RSPU,70.75,2026-10-02,78.38434248236545,-0.0878029625187784,2.043,0.513,2026-09-21
RSSB,29.90999984741211,2026-10-02,29.489282919591165,0.04690235095909534,0.979,0.979,2025-12-29
RSSE,23.31999969482422,2026-10-02,22.26998410471882,0.09818690956176712,,,
RSSL,110.55999755859375,2026-10-02,105.8172352703444,0.1520266349099848,1.41,0.258,2026-07-06
RSST,35.79999923706055,2026-10-02,30.892757089014548,0.324944434883387,0.318,0.318,2025-12-29
RSSX,27.18000030517578,2026-10-02,25.97943027085992,0.04257769939951084,0.393,0.393,2025-12-29
RSSY,26.610000610351562,2026-10-02,22.87124304752426,0.327115845623386,0.391,0.391,2025-12-29
RTAI,18.88800048828125,2026-10-02,21.1402031947892,-0.10872022501530276,1.126,0.089,2026-10-02
RTO,19.950000762939453,2026-10-02,28.93358565706656,-0.24460428329406692,0.636,0.224,2026-08-14
RTOO,24.670000076293945,2026-10-02,24.414821454456874,,,,
RTRE,23.510000228881836,2026-10-02,25.013784872108246,-0.07531953060542584,1.225,0.092,2026-10-02
RTX,184.67999267578125,2026-10-02,190.2553782672046,0.1086564452261416,2.82,0.73,2026-08-14
RULE,30.94809913635254,2026-10-02,26.904964485016478,0.34154487879088524,,,
RVER,37.02000045776367,2026-10-02,32.61151401170221,0.1067264458415067,0.527,0.527,2025-12-17
RVI,27.440000534057617,2026-10-02,31.819109563958154,,,,
RVII,21.549999237060547,2026-10-02,22.991388850741917,,,,
RVLV,20.75,2026-10-02,23.907250993280297,-0.0724184523226381,,,
RVNU,23.31999969482422,2026-10-02,24.73107568201316,-0.05433901706728983,0.9049999999999998,0.076,2026-10-01
RVP,0.699999988079071,2026-10-02,0.734581675187525,-0.19540231696270083,,,
RVT,17.270000457763672,2026-10-02,17.414302768935244,0.05691556282075605,1.4800000000000002,0.33,2026-09-11
RVTY,151.52999877929688,2026-10-02,104.17039833220828,0.6111642090634122,0.28,0.07,2026-07-17
RW,24.540000915527344,2026-10-02,24.876199220756135,-0.03385821716215809,,,
RWEM,36.20500183105469,2026-10-02,32.70415935288388,0.2654666570665898,0.642,0.642,2025-12-30
RWJ,57.20000076293945,2026-10-02,54.022350584843245,0.16212920244463036,0.6479999999999999,0.19,2026-09-21
RWK,141.72999572753906,2026-10-02,136.16167297971202,0.12662950945420226,1.5219999999999998,0.408,2026-09-21
RWL,129.7899932861328,2026-10-02,121.94362543113678,0.1672811443144646,1.6070000000000002,0.398,2026-09-21
RWLC,38.759700775146484,2026-10-02,36.201361325632526,0.02120139389463538,4.876,4.876,2025-12-30
RWM,14.220000267028809,2026-10-02,15.049840661159074,-0.140266053209258,0.477,0.094,2026-09-23
RWO,46.33000183105469,2026-10-02,47.90800799791556,0.011792987655176779,1.629,0.428,2026-09-21
RWR,104.6500015258789,2026-10-02,106.36286835081549,0.043682108601280856,3.768,0.981,2026-09-21
RWT,3.5299999713897705,2026-10-02,5.288725105414827,-0.40270726522345024,0.72,0.18,2026-09-23
RWX,25.010000228881836,2026-10-02,27.81864543170093,-0.0993878351957398,1.081,0.294,2026-09-21
RXD,15.329999923706055,2026-10-02,18.23756966077949,-0.2636887536786544,0.451,0.124,2026-09-23
RXI,185.42999267578125,2026-10-02,199.61549766510132,-0.11124428097088435,2.842,1.106,2026-06-15
RXL,57.04999923706055,2026-10-02,51.25231080986114,0.24210753011102581,0.6309999999999999,0.126,2026-09-23
RXO,23.3799991607666,2026-10-02,18.643107581423575,0.4050480780252339,,,
RY,195.6699981689453,2026-10-02,179.0745017974975,0.33145066160698433,2.449,1.249,2026-07-27
RYAM,7.119999885559082,2026-10-02,8.21828685813691,-0.06928107231388125,,,
RYAN,37.66999816894531,2026-10-02,43.18808756976489,-0.34872064195076125,0.51,0.13,2026-08-11
RYDE,0.7160000205039978,2026-10-02,0.6462470114943516,0.8992042780008034,,,
RYLD,15.600000381469727,2026-10-02,15.603306766525208,0.025641048148890677,1.873,0.148,2026-09-21
RYLG,23.636999130249023,2026-10-02,23.42730676415432,0.03385374758578119,2.496,0.111,2026-09-21
RYN,18.059999465942383,2026-10-02,21.64231079983046,-0.3286245456486322,2.4530000000000003,0.26,2026-09-16
RYZ,25.56999969482422,2026-10-02,25.486494079529052,0.04752150162487978,0.5640000000000001,0.188,2026-09-03
RZG,63.319400787353516,2026-10-02,61.199838372340714,0.1577875731821683,0.36,0.111,2026-09-21
RZV,141.3000030517578,2026-10-02,133.1073704145819,0.1718361329081255,2.043,0.545,2026-09-21
S,25.059999465942383,2026-10-02,16.67892426798543,0.39610018945974756,,,
SA,26.969999313354492,2026-10-02,29.386533843568596,0.11446274640854925,,,
SAA,32.650001525878906,2026-10-02,30.719203227069748,0.2419170935287125,0.246,0.045,2026-09-23
SABA,7.929999828338623,2026-10-02,8.370358590585777,-0.11790878417872308,0.7960000000000003,0.058,2026-09-09
SAC,10.100000381469727,2026-10-02,10.043908108239886,,,,
SACH,0.9169999957084656,2026-10-02,1.0053426198275441,-0.21623929115912288,0.12,0.01,2026-09-15
SAFE,12.0600004196167,2026-10-02,14.81545815334852,-0.21941743893197363,0.708,0.177,2026-09-30
SAGP,35.00899887084961,2026-10-02,35.36382479116736,-0.005426189998579245,1.169,0.973,2025-12-30
SAGU,10.050000190734863,2026-10-02,9.943043460016666,,,,
SAH,62.83000183105469,2026-10-02,71.9368527628986,-0.17480953067098792,1.5799999999999998,0.41,2026-09-15
SALI,25.36840057373047,2026-10-02,25.169885635375977,,,,
SAM,167.5,2026-10-02,202.09816726745362,-0.26133355063672603,,,
SAMM,36.16999816894531,2026-10-02,31.276928282353982,0.22847526387266837,0.311,0.311,2025-12-30
SAMO,9.829999923706055,2026-10-02,9.816250006357828,,,,
SAMT,42.209999084472656,2026-10-02,41.37068920971388,0.1107894495913857,0.27,0.27,2025-12-30
SAN,13.359999656677246,2026-10-02,12.333466115700771,0.2983478820413301,0.147,0.147,2026-05-04
SAP,208.57000732421875,2026-10-02,206.2603187713015,-0.22903186979136525,2.929,2.929,2026-05-05
SAPH,39.12300109863281,2026-10-02,38.02049407351065,-0.20460689043504243,1.1909999999999998,0.955,2026-06-16
SAR,16.479999542236328,2026-10-02,21.614183296720345,-0.3245901721358717,3.25,0.25,2026-09-03
SARO,21.049999237060547,2026-10-02,27.346812738365387,-0.20864665657206005,,,
SASS,23.86720085144043,2026-10-02,24.29031890147441,,,,
SATO,18.785999298095703,2026-10-02,18.892788792036445,-0.3453443038230457,0.982,0.021,2026-03-23
SAUG,27.31999969482422,2026-10-02,26.5796454304243,0.08477269303773438,,,
SAWG,24.839000701904297,2026-10-02,22.893880448968286,0.13456360937659673,0.061,0.061,2025-12-31
SAWS,23.236499786376953,2026-10-02,22.678268896156098,0.10961748738400146,0.005,0.005,2025-12-31
SB,8.8100004196167,2026-10-02,6.333426300747936,0.9709174123336977,0.185,0.075,2026-08-13
SBAR,25.389999389648438,2026-10-02,25.709964144277382,-0.03423360572602141,3.12,0.25,2026-09-25
SBB,23.6200008392334,2026-10-02,25.042350617062997,-0.13732645861147386,0.782,0.191,2026-09-23
SBH,16.239999771118164,2026-10-02,14.916932265597035,-0.02168678325775364,,,
SBI,7.010000228881836,2026-10-02,7.740358573032091,-0.11377997925306205,0.504,0.042,2026-09-23
SBIL,100.11699676513672,2026-10-02,100.17499986017843,6.98846742832604e-05,3.6500000000000004,0.29,2026-09-25
SBIO,56.150001525878906,2026-10-02,54.45893612135929,0.40903396928216096,,,
SBIT,29.8700008392334,2026-10-02,46.460916397581066,0.19289136370242566,3.0309999999999997,0.058,2026-10-01
SBMT,8.199999809265137,2026-10-02,8.05601853353006,,,,
SBND,18.25,2026-10-02,18.809721076630975,-0.03673594304330141,0.8569999999999999,0.071,2026-10-01
SBR,70.41000366210938,2026-10-02,73.06816757627692,-0.06531259855773763,4.52,0.332,2026-09-15
SBS,5.380000114440918,2026-10-02,5.453115535447322,0.12130059872979237,0.0318,0.0318,2026-03-27
SBSI,30.729999542236328,2026-10-02,31.71362559253951,0.08971626634215579,1.4500000000000002,0.37,2026-08-20
SBSW,9.960000038146973,2026-10-02,12.389920352464653,-0.10832587554900308,0.827,0.499,2026-09-18
SBTU,47.70500183105469,2026-10-02,10.925849385840126,1.013718900616833,,,
SBXE,10.109999656677246,2026-10-02,10.026668575831822,,,,
SCAP,36.22850036621094,2026-10-02,37.13206557923579,0.01934385619189305,2.6149999999999998,0.25,2026-08-27
SCAU,24.579999923706055,2026-10-02,24.97627919219261,,,,
SCC,16.239999771118164,2026-10-02,14.946374517038048,0.10551397106945459,0.40800000000000003,0.113,2026-09-23
SCCO,205.5399932861328,2026-10-02,171.14052967816235,0.6638971423291673,3.9015629999999994,1.087,2026-08-11
SCCR,24.235000610351562,2026-10-02,25.591908337110542,-0.06464682543129563,1.15,0.099,2026-10-01
SCD,14.65999984741211,2026-10-02,15.266573704571362,-0.053582952612667434,1.4400000000000004,0.12,2026-09-23
SCDV,26.222200393676758,2026-10-02,25.968618339751345,0.05581413780294109,0.09700000000000003,0.008,2026-08-28
SCEC,23.68000030517578,2026-10-02,25.067816738113464,-0.06973088288549667,1.245,0.105,2026-10-01
SCEP,24.850000381469727,2026-10-02,24.733645359283596,-0.0063974348639684875,1.2439999999999998,0.146,2026-09-01
SCHA,33.04999923706055,2026-10-02,31.409482051651793,0.16949748653162833,0.369,0.101,2026-09-23
SCHB,29.610000610351562,2026-10-02,27.440916319767318,0.14589784967110786,0.30700000000000005,0.081,2026-09-23
SCHC,49.79999923706055,2026-10-02,48.29418343471816,0.08166807660216868,1.6820000000000002,0.108,2026-06-24
SCHD,32.720001220703125,2026-10-02,30.779561798886,0.19372496909343662,1.0550000000000002,0.267,2026-09-23
SCHE,36.560001373291016,2026-10-02,34.955936371092776,0.08325929994936332,0.9520000000000001,0.044,2026-06-24
SCHF,27.579999923706055,2026-10-02,26.027490015523842,0.16224190711075348,0.8430000000000001,0.165,2026-06-24
SCHG,36.34000015258789,2026-10-02,33.003426297252396,0.13244001183519027,0.139,0.037,2026-09-23
SCHH,21.950000762939453,2026-10-02,22.548844607227828,0.01856155638237822,0.6779999999999999,0.173,2026-09-23
SCHI,21.350000381469727,2026-10-02,22.67976095191986,-0.07415434189398729,1.1420000000000001,0.098,2026-10-01
SCHJ,24.040000915527344,2026-10-02,24.711888491869924,-0.03453810105133215,1.112,0.094,2026-10-01
SCHK,37.02000045776367,2026-10-02,34.25999995531789,0.14648496153996104,0.383,0.102,2026-09-23
SCHM,34.56999969482422,2026-10-02,32.904501994767514,0.15079888952184972,0.445,0.129,2026-09-23
SCHO,23.81999969482422,2026-10-02,24.22537853043393,-0.022167524712535358,0.9169999999999998,0.079,2026-10-01
SCHP,25.100000381469727,2026-10-02,26.503067677714434,-0.0658727354849673,1.258,0.056,2026-10-01
SCHQ,28.31999969482422,2026-10-02,31.305836643355775,-0.1221326358246918,1.45,0.113,2026-10-01
SCHR,23.639999389648438,2026-10-02,24.797051783101967,-0.05816736930805577,0.9719999999999999,0.082,2026-10-01
SCHV,33.540000915527344,2026-10-02,31.965019985974074,0.14627480017655037,0.626,0.163,2026-09-23
SCHW,96.69999694824219,2026-10-02,97.43852571282254,0.02784858701312931,1.2300000000000002,0.32,2026-08-14
SCHX,30.31999969482422,2026-10-02,28.04952190596744,0.14501511400946154,0.312,0.082,2026-09-23
SCHY,31.31999969482422,2026-10-02,31.42798798397718,0.11221590428035855,1.175,0.316,2026-09-23
SCHZ,22.030000686645508,2026-10-02,23.170438295341583,-0.0605543722854851,0.9629999999999999,0.082,2026-10-01
SCI,77.13999938964844,2026-10-02,79.95482079251354,-0.08013356989975529,1.4,0.36,2026-09-15
SCIO,19.969999313354492,2026-10-02,20.681274816809424,-0.03990384394953228,1.155,0.095,2026-09-24
SCJ,110.1500015258789,2026-10-02,100.53107540540961,0.19132600710112957,2.918,0.923,2026-06-15
SCJL,24.469999313354492,2026-10-02,24.928153874323918,,,,
SCJN,25.049999237060547,2026-10-02,25.413720862810003,,,,
SCL,63.0,2026-10-02,53.34278889386302,0.28231220497339304,1.58,0.395,2026-09-01
SCLZ,57.125999450683594,2026-10-02,54.992302837599794,0.04985943324195441,4.193,0.403,2026-08-20
SCM,7.409999847412109,2026-10-02,10.13051794249698,-0.4233463324952379,1.3259999999999998,0.083,2026-09-30
SCMB,24.030000686645508,2026-10-02,25.586394389787042,-0.061694646077728676,0.9189999999999998,0.093,2026-10-01
SCMC,24.34000015258789,2026-10-02,25.009561557487903,-0.031012354978401047,0.86,0.102,2026-09-01
SCMY,25.09000015258789,2026-10-02,25.489313780092726,,,,
SCNM,23.51759910583496,2026-10-02,24.916219767678548,-0.06378987579075812,0.593,0.07,2026-09-01
SCO,19.469999313354492,2026-10-02,46.063386521966336,-0.7322607400092913,,,
SCOW,22.167999267578125,2026-10-02,20.817657387114142,0.06602544776373342,0.122,0.039,2026-09-03
SCSB,24.525699615478516,2026-10-02,24.89996687082144,,0.509,0.129,2026-09-01
SCSE,24.700000762939453,2026-10-02,24.76642840249198,,,,
SCUB,24.889999389648438,2026-10-02,25.030692379291242,,0.44,0.119,2026-09-01
SCUS,25.030000686645508,2026-10-02,25.17526295270578,-0.0059176362361533785,0.9719999999999998,0.082,2026-10-01
SCYB,25.06999969482422,2026-10-02,26.21299997458895,-0.05609939010084608,1.805,0.163,2026-10-01
SD,13.619999885559082,2026-10-02,14.564103612861786,0.14550037782024705,0.7000000000000001,0.13,2026-08-19
SDCI,31.1299991607666,2026-10-02,26.269047786515074,0.36654952688461395,0.811,0.811,2025-12-22
SDCP,25.094999313354492,2026-10-02,25.647059778768227,-0.027702447399558072,1.2730000000000001,0.118,2026-09-21
SDD,9.170000076293945,2026-10-02,10.49661350820169,-0.28471136547716747,0.432,0.062,2026-09-23
SDEM,32.875999450683594,2026-10-02,31.862681255872506,0.18089077839417955,1.6570000000000005,0.14,2026-09-03
SDEV,7.480000019073486,2026-10-02,6.527370529345782,0.09999997195075627,,,
SDFI,34.70500183105469,2026-10-02,35.61342231780884,-0.03112780215714639,1.465,0.127,2026-09-01
SDHC,10.079999923706055,2026-10-02,15.169442222412838,-0.4266211622610132,,,
SDHY,15.289999961853027,2026-10-02,16.220752982029403,-0.09204276583671334,1.2960000000000003,0.108,2026-09-10
SDIV,23.420000076293945,2026-10-02,24.788964146161934,-0.018029362612080768,2.237,0.18,2026-09-03
SDMF,27.440399169921875,2026-10-02,25.740002528877014,,0.2,0.1,2026-09-25
SDOG,68.6500015258789,2026-10-02,65.92633468506345,0.1311583964292069,2.4530000000000003,0.633,2026-09-17
SDOW,25.729999542236328,2026-10-02,29.220079657566025,-0.2642265186138021,1.19,0.294,2026-09-23
SDP,27.479999542236328,2026-10-02,23.038446213619643,0.16737461654515484,0.8940000000000001,0.169,2026-09-23
SDRL,43.849998474121094,2026-10-02,40.99298802409989,0.3894169586866225,,,
SDS,53.59000015258789,2026-10-02,63.93338641892392,-0.25258016131754224,2.8320000000000003,0.629,2026-09-23
SDUR,24.760000228881836,2026-10-02,25.01282613173775,,0.14600000000000002,0.081,2026-09-30
SDVD,21.989999771118164,2026-10-02,22.374940233876504,0.018527078077965164,2.026,0.157,2026-09-24
SDY,147.57000732421875,2026-10-02,148.01490011633155,0.04927480065874046,3.776,0.917,2026-09-21
SE,95.19000244140625,2026-10-02,112.80055780904702,-0.48520901759674784,,,
SEA,20.719999313354492,2026-10-02,16.768506038711365,0.4517936420421753,0.961,0.961,2025-12-24
SEB,4024.280029296875,2026-10-02,4626.585536759213,0.13041573856653788,9.0,2.25,2026-08-14
SECA,25.270000457763672,2026-10-02,25.16299991607666,,,,
SECR,24.106700897216797,2026-10-02,25.612293585363137,-0.0777849479689291,1.5950000000000002,0.119,2026-09-30
SECT,72.4000015258789,2026-10-02,66.85858569202195,0.1410559598947565,0.41600000000000004,0.09,2026-06-25
SECU,48.31999969482422,2026-10-02,49.709179167113554,,1.9540000000000002,0.277,2026-10-01
SECZ,12.989999771118164,2026-10-02,8.526769234583927,,,,
SEF,31.520000457763672,2026-10-02,31.62904380707152,0.004141480428257127,0.9079999999999999,0.22,2026-09-23
SEG,22.3799991607666,2026-10-02,23.252231119163483,-0.058080852475655864,,,
SEI,74.93000030517578,2026-10-02,58.899481921556934,0.678539456309923,0.48,0.12,2026-09-15
SEIM,54.880001068115234,2026-10-02,49.779776888539594,0.21631210920382826,0.292,0.081,2026-07-06
SEIQ,41.119998931884766,2026-10-02,39.26491630219843,0.06335662991851332,0.37,0.096,2026-07-06
SEIV,49.755001068115234,2026-10-02,44.5447769468999,0.2738095063697923,0.7090000000000001,0.203,2026-07-06
SEIX,23.18000030517578,2026-10-02,23.275394401702272,-0.017796613114621884,1.628,0.139,2026-09-21
SELV,33.99700164794922,2026-10-02,32.96597212529277,0.07279902414050898,0.5730000000000001,0.145,2026-07-06
SEMG,27.980100631713867,2026-10-02,26.58684104372306,0.038993699021097505,0.013999999999999999,0.001,2025-12-30
SEMI,40.85300064086914,2026-10-02,34.33366533104642,0.2863035373569782,1.374,1.374,2025-12-18
SEPC,25.3700008392334,2026-10-02,25.256428446088517,,,,
SEPI,28.969999313354492,2026-10-02,27.07143425656505,0.12199843748107053,2.092,0.2,2026-08-28
SEPM,33.41999816894531,2026-10-02,32.29192030097384,0.0620987284786807,,,
SEPP,33.340999603271484,2026-10-02,31.426091714684233,0.11081127040669259,,,
SEPT,38.58000183105469,2026-10-02,36.20493620610332,0.11813123181526364,,,
SEPU,31.834999084472656,2026-10-02,29.888999976959838,0.11155725429166763,,,
SEPW,34.027000427246094,2026-10-02,32.56298803808205,0.08311051790804602,,,
SEPZ,46.4370002746582,2026-10-02,43.79614345960883,0.09369039956615999,0.928,0.928,2025-12-24
SER,1.9600000381469727,2026-10-02,2.5959322742256985,-0.6255969459104542,,,
SES,0.8849999904632568,2026-10-02,1.39662549647677,-0.5703883422107606,,,
SETH,30.408000946044922,2026-10-02,43.766983951705384,-0.014007756303682006,9.932,0.041,2026-10-01
SF,70.27999877929688,2026-10-02,78.1760425643617,-0.05385029706159428,1.3266670000000003,0.34,2026-09-01
SFBS,40.150001525878906,2026-10-02,39.73402391106959,-0.009986407995296931,0.76,0.19,2026-10-01
SFEB,25.950000762939453,2026-10-02,24.745059807462045,0.12728063626895447,,,
SFGV,35.32899856567383,2026-10-02,33.89709566123932,0.12408914076643995,0.6589999999999999,0.212,2026-06-29
SFL,13.449999809265137,2026-10-02,10.26466136909576,0.7354838463567919,0.64,0.22,2026-09-09
SFLR,39.369998931884766,2026-10-02,37.40547008438414,0.08979680923789046,0.076,0.023,2026-06-30
SFTX,30.850000381469727,2026-10-02,29.13402888408074,0.2195604426924893,0.064,0.064,2025-12-24
SFTY,31.90999984741211,2026-10-02,29.358139418035865,0.15867824207009784,0.053,0.053,2025-12-24
SFY,155.1300048828125,2026-10-02,139.3263422445472,0.1927572489221705,1.245,0.634,2026-06-29
SFYF,65.56500244140625,2026-10-02,58.10756587602228,0.194719300807767,0.221,0.128,2026-06-29
SFYI,25.136899948120117,2026-10-02,24.670744366115994,,0.999,0.497,2026-09-15
SG,9.100000381469727,2026-10-02,6.883984047103213,0.10436900900967627,,,
SGDJ,87.62999725341797,2026-10-02,87.77951758031351,0.17340649297432686,7.044,7.044,2025-12-18
SGDM,73.80000305175781,2026-10-02,72.6895736147208,0.18193473214122613,0.727,0.727,2025-12-18
SGHC,11.25,2026-10-02,12.151474113008415,-0.20156139970419173,0.19,0.05,2026-09-22
SGI,61.970001220703125,2026-10-02,78.55677298435651,-0.2643636895513791,0.66,0.17,2026-08-20
SGLC,45.900001525878906,2026-10-02,40.86202382851407,0.24225283216664462,0.089,0.089,2025-12-23
SGOL,39.459999084472656,2026-10-02,42.36127493201024,0.06533472216872527,,,
SGOV,100.44000244140625,2026-10-02,100.52912352664538,0.00019920606279311137,3.666,0.301,2026-10-01
SGRT,35.41999816894531,2026-10-02,29.728868514893065,0.501992921247258,0.04,0.04,2025-12-23
SGRW,25.14900016784668,2026-10-02,22.50429450141059,,,,
SGU,12.880000114440918,2026-10-02,12.49581672850833,0.08691980589146975,0.766,0.198,2026-07-27
SGVT,100.52999877929688,2026-10-02,100.59997212079416,0.001145225939561234,3.354,0.286,2026-10-01
SH,32.119998931884766,2026-10-02,34.919960090363645,-0.12788494881904933,1.272,0.296,2026-09-23
SHAG,46.38999938964844,2026-10-02,47.65260162961435,-0.035149799855346164,2.017,0.165,2026-09-25
SHAK,60.97999954223633,2026-10-02,79.43039847750113,-0.3699762479033748,,,
SHDG,33.654998779296875,2026-10-02,32.452215088316166,0.05973296157711627,0.16,0.16,2025-12-29
SHE,158.6009979248047,2026-10-02,142.00870103570094,0.24076668657402012,1.7530000000000001,0.491,2026-09-01
SHEH,70.91300201416016,2026-10-02,60.35917514633847,0.34124575255874623,1.22,0.499,2026-06-16
SHEL,95.61000061035156,2026-10-01,82.8865199584961,0.3059691545690757,3.0224,0.7812,2026-08-14
SHG,78.02999877929688,2026-10-02,64.06964141724119,0.5408767717174845,,,
SHLD,60.22999954223633,2026-10-02,67.57063737238546,-0.14627927800301288,0.424,0.187,2026-06-29
SHM,46.709999084472656,2026-10-02,47.88103582374603,-0.02910001056158118,1.282,0.109,2026-10-01
SHNY,7.900000095367432,2026-10-02,12.604309562667908,-0.2540836189884118,,,
SHO,11.390000343322754,2026-10-02,10.049243030320126,0.22341566379775624,0.36,0.09,2026-09-30
SHOC,115.45700073242188,2026-10-02,88.06174897577658,0.7972759117655268,0.10400000000000001,0.034,2026-06-29
SHPP,33.64799880981445,2026-10-02,31.947219111529954,0.17085384478610832,1.042,0.54,2026-09-03
SHRD,23.844999313354492,2026-10-02,24.67878204736954,,0.19,0.096,2026-08-25
SHRT,6.815000057220459,2026-10-02,6.984796812809796,-0.07830673410917932,0.005,0.005,2025-12-10
SHUS,50.097599029541016,2026-10-02,48.558532152517856,0.07917793448059118,0.632,0.632,2025-12-30
SHV,110.06999969482422,2026-10-02,110.24091630912872,-0.001179648430290059,4.005,0.299,2026-10-01
SHW,319.510009765625,2026-10-02,333.84944195386424,-0.07815924945425401,3.1900000000000004,0.8,2026-08-21
SHYD,21.979999542236328,2026-10-02,22.757729100991057,-0.03638754682766776,0.823,0.064,2026-10-01
SHYG,41.06999969482422,2026-10-02,42.49956168976438,-0.04665742922001315,2.9450000000000003,0.239,2026-10-01
SHYL,42.7599983215332,2026-10-02,44.51723907288327,-0.05429618097467093,3.0199999999999996,0.252,2026-10-01
SHYM,21.329999923706055,2026-10-02,22.19432275323754,-0.03745487046124618,0.9499999999999998,0.076,2026-10-01
SI,19.010000228881836,2026-10-02,15.94047810071968,0.5594750519494347,,,
SID,1.159999966621399,2026-10-02,1.3831872458002006,-0.26114654275987714,,,
SIF,23.6200008392334,2026-10-02,14.624223101186562,2.3034965768094287,,,
SIFI,41.959999084472656,2026-10-02,43.71278486213836,-0.056124229981228124,2.798,0.204,2026-10-01
SIG,100.58000183105469,2026-10-02,91.02984050735535,0.04542150283927504,0.7,0.35,2026-07-24
SIHY,44.000999450683594,2026-10-02,45.47932669650986,-0.0473911937888567,3.134,0.205,2026-10-01
SII,116.30999755859375,2026-10-02,118.01964125310282,0.3821746339817307,1.2000000000000002,0.4,2026-08-17
SIJ,18.299999237060547,2026-10-02,19.32840639091583,-0.20641805460195017,0.608,0.135,2026-09-23
SIL,86.5,2026-10-02,87.24745026242685,0.21916848091059804,1.016,0.108,2026-06-29
SILJ,27.229999542236328,2026-10-02,28.911354581673308,0.1803207586667377,0.554,0.554,2025-12-29
SIM,28.0,2026-10-02,29.48139430042282,0.03512017706964965,,,
SIMS,42.86399841308594,2026-10-02,44.534490015402255,-0.02668096488735816,0.251,0.049,2026-09-21
SIMX,14.279999732971191,2026-10-02,15.638591484284737,,,,
SIND,13.920000076293945,2026-10-02,14.48159422390703,,,,
SIO,24.56999969482422,2026-10-02,25.83661361329584,-0.06755220724388555,1.6440000000000001,0.098,2026-08-28
SIOO,19.670000076293945,2026-10-02,19.6280984831561,-0.017923973456151265,2.221,0.249,2026-08-24
SITC,3.5,2026-10-01,5.553120007514954,-0.6027241959935938,3.0,1.0,2026-08-03
SITE,89.55999755859375,2026-10-02,121.24167301740304,-0.2974584625022869,,,
SITX,23.920000076293945,2026-10-02,19.380789480711286,,,,
SIVR,57.56999969482422,2026-10-02,65.28812745842801,0.2594618430955147,,,
SIXA,56.858001708984375,2026-10-02,53.522820734882735,0.15027314096598965,1.014,0.028,2026-08-27
SIXD,31.6200008392334,2026-10-02,29.78105182571715,0.11381171958205893,,,
SIXF,35.38999938964844,2026-10-02,32.93702406712262,0.13640739722001882,,,
SIXH,43.927398681640625,2026-10-02,41.598388109549106,0.1407047695257695,0.706,0.014,2026-08-27
SIXJ,37.52000045776367,2026-10-02,35.203362529496275,0.12284900283599298,,,
SIXL,37.5890007019043,2026-10-02,38.1996015723483,0.016825862630650112,0.786,0.063,2026-08-27
SIXO,36.77000045776367,2026-10-02,35.16676491665175,0.08178872144799132,,,
SIXP,34.689998626708984,2026-10-02,32.572067800271086,0.12410881207412228,,,
SIXS,55.060001373291016,2026-10-02,53.91434256869008,0.10369435380159842,0.965,0.108,2026-08-27
SIXZ,32.58000183105469,2026-10-02,30.471956177061774,0.11571526977542512,,,
SIZE,175.50999450683594,2026-10-02,169.5947016377848,0.08312763378678723,2.4669999999999996,0.653,2026-09-15
SJB,15.489999771118164,2026-10-02,15.330119543341526,0.007807409658592723,0.497,0.122,2026-09-23
SJM,117.19000244140625,2026-10-02,107.70988050969949,0.08208678798836044,4.42,1.12,2026-08-14
SJNK,24.139999389648438,2026-10-02,25.085378487271615,-0.051846022870803976,1.7319999999999998,0.149,2026-10-01
SJT,3.759999990463257,2026-10-02,4.509322715470516,-0.41885624228870644,,,
SK,31.31999969482422,2026-10-02,24.750000016442662,,,,
SKE,29.940000534057617,2026-10-02,27.73346610658197,0.7147767528054194,,,
SKF,26.149999618530273,2026-10-02,26.667250986593178,-0.01986509297538086,0.911,0.187,2026-09-23
SKHA,40.720001220703125,2026-10-02,31.54104169209798,,,,
SKHL,12.100000381469727,2026-10-02,9.490526349920975,,0.039,0.039,2026-09-22
SKHN,9.260000228881836,2026-10-02,14.999791701634726,,,,
SKHQ,9.109999656677246,2026-10-02,10.718636339361018,,,,
SKHU,24.520000457763672,2026-10-02,19.536206788030164,,0.045,0.045,2026-09-23
SKHX,18.729999542236328,2026-10-02,14.84327585943814,,,,
SKHZ,9.050000190734863,2026-10-02,11.386034406464676,,,,
SKIL,5.710000038146973,2026-10-02,7.738844610305422,-0.5883201092098056,,,
SKM,36.790000915527344,2026-10-02,30.18470106086883,0.697738845685286,,,
SKT,35.11000061035156,2026-10-02,35.84358570965163,0.03203998053854051,1.212,0.313,2026-07-31
SKY,88.0999984741211,2026-10-02,81.99362547369117,0.15389653221777966,,,
SKYH,9.289999961853027,2026-10-02,9.724183295352525,-0.06820464262419024,,,
SLB,48.7400016784668,2026-10-02,47.526932332620206,0.4226504397646913,1.17,0.295,2026-09-02
SLDR,49.36000061035156,2026-10-02,49.98604766116199,-0.018199918205001886,1.804,0.147,2026-10-01
SLF,78.56999969482422,2026-10-02,69.3660956758902,0.3021213042117381,2.061,0.694,2026-08-26
SLG,48.810001373291016,2026-10-02,47.25585670015251,-0.1773133344529455,2.3699999999999997,0.618,2026-09-30
SLGN,34.869998931884766,2026-10-02,41.46513941183508,-0.1845182343160937,0.83,0.21,2026-09-01
SLI,1.7400000095367432,2026-10-02,3.6331075738625698,-0.5756097439000605,,,
SLJY,27.459999084472656,2026-10-02,32.27519919862785,-0.0674454974756098,7.154999999999999,0.547,2026-09-29
SLND,0.6700000166893005,2026-10-02,1.8488486017363954,-0.8537117843121822,,,
SLNZ,45.36000061035156,2026-10-02,45.87786050621732,-0.02817351147731484,3.31,0.23,2026-10-01
SLON,41.70000076293945,2026-10-02,57.91390846829965,-0.86707045221465,,,
SLQT,0.41100001335144043,2026-10-02,1.056800792297994,-0.8042856990398997,,,
SLSR,7.090000152587891,2026-10-02,8.4057250972763,0.13987144561775522,,,
SLTY,20.27400016784668,2026-10-02,28.326095596252685,-0.4994074032630449,19.889,0.217,2026-09-30
SLV,54.7400016784668,2026-10-02,62.15155381890407,0.25781252533745214,,,
SLVM,32.47999954223633,2026-10-02,42.393227094673065,-0.27435208310517734,2.25,0.45,2026-10-02
SLVP,35.130001068115234,2026-10-02,35.116215078954205,0.28681326190021394,0.703,0.138,2026-06-15
SLVX,13.770000457763672,2026-10-02,17.195316465595102,,2.2840000000000003,0.068,2026-09-21
SLVY,20.40999984741211,2026-10-02,21.37262284951132,,0.367,0.123,2026-10-01
SLWS,100.13999938964844,2026-10-02,101.2006608063954,-0.012182496772888407,2.9529999999999994,0.393,2026-05-28
SLX,103.52999877929688,2026-10-02,95.83490051026364,0.3922807682828957,1.316,1.316,2025-12-22
SLYG,109.0199966430664,2026-10-02,104.12828671884726,0.14890923537048106,0.781,0.249,2026-09-21
SLYV,103.9800033569336,2026-10-02,99.57804779417486,0.1532830427405163,2.049,0.528,2026-09-21
SM,35.2400016784668,2026-10-02,26.743147367500214,0.36324956125448193,1.06,0.22,2026-09-04
SMA,32.5099983215332,2026-10-02,32.71458163774346,-0.09543685131436708,1.6030000000000006,0.132,2026-09-30
SMAX,28.559999465942383,2026-10-02,27.441657419698647,0.06329109519586762,0.263,0.263,2025-12-23
SMAY,27.8700008392334,2026-10-02,26.92445420648947,0.09388492574755891,,,
SMB,16.920000076293945,2026-10-02,17.30745013111616,-0.02646715228335872,0.4869999999999999,0.039,2026-10-01
SMBK,50.9900016784668,2026-10-02,42.32258966149562,0.4527066636786681,0.33999999999999997,0.09,2026-07-31
SMBS,23.899999618530273,2026-10-02,25.440557768620344,-0.06869814444700528,1.309,0.113,2026-10-01
SMC,30.84000015258789,2026-10-02,28.781195279611534,0.4018181887539951,,,
SMCC,46.66999816894531,2026-10-02,32.458059652527766,,,,
SMCP,27.14929962158203,2026-10-02,25.498174705890694,,,,
SMCY,5.550000190734863,2026-10-02,7.602689273803833,-0.6588813746414783,6.649,0.082,2026-10-01
SMDD,8.670000076293945,2026-10-02,10.12816733478075,-0.32946636723408196,0.335,0.072,2026-09-23
SMDV,72.97000122070312,2026-10-02,71.55861742847944,0.09365867547601536,1.746,0.42,2026-09-23
SMDX,25.94700050354004,2026-10-02,24.774956228248627,0.1435434064707788,0.138,0.138,2025-12-23
SMFG,25.399999618530273,2026-10-02,21.676095605371483,0.5356709922963416,,,
SMG,49.02000045776367,2026-10-02,60.969004004125104,-0.15219645941728155,2.64,0.66,2026-08-21
SMHB,3.240000009536743,2026-10-02,3.990358573981965,-0.29257640534740603,0.7710000000000001,0.047,2026-09-14
SMHD,29.040000915527344,2026-10-02,40.54255835954533,,,,
SMHI,8.270000457763672,2026-10-02,7.521354570806739,0.32958211201303866,,,
SMHU,35.369998931884766,2026-10-02,27.99418595779774,,,,
SMIG,31.31999969482422,2026-10-02,30.756342640910965,0.05668017340656584,0.501,0.042,2026-08-28
SMIN,68.3499984741211,2026-10-02,68.71944216238074,-0.06086837564547953,1.407,1.407,2025-12-16
SMIZ,41.92509841918945,2026-10-02,40.02877337999078,0.12159168596041425,0.229,0.229,2025-12-29
SMJF,1.850000023841858,2026-10-02,4.3730336507925625,-0.5898004589901034,,,
SMLF,85.0,2026-10-02,80.80509556622144,0.13288019969226172,0.847,0.208,2026-09-15
SMLL,20.1560001373291,2026-10-02,20.557613517183707,-0.05415294967311479,0.472,0.472,2025-12-19
SMLV,152.1300048828125,2026-10-02,143.678804435578,0.17077114071482624,3.632,0.971,2026-09-21
SMMD,86.62999725341797,2026-10-02,82.36919907649674,0.15986068311322588,0.994,0.284,2026-09-15
SMMU,49.439998626708984,2026-10-02,50.41470121102504,-0.02079625701826071,1.44,0.12,2026-10-01
SMMV,44.81999969482422,2026-10-02,44.72731876753241,0.038702157819015204,0.736,0.184,2026-09-15
SMN,21.6200008392334,2026-10-02,22.380796820044043,-0.20162478212169155,0.6,0.147,2026-09-23
SMOG,135.07000732421875,2026-10-02,139.08075677636134,0.042206797554732,2.034,2.034,2025-12-22
SMOT,37.643001556396484,2026-10-02,37.492972218182935,0.03614092097896493,0.498,0.498,2025-12-22
SMOX,29.43000030517578,2026-10-02,28.37165866448329,0.1690169293769581,0.02,0.02,2025-12-24
SMP,37.52000045776367,2026-10-02,38.5811154490923,-0.09196513226345782,1.3,0.33,2026-08-14
SMR,7.75,2026-10-02,15.826613553491722,-0.8068295063228228,,,
SMRF,22.829999923706055,2026-10-02,25.43834389850592,,0.281,0.07,2026-09-17
SMRT,1.2000000476837158,2026-10-02,1.4445378476405049,-0.13043474505063324,,,
SMRX,14.683099746704102,2026-10-02,22.01205169359843,,,,
SMTG,13.630000114440918,2026-10-02,8.769722256395552,,,,
SMTH,24.524999618530273,2026-10-02,25.80836655514174,-0.06393133952799379,1.099,0.076,2026-09-17
SMU,15.420000076293945,2026-10-02,233.403665766773,-0.9894107948129756,,,
SMUP,3.069999933242798,2026-10-02,432.2653784780388,-0.9990323089256918,52.75,52.75,2025-12-24
SMWB,7.960000038146973,2026-10-02,5.933665349663967,-0.1319520205103416,,,
SMZ,19.540000915527344,2026-10-02,28.484135810239817,,,,
SN,182.57000732421875,2026-10-02,126.85541859660965,0.8612500167226005,,,
SNA,368.8999938964844,2026-10-02,371.40713075432643,0.06182712462884066,9.76,2.44,2026-08-19
SNAP,5.579999923706055,2026-10-02,6.098127487646156,-0.3466042214717652,,,
SNAV,39.044898986816406,2026-10-02,36.5971669352862,0.12781340818749531,,,
SNDA,37.70000076293945,2026-10-02,34.72796803356642,0.4141035625924432,,,
SNDC,8.520000457763672,2026-10-02,8.95999999322753,,,,
SNDG,10.079999923706055,2026-10-02,12.713499994277955,,,,
SNDQ,10.890000343322754,2026-10-02,48.28796448327799,,,,
SNDR,32.88999938964844,2026-10-02,29.837251062887123,0.5135757055917354,0.395,0.1,2026-09-11
SNDU,25.170000076293945,2026-10-02,27.2625820536009,,,,
SNK,12.859999656677246,2026-10-02,20.815584368519968,,,,
SNN,26.420000076293945,2026-10-02,32.090996069737166,-0.2725770842982984,1.094,0.312,2026-10-02
SNOU,68.06500244140625,2026-10-02,42.64123097833884,0.23889705392741978,2.492,2.492,2025-12-24
SNOV,27.399999618530273,2026-10-02,25.925107515190703,0.09521144787341451,,,
SNOW,341.0400085449219,2026-10-02,232.29107580906842,0.4506785225125072,,,
SNOY,11.34000015258789,2026-10-02,10.94590835837254,-0.24651162731751564,7.610000000000001,0.11,2026-10-01
SNPD,28.73699951171875,2026-10-02,28.65591635837023,0.06417567102063981,0.9650000000000001,0.199,2026-09-18
SNPE,70.58999633789062,2026-10-02,65.05685246988122,0.16716264669601988,0.6779999999999999,0.176,2026-09-18
SNPG,60.3129997253418,2026-10-02,54.750745005816576,0.16295168511027924,0.27499999999999997,0.066,2026-09-18
SNSC,1.190000057220459,2026-10-02,1.4945945868621002,,,,
SNTH,29.709999084472656,2026-10-02,29.29697209240431,-0.028418240462648847,3.442,0.125,2026-06-29
SNTQ,25.033000946044922,2026-10-02,24.498274157124182,,,,
SNX,278.3699951171875,2026-10-02,202.8956969363756,0.7545064205974605,1.88,0.48,2026-07-17
SNXX,16.329999923706055,2026-10-02,14.923945092052394,,,,
SO,83.72000122070312,2026-10-02,92.16406383742374,-0.11444890617773551,3.0,0.76,2026-08-17
SOAR,0.2809999883174896,2026-10-02,0.5551753022162563,-0.8448990329806207,,,
SOBO,33.81999969482422,2026-10-02,32.344302728356595,0.16419967583607864,1.5,0.5,2026-09-29
SOC,3.509999990463257,2026-10-02,9.398127503604053,-0.8161341035931091,,,
SOEZ,20.38800048828125,2026-10-02,16.308636350494822,-0.1531464240006959,0.362,0.068,2026-09-21
SOFC,16.3700008392334,2026-10-02,20.98349994023641,,,,
SOFR,100.1050033569336,2026-10-02,100.28006774780759,-0.0011474542243946617,3.7230000000000003,0.309,2026-09-29
SOLM,10.576700210571289,2026-10-02,12.878723577640983,-0.5450098907914512,4.185,0.332,2026-09-29
SOLV,87.8499984741211,2026-10-02,77.5259760366493,0.18716214154217692,,,
SON,48.7400016784668,2026-10-02,49.71760954229955,0.12511546680112628,2.14,0.54,2026-08-10
SONY,23.81999969482422,2026-10-02,23.616693230739152,-0.17748617238058984,,,
SOR,44.95000076293945,2026-10-02,46.37721118699032,-0.0026625012801707593,2.4960000000000004,0.208,2026-09-16
SOS,0.3190000057220459,2026-10-02,1.213119522508872,-0.8488151556483567,,,
SOUL,10.489999771118164,2026-10-02,10.286410350723571,0.03964317269387574,,,
SOVF,30.114999771118164,2026-10-02,29.348262954043204,-0.012590602028985098,0.226,0.226,2025-12-30
SOXL,163.7100067138672,2026-10-02,102.13848598069879,3.2822393061501645,0.093,0.093,2026-09-22
SOXS,29.709999084472656,2026-10-02,318.4281275547833,-0.9683262269888351,11.886000000000001,0.436,2026-09-22
SOXY,100.04199981689453,2026-10-02,77.29941846080035,0.7197325088888615,9.070999999999998,0.883,2026-09-02
SOYB,27.219999313354492,2026-10-02,24.249203191810395,0.2491967953042986,,,
SPAB,24.280000686645508,2026-10-02,25.5428684964123,-0.060371496003499336,1.043,0.089,2026-10-01
SPAL,18.889999389648438,2026-10-02,17.081818097597594,,,,
SPAX,11.270000457763672,2026-10-02,10.266623410311611,,,,
SPB,78.31999969482422,2026-10-02,74.03816744435831,0.4237411758685059,1.88,0.47,2026-08-25
SPBO,27.40999984741211,2026-10-02,29.04414342599086,-0.07429924747013816,1.4780000000000002,0.124,2026-10-01
SPBU,30.737499237060547,2026-10-02,29.046926285641128,0.10526788303981593,,,
SPBW,29.42569923400879,2026-10-02,28.015939074208536,0.09340437413033742,,,
SPBX,29.979999542236328,2026-10-02,28.229490021785416,0.11491261519988782,,,
SPCE,3.0299999713897705,2026-10-02,3.15912350905369,-0.29205611615485216,,,
SPCF,18.399999618530273,2026-10-02,16.95272731781006,,0.076,0.076,2026-09-23
SPCG,13.380000114440918,2026-10-02,21.52653335571289,,,,
SPCH,11.079999923706055,2026-10-02,10.15324675572383,,,,
SPCI,20.15999984741211,2026-10-02,28.78373238738154,,3.1799999999999993,0.13,2026-07-31
SPCL,23.1200008392334,2026-10-02,29.790403366088867,,,,
SPCM,19.219999313354492,2026-10-02,17.313246826072792,,,,
SPCQ,9.449999809265137,2026-10-02,15.982857109664323,,,,
SPCU,14.710000038146973,2026-10-02,13.553116878905854,,,,
SPD,41.93000030517578,2026-10-02,40.12350989717886,0.056171272024711616,0.5,0.2,2026-09-25
SPDF,28.227699279785156,2026-10-02,27.439476429915228,,,,
SPDG,45.37049865722656,2026-10-02,43.667117464589886,0.12634990816732206,1.247,0.304,2026-09-21
SPDN,8.420000076293945,2026-10-02,9.143366532496723,-0.12108558002611758,0.312,0.115,2026-09-22
SPDV,38.95399856567383,2026-10-02,37.612569786162965,0.11179610003071394,1.329,0.115,2026-09-30
SPDW,50.529998779296875,2026-10-02,47.81525889240888,0.15947674750416563,1.516,0.722,2026-06-22
SPE,12.649999618530273,2026-10-02,14.282828691946083,-0.18858245704183563,2.12,0.109,2026-09-22
SPEM,51.90999984741211,2026-10-02,49.73717124908569,0.09630415037464601,1.3,0.528,2026-06-22
SPEU,53.41999816894531,2026-10-02,53.62721103501035,0.051988961266473455,1.941,0.228,2026-09-21
SPG,200.9499969482422,2026-10-02,199.126096140341,0.08486747062190836,8.9,2.25,2026-09-09
SPGI,386.2699890136719,2026-10-02,432.1540751058267,-0.14906447005774426,3.713615,0.97,2026-08-26
SPGM,87.2699966430664,2026-10-02,81.20095624581751,0.1532971951211397,1.542,0.668,2026-06-01
SPGP,119.36000061035156,2026-10-02,117.182191187642,0.04017429725796573,0.9580000000000001,0.108,2026-09-21
SPH,16.670000076293945,2026-10-02,18.837609530445114,-0.09989202676796893,1.3,0.325,2026-08-04
SPHB,154.8800048828125,2026-10-02,130.64470128519127,0.38322767879165975,0.7550000000000001,0.139,2026-09-21
SPHD,48.15999984741211,2026-10-02,50.09462155953821,-0.03157047474916619,2.4680000000000004,0.202,2026-09-21
SPHQ,84.86000061035156,2026-10-02,80.2719123809936,0.1475321719045548,0.869,0.154,2026-09-21
SPHR,128.25,2026-10-02,117.64952151233932,1.0366840958204442,,,
SPHY,22.479999542236328,2026-10-02,23.46816734678717,-0.055858880870975014,1.6680000000000004,0.139,2026-10-01
SPIB,32.18000030517578,2026-10-02,33.513744946969936,-0.04933525093722102,1.498,0.129,2026-10-01
SPIN,33.6150016784668,2026-10-02,32.24657367235161,0.06121357011448003,1.6070000000000002,0.072,2026-10-01
SPIP,24.3700008392334,2026-10-02,25.8130677439777,-0.07197255800362634,1.349,0.019,2026-10-01
SPIR,11.109999656677246,2026-10-02,12.990876473278638,-0.19082301332199014,,,
SPLB,20.299999237060547,2026-10-02,22.307808788649115,-0.12273121121422115,1.2070000000000003,0.102,2026-10-01
SPLS,55.56560134887695,2026-10-02,52.37083019491015,,0.368,0.07,2026-10-01
SPLV,70.88999938964844,2026-10-02,73.66023913987604,-0.029037154972633594,1.642,0.142,2026-09-21
SPMB,21.049999237060547,2026-10-02,22.287011910244765,-0.061106192442969,0.9189999999999998,0.073,2026-10-01
SPMC,8.4399995803833,2026-10-02,11.78739439823713,-0.5300668145534531,2.7000000000000006,0.2,2026-09-15
SPMD,64.30000305175781,2026-10-02,62.246573702747604,0.11554482534060262,0.84,0.225,2026-09-21
SPMO,153.22999572753906,2026-10-02,132.29258946878502,0.27595970022685523,1.1,0.243,2026-09-21
SPNT,24.420000076293945,2026-10-02,22.03565741155252,0.31360946077746354,,,
SPOT,472.8900146484375,2026-10-02,527.1313950740009,-0.3050844751676157,,,
SPPP,13.3100004196167,2026-10-02,15.329322697156929,-0.03410735286372557,,,
SPRE,18.670000076293945,2026-10-02,20.397338616420548,-0.046914114690955744,0.7349999999999999,0.067,2026-08-26
SPRU,1.5800000429153442,2026-10-02,3.4769322777174385,-0.45138889578757435,,,
SPSB,29.520000457763672,2026-10-02,30.058725075892717,-0.02251656582771544,1.297,0.109,2026-10-01
SPSK,17.3700008392334,2026-10-02,18.13656977163368,-0.060573225838230216,0.7910000000000001,0.052,2026-08-26
SPSM,53.84000015258789,2026-10-02,51.51653388581903,0.14944491838592056,0.8220000000000001,0.22,2026-09-21
SPTB,28.735000610351562,2026-10-02,30.159669306173743,-0.0600261400978469,1.239,0.104,2026-10-01
SPTE,51.400001525878906,2026-10-02,40.87148999217972,0.4560907262546168,0.3350000000000001,0.007,2026-08-26
SPTI,27.200000762939453,2026-10-02,28.525498006448327,-0.057519051015428535,1.097,0.091,2026-10-01
SPTL,23.75,2026-10-02,26.18390443505519,-0.11775631750779536,1.097,0.091,2026-10-01
SPTM,93.0199966430664,2026-10-02,86.24617518086832,0.14796986356160446,0.98,0.25,2026-09-21
SPTS,28.6200008392334,2026-10-02,29.109482092686385,-0.02220702454269574,1.113,0.095,2026-10-01
SPTU,25.014999389648438,2026-10-02,25.0437782349125,0.00019988647424429296,0.8949999999999999,0.077,2026-10-01
SPUC,49.06999969482422,2026-10-02,48.51062151540323,-0.02850917985667578,6.695,0.6,2026-09-25
SPUS,60.33000183105469,2026-10-02,53.73705179282869,0.20950281754543498,0.28,0.026,2026-08-26
SPUT,28.722999572753906,2026-10-02,27.70103984240042,0.060593707848455525,1.352,0.082,2026-09-30
SPUU,225.9499969482422,2026-10-02,198.07075731497838,0.24641437814289557,2.903,0.261,2026-09-22
SPVM,73.25,2026-10-02,71.2057767617275,0.11593541561719878,1.4100000000000001,0.379,2026-09-21
SPWO,34.2599983215332,2026-10-02,30.498386459046625,0.24854218858380972,0.3320000000000001,0.026,2026-08-26
SPXC,173.08999633789062,2026-10-02,209.95159383219078,-0.08818419286569024,,,
SPXE,82.7300033569336,2026-10-02,76.65722692725193,0.1414656560387928,0.7429999999999999,0.176,2026-09-23
SPXL,288.6499938964844,2026-10-02,242.37266935675268,0.34556213009333736,1.455,0.31,2026-09-22
SPXN,85.24800109863281,2026-10-02,77.75143429577588,0.17752357470775126,0.722,0.176,2026-09-23
SPXS,24.1200008392334,2026-10-02,31.750079705895654,-0.3576564226550558,1.1540000000000001,0.339,2026-09-22
SPXT,107.41000366210938,2026-10-02,106.25222340617997,0.0641185667943498,1.436,0.322,2026-09-23
SPXU,33.90999984741211,2026-10-02,44.67900395488359,-0.3654565733752826,2.178,0.383,2026-09-23
SPXV,84.45099639892578,2026-10-02,77.96899581240467,0.1504017461657643,0.7589999999999999,0.182,2026-09-23
SPXX,18.739999771118164,2026-10-02,17.928525882888124,0.07701150471065787,1.52,0.422,2026-09-15
SPY,769.6400146484375,2026-10-02,711.1376094742126,0.15007245764153354,7.583,1.889,2026-09-18
SPYA,30.766000747680664,2026-10-02,28.840948226442375,0.11277488243777478,0.105,0.105,2025-12-30
SPYC,46.025001525878906,2026-10-02,43.84594010736838,0.06947837083927855,0.5,0.2,2026-09-25
SPYD,45.38999938964844,2026-10-02,46.3155377452592,0.025067765152481103,2.0600000000000005,0.518,2026-09-21
SPYG,124.62000274658203,2026-10-02,111.33163348802057,0.18878184269634146,0.5860000000000001,0.148,2026-09-21
SPYH,56.459999084472656,2026-10-02,55.39468526650235,0.02954046184130643,4.3309999999999995,0.371,2026-09-23
SPYI,53.599998474121094,2026-10-02,52.60458165810878,0.022315433189684875,6.341,0.534,2026-09-16
SPYM,90.5999984741211,2026-10-02,83.67876485999362,0.1507683806816722,0.91,0.239,2026-09-11
SPYT,17.010000228881836,2026-10-02,17.444800794837008,-0.06794519293798162,3.542,0.287,2026-10-01
SPYU,34.68000030517578,2026-10-02,29.740557757981744,0.2599455326360349,,,
SPYV,61.47999954223633,2026-10-02,59.204661411118224,0.10377017414948853,1.058,0.268,2026-09-21
SPYX,63.029998779296875,2026-10-02,58.346183396905545,0.14475112980785387,0.532,0.134,2026-09-21
SQBA,30.838199615478516,2026-10-02,30.74039077758789,,,,
SQLT,27.989999771118164,2026-10-02,28.05789065361023,,0.137,0.082,2026-09-15
SQM,64.5199966430664,2026-10-02,71.81880488908624,0.49663641219188204,2.465,1.435,2026-09-08
SQMX,34.92499923706055,2026-10-02,33.73982060952965,0.07102327563032174,,,
SQNS,2.799999952316284,2026-10-02,4.134063752998869,-0.7134084113485091,,,
SR,77.54000091552734,2026-10-02,84.91039844528137,-0.05772268741224085,3.3,0.825,2026-09-11
SRE,78.37999725341797,2026-10-02,90.39258979706176,-0.14282594968604678,2.6189999999999998,0.658,2026-09-24
SRFM,0.972000002861023,2026-10-02,1.7697131458031703,-0.7914163015690194,,,
SRG,1.809999942779541,2026-10-02,2.9258167401727926,-0.5721040343692498,,,
SRHQ,46.81610107421875,2026-10-02,43.04555017539705,0.2020772891024598,0.346,0.092,2026-09-24
SRHR,54.340999603271484,2026-10-02,56.07827085517792,-0.0241883373206766,3.689,0.338,2026-09-24
SRI,6.71999979019165,2026-10-02,6.7792031736487885,-0.11578949019519269,,,
SRL,5.0,2026-10-02,6.663745032838616,-0.14529913136570483,,,
SRLN,40.22999954223633,2026-10-02,40.68075684627214,-0.02755618610301236,2.9419999999999997,0.246,2026-10-01
SROI,37.569000244140625,2026-10-02,35.296617485137574,0.12076013086570447,0.201,0.201,2025-12-12
SRS,46.400001525878906,2026-10-02,43.90629460612141,0.008476488123738468,1.309,0.326,2026-09-23
SRTY,25.799999237060547,2026-10-02,32.62788838694295,-0.4256455857360888,1.548,0.269,2026-09-23
SRV,42.369998931884766,2026-10-02,44.50685260970279,-0.06447343618051193,7.74,0.5,2026-09-15
SRVR,28.280000686645508,2026-10-02,31.580573724085593,-0.11292341809567752,1.379,0.637,2026-09-03
SRXH,1.6100000143051147,2026-10-02,9.218645434930504,-0.9231136593484537,0.05,0.05,2026-07-22
SSB,101.91000366210938,2026-10-02,98.00581706377615,0.025561043024271424,2.46,0.66,2026-08-07
SSCP,26.21339988708496,2026-10-02,25.743973780159997,,,,
SSD,173.55999755859375,2026-10-02,181.52956223202892,0.013666606244642887,1.47,0.3,2026-10-01
SSFI,20.246000289916992,2026-10-02,21.38851795728463,-0.06311893946829372,0.594,0.216,2026-06-29
SSG,9.9399995803833,2026-10-02,22.15382463903541,-0.7214125701971648,0.8869999999999999,0.144,2026-09-23
SSK,15.949999809265137,2026-10-02,15.474808768922115,-0.5552147368156788,3.088,0.06,2026-09-29
SSL,13.9399995803833,2026-10-02,10.00203187532159,1.2556634251769565,,,
SSMG,26.0,2026-10-02,26.32789472948041,,,,
SSMR,15.380000114440918,2026-10-02,15.344166687556676,,,,
SSO,70.58000183105469,2026-10-02,62.03946217692706,0.2482094635528247,0.476,0.118,2026-09-23
SSPC,7.820000171661377,2026-10-02,12.620779167522084,,,,
SSPY,96.75759887695312,2026-10-02,92.59696261341354,0.10695240376256288,1.202,1.202,2025-12-30
SST,2.440000057220459,2026-10-02,3.5028207055126055,-0.6930817464452239,,,
SSTK,3.809999942779541,2026-10-02,15.019561761878876,-0.8293010754985342,1.0499999999999998,0.36,2026-06-04
SSUS,56.573001861572266,2026-10-02,51.59514338276776,0.1664536466303559,0.251,0.251,2025-12-29
SSXU,35.698299407958984,2026-10-02,35.47641561135828,0.03413380459357174,0.914,0.914,2025-12-29
ST,43.5099983215332,2026-10-02,39.24561760435066,0.40128822514110385,0.48,0.12,2026-08-12
STAG,36.04999923706055,2026-10-02,38.040398479932804,-0.005242892731959992,1.536,0.388,2026-09-30
STAX,24.815000534057617,2026-10-02,25.429924299992415,-0.02838685808460384,0.7929999999999999,0.067,2026-09-30
STBF,24.8799991607666,2026-10-02,25.34954574858525,-0.024122441977738274,1.201,0.143,2026-09-16
STBQ,23.320199966430664,2026-10-02,22.20071893349672,,,,
STC,51.54999923706055,2026-10-02,67.90649386706106,-0.28837662203618464,2.125,0.55,2026-09-15
STCE,66.08999633789062,2026-10-02,69.21027082466034,-0.231064587731294,1.134,1.134,2025-12-11
STDN,12.520000457763672,2026-10-02,11.629642852715083,,,,
STE,208.5399932861328,2026-10-02,232.77649418196356,-0.14004126479945234,1.95,0.69,2026-09-04
STEM,4.260000228881836,2026-10-02,11.747091662836265,-0.8093959661667934,,,
STEN,28.559999465942383,2026-10-02,26.47069721297914,0.1369426159148952,0.08,0.08,2025-12-23
STEW,17.56999969482422,2026-10-02,17.923306765309366,-0.02928180527488322,0.7649999999999999,0.2,2026-07-24
STG,2.8499999046325684,2026-10-02,4.437569729360451,-0.6543359679574678,,,
STHH,11.720000267028809,2026-10-02,8.681542227467693,1.0544463830062183,0.22210000000000002,0.119,2026-09-16
STIP,99.91999816894531,2026-10-02,102.41482078886602,-0.031313653021354804,4.728,0.739,2026-08-03
STK,55.04999923706055,2026-10-02,44.48992030839046,0.5224004278031089,2.717,0.463,2026-08-17
STLA,4.400000095367432,2026-10-02,7.933745021364128,-0.5899347359664108,,,
STLL,14.270000457763672,2026-10-02,13.315526410153037,,,,
STLR,24.530000686645508,2026-10-02,21.42898426949978,,0.203,0.043,2026-09-23
STLU,21.270000457763672,2026-10-02,19.373750008642673,,0.08,0.004,2026-09-23
STM,57.2599983215332,2026-10-02,43.34577691887479,0.9888849079768909,0.36,0.09,2026-09-22
STMX,17.280000686645508,2026-10-02,14.015625029802322,,,,
STN,67.44999694824219,2026-10-02,86.83952173483799,-0.38942702812606267,0.5209999999999999,0.173,2026-09-29
STNG,86.2300033569336,2026-10-02,70.60374520594381,0.504886640577155,1.35,0.45,2026-08-17
STOT,46.119998931884766,2026-10-02,47.098438399721424,-0.024121866909356582,2.065,0.174,2026-10-01
STOX,32.20429992675781,2026-10-02,29.542439464553894,0.16551334812677254,0.054,0.054,2025-12-24
STPZ,51.93000030517578,2026-10-02,53.57059755363312,-0.039222922512663794,2.44,0.39,2026-08-03
STRN,27.275999069213867,2026-10-02,24.109709234351655,0.24513826797316485,0.041,0.041,2025-12-23
STRW,13.5,2026-10-02,12.975139446942455,0.13636362541696156,0.66,0.17,2026-09-16
STSM,27.209999084472656,2026-10-02,59.89848878938858,-0.7788344358737693,,,
STT,175.9600067138672,2026-10-02,147.38103585414203,0.5119437262978574,3.44,0.92,2026-10-01
STUB,5.409999847412109,2026-10-02,10.652549800644833,-0.6808259820706986,,,
STVN,20.200000762939453,2026-10-02,19.345498077422974,-0.22247878680290922,0.062,0.062,2026-06-11
STWD,13.050000190734863,2026-10-02,17.37362548554561,-0.3283582096877995,1.92,0.48,2026-09-30
STXD,38.97949981689453,2026-10-02,38.02119720884528,0.05503980724348523,0.33599999999999997,0.102,2026-06-29
STXE,50.683998107910156,2026-10-02,43.14713539640267,0.5086318935300256,0.492,0.168,2026-06-29
STXF,49.77000045776367,2026-10-02,45.93584469495067,0.14677416377707764,0.245,0.12,2026-03-30
STXG,57.09700012207031,2026-10-02,52.42972502385478,0.1377077110076126,0.202,0.067,2026-06-29
STXK,36.459999084472656,2026-10-02,35.64425889429343,0.08537747413933383,0.34099999999999997,0.117,2026-06-29
STXL,30.360000610351562,2026-10-02,36.6423893987605,,,,
STXS,1.1799999475479126,2026-10-02,2.0250199149804287,-0.6242038509155008,,,
STXT,18.985000610351562,2026-10-02,19.909119556624574,-0.06684682963396438,0.8239999999999998,0.087,2026-08-27
STXU,11.550000190734863,2026-10-02,14.219999980926513,,,,
STXV,37.760799407958984,2026-10-02,36.050505079596164,0.15745459698841913,0.602,0.21,2026-06-29
STXX,38.7599983215332,2026-10-02,45.68232148034232,,,,
STYL,24.020000457763672,2026-10-02,25.674807658562294,,,,
STZ,112.87000274658203,2026-10-02,141.91071745123998,-0.20625875408658167,4.1000000000000005,1.03,2026-07-30
SU,69.55999755859375,2026-10-02,56.66657389302652,0.6822249123449882,1.306,0.435,2026-09-04
SUB,104.54000091552734,2026-10-02,106.46171317537467,-0.020059986722221756,2.7270000000000003,0.235,2026-10-01
SUI,110.75,2026-10-02,124.53856592064359,-0.14899338774079285,4.4,1.12,2026-09-30
SUIL,12.670000076293945,2026-10-02,7.881443298969073,,0.013,0.002,2026-09-23
SUNB,77.0999984741211,2026-10-02,74.1055330657959,,1.05,0.3,2026-09-18
SUPL,44.814998626708984,2026-10-02,43.530513961001695,0.18011851026799008,1.018,0.206,2026-09-23
SUPV,6.860000133514404,2026-10-02,9.522549790690144,0.38585866623150866,,,
SURE,146.15499877929688,2026-10-02,136.04667280584692,0.17459614579151794,1.29,1.29,2025-12-22
SURI,17.055999755859375,2026-10-02,17.439784809887648,0.04734417658405987,2.72,0.68,2026-09-25
SUSA,157.1699981689453,2026-10-02,145.32581678899635,0.15083832276454334,1.298,0.338,2026-09-15
SUZ,8.5,2026-10-02,9.089561751164288,-0.1071429000753723,0.001,0.001,2026-05-04
SVAL,42.066001892089844,2026-10-02,38.24749397186644,0.2481752510561388,0.933,0.253,2026-09-15
SVIX,28.979999542236328,2026-10-02,22.027370521271845,0.36184203980891017,,,
SVM,10.579999923706055,2026-10-02,10.362430268549824,0.5114285605294364,0.013,0.013,2026-06-05
SVOL,16.420000076293945,2026-10-02,16.66541832471749,-0.08828429385792447,3.460000000000001,0.28,2026-09-25
SVV,9.25,2026-10-02,9.624980079225335,-0.30293898410619524,,,
SVXY,64.11000061035156,2026-10-02,53.89266923699246,0.25804556048129257,,,
SW,42.540000915527344,2026-10-02,42.1766534174581,0.01333971842299797,1.356,0.452,2026-08-14
SWAN,32.04999923706055,2026-10-02,32.75665330316916,-0.009273547178079045,1.099,0.27,2026-09-29
SWK,91.33999633789062,2026-10-02,80.90330690786658,0.21108457379279644,3.3299999999999996,0.84,2026-09-08
SWX,82.69000244140625,2026-10-02,86.04075698548579,0.054853974808496186,2.5300000000000002,0.645,2026-08-17
SWZ,5.769999980926514,2026-10-02,6.0032669063583315,-0.04942342376454201,,,
SXC,9.899999618530273,2026-10-02,7.876693208854037,0.17437713643402297,0.48,0.12,2026-08-17
SXI,288.5899963378906,2026-10-02,265.9053790939757,0.3510135083249728,1.36,0.34,2026-08-07
SXQG,33.70000076293945,2026-10-02,32.31382475621197,0.012042433080123871,,,
SXT,128.58999633789062,2026-10-02,106.94613562352154,0.35500520832789006,1.64,0.41,2026-08-03
SYF,71.7699966430664,2026-10-02,74.71486061977676,0.007580980776133117,1.24,0.34,2026-08-05
SYFI,34.7599983215332,2026-10-02,35.72516326600337,-0.035516164302944575,1.934,0.152,2026-09-01
SYK,275.42999267578125,2026-10-02,337.5974107719513,-0.2565992100518725,3.52,0.88,2026-09-30
SYLD,81.19999694824219,2026-10-02,76.51443830999246,0.16432462626194333,1.468,0.505,2026-09-18
SYNX,1.0099999904632568,2026-10-02,1.137330671468104,-0.34415583410277517,,,
SYSB,83.87999725341797,2026-10-02,88.81196816129038,-0.06659990822482964,3.9490000000000003,0.35,2026-10-01
SYY,77.48999786376953,2026-10-02,79.09306779230734,-0.056725545654936815,2.7199999999999998,0.55,2026-10-02
SZK,22.459999084472656,2026-10-02,22.750996015936256,-0.12059521224144376,1.213,0.827,2026-09-23
T,24.299999237060547,2026-10-02,25.20573699616816,-0.10199557588149855,1.112,0.278,2026-07-10
TABD,23.815000534057617,2026-10-02,24.927275018692015,,0.721,0.091,2026-08-26
TAC,12.350000381469727,2026-10-02,13.42434263799295,-0.14651001012001996,0.15,0.051,2026-09-01
TACK,31.530000686645508,2026-10-02,178.30846193017237,-0.8946541865265448,2.017,0.096,2026-09-28
TACN,28.351900100708008,2026-10-02,27.640256928925467,0.12040702465073783,,,
TACU,28.218000411987305,2026-10-02,26.280650303281586,0.1264671166232938,,,
TAFI,24.639999389648438,2026-10-02,25.184585616883055,-0.024544767759918762,0.7170000000000001,0.064,2026-09-01
TAFL,23.2450008392334,2026-10-02,24.937613567033136,-0.06852330553799113,0.9409999999999998,0.078,2026-09-01
TAFM,24.030000686645508,2026-10-02,25.379474130759675,-0.05281829358537704,0.8489999999999999,0.071,2026-09-01
TAGG,40.459999084472656,2026-10-02,42.62268124158639,-0.062449305319343784,1.8999999999999997,0.16,2026-09-25
TAGS,27.360000610351562,2026-10-02,24.5139840646569,0.1667377279403548,,,
TAIL,9.770000457763672,2026-10-02,11.14210761400808,-0.17622253452063907,0.34800000000000003,0.084,2026-09-18
TAJX,22.399999618530273,2026-10-02,25.33341183381922,,,,
TAK,17.860000610351562,2026-10-02,16.53920317266092,0.22328768107564012,,,
TAL,12.0600004196167,2026-10-02,11.138685256836423,0.0796777383387488,,,
TALO,16.780000686645508,2026-10-02,13.53689245018826,0.7052845961828993,,,
TALV,28.086999893188477,2026-10-02,27.111125629750926,,0.125,0.078,2026-06-25
TAN,44.04999923706055,2026-10-02,53.47490055342595,-0.04197477869487409,,,
TAP,36.86000061035156,2026-10-02,43.80254979532553,-0.2054321816055772,1.91,0.48,2026-08-28
TAP-A,39.52000045776367,2026-10-02,46.550398336463715,-0.22327044756039693,1.91,0.48,2026-08-28
TAPR,26.860000610351562,2026-10-02,26.152533793354415,0.04778624421815181,,,
TAWN,32.540000915527344,2026-10-02,28.544193760041267,,,,
TAXF,47.77000045776367,2026-10-02,50.26872501145321,-0.0465069478507264,1.754,0.148,2026-09-04
TAXM,47.349998474121094,2026-10-02,50.03014737011427,-0.05422950618317757,1.5039999999999998,0.142,2026-09-01
TAXX,49.79499816894531,2026-10-02,50.65699997556162,-0.020939882591930026,1.5979999999999999,0.151,2026-09-01
TBBB,52.650001525878906,2026-10-02,37.52968140712297,1.0430733640137424,,,
TBF,26.84000015258789,2026-10-02,24.39900400534094,0.13296747773397977,0.587,0.125,2026-09-23
TBFC,28.823999404907227,2026-10-02,28.864211139450987,0.02408866263999654,0.9099999999999999,0.21,2026-09-24
TBFG,32.617000579833984,2026-10-02,31.36732261019399,0.09707038418405078,0.794,0.145,2026-09-24
TBG,36.27000045776367,2026-10-02,35.75116337628003,0.0886334002453899,0.76,0.249,2026-06-29
TBI,9.180000305175781,2026-10-02,6.121633466021473,0.5148515498112678,,,
TBJL,18.361099243164062,2026-10-02,19.73953426406678,-0.08968273804103288,,,
TBLL,105.62000274658203,2026-10-02,105.65478883416529,-0.0006623114126903529,3.8029999999999995,0.316,2026-09-21
TBLU,49.02799987792969,2026-10-02,52.00299199928801,-0.08394835743359208,1.779,0.505,2026-06-25
TBN,33.650001525878906,2026-10-02,31.67633462427147,0.2407817287822065,,,
TBT,42.540000915527344,2026-10-02,35.467689316586196,0.26306414875507,0.9159999999999999,0.227,2026-09-23
TBUX,49.619998931884766,2026-10-02,49.85513948539339,-0.0052125527398327876,2.171,0.176,2026-09-25
TBX,29.8799991607666,2026-10-02,28.26541831483879,0.07173601363713256,0.7549999999999999,0.18,2026-09-23
TBXU,36.95000076293945,2026-10-02,32.83003589736513,0.3836360557387195,0.764,0.142,2026-09-22
TCAF,42.540000915527344,2026-10-02,39.40717922073912,0.11624246219435874,0.192,0.192,2025-12-23
TCAI,48.18000030517578,2026-10-02,40.53618317106331,0.5625608379516978,0.015,0.015,2025-12-31
TCAL,21.899999618530273,2026-10-02,23.135334653208457,-0.10721569484288862,2.7529999999999997,0.178,2026-09-30
TCBX,43.36000061035156,2026-10-02,40.12254983970369,0.15873871544803642,,,
TCHP,52.11000061035156,2026-10-02,49.26535845752731,0.05893114366657137,,,
TCI,44.400001525878906,2026-10-02,42.95262949970139,-0.02802098885169768,,,
TCPB,48.27349853515625,2026-10-02,50.89024895595839,-0.06428574544722654,2.234,0.187,2026-08-28
TCV,32.060001373291016,2026-10-02,29.57856171444593,0.23550048589650574,0.079,0.009,2025-12-30
TD,117.87999725341797,2026-10-02,102.75960151702759,0.4511878909500995,1.5710000000000002,0.791,2026-07-10
TDAQ,27.639999389648438,2026-10-02,26.434980118892106,0.051750329812359164,4.504,0.382,2026-09-15
TDAX,24.3700008392334,2026-10-02,23.611236531247375,,3.7170000000000005,0.087,2026-09-30
TDAY,7.050000190734863,2026-10-02,6.449163344751791,0.6947116464729179,,,
TDC,30.139999389648438,2026-10-02,28.888884494979067,0.35888182934853985,,,
TDEC,27.415000915527344,2026-10-02,25.280537799060106,0.17208215608847888,,,
TDF,9.5,2026-10-02,11.104143442860638,-0.1976351454756048,0.5,0.15,2026-09-23
TDG,1090.3800048828125,2026-10-02,1261.034978737394,-0.15397683010050578,,,
TDOC,5.519999980926514,2026-10-02,6.848725106136732,-0.3873474094670961,,,
TDS,35.38999938964844,2026-10-02,39.91908373585735,-0.10473057216021686,0.16,0.04,2026-09-15
TDTF,22.700000762939453,2026-10-02,23.891593606348533,-0.062370854136118314,1.182,0.183,2026-08-03
TDTT,23.260000228881836,2026-10-02,24.016334693270377,-0.04161517139810145,1.143,0.178,2026-08-03
TDV,102.5999984741211,2026-10-02,93.56321907803357,0.17714541261227446,1.0750000000000002,0.258,2026-09-23
TDVG,48.58000183105469,2026-10-02,46.860836697764604,0.10133759144982024,0.375,0.115,2026-06-26
TDVI,31.690000534057617,2026-10-02,29.566872478956245,0.09050244722810574,2.336,0.206,2026-09-24
TDW,82.41999816894531,2026-10-02,71.64717143085373,0.5460513233120787,,,
TDY,617.1699829101562,2026-10-02,604.0609952767056,0.05028758047464965,,,
TE,3.9200000762939453,2026-10-02,5.9872111685247535,0.5494071623015178,,,
TEC,35.56399917602539,2026-10-02,29.98809961113797,0.2687833858302169,,,
TECB,79.36000061035156,2026-10-02,65.31127083159063,0.30440500347329325,0.21699999999999997,0.053,2026-09-15
TECK,68.55999755859375,2026-10-02,55.60131484863768,0.5859356531246236,0.271,0.09,2026-09-15
TECL,246.30999755859375,2026-10-02,155.41493994116308,0.9271575171236066,8.559,0.209,2026-09-22
TECS,48.83000183105469,2026-10-02,129.54521928460474,-0.740404039093,4.18,0.5,2026-09-22
TEI,6.079999923706055,2026-10-02,6.509521911818668,-0.012987000923330161,0.8990000000000002,0.054,2026-09-23
TEK,41.689998626708984,2026-10-02,34.394808773025574,0.33152345377895975,0.476,0.476,2025-12-16
TEL,220.36000061035156,2026-10-02,217.9462947769469,-0.002173499979617133,2.27,0.78,2026-08-21
TELG,14.550000190734863,2026-10-02,13.287631574429964,,,,
TEMC,31.420000076293945,2026-10-02,22.42666664123535,,,,
TEMD,23.735000610351562,2026-10-02,24.95085795359178,,1.049,0.119,2026-09-01
TEMR,28.93120002746582,2026-10-02,27.587261979009064,,,,
TEMT,34.45000076293945,2026-10-02,39.09464142332039,-0.7100168360439304,11.544,11.544,2025-12-23
TEMX,38.137001037597656,2026-10-02,33.291430347944164,0.3052570504431624,0.322,0.322,2025-12-30
TEN,50.04999923706055,2026-10-02,34.23629477299542,1.2534894777213768,1.0,1.0,2026-07-23
TEND,28.1481990814209,2026-10-02,26.274779027508153,0.12345634558248775,0.036,0.036,2025-12-23
TENJ,28.450000762939453,2026-10-02,26.444341764168396,0.1373176676835126,0.072,0.072,2025-12-23
TENM,27.860300064086914,2026-10-02,26.226368360881565,0.11329872083023673,0.075,0.075,2025-12-23
TEO,11.720000267028809,2026-10-02,12.138326686691952,0.5668449514897878,,,
TEQI,50.70000076293945,2026-10-02,47.841832772669086,0.15018145773353675,0.5720000000000001,0.194,2026-06-26
TERC,29.389999389648438,2026-10-02,21.610634909735786,,,,
TESC,21.690000534057617,2026-10-02,21.675362324369125,,,,
TESL,14.019000053405762,2026-10-02,17.376095642606575,-0.5019893341605061,6.72,6.72,2025-12-23
TEST,37.43899917602539,2026-10-02,44.947940512879256,-0.2460782763059437,9.355,0.178,2026-09-22
TETH,13.3100004196167,2026-10-02,12.536772919841022,-0.4113224210386369,0.032,0.009,2026-06-29
TEUP,18.549999237060547,2026-10-02,73.95715903152119,,,,
TEVA,39.529998779296875,2026-10-02,31.59852586419459,0.9755121602767629,,,
TEX,56.709999084472656,2026-10-02,59.640916193623944,0.07752228640613112,0.68,0.17,2026-08-11
TEXU,40.566001892089844,2026-10-02,34.061446224075866,0.6245896278577099,0.781,0.258,2026-09-22
TFC,46.45000076293945,2026-10-02,48.86625502688951,0.02043058646360718,2.08,0.52,2026-08-14
TFFI,21.60099983215332,2026-10-02,20.193123383955523,,,,
TFI,42.720001220703125,2026-10-02,45.41123507982231,-0.06130514620366356,1.6140000000000003,0.137,2026-10-01
TFII,118.9000015258789,2026-10-02,121.23015928838358,0.3043000959783819,1.41,0.47,2026-09-29
TFIN,62.18000030517578,2026-10-02,64.91023909428205,0.27131466978456364,,,
TFJL,18.479000091552734,2026-10-02,19.598924317682883,-0.0863288136951873,,,
TFLO,50.529998779296875,2026-10-02,50.551394428389955,0.001585689101043286,1.887,0.16,2026-10-01
TFLR,50.47999954223633,2026-10-02,50.94728671981994,-0.019881990583984765,3.2980000000000005,0.259,2026-09-25
TFPM,30.610000610351562,2026-10-02,32.70749012312566,0.028216329851242117,0.176,0.06,2026-08-31
TFPN,29.989999771118164,2026-10-02,28.664752967804077,0.20051233698949833,,,
TFX,124.12000274658203,2026-10-02,123.34521906879318,-0.05179519836543278,1.36,0.34,2026-08-14
TG,7.03000020980835,2026-10-02,7.980836659313673,-0.08937818641652728,,,
TGB,8.949999809265137,2026-10-02,6.825896410353155,1.1514423407570158,,,
TGE,1.1100000143051147,2026-10-02,1.1736414366034398,-0.47142854061256323,,,
TGEN,2.6500000953674316,2026-10-02,4.878525903975346,-0.7125813428830401,,,
TGLB,30.311100006103516,2026-10-02,27.510912701428175,0.14558752884198944,0.053,0.053,2025-12-23
TGLR,39.25,2026-10-02,38.23094029825522,0.09867044580652373,0.329,0.079,2026-06-24
TGLS,34.7400016784668,2026-10-02,46.63657362432594,-0.47514729721879245,0.44999999999999996,0.15,2026-09-30
TGRT,47.77000045776367,2026-10-02,44.33117136252354,0.08889905677760068,0.035,0.035,2025-12-23
TGRW,49.06100082397461,2026-10-02,45.80494022749335,0.07307522996649873,,,
TGS,25.010000228881836,2026-10-02,29.783984142470644,0.1813887642299965,,,
TGT,156.0,2026-10-02,121.15382446045895,0.7522183773889526,4.58,1.16,2026-08-12
THC,258.6199951171875,2026-10-02,211.3282470703125,0.27399012372998777,,,
THD,71.62000274658203,2026-10-02,67.63653397275158,0.1906899572690497,2.5260000000000002,1.715,2026-06-15
THEQ,30.260000228881836,2026-10-02,28.86937452977397,0.08384969199520942,0.222,0.222,2025-12-23
THG,219.42999267578125,2026-10-02,191.91266896525227,0.19417683088860538,3.8,0.95,2026-09-11
THIR,33.849998474121094,2026-10-02,32.88543814396953,0.0735806450032277,0.113,0.113,2025-12-12
THLV,31.219999313354492,2026-10-02,31.731378486906866,0.03319324521963507,0.53,0.53,2025-12-12
THM,2.4600000381469727,2026-10-02,2.300677282401765,0.3155080384353699,,,
THMR,26.39929962158203,2026-10-02,25.782108167322672,,,,
THNQ,98.75,2026-10-02,74.35924300539541,0.48362385249592177,0.13,0.13,2025-12-30
THNR,24.55900001525879,2026-10-02,25.21349796735908,-0.004741472564936289,0.413,0.413,2025-12-30
THO,69.55000305175781,2026-10-02,89.23254981173937,-0.36233608465795,2.08,0.52,2026-07-01
THOR,25.139999389648438,2026-10-02,25.82583326763577,,0.108,0.108,2026-09-17
THQ,17.780000686645508,2026-10-02,18.631772911406134,-0.02146391788722457,2.15,0.17,2026-09-22
THRO,44.43000030517578,2026-10-02,40.36685250574849,0.17508592148745938,0.13,0.054,2026-09-15
THTA,15.760000228881836,2026-10-02,15.388685241638427,0.04150147109872715,1.6680000000000001,0.131,2026-09-15
THW,12.350000381469727,2026-10-02,12.843525890335144,-0.039657798508782593,1.407,0.12,2026-09-22
THY,21.364999771118164,2026-10-02,22.019705145482522,-0.06046613957078284,1.132,0.115,2026-09-17
THYF,49.83100128173828,2026-10-02,51.762693275968395,-0.0508019307608264,3.2049999999999996,0.283,2026-08-26
TIC,8.260000228881836,2026-10-02,9.360717146520122,-0.4174894181160992,,,
TIER,32.17919921875,2026-10-02,30.28796496904229,0.16074016934212398,0.21,0.21,2025-12-23
TII,2.440000057220459,2026-10-02,2.804585658696543,0.14553987141963587,,,
TIIV,29.836999893188477,2026-10-02,28.6745298925149,0.12329642288479414,0.881,0.32,2026-06-30
TILL,20.18000030517578,2026-10-02,18.051693205814438,0.12775239300635954,0.828,0.828,2025-12-24
TILT,279.6700134277344,2026-10-02,261.113307147387,0.14675253332932914,2.99,0.736,2026-09-18
TIMB,17.829999923706055,2026-10-02,22.33545816277128,-0.1924818847230617,0.317,0.162,2026-06-29
TIME,27.93199920654297,2026-10-02,25.498230991135557,0.12470304957678136,0.186,0.186,2025-12-22
TINS,28.461000442504883,2026-10-02,27.758080204830893,0.13210028375036043,0.061,0.061,2025-12-19
TINT,38.61000061035156,2026-10-02,37.23510362997473,0.15862438752670505,0.46399999999999997,0.042,2026-09-23
TINY,81.7750015258789,2026-10-02,68.60527506672528,0.5484756561138269,0.066,0.008,2026-06-24
TIP,104.11000061035156,2026-10-02,109.69577698118658,-0.06249439217189101,4.706,0.784,2026-08-03
TIPA,98.13999938964844,2026-10-02,100.0644261029612,-0.022617080327277272,3.9370000000000003,0.677,2026-08-03
TIPB,95.73819732666016,2026-10-02,99.72384570604302,-0.05003721923663362,4.782,0.701,2026-08-03
TIPC,92.62079620361328,2026-10-02,99.71742959801419,-0.09110644901523501,5.630999999999999,0.026,2026-10-01
TIPD,90.24400329589844,2026-10-02,99.39842227160693,-0.11963085482529578,6.722,0.701,2026-08-03
TIPE,98.38529968261719,2026-10-02,98.86145152216372,,,,
TIPF,97.9822006225586,2026-10-01,98.76969818115235,,,,
TIPG,95.177001953125,2026-10-02,97.3713269441024,,,,
TIPH,97.25299835205078,2026-10-01,97.79753598299894,,,,
TIPX,18.200000762939453,2026-10-02,19.01788849089725,-0.05356208028162501,0.9359999999999999,0.017,2026-10-01
TIPZ,49.59000015258789,2026-10-02,52.64079688934691,-0.07446811388786134,2.8299999999999996,0.41,2026-08-03
TISI,28.899999618530273,2026-10-02,17.107729091112358,0.8466453880491747,,,
TIZE,33.869998931884766,2026-10-02,34.00999984741211,,,,
TJAN,28.665000915527344,2026-10-02,27.705884447135773,0.059665087609637624,,,
TJUL,30.709999084472656,2026-10-02,29.905545853998557,0.045980873503290054,,,
TJUN,23.174100875854492,2026-10-02,22.743781253161185,0.055286969125617924,,,
TJX,132.67999267578125,2026-10-02,151.30641456999152,-0.061204337672149944,1.81,0.48,2026-08-13
TK,14.84000015258789,2026-10-02,11.32474105196645,0.8009709423297848,1.0,1.0,2026-05-26
TKC,5.039999961853027,2026-10-02,5.921314735336607,-0.15294115572828904,0.106,0.106,2025-12-29
TKNQ,25.6028995513916,2026-10-02,23.639773833446014,,,,
TKNZ,33.060001373291016,2026-10-02,28.37107150895255,,,,
TKO,175.5800018310547,2026-10-02,195.25872486616035,-0.11031164732288867,3.14,0.79,2026-09-15
TKR,122.44000244140625,2026-10-02,107.25705162747448,0.5996864512261506,1.42,0.36,2026-08-18
TLCI,26.31999969482422,2026-10-02,26.367697278816863,-0.0188623169600165,0.156,0.156,2025-12-30
TLDR,25.014999389648438,2026-10-02,25.015440278134104,,0.5970000000000001,0.018,2026-09-29
TLH,91.7300033569336,2026-10-02,100.37669308727006,-0.10924450993662294,4.465,0.358,2026-10-01
TLIE,25.0049991607666,2026-10-02,24.921666145324707,,,,
TLK,12.550000190734863,2026-10-02,17.9149003693782,-0.32015163525706225,1.221,1.221,2026-06-18
TLTD,100.61000061035156,2026-10-02,97.22095611085929,0.11826163438130588,3.3209999999999997,0.421,2026-09-18
TLTE,77.19000244140625,2026-10-02,71.22760930764248,0.2112035618366741,2.5010000000000003,0.583,2026-09-18
TLTI,41.17399978637695,2026-10-02,45.61089238322589,-0.12739220964220588,2.7689999999999997,0.227,2026-09-09
TLTP,18.77199935913086,2026-10-02,21.434442223780657,-0.17340378177444737,2.731,0.209,2026-09-29
TLTW,19.975000381469727,2026-10-02,22.41533862262133,-0.1425198404786786,2.5320000000000005,0.289,2026-10-02
TLTX,20.010000228881836,2026-10-02,23.48282475110544,-0.22330474519131682,3.9170000000000003,0.27,2026-09-21
TLYS,4.579999923706055,2026-10-02,3.090836647022293,1.3015074883201851,,,
TM,181.49000549316406,2026-10-02,201.17788805714642,-0.06732098818676902,,,
TMAR,26.961000442504883,2026-10-02,24.384960204956542,0.2054996967771905,,,
TMAT,30.479999542236328,2026-10-02,26.975422338660493,0.09482756376360979,0.006,0.006,2025-12-23
TMDE,0.652999997138977,2026-10-02,0.9120398403638863,-0.34040404964789917,,,
TMDV,49.757999420166016,2026-10-02,49.74957372657806,0.044173494798409374,1.305,0.303,2026-09-23
TME,7.739999771118164,2026-10-02,13.114621504369484,-0.6620087379890132,0.24,0.24,2026-04-02
TMF,25.579999923706055,2026-10-02,36.08633461606455,-0.36855095078814326,1.3980000000000001,0.351,2026-09-22
TMFC,80.83999633789062,2026-10-02,73.67302390778683,0.14585390277848376,0.103,0.103,2025-12-18
TMFE,30.645999908447266,2026-10-02,29.37678087090116,0.04880221179338107,0.093,0.093,2025-12-18
TMFG,30.024999618530273,2026-10-02,30.337509915173293,-0.008159346783485066,0.081,0.081,2025-12-18
TMFM,21.149999618530273,2026-10-02,22.324924248623184,-0.14926995830393663,0.015,0.015,2025-12-18
TMFS,33.13999938964844,2026-10-02,34.75247820060092,-0.043026324935308224,,,
TMFX,23.790000915527344,2026-10-02,22.06093234179979,0.08998445352705686,0.011,0.011,2025-12-18
TMGN,26.239999771118164,2026-10-02,24.650175362302544,,0.868,0.449,2026-09-29
TMH,47.816001892089844,2026-10-02,54.563737147357834,-0.0843354888101242,6.854,2.375,2026-06-16
TMLP,28.1560001373291,2026-10-02,28.450322926044464,,1.665,0.58,2026-09-24
TMO,654.7999877929688,2026-10-02,547.1377696003098,0.2051829105608951,1.8399999999999999,0.47,2026-09-15
TMP,98.88999938964844,2026-10-02,82.73557789107242,0.5111551910193262,2.6900000000000004,0.7,2026-08-07
TMQ,3.0899999141693115,2026-10-02,4.193107580283724,0.4855769363028062,,,
TMSL,41.43000030517578,2026-10-02,39.2860159399025,0.1733219681071443,0.203,0.203,2025-12-23
TMV,50.130001068115234,2026-10-02,38.002350651410474,0.4396898767223929,0.959,0.227,2026-09-22
TMVE,17.040000915527344,2026-10-02,16.66382726322521,0.1938626215854593,0.018,0.018,2025-12-23
TNA,59.849998474121094,2026-10-02,57.50968139770021,0.2634578810141377,0.18000000000000002,0.042,2026-09-22
TNC,67.12000274658203,2026-10-02,76.82557777009637,-0.18946981372520844,1.24,0.31,2026-08-31
TNET,63.2400016784668,2026-10-02,53.92940238557489,-0.04210837785450827,1.145,0.29,2026-10-01
TNGY,10.970000267028809,2026-10-02,9.9499761117882,0.19239135809341423,0.468,0.117,2026-09-24
TNK,103.0999984741211,2026-10-02,71.08231052839423,1.0038872098207285,1.75,0.25,2026-08-10
TNL,62.91999816894531,2026-10-02,69.75776877536242,0.017628922943734526,2.3600000000000003,0.6,2026-09-16
TNUK,22.03499984741211,2026-10-02,25.69280299755058,,,,
TOAK,29.125,2026-10-02,28.626916383842072,0.03555555555555556,,,
TOAO,27.479999542236328,2026-10-02,26.474642838750565,,,,
TOCT,27.34000015258789,2026-10-02,26.768462108900824,0.03556687687887505,,,
TOGA,29.208999633789062,2026-10-02,31.232115483378983,-0.17940725854505013,,,
TOK,153.4600067138672,2026-10-02,143.91414377888836,0.129046562545712,1.974,1.008,2026-06-15
TOL,136.61000061035156,2026-10-02,142.46641449339361,-0.042811102565105896,1.02,0.26,2026-07-10
TOLL,41.470001220703125,2026-10-02,37.18778085898593,0.19111899606499794,0.113,0.113,2025-12-10
TOLZ,54.88999938964844,2026-10-02,57.90143424106309,0.01142433990519831,1.8079999999999998,0.428,2026-09-23
TONT,10.90999984741211,2026-10-02,10.755346605977214,0.035104353595655224,,,
TOON,0.5609999895095825,2026-10-02,0.677334660790356,-0.26184210980367795,,,
TOPC,34.8650016784668,2026-10-02,32.49051005146893,0.14330220426199047,0.357,0.097,2026-09-15
TOPP,0.125,2026-10-02,0.8711075705004878,-0.9143835638808273,,,
TOPS,0.5400000214576721,2026-10-02,3.1547410307652446,-0.9059233374581688,,,
TOPT,35.209999084472656,2026-10-02,31.858087509276857,0.15178277513800675,0.124,0.028,2026-09-15
TOPW,34.27000045776367,2026-10-02,39.23256971351654,-0.36666050505999037,17.423999999999996,0.238,2026-09-29
TOS,30.989999771118164,2026-10-02,28.183801182529383,,,,
TOST,29.790000915527344,2026-10-02,31.04645413706502,-0.18695410994074313,,,
TOT,24.216999053955078,2026-10-02,22.334884461178724,0.155556530400353,,,
TOTL,37.290000915527344,2026-10-02,39.68353768458879,-0.07925923665364587,2.088,0.178,2026-10-01
TOTR,38.09700012207031,2026-10-02,40.298187255859375,-0.06864683390842119,1.922,0.174,2026-08-26
TOUS,38.34000015258789,2026-10-02,36.56967336343104,0.12007013337175887,0.6,0.6,2025-12-23
TOV,32.483001708984375,2026-10-02,29.958900406066164,0.1517161099204647,0.2,0.068,2026-06-29
TOVX,0.23000000417232513,2026-10-02,0.25486055800164364,-0.4523809253493666,,,
TOXR,14.319999694824219,2026-10-02,13.80715274810791,-0.27585335165288283,,,
TP,8.630000114440918,2026-10-02,8.081000018119813,,,,
TPAY,53.86000061035156,2026-10-02,52.47183536577828,,2.954,0.422,2026-09-09
TPB,55.63999938964844,2026-10-02,92.16685260909487,-0.37065946063867716,0.315,0.08,2026-09-18
TPC,86.7300033569336,2026-10-02,77.28254970231379,0.38968119802887546,0.27,0.09,2026-08-19
TPEI,34.880001068115234,2026-10-02,42.241612711260395,,,,
TPET,1.6100000143051147,2026-10-02,5.521314743030594,-0.8373737296624127,,,
TPFC,27.240100860595703,2026-10-02,26.470762888590496,,0.072,0.027,2026-09-09
TPFG,26.078800201416016,2026-10-02,26.031321861630396,,,,
TPFI,23.81839942932129,2026-10-02,24.675413277035666,,0.34199999999999997,0.086,2026-09-09
TPHD,41.07600021362305,2026-10-02,41.11913146060776,0.04174486167151259,0.8380000000000001,0.115,2026-09-09
TPIF,37.189998626708984,2026-10-02,36.518968209802395,0.10241582788936587,1.012,0.074,2026-09-09
TPL,340.19000244140625,2026-10-02,378.8107172141512,0.07895212386880268,2.333333,0.6,2026-09-01
TPLC,48.959999084472656,2026-10-02,48.07560960990024,0.05174970386538136,0.41600000000000004,0.061,2026-09-09
TPLX,19.3799991607666,2026-10-02,25.170422567448146,,,,
TPOR,32.060001373291016,2026-10-02,34.414920350944854,0.12570231350409555,0.287,0.116,2026-09-22
TPR,118.12000274658203,2026-10-02,133.09697227933967,0.027845497986628498,1.6630000000000003,0.463,2026-09-04
TPRY,18.898099899291992,2026-10-02,19.275579603094805,,1.458,0.238,2026-08-24
TPSC,45.54999923706055,2026-10-02,44.45833853611433,0.0916978310605816,0.528,0.092,2026-09-09
TPUT,25.125,2026-10-02,25.184240341186523,,0.297,0.113,2026-08-31
TPVG,4.900000095367432,2026-10-02,5.500557762693124,-0.13732390080007062,1.0,0.29,2026-09-16
TPYP,40.630001068115234,2026-10-02,39.96339048712377,0.1157796296389415,1.37,0.343,2026-09-24
TPZ,20.219999313354492,2026-10-02,21.505657340425895,-0.05602244438213255,0.816,0.204,2026-09-24
TR,37.9900016784668,2026-10-02,39.141428518105315,-0.1017056842883457,0.351758,0.09,2026-06-18
TRAD,10.050000190734863,2026-10-02,9.97112069458797,,,,
TRAK,8.09000015258789,2026-10-02,10.302350593278133,-0.4577747914732312,0.08,0.02,2026-09-30
TRC,16.3799991607666,2026-10-02,17.351434232704193,0.011735554072978438,,,
TREX,43.560001373291016,2026-10-02,41.885737172160965,-0.17327761418444787,,,
TRFK,103.38999938964844,2026-10-02,79.56779663876233,0.5086823468743864,0.025,0.017,2026-09-03
TRFM,60.790000915527344,2026-10-02,53.50439839154126,0.2358705630432083,0.081,0.081,2025-12-31
TRGP,281.739990234375,2026-10-02,231.41836651197943,0.7359210408919556,4.5,1.25,2026-07-31
TRIL,25.551599502563477,2026-10-02,25.33080005645752,,,,
TRIN,17.59000015258789,2026-10-02,16.20741034503952,0.15419950241228286,2.04,0.17,2026-09-10
TRIO,66.00039672851562,2026-10-02,63.97810929135022,0.009720781542292167,,,
TRLV,10.720000267028809,2026-10-02,8.27872111977809,0.2593985151945346,,,
TRN,26.1299991607666,2026-10-02,30.68386458590686,-0.06944447180333502,1.23,0.31,2026-07-15
TRND,37.01359939575195,2026-10-02,35.27902223199487,0.09333016174320874,0.78,0.78,2025-12-31
TRNO,64.54000091552734,2026-10-02,64.2837448880017,0.1121833926102549,2.13,0.57,2026-09-30
TROT,24.209999084472656,2026-10-02,24.638947361393978,,0.49700000000000005,0.071,2026-09-21
TROX,3.930000066757202,2026-10-02,6.1456175239912545,-0.03911982392701152,0.2,0.05,2026-08-10
TRP,59.06999969482422,2026-10-02,61.01912341174852,0.07185627001660433,1.867,0.619,2026-09-29
TRPA,38.88999938964844,2026-10-02,38.931398323332644,-0.0012840071603457126,1.8940000000000001,0.136,2026-09-29
TRSY,30.114999771118164,2026-10-02,30.13436657878982,0.0011635587600027364,1.031,0.089,2026-10-01
TRTX,6.139999866485596,2026-10-02,8.405019908312308,-0.2958715965065336,0.96,0.24,2026-09-28
TRTY,31.450000762939453,2026-10-02,30.13713145161055,0.12321431296212326,0.873,0.177,2026-09-22
TRU,63.439998626708984,2026-10-02,76.65127505724173,-0.17972586461543072,0.49,0.125,2026-08-20
TRV,360.3800048828125,2026-10-02,311.8363350796035,0.2664464716570243,4.7,1.25,2026-09-10
TRX,1.2000000476837158,2026-10-02,1.1010358592428535,0.9047619948671886,,,
TRXS,24.76020050048828,2026-10-02,24.982789039611816,,,,
TS,55.9900016784668,2026-10-02,51.09167330008579,0.5390324363552172,1.2,1.2,2026-05-19
TSCV,29.818300247192383,2026-10-02,29.723151302337648,0.18888006821769698,0.075,0.075,2025-12-23
TSCZ,49.630001068115234,2026-10-02,49.79904774257115,,,,
TSEC,25.1200008392334,2026-10-02,25.931856573340426,-0.04304758707682288,1.7279999999999998,0.144,2026-08-28
TSEG,7.820000171661377,2026-10-02,8.533684222321762,,,,
TSEP,27.030000686645508,2026-10-02,25.025513949147257,0.1557208877342513,,,
TSES,31.003999710083008,2026-10-02,29.93616226955234,,0.374,0.022,2026-09-23
TSEU,16.8700008392334,2026-10-02,16.68530306671605,,,,
TSI,4.289999961853027,2026-10-02,4.638047814844139,-0.12981742165724808,0.36400000000000005,0.028,2026-09-17
TSIB,28.520000457763672,2026-10-02,28.058936098788646,,1.359,0.658,2026-09-30
TSIC,23.382999420166016,2026-10-02,25.426397842886562,,0.30500000000000005,0.069,2026-09-23
TSII,13.40999984741211,2026-10-02,20.257434206654825,-0.5283151704725528,12.358000000000002,0.118,2026-09-29
TSLI,18.290000915527344,2026-10-02,27.303733035387747,-0.5088218396927671,2.572,0.103,2026-09-23
TSLP,15.15999984741211,2026-10-02,19.620713108564278,-0.3761830376571461,4.960000000000001,0.32,2026-09-02
TSLT,13.710000038146973,2026-10-02,20.148426318073653,-0.48670907869416524,,,
TSLW,17.950000762939453,2026-10-02,26.459211170910837,-0.5405681877873838,15.021,0.147,2026-09-28
TSLX,18.010000228881836,2026-10-02,19.319521930588195,-0.19273865262187773,1.7999999999999998,0.42,2026-09-15
TSLY,22.25,2026-10-02,31.393426416404694,-0.4664268682753955,22.229,0.23,2026-10-01
TSLZ,11.149999618530273,2026-10-02,13.275936278688954,-0.26548093581206555,0.081,0.081,2025-12-24
TSM,472.7799987792969,2026-10-02,368.1338646877334,0.6180567262020025,3.8529999999999998,1.107,2026-09-16
TSME,46.70000076293945,2026-10-02,45.26982865960475,0.12829189300783206,0.07,0.07,2025-12-23
TSMY,16.06999969482422,2026-10-02,16.045721133866632,-0.03945008161810659,8.5,0.111,2026-10-01
TSN,51.88999938964844,2026-10-02,58.8228286803956,-0.05119764687090533,2.04,0.51,2026-09-01
TSNF,31.68899917602539,2026-10-02,28.751659553088444,,,,
TSOL,11.45300006866455,2026-10-02,9.451073386253567,-0.14016514031041094,0.37,0.036,2026-06-29
TSPA,48.744998931884766,2026-10-02,44.830713082119765,0.15921521560750973,0.267,0.267,2025-12-23
TSPX,30.624000549316406,2026-10-02,28.7450397841009,0.10452285705499897,0.595,0.595,2025-12-31
TSQ,4.550000190734863,2026-10-02,6.04565736307091,-0.29675419810174586,0.8,0.2,2026-07-27
TSRS,24.614999771118164,2026-10-02,26.649560199358078,,0.7279999999999999,0.076,2026-09-23
TSSD,30.41699981689453,2026-10-02,27.088607348696723,,0.026,0.007,2026-06-24
TSXD,4.480000019073486,2026-10-02,12.20815538315184,-0.80835864892458,0.374,0.061,2026-09-22
TSXU,65.0199966430664,2026-10-02,42.51999995622977,1.4343853208493367,1.093,0.087,2026-09-22
TSYW,37.9630012512207,2026-10-02,44.95093694463507,-0.23450885415468792,4.947,0.117,2026-09-28
TT,463.9100036621094,2026-10-02,441.6894823051544,0.09389518184364909,3.1500000000000004,1.05,2026-09-04
TTAM,13.369999885559082,2026-10-02,16.18227092393366,-0.12385323164973783,0.2,0.04,2026-10-01
TTC,98.63999938964844,2026-10-02,89.29665353478663,0.28337234720713145,1.5500000000000003,0.39,2026-06-16
TTDU,9.649999618530273,2026-10-02,94.51525123565796,-0.9699470587508512,,,
TTE,84.4000015258789,2026-10-02,78.79864536908518,0.4134986236807159,2.9899999999999998,1.021,2026-09-30
TTI,6.0,2026-10-02,8.789282853859829,0.08303249843220417,,,
TTMX,9.869999885559082,2026-10-02,10.458181858062744,,,,
TTOP,19.983999252319336,2026-10-02,18.04784679842425,-0.16549050686472655,,,
TTT,89.08000183105469,2026-10-02,69.21772899855655,0.31134994009807815,6.273000000000001,0.333,2026-09-23
TTXD,11.619999885559082,2026-10-02,22.958354630793234,-0.5253655861863771,0.774,0.238,2026-09-22
TTXU,37.082000732421875,2026-10-02,25.599617521126433,0.4510095901812594,0.19499999999999998,0.036,2026-09-22
TU,8.039999961853027,2026-10-02,12.309322699132668,-0.4875716904476416,0.744,0.136,2026-09-10
TUA,19.139999389648438,2026-10-02,21.084043829564553,-0.12762083301058802,0.54,0.05,2026-08-26
TUSB,50.3650016784668,2026-10-02,50.450585657856855,-0.0007935145679739408,1.968,0.172,2026-08-28
TUSI,25.280000686645508,2026-10-02,25.3529561715297,-0.0031545710481332145,1.034,0.087,2026-08-28
TUYA,1.690000057220459,2026-10-02,2.1211952189525287,-0.3449611987612583,0.061,0.061,2026-03-18
TV,2.2899999618530273,2026-10-02,2.8261753021483402,-0.09842519832859187,,,
TVAL,42.25,2026-10-02,38.57767741898616,0.23429741644804314,0.406,0.406,2025-12-23
TVC,23.81999969482422,2026-10-02,24.12007964084823,-0.007500012715657589,0.532,0.133,2026-08-31
TVE,23.219999313354492,2026-10-02,23.925856578872498,-0.026415138701830543,0.556,0.139,2026-07-31
TWI,6.989999771118164,2026-10-02,7.9446613703116,-0.1598557659242984,,,
TWLO,294.5799865722656,2026-10-02,164.91063754017134,1.861666792168005,,,
TWM,23.56999969482422,2026-10-02,26.867928273174392,-0.2827145691713958,0.9279999999999999,0.178,2026-09-23
TWN,104.29000091552734,2026-10-02,75.78756955515341,0.9065813429784499,6.2,6.2,2025-12-29
TWOX,30.392499923706055,2026-10-02,28.45208952246434,0.12128760143850892,0.159,0.159,2025-12-23
TWSC,27.729999542236328,2026-10-02,23.058405834695566,,,,
TX,56.61000061035156,2026-10-02,43.95430278398126,0.5677097660896555,1.3,1.3,2026-05-14
TXBC,18.534700393676758,2026-10-02,16.714039162472563,-0.2101129225165329,,,
TXNM,58.40999984741211,2026-10-02,58.24804784767181,0.025636506846594465,1.677,0.423,2026-08-03
TXNU,48.02000045776367,2026-10-02,45.672030111900845,,0.507,0.337,2026-09-22
TXS,42.150001525878906,2026-09-21,42.14379959106445,,0.0921,0.0921,2026-09-25
TXT,77.26000213623047,2026-10-02,88.1557767647671,-0.1104202245984861,0.08,0.02,2026-09-11
TXXI,47.88600158691406,2026-10-02,50.40216325858675,-0.04842716420935833,1.598,0.155,2026-09-01
TY,34.29999923706055,2026-10-02,34.01179280224074,0.0,1.681,0.296,2026-09-14
TYA,10.949999809265137,2026-10-02,13.03349002139027,-0.1978021893568267,0.4799999999999999,0.05,2026-09-25
TYD,19.8700008392334,2026-10-02,24.413107571848837,-0.23133460170170916,0.8160000000000001,0.246,2026-09-22
TYG,38.11000061035156,2026-10-02,44.53063747512392,-0.12168699823850482,5.589999999999999,0.475,2026-09-23
TYL,322.80999755859375,2026-10-02,372.7056572294805,-0.35789870742508223,,,
TYLD,25.329999923706055,2026-10-02,25.30403986015168,0.0007902196043341192,0.915,0.176,2026-09-18
TYLG,43.948001861572266,2026-10-02,38.351553837141665,0.22084561698736627,3.6879999999999997,0.272,2026-09-21
TYO,15.6899995803833,2026-10-02,13.791434280425904,0.19954125931965105,1.123,0.857,2026-09-22
TYYY,38.31999969482422,2026-10-02,40.56030938060013,,2.664,0.147,2026-09-16
TZA,45.77000045776367,2026-10-02,57.560478088865246,-0.4169426693278513,1.8929999999999998,0.473,2026-09-22
U,43.61000061035156,2026-10-02,33.54219131165767,0.15096334950762325,,,
UA,4.53000020980835,2026-10-01,5.534279994964599,-0.0792682643166478,,,
UAA,4.710000038146973,2026-10-02,5.693147421833054,-0.06732676034580798,,,
UAC,10.010000228881836,2026-10-02,9.90151900279371,,,,
UAMY,3.990000009536743,2026-10-02,7.720079635718904,-0.48516128909203315,,,
UAPR,35.96500015258789,2026-10-02,33.932740952389175,0.11796711842234453,,,
UAUG,43.1349983215332,2026-10-02,40.92893626300462,0.09694062710116103,,,
UAVS,0.9599999785423279,2026-10-02,1.1450597589234432,-0.62790697405784,,,
UBER,68.11000061035156,2026-10-02,78.19645423433221,-0.2949275187763273,,,
UBEW,23.033000946044922,2026-10-02,33.32769620871242,-0.5540561420021569,12.411,0.149,2026-09-28
UBOT,22.601999282836914,2026-10-02,25.366011942525308,-0.15977696641797157,0.253,0.066,2026-09-22
UBR,34.77000045776367,2026-10-02,31.53187256315315,0.49677146547271955,0.556,0.174,2026-09-23
UBS,47.709999084472656,2026-10-02,45.4134661761888,0.16082727142955,1.102,1.102,2026-04-21
UBT,13.1899995803833,2026-10-02,16.324183300671823,-0.24108169060455165,0.48,0.113,2026-09-23
UCB,34.11000061035156,2026-10-02,33.157609620417254,0.08251349928860319,1.01,0.26,2026-09-15
UCBG,50.54999923706055,2026-10-02,50.26476197015671,,0.044,0.044,2026-09-21
UCC,41.15999984741211,2026-10-02,48.687450211361586,-0.2208972473815567,0.6180000000000001,0.198,2026-09-23
UCIB,37.56700134277344,2026-10-02,32.11877693693001,0.3801756689192006,,,
UCO,54.43000030517578,2026-10-02,33.972430270981505,1.5269265548609763,,,
UCON,23.780000686645508,2026-10-02,24.92841440178009,-0.05821779458829668,1.165,0.095,2026-09-24
UCOP,40.88999938964844,2026-10-02,41.725130396303925,,0.053,0.053,2026-06-24
UCTX,6.349999904632568,2026-10-02,10.577246403348619,,,,
UDEC,42.9640007019043,2026-10-02,40.521808837039536,0.11696348710435966,,,
UDI,35.24850082397461,2026-10-02,34.16277072344168,0.1258984162432244,0.862,0.073,2026-09-24
UDIV,61.71799850463867,2026-10-02,56.47871322935796,0.1745070813420957,0.8680000000000001,0.182,2026-09-18
UDN,17.81999969482422,2026-10-02,18.25601593716686,-0.05363782437461906,0.536,0.536,2025-12-22
UDOW,63.779998779296875,2026-10-02,61.91011931886711,0.16482508510874716,0.694,0.146,2026-09-23
UDR,33.27000045776367,2026-10-02,36.665258992715664,-0.0854865453282595,1.73,0.145,2026-09-15
UE,19.700000762939453,2026-10-02,20.816055791786468,-0.01696607470334255,0.82,0.21,2026-09-15
UEC,9.300000190734863,2026-10-02,13.090956178794345,-0.29598787555799155,,,
UFEB,39.65999984741211,2026-10-02,37.60241826881926,0.10720268524018861,,,
UFI,6.539999961853027,2026-10-02,4.611314757411699,0.4186550482520919,,,
UFOD,24.329999923706055,2026-10-02,24.91096393171563,,,,
UGA,149.27000427246094,2026-10-02,94.4125498129552,1.398682393869365,,,
UGE,17.299999237060547,2026-10-02,18.59314738801751,0.015854288874266764,0.40599999999999997,0.103,2026-09-23
UGI,37.20000076293945,2026-10-02,36.30482073324135,0.14040472044828656,1.5,0.375,2026-09-15
UGL,45.47999954223633,2026-10-02,56.46035868428143,-0.02487135211390179,,,
UGLD,19.719999313354492,2026-10-02,21.49727270819924,,0.13,0.084,2026-09-22
UGP,7.449999809265137,2026-10-02,5.250597609941703,0.8956742195204146,0.193,0.193,2026-08-26
UHAL,61.88999938964844,2026-10-02,57.05752976862083,0.08597995379658085,,,
UHAL-B,54.0,2026-10-01,51.57791998291015,0.04813663664986656,0.2,0.05,2026-09-14
UHS,175.72000122070312,2026-10-02,188.93553812095368,-0.15209420689530262,0.8,0.2,2026-09-01
UHT,36.619998931884766,2026-10-02,40.80741049473979,-0.04833681477334717,2.99,0.75,2026-09-21
UI,620.52001953125,2026-10-02,655.1382054788658,-0.06318217294630524,3.4000000000000004,1.0,2026-08-31
UIS,2.2799999713897705,2026-10-02,2.921673304531204,-0.4183673655574689,,,
UJAN,46.59000015258789,2026-10-02,44.144012040825956,0.10463053818283585,,,
UJB,73.73999786376953,2026-10-02,78.34119497352387,-0.05739492906165278,2.492,0.809,2026-09-23
UJUL,41.560001373291016,2026-10-02,39.64284469786868,0.0893840029101689,,,
UJUN,39.308998107910156,2026-10-02,37.95710748315332,0.06919621271578236,,,
UL,59.70000076293945,2026-10-02,63.6829158585385,-0.10237724963518657,2.223342,0.531,2026-08-07
ULE,11.970000267028809,2026-10-02,12.820517923727454,-0.09249426475865274,,,
ULS,65.98999786376953,2026-10-02,82.92629472952915,-0.08613767206154987,0.5650000000000001,0.145,2026-08-31
ULST,40.13999938964844,2026-10-02,40.46286860310224,-0.011330027136968068,1.673,0.136,2026-10-01
ULTY,25.700000762939453,2026-10-02,34.18067728475746,-0.5301645264262627,24.89,0.294,2026-09-30
UMAC,22.3700008392334,2026-10-02,17.244701195523085,0.36568998689658416,,,
UMAL,9.819999694824219,2026-10-02,13.23729725141783,,,,
UMAR,43.334999084472656,2026-10-02,41.016083690749696,0.11001531937047337,,,
UMAY,38.915000915527344,2026-10-02,37.250689168375324,0.08319886257755926,,,
UMC,26.270000457763672,2026-10-02,14.123665366989682,2.623448339001886,0.412,0.412,2026-07-08
UMCU,46.2400016784668,2026-10-02,32.46868414627878,,,,
UMCX,21.6200008392334,2026-10-02,16.419577571707713,,,,
UMDD,31.489999771118164,2026-10-02,30.534980120411905,0.21068817739383428,0.187,0.03,2026-09-23
UMH,15.40999984741211,2026-10-02,15.396055734490018,0.05765272273041222,0.9,0.225,2026-08-17
UMI,57.720001220703125,2026-10-02,55.88303990763022,0.12317575221317756,3.467,0.457,2026-08-25
UN,19.309999465942383,2026-10-02,22.63523801167806,,,,
UNF,251.77999877929688,2026-10-02,235.5949410366347,0.49061626499613453,1.46,0.365,2026-09-04
UNFI,45.59000015258789,2026-10-02,43.080597569743,0.12484583088306711,,,
UNG,10.470000267028809,2026-10-02,11.825896453097522,-0.19770114068946776,,,
UNH,371.8999938964844,2026-10-02,353.12800713649307,0.03248190253455174,9.06,2.32,2026-09-14
UNHU,42.869998931884766,2026-10-02,47.21285696675007,,0.5,0.253,2026-09-22
UNHW,43.35200119018555,2026-10-02,47.18583741256495,-0.18254670833560216,13.812000000000001,0.281,2026-09-28
UNL,5.639999866485596,2026-10-02,6.886334668117691,-0.29500001668930054,,,
UNM,88.56999969482422,2026-10-02,81.31167335054315,0.11521029635904378,1.8850000000000002,0.505,2026-07-24
UNOV,41.507999420166016,2026-10-02,39.04480472883855,0.10511176524297006,,,
UNP,278.2799987792969,2026-10-02,257.0329489536969,0.17516889861894436,5.56,1.42,2026-08-31
UNX,24.68000030517578,2026-10-02,23.636530851462922,-0.3921181962381822,,,
UOCT,42.61000061035156,2026-10-02,40.00314747479808,0.10675326260653417,,,
UP,3.5,2026-10-02,11.960199191750759,-0.9102564102564102,,,
UPAL,18.770000457763672,2026-10-02,26.92269570723824,,0.062,0.062,2026-06-24
UPAR,14.930000305175781,2026-10-02,16.148438240902358,-0.01575577638138026,0.40700000000000003,0.329,2026-06-29
UPGD,80.6500015258789,2026-10-02,77.99972111675369,0.0627223899659135,1.293,1.293,2025-12-22
UPLT,22.5,2026-10-02,27.385217384670092,,0.062,0.062,2026-06-24
UPRO,150.8800048828125,2026-10-02,127.088326959496,0.336640756148175,1.131,0.27,2026-09-23
UPS,93.0199966430664,2026-10-02,102.42956190375217,0.07190594551216112,6.56,1.64,2026-08-17
UPSC,10.859999656677246,2026-10-02,17.13633325894674,,,,
UPSD,30.20199966430664,2026-10-02,27.763338658914147,0.1298915144605286,0.176,0.03,2026-09-29
UPSX,8.550000190734863,2026-10-02,30.774231105211722,-0.8950920221995722,,,
UPV,92.0999984741211,2026-10-02,94.24346632026581,0.07342651746250972,2.372,0.588,2026-09-23
UPW,18.18000030517578,2026-10-02,23.174023897999312,-0.23355814369942496,0.38,0.13,2026-09-23
URA,39.790000915527344,2026-10-02,48.351633535438324,-0.19778221492712622,2.084,2.084,2025-12-30
URAA,19.270000457763672,2026-10-02,35.42667335723026,-0.5613475910790444,3.126,0.035,2026-09-22
URAN,34.41999816894531,2026-10-02,43.450358462998594,-0.2664734821063106,1.064,1.064,2025-12-18
URE,58.689998626708984,2026-10-02,65.33984071040058,-0.08724734306051429,1.306,0.244,2026-09-23
URG,1.0499999523162842,2026-10-02,1.5038645400469046,-0.3930636180694269,,,
URI,1081.0400390625,2026-10-02,933.1196838622075,0.10220233739510443,7.699999999999999,1.97,2026-08-12
URNM,47.41999816894531,2026-10-02,59.96075697819075,-0.20569518320035463,1.743,1.743,2025-12-18
URSP,46.99300003051758,2026-10-02,44.97705176911981,0.13622183110997632,0.625,0.19,2026-09-23
URTH,207.52999877929688,2026-10-02,194.09876509586653,0.13398177699822322,2.8390000000000004,1.344,2026-06-15
URTY,69.48999786376953,2026-10-02,67.0782070691842,0.2518465135102206,0.6300000000000001,0.18,2026-09-23
USA,5.820000171661377,2026-10-02,5.964980089332003,-0.10046362281427823,0.67,0.17,2026-07-16
USAI,44.25699996948242,2026-10-02,43.464486080336854,0.11644512661608108,1.9199999999999997,0.16,2026-09-24
USAS,4.420000076293945,2026-10-02,5.561235066904015,0.11898734757885343,,,
USAX,6.28000020980835,2026-10-02,20.470379074851234,,,,
USB,57.5099983215332,2026-10-02,55.73191233175209,0.1963802514383084,2.1,0.54,2026-09-30
USBC,0.5299999713897705,2026-10-02,0.5185657362064042,-0.5225225544509902,,,
USCA,45.79100036621094,2026-10-02,42.69204388196725,0.1095200132730132,0.475,0.098,2026-09-18
USCI,108.94000244140625,2026-10-02,91.4614741412767,0.4087676175077679,,,
USD,100.9800033569336,2026-10-02,71.0596814554526,0.9689968539997791,0.41500000000000004,0.132,2026-09-23
USDU,27.059999465942383,2026-10-02,26.343585580468652,0.024224049500389366,0.989,0.989,2025-12-26
USE,36.06999969482422,2026-10-02,28.598876512383086,0.287892303143056,0.701,0.701,2025-12-22
USEP,42.194801330566406,2026-10-02,40.20976805971913,0.0890948377082279,,,
USEW,55.71500015258789,2026-10-02,53.49587315593274,,0.308,0.036,2026-06-29
USFD,96.91999816894531,2026-10-02,88.64051791491262,0.27224990523346615,,,
USFE,35.77539825439453,2026-10-02,35.20677555439084,,,,
USFR,50.400001525878906,2026-10-02,50.385498077270995,0.0021873256780473582,1.8769999999999996,0.158,2026-09-25
USG,31.650999069213867,2026-10-02,37.04237843699664,-0.1909253595756949,9.524,0.171,2026-09-21
USGX,24.6200008392334,2026-10-02,22.96200002782485,,,,
USHY,35.52000045776367,2026-10-02,37.08085644482616,-0.05519352827675328,2.5490000000000004,0.22,2026-10-01
USL,57.689998626708984,2026-10-02,44.332510002105835,0.6591888946560995,,,
USLN,50.36000061035156,2026-10-02,50.61844593769795,,2.026,0.287,2026-10-01
USLV,13.699999809265137,2026-10-02,16.215888849894206,,0.10799999999999998,0.071,2026-09-22
USLX,25.020000457763672,2026-10-02,24.448235253726736,,,,
USMD,33.2400016784668,2026-10-02,29.20515154058283,,,,
USMF,52.86470031738281,2026-10-02,51.856066517620924,0.014288207996153046,0.661,0.125,2026-09-25
USMV,98.20999908447266,2026-10-02,95.8371311810862,0.03215972159245317,1.411,0.328,2026-09-15
USMX,24.239999771118164,2026-10-02,25.328588261323816,,,,
USNA,14.819999694824219,2026-10-02,19.039920297751863,-0.45434463261838653,,,
USNG,35.02000045776367,2026-10-02,32.45864533048227,0.24581998211937028,0.44699999999999995,0.118,2026-09-29
USNZ,49.09600067138672,2026-10-02,44.90633475922968,0.15349014374461967,0.439,0.103,2026-09-18
USO,147.3699951171875,2026-10-02,106.1587251154075,1.055082931232354,,,
USPH,83.72000122070312,2026-10-02,77.29095591206949,-0.05869126464373631,1.83,0.46,2026-08-21
USPX,67.33999633789062,2026-10-02,62.24769713869133,0.14496543818330787,0.6880000000000001,0.144,2026-09-18
USRT,61.52000045776367,2026-10-02,62.19517922876366,0.04661452424922241,1.755,0.473,2026-09-15
USSE,41.650001525878906,2026-10-02,36.560976210818346,0.2571687347744591,,,
USSG,72.01399993896484,2026-10-02,65.99875285236008,0.16754214628176478,0.687,0.164,2026-09-18
USSX,22.959999084472656,2026-10-02,24.756235234877643,,,,
UST,37.810001373291016,2026-10-02,42.85478093424641,-0.14321322324622687,1.397,0.312,2026-09-23
USX,24.84000015258789,2026-10-02,24.487999994614544,,,,
UTES,71.16999816894531,2026-10-02,79.98784877579526,-0.16329649410206348,1.228,0.26,2026-09-21
UTF,25.170000076293945,2026-10-02,25.841314741339815,0.02068127461628344,1.9200000000000002,0.165,2026-09-08
UTG,35.279998779296875,2026-10-02,39.266733025174695,-0.12326050428134339,2.43,0.21,2026-09-17
UTI,19.3799991607666,2026-10-02,32.01059766974582,-0.3804348230388441,,,
UTL,51.20000076293945,2026-10-02,51.311195175961196,0.09378336382945074,1.875,0.475,2026-08-17
UTSL,29.899999618530273,2026-10-02,44.20693222745006,-0.35795576949824726,0.922,0.395,2026-09-22
UTZ,14.270000457763672,2026-10-02,10.14860554425365,0.14618479328362022,0.252,0.063,2026-09-21
UUP,28.889999389648438,2026-10-02,27.815617534743836,0.050927596587365453,0.927,0.927,2025-12-22
UUPP,25.079999923706055,2026-10-02,25.132258035803353,,0.43799999999999994,0.099,2026-10-01
UUU,4.880000114440918,2026-10-02,5.070876507170172,0.02953593883607475,,,
UUUC,13.859999656677246,2026-10-02,21.87583328882853,,,,
UUUU,10.729999542236328,2026-10-02,17.203904398883957,-0.35048430720873847,,,
UVE,43.95000076293945,2026-10-02,36.292031884668354,0.5491716412697523,0.77,0.16,2026-07-31
UVIX,36.0099983215332,2026-10-02,114.95707188944418,-0.8203093841403309,,,
UVV,42.20000076293945,2026-10-02,51.90410361726921,-0.23881670620011486,3.29,0.83,2026-07-13
UVXY,16.969999313354492,2026-10-02,36.47673300632918,-0.6767619178408668,,,
UWM,58.130001068115234,2026-10-02,55.523705243114456,0.21636325495922604,0.491,0.163,2026-09-23
UWMC,1.2599999904632568,2026-10-02,3.62792829830808,-0.7892976611296942,0.30000000000000004,0.1,2026-06-18
UX,28.457000732421875,2026-10-02,29.623175206887293,-0.05896160886876756,0.44,0.44,2025-12-30
UXAP,44.14099884033203,2026-10-02,40.66627888470532,0.15449593297850295,,,
UXI,52.61000061035156,2026-10-02,53.56625498433512,0.13066842876772067,0.238,0.072,2026-09-23
UXJA,39.10100173950195,2026-10-02,35.998725070421436,0.15659486666105482,,,
UXJL,37.36180114746094,2026-10-02,34.409947353530214,0.15424640076253882,,,
UXOC,40.35260009765625,2026-10-02,37.12720954560663,0.1524704451932788,,,
UXRP,16.610000610351562,2026-10-02,35.3144261181592,-0.8960900846034672,,,
UYG,83.91999816894531,2026-10-02,88.28458167452261,-0.14871174061483106,10.382,0.093,2026-09-23
UYM,27.059999465942383,2026-10-02,28.41605577810827,0.10765448742992456,0.33199999999999996,0.087,2026-09-23
V,360.6600036621094,2026-10-02,337.6301591728788,0.03092844568226072,2.68,0.67,2026-08-11
VABS,23.790000915527344,2026-10-02,24.22435463377204,-0.02299792431907066,1.2160000000000002,0.124,2026-09-21
VAC,104.19999694824219,2026-10-02,76.85525898724438,0.5182864799408502,3.2,0.8,2026-09-16
VAIC,25.149999618530273,2026-10-02,25.004285539899552,,,,
VAIE,24.399999618530273,2026-10-02,24.652699966430664,,1.382,0.075,2026-09-17
VAL,78.38999938964844,2026-10-02,76.6202787422089,0.505473398292346,,,
VALE,13.760000228881836,2026-10-02,14.648366532952663,0.24977292850422472,1.068,0.4,2026-08-13
VALQ,70.0156021118164,2026-10-02,67.76322915734522,0.07960472974721688,1.209,0.281,2026-09-08
VAMO,35.394500732421875,2026-10-02,35.151639459617584,0.059113141923089696,0.237,0.077,2026-09-18
VATE,7.5,2026-10-02,8.036135449352493,0.6129031927272184,,,
VAW,219.85000610351562,2026-10-02,223.01047798551886,0.06977768468677903,3.181,0.776,2026-09-23
VB,288.989990234375,2026-10-02,278.06362592841526,0.12072444990008946,3.649,0.849,2026-09-28
VBF,14.15999984741211,2026-10-02,15.12653387685221,-0.10379748883069329,0.8179999999999998,0.067,2026-09-14
VBK,343.7200012207031,2026-10-02,326.8019511310228,0.13667774916548225,1.399,0.304,2026-09-28
VBND,41.529998779296875,2026-10-02,43.65292434388423,-0.06463969927814595,1.9000000000000001,0.173,2026-09-17
VBR,233.97999572753906,2026-10-02,227.58366527785344,0.10812219981520355,4.42,1.03,2026-09-28
VCEB,59.349998474121094,2026-10-02,62.8881872564673,-0.07604891554158788,2.9750000000000005,0.245,2026-10-01
VCHY,72.44000244140625,2026-10-02,74.72892852056594,,1.519,0.408,2026-10-01
VCLN,27.56999969482422,2026-10-02,28.41588445108725,0.14469589963980134,0.532,0.206,2026-06-22
VCOB,47.35100173950195,2026-10-02,49.53556410763242,-0.05407721024287926,0.247,0.247,2025-12-30
VCR,369.29998779296875,2026-10-02,388.0272108587136,-0.0629757627923414,2.993,0.816,2026-09-23
VCRM,71.58499908447266,2026-10-02,75.43122696591564,-0.04718485689528007,2.8169999999999997,0.214,2026-10-01
VCV,8.970000267028809,2026-10-02,10.703545824939987,-0.15297449123862394,0.7799999999999998,0.065,2026-09-14
VCX,29.829999923706055,2026-10-02,98.06883230000517,,,,
VDC,218.47999572753906,2026-10-02,224.5244222694184,0.02649877601338968,4.882000000000001,1.211,2026-09-23
VDE,175.92999267578125,2026-10-02,152.76541806407184,0.40105115157560034,4.0809999999999995,1.052,2026-09-23
VDG,79.83999633789062,2026-10-02,79.34974560495151,,0.528,0.274,2026-09-18
VDI,35.790000915527344,2026-10-02,34.55439715408252,0.17278895969092423,1.194,0.37,2026-09-21
VDIG,62.273399353027344,2026-10-02,61.43832164050237,0.05090368032634762,0.078,0.078,2025-12-23
VDV,76.44000244140625,2026-10-02,77.1370337534759,,1.1059999999999999,0.495,2026-09-18
VEA,71.12999725341797,2026-10-02,67.23836651076358,0.16491967988280765,1.704,0.178,2026-09-18
VECA,10.050000190734863,2026-10-02,9.984736864190353,,,,
VEEV,273.3299865722656,2026-10-02,215.8986458341439,-0.07746055184820977,,,
VEGA,52.65999984741211,2026-10-02,50.80589631829129,0.07557191242090688,0.66,0.66,2025-12-22
VEGI,45.66999816894531,2026-10-02,43.408924209169186,0.15854896728340506,0.858,0.361,2026-06-15
VEGN,80.15599822998047,2026-10-02,67.46882887760482,0.3356883923007079,0.437,0.061,2026-09-15
VEGX,25.1299991607666,2026-10-02,24.619411692899817,,,,
VEL,14.59000015258789,2026-10-02,18.306254941628747,-0.19034407425322852,,,
VELL,2.9600000381469727,2026-10-02,7.843493958553636,,,,
VEM,28.25,2026-10-02,26.655269440062746,,0.8230000000000001,0.28,2026-09-21
VEMY,27.091999053955078,2026-10-02,28.34564536501212,-0.024766076878506627,2.282,0.156,2026-09-21
VENU,1.399999976158142,2026-10-02,5.540119525445885,-0.8895027649780685,,,
VERS,74.74299621582031,2026-10-02,65.70435462434928,0.19838059156371468,0.068,0.052,2026-09-23
VET,11.680000305175781,2026-10-02,10.568286850157962,0.3954600316455805,0.29300000000000004,0.097,2026-09-15
VETZ,18.674999237060547,2026-10-02,19.808960188907456,-0.06578291891516419,1.165,0.086,2026-10-01
VEU,83.44999694824219,2026-10-02,79.06932265445056,0.1489742544953081,1.961,0.197,2026-09-18
VEXC,96.30400085449219,2026-10-02,87.38688437777212,0.25690416865442156,1.899,0.543,2026-09-18
VFC,14.329999923706055,2026-10-02,16.899043858288767,-0.056616173827145344,0.36,0.09,2026-09-10
VFH,130.52000427246094,2026-10-02,130.97685259936816,-0.0036640895231989656,2.3520000000000003,0.446,2026-09-23
VFMF,180.80999755859375,2026-10-02,164.53681684395232,0.2528408285928039,2.578,0.605,2026-09-23
VFMO,231.25,2026-10-02,213.4769162485799,0.19336361573301009,1.3569999999999998,0.307,2026-09-23
VFMV,142.72000122070312,2026-10-02,137.25876456332873,0.09311211714684497,2.302,0.345,2026-09-23
VFQY,171.75599670410156,2026-10-02,160.75715126554329,0.13332888977536306,1.7730000000000001,0.384,2026-09-23
VFVA,152.19000244140625,2026-10-02,142.25121900094933,0.1759388393958783,2.855,0.685,2026-09-23
VG,13.130000114440918,2026-10-02,11.32235060460064,-0.05878134093447096,0.093,0.04,2026-09-15
VGHY,71.86299896240234,2026-10-02,74.79048196253073,-0.04627736671974003,4.53,0.404,2026-10-01
VGI,6.75,2026-10-02,7.5640239126653785,-0.15413534036761756,0.9599999999999999,0.08,2026-09-14
VGK,86.37999725341797,2026-10-02,86.25071731506591,0.061831578041110946,2.5820000000000003,0.222,2026-09-18
VGM,8.899999618530273,2026-10-02,10.209043844762551,-0.11881195223923668,0.7799999999999998,0.065,2026-09-14
VGMS,49.290000915527344,2026-10-02,51.26207567496129,-0.045507329626192194,2.775,0.215,2026-10-01
VGNT,46.43000030517578,2026-10-02,42.04297718018976,,0.13,0.13,2026-09-04
VGRO,25.722000122070312,2026-10-02,24.911728228055512,,,,
VGT,128.32000732421875,2026-10-02,104.21365037287374,0.3584766919553568,0.47262499999999996,0.147,2026-09-23
VGVT,71.89900207519531,2026-10-02,75.43571311069199,-0.058297268996468254,3.363,0.259,2026-10-01
VGZ,2.6700000762939453,2026-10-02,2.1478884462341368,0.23611109731374014,,,
VHI,14.890000343322754,2026-10-02,14.34262950106921,-0.05699807604208851,0.32,0.08,2026-09-03
VHT,311.8999938964844,2026-10-02,289.6336655331798,0.1570278051050178,4.615,0.969,2026-09-23
VIA,29.329999923706055,2026-10-02,25.1916732408136,-0.36239130600639013,,,
VIAG,15.010000228881836,2026-10-02,10.545555512110392,,,,
VICI,22.649999618530273,2026-10-02,27.937490090905907,-0.30585354345381954,1.81,0.46,2026-09-17
VIDA,1.590000033378601,2026-10-02,2.8065979407005703,,,,
VIDI,39.689998626708984,2026-10-02,37.17147412243117,0.2242443204308231,1.5650000000000002,0.313,2026-09-17
VIG,235.0500030517578,2026-10-02,227.99366541402748,0.07925070158273417,3.6460000000000004,0.93,2026-09-28
VII,9.829999923706055,2026-10-02,9.833703800483987,,,,
VIK,80.55999755859375,2026-10-02,79.53011981614557,0.33554373286089767,,,
VIOG,140.47000122070312,2026-10-02,134.1087251640411,0.14706844905173644,1.085,0.257,2026-09-28
VIOO,128.8800048828125,2026-10-02,122.56752962515174,0.15194858819032708,1.508,1.508,2025-12-22
VIOV,112.04000091552734,2026-10-02,107.05733067485916,0.1571989389452224,1.878,0.446,2026-09-23
VIPS,12.329999923706055,2026-10-02,16.021075704658173,-0.3926108183691023,0.62,0.62,2026-04-10
VIRT,58.790000915527344,2026-10-02,46.64585648494888,0.7476219376394508,0.96,0.24,2026-09-01
VIS,326.5,2026-10-02,325.85625600624843,0.09688905456921426,3.064,0.702,2026-09-23
VIST,64.25,2026-10-02,60.83896410512734,0.8607009056288275,,,
VIV,11.539999961853027,2026-10-02,13.50466132448964,-0.07010474587076687,0.8519999999999999,0.061,2026-09-28
VIXM,12.920000076293945,2026-10-02,15.298605614924336,-0.18844221015219853,,,
VIXY,16.719999313354492,2026-10-02,26.288565738267632,-0.48138962646140815,,,
VKI,7.670000076293945,2026-10-02,8.933824679766044,-0.12840910113054838,0.6720000000000002,0.056,2026-09-14
VKQ,8.600000381469727,2026-10-02,9.68211155773634,-0.10135834318564307,0.7559999999999998,0.063,2026-09-14
VLN,1.909999966621399,2026-10-02,1.8114741005270605,0.005263152941442195,,,
VLO,406.29998779296875,2026-10-02,242.1047421033639,1.533042414298209,4.73,1.2,2026-07-31
VLRS,6.489999771118164,2026-10-02,7.778605575105583,-0.06349207332173101,,,
VLT,9.069999694824219,2026-10-02,10.562151388343112,-0.1944938267798857,1.11,0.09,2026-09-14
VLTO,94.68000030517578,2026-10-02,94.60486067813706,-0.11629642668895246,0.52,0.13,2026-09-30
VLU,240.89999389648438,2026-10-02,226.01737052035998,0.1740910541757681,3.973,1.053,2026-09-21
VLUE,200.1999969482422,2026-10-02,164.40011991827612,0.5713051659520509,3.092,0.951,2026-09-15
VMAX,62.51639938354492,2026-10-02,58.56314887848508,0.1674615703923812,1.347,0.435,2026-09-25
VMC,243.05999755859375,2026-10-02,286.0049798973053,-0.20229738161794242,2.05,0.52,2026-08-13
VMI,478.739990234375,2026-10-02,460.63828681854613,0.21316708772500736,2.99,0.77,2026-09-25
VMO,8.510000228881836,2026-10-02,9.65187250190522,-0.11076274814466991,0.7559999999999998,0.063,2026-09-14
VMRK,59.790000915527344,2026-10-02,63.44211134587626,-0.05545021111908932,2.0989999999999998,0.703,2026-06-29
VMSB,47.4379997253418,2026-10-02,49.56413391332307,-0.06044765006269803,1.789,0.209,2026-08-27
VNAM,23.55500030517578,2026-10-02,24.318446239152276,0.042718023287721785,0.122,0.027,2026-06-29
VNIE,24.875,2026-10-02,25.352581639688804,-0.02105469699428575,0.08,0.08,2025-12-30
VNLA,48.599998474121094,2026-10-02,49.04618324796517,-0.011190295720911014,2.298,0.192,2026-09-30
VNM,16.719999313354492,2026-10-02,18.139203196977714,-0.0462065796670551,0.038,0.038,2025-12-22
VNO,33.72999954223633,2026-10-02,34.09219131621707,-0.1777182065864068,0.74,0.74,2025-12-18
VNQ,89.5,2026-10-02,93.48812744626962,-0.021001949326198144,3.407,0.805,2026-09-23
VNRX,0.23999999463558197,2026-10-02,3.7688446375003375,-0.981538461951109,,,
VNSE,42.79199981689453,2026-10-02,39.83739033733231,0.10840007102350624,0.084,0.004,2026-04-08
VNT,31.65999984741211,2026-10-02,35.016653395269024,-0.2354503751733127,0.1,0.025,2026-09-03
VNTG,0.6380000114440918,2026-10-02,0.9047131490897372,-0.9142473109492899,,,
VO,79.58999633789062,2026-10-02,76.54055777014014,0.0784187343469609,0.8112499999999999,0.255,2026-06-26
VOE,197.99000549316406,2026-10-02,190.14976118475317,0.1296930942528447,3.882,1.033,2026-09-28
VOO,707.5399780273438,2026-10-02,653.9254184434138,0.14991059981202404,7.427999999999999,1.823,2026-09-28
VOOG,86.5,2026-10-02,77.29521261268403,0.18728976754302518,0.387,0.105,2026-09-23
VOOV,221.6199951171875,2026-10-02,213.47748957782153,0.10429016105020983,3.747,0.95,2026-09-23
VOOY,25.440000534057617,2026-10-02,25.247272578152742,,,,
VOT,297.5899963378906,2026-10-02,287.30764898170986,0.005541422751191183,1.777,0.389,2026-09-28
VOX,190.17999267578125,2026-10-02,189.50609555187452,0.025782087036991586,1.8650000000000002,0.356,2026-09-23
VOXP,40.08599853515625,2026-10-02,36.95492432126961,0.14208381009352045,0.6679999999999999,0.061,2026-09-29
VOYA,96.6500015258789,2026-10-02,81.82968133569238,0.28712220321562376,1.88,0.47,2026-08-26
VOYG,30.93000030517578,2026-10-02,30.923824629460672,-0.023982335628712104,,,
VPC,14.782999992370605,2026-10-02,16.484258989888833,-0.22235666415664535,2.214,0.283,2026-09-21
VPG,79.06999969482422,2026-10-02,63.96549778060609,1.4404319744142144,,,
VPL,118.11000061035156,2026-10-02,103.83613534752591,0.31686918714838774,2.419,2.419,2025-12-19
VPU,172.64999389648438,2026-10-02,192.39227076070716,-0.10465180595834223,5.199,1.258,2026-09-23
VPV,10.720000267028809,2026-10-02,10.78617525290683,0.026819990220270373,0.8039999999999998,0.067,2026-09-14
VPX,31.56999969482422,2026-10-02,28.682042269639567,,,,
VRAI,27.164899826049805,2026-10-02,26.37073267598551,0.12956464166289017,0.874,0.261,2026-09-21
VRC,14.819999694824219,2026-10-02,17.717758622662775,,,,
VRT,252.17999267578125,2026-10-02,246.7213945730749,0.574157287638752,0.252,0.063,2026-09-14
VRTS,133.80999755859375,2026-10-02,153.22302778023646,-0.3023825699298196,9.6,2.4,2026-07-31
VSDB,74.47000122070312,2026-10-02,76.2472349676003,-0.02671404866942273,3.0839999999999996,0.287,2026-10-01
VSDM,74.44000244140625,2026-10-02,76.38538263328522,-0.02616431104293937,2.365,0.188,2026-10-01
VSGX,81.48999786376953,2026-10-02,76.76302793586396,0.15359567621557835,2.428,0.469,2026-09-18
VSH,38.18000030517578,2026-10-02,27.477211097322137,1.3640867620435486,0.4,0.1,2026-09-10
VSHY,21.21299934387207,2026-10-02,21.7583984359802,-0.035991813092481784,1.3449999999999998,0.122,2026-09-21
VSLU,48.85599899291992,2026-10-02,45.292458188486286,0.13481373932587815,0.205,0.205,2025-12-24
VSS,155.64999389648438,2026-10-02,151.72394431064802,0.0808277191420621,4.508,0.295,2026-09-18
VST,140.02000427246094,2026-10-02,161.11908366290697,-0.3067973639062076,0.914,0.23,2026-09-21
VSTS,14.029999732971191,2026-10-02,9.647370528414905,1.7782176639739058,,,
VSXY,91.7300033569336,2026-10-02,60.43430273656351,2.1533173900232225,,,
VT,159.1300048828125,2026-10-02,148.88195192861366,0.14416165363668343,2.413,0.408,2026-09-18
VTAK,0.15000000596046448,2026-10-02,1.2985657361517864,-0.9414062463620211,,,
VTEB,47.25,2026-10-02,50.06613546728613,-0.054621840080836814,1.6989999999999998,0.137,2026-10-01
VTEC,94.19000244140625,2026-10-02,99.63728274767142,-0.054174792314755305,3.1259999999999994,0.258,2026-10-01
VTEI,95.44999694824219,2026-10-02,100.29588448573868,-0.047405191064562535,3.115,0.26,2026-10-01
VTEL,95.87999725341797,2026-10-02,103.05068130797125,-0.06672510163243128,3.9130000000000007,0.321,2026-10-01
VTES,98.69000244140625,2026-10-02,101.2409360969209,-0.029215041449089596,2.6879999999999997,0.194,2026-10-01
VTEX,3.6500000953674316,2026-10-02,3.8164143495825655,-0.1723355506442168,,,
VTG,72.05000305175781,2026-10-02,75.46429084686645,-0.05588677525003094,2.773,0.246,2026-10-01
VTI,377.989990234375,2026-10-02,350.6233051193663,0.1455283475347,3.949,0.956,2026-09-28
VTMX,32.470001220703125,2026-10-02,32.81948211183586,0.2008136139543426,0.621,0.2,2026-07-14
VTN,9.630000114440918,2026-10-02,11.131832677529628,-0.13243245193782316,0.8279999999999998,0.069,2026-09-14
VTOL,40.2599983215332,2026-10-02,42.62717114026803,0.1006013205651175,0.375,0.125,2026-08-14
VTP,72.23999786376953,2026-10-02,76.08893633838669,-0.05556282022087844,2.769,0.992,2026-10-01
VTR,84.01000213623047,2026-10-02,83.66848618100839,0.20427178273549873,2.04,0.52,2026-09-30
VTS,16.8700008392334,2026-10-02,18.87521911332332,-0.2796754575458157,1.8769999999999998,0.438,2026-09-15
VTV,217.22999572753906,2026-10-02,205.11059764846863,0.15837464481187347,4.164,1.017,2026-09-28
VUG,91.16999816894531,2026-10-02,82.78177302387131,0.13621635837693558,0.345834,0.091,2026-09-28
VUS,30.231000900268555,2026-10-02,28.25604311929365,0.20557507747367731,0.6839999999999999,0.3,2026-09-21
VUSB,49.415000915527344,2026-10-02,49.77350604296681,-0.00862674881422576,2.1199999999999997,0.181,2026-10-01
VUSE,72.80960083007812,2026-10-02,68.36694655095438,0.09243347331640828,0.238,0.045,2026-09-17
VUSG,67.8499984741211,2026-10-02,61.944552312702896,0.15097536210341955,0.011,0.011,2025-12-23
VUSI,49.85499954223633,2026-10-02,50.198876162187766,-0.004890198390152034,0.248,0.248,2025-12-30
VUSV,69.25800323486328,2026-10-02,66.40285401366073,0.16380448980457873,0.124,0.124,2025-12-23
VV,355.0,2026-10-02,327.675178801396,0.14797571857036718,3.5959999999999996,0.9,2026-09-28
VVR,2.890000104904175,2026-10-02,3.1234262872977085,-0.13731337696227397,0.41100000000000014,0.029,2026-09-14
VVV,30.579999923706055,2026-10-02,33.879681340251786,-0.1448545481252992,,,
VVX,70.79000091552734,2026-10-02,69.17581676771917,0.18735327379666988,,,
VWO,59.560001373291016,2026-10-02,57.24414343662946,0.08705968932393038,1.218,0.114,2026-09-18
VXF,235.35000610351562,2026-10-02,223.67876467761766,0.10961810151317408,2.426,0.56,2026-09-23
VXX,17.399999618530273,2026-10-02,27.190019964696877,-0.476691740796082,,,
VXZ,45.5,2026-10-02,53.68203584891391,-0.18043119403731678,,,
VYLD,31.177000045776367,2026-10-02,28.47390836738495,0.15865166306079392,,,
VYLR,67.26000213623047,2026-10-02,67.76000213623047,,,,
VYM,156.4600067138672,2026-10-02,152.87282887492998,0.10533382790996848,3.6759999999999997,0.887,2026-09-18
VYX,6.699999809265137,2026-10-02,8.664382463432403,-0.475332845020237,,,
VZ,45.91999816894531,2026-10-02,45.207609564184665,0.05152278668058252,2.7960000000000003,0.708,2026-07-10
VZLA,3.609999895095825,2026-10-02,4.090199207404695,-0.1832579563838569,,,
W,101.25,2026-10-02,89.71374478283157,0.14368012420754428,,,
WAB,287.5400085449219,2026-10-02,249.6691233722337,0.4371251794955371,1.1800000000000002,0.31,2026-08-18
WAGN,15.109999656677246,2026-10-02,14.710487842559814,,,,
WAL,76.37999725341797,2026-10-02,80.85035863625576,-0.11953893656002346,1.68,0.42,2026-08-13
WANT,33.66999816894531,2026-10-02,44.678844527894285,-0.35237551294616054,0.354,0.15,2026-09-22
WAR,32.3650016784668,2026-10-02,28.177601597698562,0.2261328152266484,2.954,2.954,2025-12-24
WAT,425.2099914550781,2026-10-02,364.22039940822646,0.29483228017847196,,,
WATS,20.469999313354492,2026-10-02,23.63086540882404,,,,
WBI,28.850000381469727,2026-10-02,27.178007938947335,0.11648607628124896,0.15000000000000002,0.05,2026-08-27
WBIF,35.15999984741211,2026-10-02,33.176147369749515,0.12203214676115026,,,
WBIG,25.747800827026367,2026-10-02,24.663206366428817,0.08484880922502924,0.29500000000000004,0.068,2026-09-29
WBIL,39.67499923706055,2026-10-02,36.986490014064834,0.13454383334627806,0.017,0.017,2025-12-18
WBIY,34.970001220703125,2026-10-02,34.274127572656155,0.11001782448311803,1.422,0.373,2026-09-29
WBX,2.75,2026-10-02,3.386605577164912,-0.474187382414738,,,
WCAP,9.260000228881836,2026-10-02,9.38187650475369,-0.07037447871518887,0.004,0.004,2025-12-30
WCC,381.7300109863281,2026-10-02,303.6800785748607,0.7683328837761896,1.954,0.5,2026-09-11
WCEO,37.51900100708008,2026-10-02,35.38099997926993,0.14642343149764647,0.211,0.211,2025-12-19
WCME,19.224000930786133,2026-10-02,18.291246999307457,0.10730953650142983,0.066,0.052,2026-06-25
WCMG,20.968599319458008,2026-10-02,21.169285908079985,,,,
WCMI,19.15999984741211,2026-10-02,18.15445022279048,0.11720118213355901,0.10400000000000001,0.047,2026-06-25
WCN,153.82000732421875,2026-10-02,165.59880461065893,-0.11810567057094656,1.0499999999999998,0.35,2026-08-06
WCPB,24.225000381469727,2026-10-02,25.37965743380239,-0.050558457340276086,1.057,0.098,2026-08-28
WD,33.970001220703125,2026-10-02,55.15892431555516,-0.5954507475661714,2.7100000000000004,0.68,2026-08-20
WDAI,28.059999465942383,2026-10-02,27.765825197534653,,0.116,0.068,2026-09-03
WDCC,10.699999809265137,2026-10-02,15.481166648864747,,,,
WDCX,14.3100004196167,2026-10-02,21.132793806880883,,,,
WDE,24.225099563598633,2026-10-02,25.040699969055833,,0.45,0.123,2026-10-01
WDEF,27.729999542236328,2026-10-02,30.582609624976655,-0.18644564215732473,0.021,0.021,2025-12-26
WDI,11.850000381469727,2026-10-02,13.638286826145126,-0.20682726142581975,1.788,0.149,2026-09-23
WDIG,40.869998931884766,2026-10-02,45.46834934567942,,,,
WDIV,81.30999755859375,2026-10-02,79.23629478059442,0.1097311489543813,3.476,0.827,2026-09-21
WDNA,23.68000030517578,2026-10-02,18.758059813206888,0.40525788030642995,0.771,0.771,2025-12-26
WDRN,26.65999984741211,2026-10-02,28.063265352833028,,,,
WDS,21.790000915527344,2026-10-02,20.072430257303306,0.4288525190509733,1.16,0.57,2026-09-04
WDTE,28.75,2026-10-02,30.710354565624222,-0.15241740707635376,9.61,0.166,2026-10-01
WEA,9.850000381469727,2026-10-02,10.753027843764103,-0.12754646459245456,0.8400000000000003,0.07,2026-09-23
WEAT,24.75,2026-10-02,22.70812749672696,0.19277108433734935,,,
WEAV,7.369999885559082,2026-10-02,6.215139436531826,0.10827064358889582,,,
WEBL,29.219999313354492,2026-10-02,25.503426320049392,-0.07414449278153745,0.046,0.004,2026-09-22
WEBS,13.819999694824219,2026-10-02,20.08419520921441,-0.26645437458099586,0.5820000000000001,0.188,2026-09-22
WEBX,16.739999771118164,2026-10-02,20.60647062413833,,,,
WEC,101.58999633789062,2026-10-02,111.39199212062881,-0.1032748211058857,3.752,0.953,2026-08-14
WEED,20.601999282836914,2026-10-02,19.482521942412237,-0.06439605565161599,,,
WEEK,100.04000091552734,2026-10-02,100.03949798340817,-9.997137356698715e-05,3.545,0.069,2026-09-29
WEEL,19.8971004486084,2026-10-02,20.271135862130095,-0.008120589315595561,2.5500000000000003,0.6,2026-09-24
WELD,55.17499923706055,2026-10-02,51.94264532750346,0.27031822168385955,0.131,0.131,2025-12-10
WELL,227.7100067138672,2026-10-02,208.5661750580685,0.30090273907652776,3.07,0.85,2026-08-12
WENC,10.010000228881836,2026-10-02,9.957878738942773,,,,
WEPN,41.969200134277344,2026-10-02,44.26704158398929,,3.1730000000000005,0.099,2026-09-29
WEX,169.10000610351562,2026-10-02,159.32458155658617,0.05919206118578724,,,
WF,75.20999908447266,2026-10-02,64.69023928699265,0.33944785468633,,,
WFC,80.44999694824219,2026-10-02,84.9158566843466,-0.0027271752286690543,1.85,0.5,2026-08-07
WFG,66.5,2026-10-02,66.02390459524207,-0.028913599005148338,0.96,0.32,2026-09-29
WGO,26.299999237060547,2026-10-02,34.56258969857873,-0.24425287891810799,1.4099999999999997,0.36,2026-09-09
WH,71.79000091552734,2026-10-02,77.55035838092941,-0.11924918373155913,1.7,0.43,2026-09-15
WHD,63.439998626708984,2026-10-02,53.60525892645239,0.6876828510026343,0.5700000000000001,0.15,2026-08-31
WHG,19.610000610351562,2026-10-02,17.511434277690263,0.1763647582844663,0.6,0.15,2026-09-01
WHK,25.489999771118164,2026-10-02,26.654691342954283,,0.11,0.11,2026-08-24
WHR,30.309999465942383,2026-10-02,57.52119526350166,-0.6213616700758289,1.8,0.9,2026-02-27
WIA,7.639999866485596,2026-10-02,8.149840641781628,-0.09585798355775155,0.6240000000000001,0.052,2026-09-23
WINN,34.65999984741211,2026-10-02,31.55343034447902,0.10911999511718751,,,
WIP,37.9900016784668,2026-10-02,39.6664940123539,-0.0298773793029683,2.4040000000000004,0.238,2026-10-01
WIT,1.7200000286102295,2026-10-02,2.274780881357383,-0.34351141078649383,0.021,0.021,2026-07-27
WIW,7.989999771118164,2026-10-02,8.533107577092144,-0.09921083718091284,0.7559999999999998,0.063,2026-09-23
WK,71.2300033569336,2026-10-02,68.89741051054571,-0.18872436354081057,,,
WKC,35.849998474121094,2026-10-02,28.634860559288725,0.3751438010656569,0.86,0.23,2026-09-28
WLDR,47.220001220703125,2026-10-02,41.069354494254426,0.25738936321759964,3.263,0.09,2026-09-18
WLDU,17.3700008392334,2026-10-02,16.74034713374244,,,,
WLK,63.5,2026-10-02,84.61183263771088,-0.22852628011808085,2.123,0.533,2026-08-25
WLTG,38.28799819946289,2026-10-02,36.47518320577553,0.08899564172551178,1.543,1.543,2025-12-24
WLY,48.900001525878906,2026-10-01,40.20531988525391,0.22372378994573316,1.4224999999999999,0.3575,2026-07-07
WLYB,48.93000030517578,2026-10-01,40.50064225769043,0.22263867430025508,1.4224999999999999,0.3575,2026-07-07
WM,204.4499969482422,2026-10-02,222.11984046236927,-0.06966689998764775,3.6599999999999997,0.945,2026-09-11
WMB,70.54000091552734,2026-10-02,69.01561750738745,0.09398258751706634,2.0749999999999997,0.525,2026-09-11
WMK,74.04000091552734,2026-10-02,70.6727887643761,0.01452449314656068,1.36,0.34,2026-07-27
WMS,127.2699966430664,2026-10-02,145.35952184304773,-0.1034167003929447,0.76,0.2,2026-09-01
WMSB,24.18000030517578,2026-10-02,25.08145170881037,-0.032219343026241964,0.982,0.095,2026-08-28
WMTI,18.40999984741211,2026-10-02,24.823663769851084,-0.26903838461374185,7.096000000000001,0.098,2026-09-29
WNC,14.039999961853027,2026-10-02,10.109721117285618,0.44891646747601377,0.32,0.08,2026-07-02
WNDR,25.59000015258789,2026-10-02,26.87500001833989,,,,
WNTR,14.850000381469727,2026-10-02,29.48598403094774,-0.4682184140667187,25.881,0.193,2026-10-01
WOLF,35.279998779296875,2026-10-02,28.377928239890778,0.4476814757634071,,,
WOMN,44.11000061035156,2026-10-02,42.15545804757046,0.0803330549155683,0.367,0.108,2026-09-29
WOR,60.65999984741211,2026-10-02,55.45928292445453,0.09041881507674199,0.77,0.2,2026-09-15
WPAC,10.09000015258789,2026-10-02,9.983506555681105,,,,
WPC,64.5199966430664,2026-10-02,70.18422325103882,-0.06763006519604564,3.74,0.95,2026-09-30
WPM,136.27999877929688,2026-10-02,127.18932251341315,0.24275026653483023,0.585,0.195,2026-08-20
WPP,24.670000076293945,2026-10-02,20.3505179036661,-0.00883886375047438,1.0110000000000001,0.508,2026-06-05
WQTM,32.5,2026-10-02,30.290149804551593,0.07296134095987306,,,
WR,26.520000457763672,2026-10-02,25.920576865856464,,,,
WRB,68.9800033569336,2026-10-02,70.01442229130353,-0.10252403318816372,1.8800000000000003,0.1,2026-09-21
WRBY,27.030000686645508,2026-10-02,24.32513942946476,0.03089250169730029,,,
WRN,2.180000066757202,2026-10-02,2.6061354595351505,0.09000003337860107,,,
WS,36.970001220703125,2026-10-02,36.26828689879155,0.16993673336733162,0.64,0.16,2026-09-15
WSDB,24.569400787353516,2026-10-02,24.935464039444923,,0.35100000000000003,0.078,2026-08-28
WSM,232.3000030517578,2026-10-02,204.44023886144873,0.16481979432960325,2.84,0.76,2026-07-17
WSMD,24.104999542236328,2026-10-02,24.72989342060495,,,,
WSO,297.4700012207031,2026-10-02,368.85346614032153,-0.2830320424277458,12.600000000000001,3.3,2026-07-16
WSO-B,310.8999938964844,2026-10-02,367.6419491710891,-0.22769277677364852,12.600000000000001,3.3,2026-07-16
WST,364.9800109863281,2026-10-02,296.485658075705,0.33908135550179663,0.88,0.22,2026-07-29
WT,24.3799991607666,2026-10-02,16.89422310680982,0.7926469468327986,0.12,0.03,2026-08-12
WTAI,45.349998474121094,2026-10-02,35.29844227065128,0.53780938711759,0.526,0.526,2025-12-26
WTI,3.559999942779541,2026-10-02,2.9506374464566965,0.8835978675791665,0.04,0.01,2026-08-19
WTIB,37.35860061645508,2026-10-02,25.096909396166872,0.9135685726637472,,,
WTID,2.700000047683716,2026-10-02,6.790589635590633,-0.7746995993597077,,,
WTIU,22.920000076293945,2026-10-02,15.735760912952195,1.2123552930353143,,,
WTLS,61.52000045776367,2026-10-02,57.02472004481724,,,,
WTM,2020.9200439453125,2026-10-02,2090.464104519422,0.09752684537262923,1.0,1.0,2026-03-16
WTMF,42.66999816894531,2026-10-02,39.95035849339459,0.11235655604840322,1.157,0.332,2025-12-26
WTPI,32.93000030517578,2026-10-02,33.11596017054828,-0.011704663662077341,4.023,0.332,2026-09-25
WTRE,22.25,2026-10-02,23.525856587991296,-0.03260869565217395,0.582,0.105,2026-09-25
WTRG,39.380001068115234,2026-10-02,39.26079679390349,0.0,1.3900000000000001,0.361,2026-08-11
WTS,363.07000732421875,2026-10-02,313.8237048145309,0.2859318978304244,2.3,0.63,2026-09-01
WTTR,19.950000762939453,2026-10-02,15.39183267084251,0.8506494672649514,0.28,0.07,2026-08-07
WTV,103.1500015258789,2026-10-02,98.7906374684368,0.1262147139447578,2.137,0.545,2026-09-25
WU,6.0,2026-10-02,8.466693207562207,-0.25093635099214273,0.94,0.235,2026-09-16
WUGI,92.82499694824219,2026-10-02,81.58845029124225,0.02477335903501765,5.516,5.516,2025-12-23
WULX,13.899999618530273,2026-10-02,28.400455631787263,-0.4654051801010739,,,
WWJD,38.630001068115234,2026-10-02,38.201816589233886,0.0802573512665361,0.817,0.531,2026-06-26
WWR,0.5099999904632568,2026-10-02,0.808804778107609,-0.5785124178638169,,,
WWW,19.200000762939453,2026-10-02,18.44501994995482,-0.24230463112374445,0.4,0.1,2026-10-01
WX,24.33639907836914,2026-10-02,24.29207525814281,,,,
WXET,21.18000030517578,2026-10-02,18.897944214809463,0.30902347995633606,0.342,0.039,2026-09-25
WY,18.469999313354492,2026-10-02,23.909203251994462,-0.2647293512623087,0.84,0.21,2026-09-04
WYFL,3.809999942779541,2026-10-02,12.873928597995214,,,,
WYY,7.559999942779541,2026-10-02,8.05394421915609,0.47945200494156315,,,
WZRD,7.797999858856201,2026-10-02,196.62836236497796,-0.9779810814817196,4.2749999999999995,0.015,2026-08-31
XA,44.630001068115234,2026-10-02,36.89240391437824,,,,
XAGG,48.2400016784668,2026-10-02,50.170004452977864,-0.037509922056721656,3.065,0.274,2026-09-30
XAGI,22.31999969482422,2026-10-02,20.073411806891947,,,,
XAIW,26.298500061035156,2026-10-02,24.46384710735745,,,,
XAPR,38.685001373291016,2026-10-02,37.08629083823398,0.07847790703177293,,,
XAR,233.08999633789062,2026-10-02,261.26844647776085,-0.03149541649862686,0.41900000000000004,0.129,2026-09-21
XAUG,39.775001525878906,2026-10-02,38.141912422332155,0.08160666251525006,,,
XB,37.848201751708984,2026-10-02,39.22033162515952,-0.043923509478925316,2.4800000000000004,0.222,2026-09-01
XBAP,43.099998474121094,2026-10-02,40.24178481386952,0.13720308018171234,,,
XBB,39.3849983215332,2026-10-02,40.907585569586885,-0.03868691364277976,2.043,0.184,2026-09-01
XBFR,27.063600540161133,2026-10-02,26.060737585092518,,0.028,0.02,2026-06-30
XBI,154.42999267578125,2026-10-02,133.6425100379731,0.49063701689491146,0.5449999999999999,0.138,2026-06-22
XBIX,34.21390151977539,2026-10-02,35.21298700220444,,,,
XBJA,34.7599983215332,2026-10-02,32.788625527188124,0.10923184861384128,,,
XBJL,41.16999816894531,2026-10-02,39.065211337876036,0.09856965145643226,,,
XBNB,33.41999816894531,2026-10-02,24.31018179113215,,0.003,0.003,2026-05-27
XBOC,36.58000183105469,2026-10-02,34.40547022116612,0.11293664954029925,,,
XBOX,101.1500015258789,2026-10-02,100.00459840871991,,,,
XC,30.46500015258789,2026-10-02,32.82688445588982,-0.11884656110692637,3.835,0.12,2026-09-25
XCCC,33.59000015258789,2026-10-02,36.985968114845306,-0.13226553998908508,3.31,0.283,2026-09-01
XCEM,52.619998931884766,2026-10-02,44.846573727064396,0.42216213329418295,1.247,1.247,2025-12-18
XCHG,27.51799964904785,2026-10-02,26.08120093992607,,0.135,0.036,2026-09-18
XCLR,28.01099967956543,2026-10-02,27.958322714999376,-0.06729488333017797,3.529,0.102,2026-06-29
XCOM,27.190000534057617,2026-10-02,23.93952937406652,,,,
XCOR,90.56900024414062,2026-10-02,83.63921140389614,0.15218936225267754,0.344,0.344,2025-12-31
XDAT,28.24799919128418,2026-10-02,24.933195304110704,0.010553432033550525,,,
XDEC,43.89509963989258,2026-10-02,41.77790083258275,0.09382253853885025,,,
XDIV,31.469999313354492,2026-10-02,28.926514006230935,0.15954311057787174,,,
XDQQ,41.459999084472656,2026-10-02,39.454936236499314,0.09289324609754246,,,
XDSQ,45.0,2026-10-02,42.15269722501595,0.12677466235626356,,,
XDTE,38.439998626708984,2026-10-02,40.0203426558658,-0.12972605342476407,11.801,0.111,2026-10-01
XEMD,42.619998931884766,2026-10-02,44.5162867663866,-0.02538304646629319,2.547,0.194,2026-10-01
XEML,24.190000534057617,2026-10-02,25.648067742586136,,0.48900000000000005,0.028,2026-09-18
XES,109.16000366210938,2026-10-02,105.47290847595944,0.4886131315474884,1.2,0.258,2026-09-21
XEUR,23.209999084472656,2026-10-02,25.37847054425408,,,,
XFEB,38.29999923706055,2026-10-02,36.45316332934862,0.09459838238964013,,,
XFIV,46.56999969482422,2026-10-02,48.92050999189278,-0.058811638527363375,1.7369999999999999,0.161,2026-09-01
XFLH,10.079999923706055,2026-10-02,9.972137878681052,,,,
XFLT,19.309999465942383,2026-10-02,20.122442211287904,-0.2671727063988252,3.3000000000000003,0.225,2026-09-15
XFLX,22.530000686645508,2026-10-02,23.033378509886237,-0.07946883205349398,2.192,2.192,2025-12-31
XHB,96.69999694824219,2026-10-02,106.18366511979426,-0.1375312649000976,1.17,0.536,2026-09-21
XHE,88.86000061035156,2026-10-02,85.52414338617211,0.10002478278231308,0.022,0.022,2025-12-22
XHLF,50.119998931884766,2026-10-02,50.26850605390936,-0.0031821768356523616,1.7319999999999998,0.156,2026-09-01
XHOA,21.719999313354492,2026-10-02,25.675411785350125,,,,
XHR,18.200000762939453,2026-10-02,16.379003973121186,0.3622755412155423,0.56,0.14,2026-09-30
XHS,133.36000061035156,2026-10-02,115.48223144409666,0.306810353966515,0.21300000000000002,0.011,2026-09-21
XIDE,30.274999618530273,2026-10-02,30.211095635159555,-3.301131966970683e-05,1.8959999999999997,0.156,2026-10-01
XIDV,37.11000061035156,2026-10-02,36.241589663988094,0.14188128813494072,2.239,0.319,2026-09-18
XIGV,24.559999465942383,2026-10-02,23.65757146562849,,,,
XIJN,30.719999313354492,2026-10-02,30.794808824698762,-0.006307669299628227,2.127,0.172,2026-10-01
XIMR,31.264999389648438,2026-10-02,31.231414346580962,0.0060494812038667245,2.1359999999999997,0.192,2026-10-01
XISE,30.290000915527344,2026-10-02,30.28372111833428,0.002216899173496989,1.8239999999999996,0.152,2026-09-18
XITK,204.6649932861328,2026-10-02,179.81540239189727,0.0780238706505576,,,
XIWC,22.579999923706055,2026-10-02,24.625176530725817,,,,
XJAN,39.37649917602539,2026-10-02,37.47629279634392,0.09151762559289067,,,
XJH,49.73609924316406,2026-10-02,47.90556218424641,0.127828303239504,0.565,0.138,2026-09-15
XJR,49.119998931884766,2026-10-02,46.75575691010373,0.14498827936529834,0.46499999999999997,0.139,2026-09-15
XJUL,41.814998626708984,2026-10-02,39.863553780483535,0.08879052091652073,,,
XJUN,45.4900016784668,2026-10-02,43.67291636675952,0.07706880599209587,,,
XKRE,25.243999481201172,2026-10-02,28.026635203642005,,,,
XLB,48.86000061035156,2026-10-02,49.27890432593357,0.08746940303766393,0.863,0.229,2026-09-21
XLBI,22.579999923706055,2026-10-02,24.0156135711062,-0.07915664091954722,3.6260000000000003,0.302,2026-10-01
XLBX,21.819499969482422,2026-10-02,24.407288338156306,,,,
XLC,110.31999969482422,2026-10-02,113.95015926285095,-0.05215224440807131,1.3809999999999998,0.364,2026-09-21
XLCD,48.34960174560547,2026-10-01,48.189300298690796,,,,
XLCI,23.2987003326416,2026-10-02,24.455241837824484,-0.08370235219660893,2.7259999999999995,0.223,2026-10-01
XLCU,27.091699600219727,2026-10-01,26.86396001180013,,,,
XLE,62.81999969482422,2026-10-02,54.11607558413806,0.4131143202639662,1.5230000000000001,0.38,2026-09-21
XLEI,27.389999389648438,2026-10-02,26.123505991293616,0.11441127739902757,5.246000000000001,0.514,2026-10-01
XLEX,28.549999237060547,2026-10-02,26.09494115044089,,,,
XLF,53.4900016784668,2026-10-02,53.54458169823149,-0.004281450800631914,0.8260000000000001,0.197,2026-09-21
XLFI,22.66699981689453,2026-10-02,23.820824740892387,-0.09429818076729268,2.628,0.214,2026-10-01
XLFX,26.32990074157715,2026-10-02,28.991528118357937,,,,
XLG,64.25,2026-10-02,59.93282877401527,0.11487070638885322,0.397,0.089,2026-09-21
XLI,169.9499969482422,2026-10-02,168.48904358153325,0.10064110431690998,1.8840000000000001,0.455,2026-09-21
XLII,24.239999771118164,2026-10-02,25.169131487964158,-0.018345320851360425,3.2329999999999997,0.299,2026-10-01
XLIX,22.93269920349121,2026-10-02,25.618031827141255,,,,
XLK,199.80999755859375,2026-10-02,160.78872534763292,0.40355434603773643,0.836,0.221,2026-09-21
XLKI,27.34000015258789,2026-10-02,26.02011157791928,0.05837718246397072,4.831,0.313,2026-10-01
XLKX,23.799999237060547,2026-10-02,21.084588196698355,,,,
XLP,80.52999877929688,2026-10-02,82.55637462965521,0.03203895987581773,2.197,0.541,2026-09-21
XLPD,50.14979934692383,2026-10-01,50.20481276512146,,,,
XLPU,24.524700164794922,2026-10-01,25.0121332804362,,,,
XLPX,23.93000030517578,2026-10-02,26.350470711203183,,,,
XLRE,40.810001373291016,2026-10-02,42.806454312753864,-0.030180617930164244,1.443,0.355,2026-09-21
XLRI,21.54210090637207,2026-10-02,23.720127850414748,-0.13266090916721507,2.996999999999999,0.284,2026-10-01
XLSI,22.16699981689453,2026-10-02,23.755832664520142,-0.0741762067287669,2.921,0.32,2026-10-01
XLSR,66.91999816894531,2026-10-02,62.949039930366425,0.11403360261230877,0.267,0.064,2026-09-25
XLU,39.83000183105469,2026-10-02,44.429003924487596,-0.10403778673942465,1.211,0.3,2026-09-21
XLUI,21.450000762939453,2026-10-02,24.400199198627853,-0.1611919153540592,3.515,0.417,2026-10-01
XLUX,20.3700008392334,2026-10-02,24.621882337682386,,,,
XLV,166.17999267578125,2026-10-02,155.11637434636455,0.14749333152388533,2.55,0.642,2026-09-21
XLVI,25.709999084472656,2026-10-02,26.01200792988933,0.007840017788960596,3.2860000000000005,0.314,2026-10-01
XLVX,31.530000686645508,2026-10-02,30.96247053707347,,,,
XLY,110.04000091552734,2026-10-02,116.68314729363794,-0.07474984753078784,0.9339999999999999,0.244,2026-09-21
XLYI,21.40999984741211,2026-10-02,23.60247013198427,-0.15658855015282458,3.368,0.258,2026-10-01
XLYX,21.09000015258789,2026-10-02,23.47799996768727,,,,
XMAR,43.689998626708984,2026-10-02,41.300641398030926,0.11312098411997407,,,
XMAY,37.004798889160156,2026-10-02,35.475433410401365,0.07980152888433745,,,
XME,105.73999786376953,2026-10-02,110.66884433700744,0.08384584368468162,0.34500000000000003,0.073,2026-09-21
XMHQ,113.3499984741211,2026-10-02,108.50478092512762,0.07736906625303619,0.657,0.154,2026-09-21
XMLV,63.45240020751953,2026-10-02,64.97865509701916,0.00035314365814254067,1.9969999999999999,0.498,2026-09-21
XMMO,151.41000366210938,2026-10-02,150.20223062826818,0.11832487144309556,0.983,0.248,2026-09-21
XMPT,19.34000015258789,2026-10-02,21.749482090254705,-0.10957639208134162,1.2730000000000001,0.107,2026-10-01
XMVM,71.56999969482422,2026-10-02,67.79569715522675,0.15640653418385453,1.3609999999999998,0.348,2026-09-21
XNAV,93.93900299072266,2026-10-02,87.54521516594754,0.1859637594848509,0.47,0.47,2025-12-31
XNDX,1.2599999904632568,2026-10-02,12.023106774080146,,,,
XNOV,40.540000915527344,2026-10-02,38.586211109541324,0.10553594054606252,,,
XNTK,389.2200012207031,2026-10-02,312.50673332062377,0.3978092445954462,0.525,0.076,2026-09-21
XOCT,40.42499923706055,2026-10-02,38.51478099443048,0.09612250722004867,,,
XOEF,29.420000076293945,2026-10-02,27.798247006784873,0.13880934014625623,0.32799999999999996,0.089,2026-09-15
XOEX,39.82400131225586,2026-10-02,38.053235103409605,0.12739213658784165,0.595,0.156,2026-09-18
XOM,164.00999450683594,2026-10-02,142.29378491283887,0.44808397857491444,4.12,1.03,2026-08-17
XOMO,10.949999809265137,2026-10-02,11.822701229992141,-0.07203392946867326,4.276000000000001,0.054,2026-10-01
XONE,49.08000183105469,2026-10-02,49.44105178711424,-0.009585278401693098,1.781,0.168,2026-09-01
XOP,184.92999267578125,2026-10-02,156.85517962330366,0.3884675222311582,3.124,0.757,2026-09-21
XOVL,21.8799991607666,2026-10-02,20.76476187933059,,,,
XPAV,21.489999771118164,2026-10-02,23.968941183651197,,,,
XPAY,52.32099914550781,2026-10-02,53.12925507442885,-0.06251571657285304,10.959000000000001,0.9,2026-09-09
XPER,5.429999828338623,2026-10-02,6.489163341750187,-0.20845485092478955,,,
XPEV,9.25,2026-10-02,16.861155395963753,-0.5990463752769253,,,
XPH,63.63999938964844,2026-10-02,58.9692829481634,0.29877549774792733,0.27499999999999997,0.042,2026-09-21
XPL,0.5699999928474426,2026-10-02,0.7439043816342297,-0.18571428206502172,,,
XPND,40.8650016784668,2026-10-02,37.24531488304594,0.12155562505031936,0.035,0.004,2026-09-24
XPO,186.08999633789062,2026-10-02,181.025816503274,0.4481711777267754,,,
XPOF,4.699999809265137,2026-10-02,6.489203180449892,-0.41759603630722164,,,
XPP,18.200000762939453,2026-10-02,23.876454136761062,-0.41214466081598544,0.58,0.159,2026-09-23
XPRO,16.299999237060547,2026-10-02,15.700956162228527,0.3039999389648438,,,
XQBT,24.355100631713867,2026-10-02,23.962034344673157,,,,
XQTM,12.670000076293945,2026-10-02,15.002537300337606,,,,
XRLX,49.372100830078125,2026-10-02,47.417123984530626,0.06110386087148156,1.275,1.275,2025-12-31
XRMI,17.31999969482422,2026-10-02,17.498410350298027,-0.022573342778225647,2.144,0.174,2026-09-21
XRN,34.0099983215332,2026-10-02,34.9461753130909,0.037839421618798275,2.14,0.16,2026-09-21
XRP,16.440000534057617,2026-10-02,16.351728131694177,-0.268032003375141,,,
XRPM,9.329999923706055,2026-10-02,15.098073070996428,-0.6378105651860453,4.3149999999999995,0.311,2026-09-29
XRPR,11.960000038146973,2026-10-02,13.117043772541669,-0.5225548741553414,,,
XRPZ,15.979999542236328,2026-10-02,15.827134882017624,-0.35053851495483834,,,
XRT,82.62999725341797,2026-10-02,85.24976057075409,-0.05012071177630706,0.744,0.173,2026-09-21
XSD,555.2100219726562,2026-10-02,430.2680464664778,0.6831176833025261,0.8029999999999999,0.184,2026-09-21
XSEM,22.18000030517578,2026-10-02,20.036117643468522,,,,
XSEP,45.4900016784668,2026-10-02,43.26451002934065,0.09248545222380011,,,
XSHD,12.829999923706055,2026-10-02,13.507139441501572,-0.04892511924463905,0.6770000000000002,0.05,2026-09-21
XSHP,19.579999923706055,2026-10-02,17.559599965413412,,1.73,0.52,2026-09-02
XSHQ,45.88800048828125,2026-10-02,44.788402420591076,0.06468682396437164,0.554,0.123,2026-09-21
XSLV,49.61000061035156,2026-10-02,49.25992032541222,0.07195336903388916,1.2229999999999999,0.473,2026-09-21
XSMO,83.55000305175781,2026-10-02,80.66924279809473,0.13580758326163056,0.512,0.158,2026-09-21
XSOE,47.45000076293945,2026-10-02,43.477593684101485,0.23118836626239858,0.777,0.215,2026-09-25
XSVM,66.22000122070312,2026-10-02,63.302549840919525,0.16297862342485447,1.266,0.413,2026-09-21
XSVN,44.52000045776367,2026-10-02,47.45349812602617,-0.07500520528230548,1.7269999999999999,0.168,2026-09-01
XSW,197.92999267578125,2026-10-02,176.38258927181897,-0.007571248230748617,,,
XTAI,26.700000762939453,2026-10-02,22.923176507388845,,,,
XTAP,46.9010009765625,2026-10-02,42.935904286297195,0.1813853923233495,,,
XTEN,42.21500015258789,2026-10-02,45.655752979901685,-0.09409867950893547,1.8099999999999998,0.17,2026-09-01
XTJA,35.305198669433594,2026-10-02,32.682809556147966,0.1438957459464052,,,
XTJL,42.686100006103516,2026-10-02,39.93227918404507,0.1254508127553784,,,
XTL,210.19000244140625,2026-10-02,189.8217135121623,0.4368036918990732,1.931,0.304,2026-09-21
XTN,100.91000366210938,2026-10-02,100.20501967350326,0.18661809237685878,0.7470000000000001,0.187,2026-09-21
XTND,3.299999952316284,2026-10-02,4.330999958515167,,,,
XTNT,0.3400000035762787,2026-10-02,0.5488047775519321,-0.4769230522347616,,,
XTOC,37.44499969482422,2026-10-02,34.627334693513546,0.14570269660812563,,,
XTR,29.03700065612793,2026-10-02,28.35541029850325,-0.05070611746481757,4.691,0.083,2026-06-29
XTRE,47.75,2026-10-02,49.31359747776472,-0.04020100502512558,1.799,0.163,2026-09-01
XTWO,48.2400016784668,2026-10-02,49.16249412749393,-0.02476495441912996,1.755,0.153,2026-09-01
XTWY,32.83300018310547,2026-10-02,37.41319527189095,-0.15920612485069685,1.608,0.153,2026-09-01
XUDV,31.455400466918945,2026-10-02,29.541511588837523,0.16466976978058567,1.105,0.256,2026-09-18
XUSP,54.060001373291016,2026-10-02,49.662597671448,0.15725479644237073,,,
XV,24.270000457763672,2026-10-02,25.15218724102613,-0.09237095491759628,4.898,0.3,2026-09-25
XVAD,30.649799346923828,2026-10-02,29.904975175857544,,,,
XVAP,31.598800659179688,2026-10-02,31.304650008678436,,,,
XVAZ,29.500699996948242,2026-10-02,29.18758726119995,,,,
XVGL,29.314599990844727,2026-10-02,29.110575199127197,,,,
XVMS,31.194799423217773,2026-10-02,30.691849946975708,,,,
XVMT,29.638999938964844,2026-10-02,30.03487515449524,,,,
XVNV,31.365999221801758,2026-10-02,30.18456244468689,,,,
XVPT,30.721799850463867,2026-10-02,30.78397488594055,,,,
XVSP,33.87519836425781,2026-10-02,32.45043341318766,,,,
XVTS,32.69129943847656,2026-10-02,32.11816555261612,,,,
XVV,58.76900100708008,2026-10-02,54.45266539737048,0.13519413728857343,0.542,0.137,2026-09-15
XW,23.200000762939453,2026-10-02,23.872117659624884,,,,
XWNG,23.350000381469727,2026-10-02,22.6975000500679,,,,
XX,25.649999618530273,2026-10-02,24.769999504089355,,,,
XXI,6.599999904632568,2026-10-02,8.823087640967502,-0.7285067852889515,,,
XXRP,33.779998779296875,2026-10-02,76.59103597967749,-0.9055369177775727,6.21,0.11,2026-02-25
XXV,23.459999084472656,2026-10-02,24.070694082948172,-0.0616000366210937,5.010000000000001,0.49,2026-09-25
XYF,4.940000057220459,2026-10-02,6.254302801838909,-0.654303703960271,0.56,0.28,2026-09-10
XYL,101.79000091552734,2026-10-02,125.86254998317278,-0.32072074227870684,1.69,0.43,2026-08-27
XYLD,41.72999954223633,2026-10-02,40.544422408024154,0.059405945388332215,4.323,0.296,2026-09-21
XYLG,29.683000564575195,2026-10-02,28.54487648618174,0.025213327527337404,3.788,0.101,2026-09-21
XYZ,74.33000183105469,2026-10-02,70.01816707778262,-0.034048021066846235,,,
XYZY,22.652000427246094,2026-10-02,29.739525935564384,-0.5075652081033457,18.512999999999998,0.14,2026-10-01
XZO,14.399999618530273,2026-10-02,16.707719317653723,-0.31461211510435816,,,
YALA,5.320000171661377,2026-10-02,6.39223108063656,-0.2916111838183696,,,
YALL,42.520999908447266,2026-10-02,43.555581674157864,-0.05887430251180181,0.214,0.214,2025-12-24
YANG,34.369998931884766,2026-10-02,27.3465737194654,0.6304553632010739,0.9830000000000001,0.272,2026-09-22
YBIT,20.899999618530273,2026-10-02,27.376470155449976,-0.5853174804409729,16.215,0.163,2026-10-01
YBTC,19.25,2026-10-02,24.313613526849633,-0.5652664740135371,11.052,0.11,2026-09-30
YCBD,0.4560000002384186,2026-10-02,0.7875338624198124,-0.6068965402071878,,,
YCL,18.229999542236328,2026-10-02,18.69390436757608,-0.1645279652977929,,,
YCLO,25.15999984741211,2026-10-02,25.187261831192743,,0.38,0.1,2026-10-01
YCS,54.11000061035156,2026-10-02,52.3411553827415,0.2228248725503177,,,
YCY,10.260000228881836,2026-10-02,10.098716694909616,0.03323261969428648,,,
YDEC,27.93000030517578,2026-10-02,26.94682071883365,0.08423913264802563,,,
YEAR,49.959999084472656,2026-10-02,50.40660549634956,-0.011671615459794782,1.8399999999999999,0.159,2026-09-01
YELP,18.260000228881836,2026-10-02,26.058565724893395,-0.42596666031283514,,,
YETH,9.880999565124512,2026-10-02,13.239936290984135,-0.6368614517608313,7.895,0.094,2026-09-30
YETI,40.869998931884766,2026-10-02,42.964063743196164,0.16571583944716695,,,
YEXT,6.510000228881836,2026-10-02,6.060557779562901,-0.22684083492939755,,,
YFFI,9.47599983215332,2026-10-02,10.054856562519454,-0.07189032353097491,0.4789999999999999,0.04,2026-09-29
YFYA,9.675000190734863,2026-10-02,9.838713152000153,-0.020748979891854535,0.508,0.05,2026-09-25
YGLD,30.399999618530273,2026-10-02,40.505450298111754,-0.262851639639883,7.71,0.35,2026-09-25
YINN,23.170000076293945,2026-10-02,36.68924305828444,-0.5814667662420243,0.935,0.556,2026-09-22
YJUN,27.0,2026-10-02,26.274932283804237,0.06990014006571865,,,
YLD,18.350000381469727,2026-10-02,19.00499999665644,-0.048729937244376687,1.4020000000000001,0.115,2026-10-01
YLDW,25.030000686645508,2026-10-02,25.394757487986347,0.006231183382733985,1.35,0.183,2026-08-28
YLDY,24.740299224853516,2026-10-02,24.851397196451824,,0.21500000000000002,0.203,2026-09-25
YMAG,11.399999618530273,2026-10-02,12.929163366674901,-0.26593690827132865,5.593,0.079,2026-09-30
YMAR,29.079999923706055,2026-10-02,27.84452588814663,0.09885123762158599,,,
YMAX,7.599999904632568,2026-10-02,9.018326717543887,-0.40671353195318827,4.854999999999999,0.06,2026-09-30
YMM,8.170000076293945,2026-10-02,9.66752991543348,-0.3893871445130904,0.168,0.084,2026-07-07
YOLO,2.8940000534057617,2026-10-02,3.003239050329444,-0.17314284188406803,,,
YOU,41.54999923706055,2026-10-02,44.172151375576796,0.30783753976644745,0.775,0.15,2026-09-10
YPF,49.66999816894531,2026-10-02,42.471035824353955,1.0567287351356134,,,
YRD,0.9570000171661377,2026-10-02,2.8171075765355176,-0.8511664008219101,,,
YSEP,28.329999923706055,2026-10-02,26.86876895798155,0.10272079485159158,,,
YSG,2.640000104904175,2026-10-02,4.082310766812815,-0.679611628854945,,,
YSPC,47.40999984741211,2026-10-02,46.52140373096132,,6.5649999999999995,0.492,2026-10-01
YSS,8.979999542236328,2026-10-02,22.317660875487746,,,,
YUM,136.1199951171875,2026-10-02,152.5303587286596,-0.09668861296809717,2.96,0.75,2026-09-09
YUMC,39.97999954223633,2026-10-02,46.87876484783522,-0.055069764959297385,0.8699999999999999,0.29,2026-08-27
YUNG,26.700000762939453,2026-10-02,27.528461547998283,,,,
YXI,23.280000686645508,2026-10-02,21.20780877193132,0.22012582703006922,0.499,0.138,2026-09-23
YYY,10.350000381469727,2026-10-02,11.457450190388348,-0.12731866095437716,1.4400000000000004,0.12,2026-09-29
YYYM,17.3700008392334,2026-10-02,19.546736121177673,,0.69,0.103,2026-09-29
ZALT,34.654998779296875,2026-10-02,33.210844549049895,0.08534288907223653,,,
ZAPR,27.064800262451172,2026-10-02,26.226700399026452,0.061989390396872235,,,
ZAUG,27.979999542236328,2026-10-02,27.110474141945403,0.05744521959018667,,,
ZBH,88.29000091552734,2026-10-02,92.20936262275119,-0.12393330040737549,0.96,0.24,2026-09-30
ZCBA,47.58399963378906,2026-10-02,49.364989141515785,,1.429,0.171,2026-10-01
ZCBB,47.132999420166016,2026-10-02,49.29235130516258,,1.433,0.167,2026-10-01
ZCBC,46.80099868774414,2026-10-02,49.34091357669315,,1.4720000000000002,0.171,2026-10-01
ZCBE,46.45800018310547,2026-10-02,49.32387579840583,,1.51,0.175,2026-10-01
ZCBF,46.08700180053711,2026-10-02,49.24361627939585,,1.5439999999999998,0.178,2026-10-01
ZCBG,45.84000015258789,2026-10-02,49.266659587138406,,1.5789999999999997,0.182,2026-10-01
ZCSH,34.040000915527344,2026-10-02,12.022660030311798,8.254192186477006,,,
ZDEK,26.899999618530273,2026-10-02,26.048748996628234,0.06324112370430335,,,
ZDGE,3.0,2026-10-02,3.0522788805790633,-0.006622510282393357,0.07200000000000001,0.02,2026-06-22
ZDIS,61.26570129394531,2026-10-02,59.913696850047394,,,,
ZECP,37.400001525878906,2026-10-02,35.99343025541876,0.10454816455157134,0.274,0.274,2025-12-29
ZEPP,3.819999933242798,2026-10-02,17.532310777451414,-0.9231388355210788,,,
ZETA,32.630001068115234,2026-10-02,20.717091632554254,0.6880497256545892,,,
ZFEB,26.4064998626709,2026-10-02,25.667922304920943,0.05774082520618684,,,
ZGN,12.520000457763672,2026-10-02,11.748087662624648,0.20732889063948878,0.137,0.137,2026-07-06
ZH,3.390000104904175,2026-10-02,3.43107569930088,-0.3165322421709781,,,
ZHDG,24.030000686645508,2026-10-02,23.008621458988266,0.052746887836436995,0.581,0.581,2025-12-24
ZIG,37.97600173950195,2026-10-02,38.69829884563309,-0.008355955787524905,0.693,0.693,2025-12-30
ZIM,29.6299991607666,2026-10-02,23.706533785360268,1.1301221772679693,0.88,0.88,2026-03-20
ZINC,25.174999237060547,2026-10-02,26.104244121285372,,,,
ZINN,42.29410171508789,2026-10-02,40.43835595074822,,,,
ZIP,3.549999952316284,2026-10-02,3.5597609476264256,-0.15274465302244766,,,
ZJAN,28.459999084472656,2026-10-02,27.6490836884396,0.057599377400576524,,,
ZJUL,30.290000915527344,2026-10-02,29.482390445542052,0.05210142244875726,,,
ZJUN,27.799999237060547,2026-10-02,27.128517903179763,0.047475443785536475,,,
ZKH,2.740000009536743,2026-10-02,3.055864548778154,-0.05190314530192908,,,
ZMAR,28.70400047302246,2026-10-02,27.861063740642898,0.05911007425935755,,,
ZMAY,26.38479995727539,2026-10-02,25.70276409316348,0.05014129183185645,,,
ZNOV,27.9950008392334,2026-10-02,27.064310826153395,0.05997507035835281,,,
ZOCT,28.229999542236328,2026-10-02,27.219482072321068,0.06008262981198187,,,
ZONE,0.13199999928474426,2026-10-02,0.5046812740573845,-0.9377358460328721,,,
ZROZ,53.41999816894531,2026-10-02,63.58358568594275,-0.20800592163203224,3.0599999999999996,0.55,2026-10-01
ZSB,20.4950008392334,2026-10-02,21.528071734059854,0.21559905677880287,0.194,0.194,2025-12-22
ZSC,30.21500015258789,2026-10-02,29.207175273819274,0.16233887967356342,0.49,0.49,2025-12-22
ZSEP,27.94339942932129,2026-10-02,27.14505339238748,0.05407013157539731,,,
ZSL,27.459999084472656,2026-10-02,45.52836659800009,-0.8111416764981266,,,
ZTAX,24.1200008392334,2026-10-02,25.37790445122586,-0.024469141876727662,1.173,0.548,2026-07-02
ZTO,19.5,2026-10-02,22.303545788464792,0.02685625250283019,0.39,0.39,2026-04-08
ZTR,5.989999771118164,2026-10-02,6.619681286146916,-0.08549624478008921,0.6200000000000001,0.055,2026-09-14
ZTS,69.69000244140625,2026-10-02,105.00697226353375,-0.5240404090089176,2.09,0.53,2026-07-20
ZVIA,1.2100000381469727,2026-10-02,1.7200398364390035,-0.5,,,
ZVOL,7.78000020980835,2026-10-02,9.322362523629845,-0.3478625305287688,5.820000000000001,0.485,2026-09-23
ZWS,47.66999816894531,2026-10-02,47.991872475916644,0.01771985511643015,0.44,0.11,2026-08-20
