ticker,listing_name,type,exchange
NVDA,NVIDIA Corporation - Common Stock,Stock,NASDAQ
AAPL,Apple Inc. - Common Stock,Stock,NASDAQ
GOOGL,Alphabet Inc. - Class A Common Stock,Stock,NASDAQ
GOOG,Alphabet Inc. - Class C Capital Stock,Stock,NASDAQ
MSFT,Microsoft Corporation - Common Stock,Stock,NASDAQ
AMZN,"Amazon.com, Inc. - Common Stock",Stock,NASDAQ
TSM,Taiwan Semiconductor Manufacturing Company Ltd.,Stock,NYSE
SPCX,Space Exploration Technologies Corp. - Class A Common Stock,Stock,NASDAQ
META,"Meta Platforms, Inc. - Class A Common Stock",Stock,NASDAQ
AVGO,Broadcom Inc. - Common Stock,Stock,NASDAQ
TSLA,"Tesla, Inc.  - Common Stock",Stock,NASDAQ
SKHY,SK hynix Inc. - American Depositary Shares,Stock,NASDAQ
MU,"Micron Technology, Inc. - Common Stock",Stock,NASDAQ
BRK-A,Berkshire Hathaway Inc. Common Stock,Stock,NYSE
BRK-B,Berkshire Hathaway Inc. New Common Stock,Stock,NYSE
LLY,Eli Lilly and Company Common Stock,Stock,NYSE
AMD,"Advanced Micro Devices, Inc. - Common Stock",Stock,NASDAQ
JPM,JP Morgan Chase & Co. Common Stock,Stock,NYSE
WMT,Walmart Inc. - Common Stock,Stock,NASDAQ
V,Visa Inc.,Stock,NYSE
ASML,ASML Holding N.V. - New York Registry Shares,Stock,NASDAQ
XOM,ExxonMobil Holdings Corporation Common Stock,Stock,NYSE
JNJ,Johnson & Johnson Common Stock,Stock,NYSE
INTC,Intel Corporation - Common Stock,Stock,NASDAQ
MA,Mastercard Incorporated Common Stock,Stock,NYSE
ABBV,AbbVie Inc. Common Stock,Stock,NYSE
PLTR,Palantir Technologies Inc. - Class A Common Stock,Stock,NASDAQ
CSCO,"Cisco Systems, Inc. - Common Stock",Stock,NASDAQ
ORCL,Oracle Corporation Common Stock,Stock,NYSE
COST,Costco Wholesale Corporation - Common Stock,Stock,NASDAQ
CVX,Chevron Corporation Common Stock,Stock,NYSE
BAC,Bank of America Corporation Common Stock,Stock,NYSE
LRCX,Lam Research Corporation - Common Stock,Stock,NASDAQ
AMAT,"Applied Materials, Inc. - Common Stock",Stock,NASDAQ
KO,Coca-Cola Company (The) Common Stock,Stock,NYSE
CAT,"Caterpillar, Inc. Common Stock",Stock,NYSE
MRK,"Merck & Company, Inc. Common Stock (new)",Stock,NYSE
DELL,Dell Technologies Inc. Class C Common Stock ,Stock,NYSE
HSBC,"HSBC Holdings, plc. Common Stock",Stock,NYSE
PG,Procter & Gamble Company (The) Common Stock,Stock,NYSE
GE,GE Aerospace Common Stock,Stock,NYSE
UNH,UnitedHealth Group Incorporated Common Stock (DE),Stock,NYSE
ARM,Arm Holdings plc - American Depositary Shares,Stock,NASDAQ
MS,Morgan Stanley Common Stock,Stock,NYSE
PANW,"Palo Alto Networks, Inc. - Common Stock",Stock,NASDAQ
PM,Philip Morris International Inc Common Stock,Stock,NYSE
NFLX,"Netflix, Inc. - Common Stock",Stock,NASDAQ
HD,"Home Depot, Inc. (The) Common Stock",Stock,NYSE
RY,Royal Bank Of Canada Common Stock,Stock,NYSE
NVS,Novartis AG Common Stock,Stock,NYSE
SHEL,Shell PLC American Depositary Shares (each representing two (2) Ordinary Shares) ,Stock,NYSE
BABA,Alibaba Group Holding Limited American Depositary Shares each representing eight Ordinary share,Stock,NYSE
GS,"Goldman Sachs Group, Inc. (The) Common Stock",Stock,NYSE
MUFG,"Mitsubishi UFJ Financial Group, Inc. Common Stock",Stock,NYSE
ANET,"Arista Networks, Inc. Common Stock",Stock,NYSE
SNDK,Sandisk Corporation - Common Stock When-Issued,Stock,NASDAQ
AZN,AstraZeneca PLC Ordinary Shares,Stock,NYSE
CRWD,"CrowdStrike Holdings, Inc. - Class A Common Stock",Stock,NASDAQ
RTX,RTX Corporation Common Stock,Stock,NYSE
GEV,GE Vernova Inc. Common Stock,Stock,NYSE
TXN,Texas Instruments Incorporated - Common Stock,Stock,NASDAQ
WFC,Wells Fargo & Company Common Stock,Stock,NYSE
TMO,Thermo Fisher Scientific Inc Common Stock,Stock,NYSE
KLAC,KLA Corporation  - Common Stock,Stock,NASDAQ
SAP,SAP  SE ADS,Stock,NYSE
MRVL,"Marvell Technology, Inc. - Common Stock",Stock,NASDAQ
TM,Toyota Motor Corporation Common Stock,Stock,NYSE
C,"Citigroup, Inc. Common Stock",Stock,NYSE
AMGN,Amgen Inc. - Common Stock,Stock,NASDAQ
LIN,Linde plc - Ordinary Shares,Stock,NASDAQ
BHP,BHP Group Limited American Depositary Shares (Each representing two Ordinary Shares),Stock,NYSE
QCOM,QUALCOMM Incorporated - Common Stock,Stock,NASDAQ
IBM,International Business Machines Corporation Common Stock,Stock,NYSE
SAN,"Banco Santander, S.A. Sponsored ADR (Spain)",Stock,NYSE
AXP,American Express Company Common Stock,Stock,NYSE
STX,Seagate Technology Holdings PLC - Ordinary Shares (Ireland),Stock,NASDAQ
APH,Amphenol Corporation Common Stock,Stock,NYSE
TTE,TotalEnergies SE Ordinary Shares,Stock,NYSE
TD,Toronto Dominion Bank (The) Common Stock,Stock,NYSE
VZ,Verizon Communications Inc. Common Stock,Stock,NYSE
CRM,"Salesforce, Inc. Common Stock",Stock,NYSE
ADI,"Analog Devices, Inc. - Common Stock",Stock,NASDAQ
GILD,"Gilead Sciences, Inc. - Common Stock",Stock,NASDAQ
DE,Deere & Company Common Stock,Stock,NYSE
SHOP,Shopify Inc. - Class A Subordinate Voting Shares,Stock,NASDAQ
DIS,Walt Disney Company (The) Common Stock,Stock,NYSE
TMUS,"T-Mobile US, Inc. - Common Stock",Stock,NASDAQ
BLK,"BlackRock, Inc. Common Stock",Stock,NYSE
PEP,"PepsiCo, Inc. - Common Stock",Stock,NASDAQ
ABT,Abbott Laboratories Common Stock,Stock,NYSE
T,AT&T Inc.,Stock,NYSE
SCCO,Southern Copper Corporation Common Stock,Stock,NYSE
NVO,Novo Nordisk A/S Common Stock,Stock,NYSE
SCHW,Charles Schwab Corporation (The) Common Stock,Stock,NYSE
ETN,"Eaton Corporation, PLC Ordinary Shares",Stock,NYSE
SMFG,Sumitomo Mitsui Financial Group Inc Unsponsored American Depositary Shares (Japan),Stock,NYSE
MCD,McDonald's Corporation Common Stock,Stock,NYSE
WELL,Welltower Inc. Common Stock,Stock,NYSE
WDC,Western Digital Corporation - Common Stock,Stock,NASDAQ
PFE,"Pfizer, Inc. Common Stock",Stock,NYSE
UNP,Union Pacific Corporation Common Stock,Stock,NYSE
BBVA,Banco Bilbao Vizcaya Argentaria S.A. Common Stock,Stock,NYSE
NEE,"NextEra Energy, Inc. Common Stock",Stock,NYSE
DHR,Danaher Corporation Common Stock,Stock,NYSE
BA,Boeing Company (The) Common Stock,Stock,NYSE
RIO,Rio Tinto Plc Common Stock,Stock,NYSE
BUD,Anheuser-Busch Inbev SA Sponsored ADR (Belgium),Stock,NYSE
COP,ConocoPhillips Common Stock,Stock,NYSE
UBS,UBS Group AG Registered Ordinary Shares,Stock,NYSE
IBKR,"Interactive Brokers Group, Inc. - Class A Common Stock",Stock,NASDAQ
ISRG,"Intuitive Surgical, Inc. - Common Stock",Stock,NASDAQ
TJX,"TJX Companies, Inc. (The) Common Stock",Stock,NYSE
UBER,"Uber Technologies, Inc. Common Stock",Stock,NYSE
BX,Blackstone Inc. Common Stock,Stock,NYSE
NOW,"ServiceNow, Inc. Common Stock",Stock,NYSE
SONY,Sony Group Corporation American Depositary Shares ,Stock,NYSE
GLW,Corning Incorporated Common Stock,Stock,NYSE
UL,Unilever PLC American Depositary Shares (each representing One Ordinary Share),Stock,NYSE
MFG,"Mizuho Financial Group, Inc. Sponosred ADR (Japan)",Stock,NYSE
VRTX,Vertex Pharmaceuticals Incorporated - Common Stock,Stock,NASDAQ
PBR,Petroleo Brasileiro S.A. Petrobras ADS,Stock,NYSE
PLD,"Prologis, Inc. Common Stock",Stock,NYSE
CB,Chubb Limited  Common Stock,Stock,NYSE
BMY,Bristol-Myers Squibb Company Common Stock,Stock,NYSE
NEM,Newmont Corporation,Stock,NYSE
FTNT,"Fortinet, Inc. - Common Stock",Stock,NASDAQ
NET,"Cloudflare, Inc. Class A Common Stock",Stock,NYSE
PH,Parker-Hannifin Corporation Common Stock,Stock,NYSE
BKNG,Booking Holdings Inc. - Common Stock,Stock,NASDAQ
COF,Capital One Financial Corporation Common Stock,Stock,NYSE
LMT,Lockheed Martin Corporation Common Stock,Stock,NYSE
BMO,Bank Of Montreal Common Stock,Stock,NYSE
BTI,"British American Tobacco  Industries, p.l.c. Common Stock ADR",Stock,NYSE
PGR,Progressive Corporation (The) Common Stock,Stock,NYSE
SPGI,S&P Global Inc. Common Stock,Stock,NYSE
SNOW,Snowflake Inc. Common Stock,Stock,NYSE
HDB,HDFC Bank Limited Common Stock,Stock,NYSE
ASX,"ASE Technology Holding Co., Ltd. American Depositary Shares (each representing Two Common Shares) ",Stock,NYSE
MO,"Altria Group, Inc.",Stock,NYSE
CVS,CVS Health Corporation Common Stock,Stock,NYSE
BP,BP p.l.c. Common Stock,Stock,NYSE
MDT,Medtronic plc. Ordinary Shares,Stock,NYSE
VLO,Valero Energy Corporation Common Stock,Stock,NYSE
MPC,Marathon Petroleum Corporation Common Stock,Stock,NYSE
PDD,PDD Holdings Inc. - American Depositary Shares,Stock,NASDAQ
SBUX,Starbucks Corporation - Common Stock,Stock,NASDAQ
ACN,Accenture plc Class A Ordinary Shares (Ireland),Stock,NYSE
HOOD,"Robinhood Markets, Inc. - Class A Common Stock",Stock,NASDAQ
LOW,"Lowe's Companies, Inc. Common Stock",Stock,NYSE
SPOT,Spotify Technology S.A. Ordinary Shares,Stock,NYSE
ADP,"Automatic Data Processing, Inc. - Common Stock",Stock,NASDAQ
SYK,Stryker Corporation Common Stock,Stock,NYSE
APP,Applovin Corporation - Class A Common Stock,Stock,NASDAQ
ENB,Enbridge Inc Common Stock,Stock,NYSE
ING,"ING Group, N.V. Common Stock",Stock,NYSE
FCX,"Freeport-McMoRan, Inc. Common Stock",Stock,NYSE
CM,Canadian Imperial Bank of Commerce Common Stock,Stock,NYSE
PSX,Phillips 66 Common Stock,Stock,NYSE
BNY,The Bank of New York Mellon Corporation Common Stock,Stock,NYSE
MCK,McKesson Corporation Common Stock,Stock,NYSE
IBN,ICICI Bank Limited Common Stock,Stock,NYSE
EQNR,Equinor ASA,Stock,NYSE
TT,Trane Technologies plc,Stock,NYSE
EQIX,"Equinix, Inc. - Common Stock",Stock,NASDAQ
GSK,GSK plc American Depositary Shares (Each representing two Ordinary Shares),Stock,NYSE
SNY,Sanofi - American Depositary Shares,Stock,NASDAQ
AEM,Agnico Eagle Mines Limited Common Stock,Stock,NYSE
CNQ,Canadian Natural Resources Limited Common Stock,Stock,NYSE
PWR,"Quanta Services, Inc. Common Stock",Stock,NYSE
VRT,"Vertiv Holdings, LLC Class A Common Stock",Stock,NYSE
DDOG,"Datadog, Inc. - Class A Common Stock",Stock,NASDAQ
SO,Southern Company (The) Common Stock,Stock,NYSE
CME,CME Group Inc. - Class A Common Stock,Stock,NASDAQ
HCA,"HCA Healthcare, Inc. Common Stock",Stock,NYSE
ABNB,"Airbnb, Inc. - Class A Common Stock",Stock,NASDAQ
ADBE,Adobe Inc. - Common Stock,Stock,NASDAQ
CEG,Constellation Energy Corporation - Common Stock When-Issued,Stock,NASDAQ
HWM,Howmet Aerospace Inc. Common Stock,Stock,NYSE
USB,U.S. Bancorp Common Stock,Stock,NYSE
MAR,Marriott International - Class A Common Stock,Stock,NASDAQ
GD,General Dynamics Corporation Common Stock,Stock,NYSE
JCI,Johnson Controls International plc Ordinary Share,Stock,NYSE
PNC,"PNC Financial Services Group, Inc. (The) Common Stock",Stock,NYSE
CDNS,"Cadence Design Systems, Inc. - Common Stock",Stock,NASDAQ
KKR,KKR & Co. Inc. Common Stock,Stock,NYSE
MELI,"MercadoLibre, Inc. - Common Stock",Stock,NASDAQ
DUK,Duke Energy Corporation (Holding Company) Common Stock,Stock,NYSE
EMR,Emerson Electric Company Common Stock,Stock,NYSE
MMM,3M Company Common Stock,Stock,NYSE
CSX,CSX Corporation - Common Stock,Stock,NASDAQ
ICE,Intercontinental Exchange Inc. Common Stock,Stock,NYSE
ELV,"Elevance Health, Inc. Common Stock",Stock,NYSE
BE,Bloom Energy Corporation Class A Common Stock,Stock,NYSE
WMB,"Williams Companies, Inc. (The) Common Stock",Stock,NYSE
LITE,Lumentum Holdings Inc. - Common Stock,Stock,NASDAQ
MNST,Monster Beverage Corporation - Common Stock,Stock,NASDAQ
DASH,"DoorDash, Inc. - Common Stock",Stock,NASDAQ
HPE,Hewlett Packard Enterprise Company Common Stock,Stock,NYSE
LYG,Lloyds Banking Group Plc American Depositary Shares,Stock,NYSE
BCS,Barclays PLC Common Stock,Stock,NYSE
WM,"Waste Management, Inc. Common Stock",Stock,NYSE
BN,Brookfield Corporation Class A Limited Voting Shares,Stock,NYSE
MRSH,Marsh Common Stock,Stock,NYSE
SNPS,"Synopsys, Inc. - Common Stock",Stock,NASDAQ
MCO,Moody's Corporation Common Stock,Stock,NYSE
REGN,"Regeneron Pharmaceuticals, Inc. - Common Stock",Stock,NASDAQ
SU,Suncor Energy  Inc. Common Stock,Stock,NYSE
UPS,"United Parcel Service, Inc. Common Stock",Stock,NYSE
SHW,Sherwin-Williams Company (The) Common Stock,Stock,NYSE
CTAS,Cintas Corporation - Common Stock,Stock,NASDAQ
MRNA,"Moderna, Inc. - Common Stock",Stock,NASDAQ
EPD,Enterprise Products Partners L.P. Common Stock,Stock,NYSE
AMT,American Tower Corporation (REIT) Common Stock,Stock,NYSE
E,ENI S.p.A. Common Stock,Stock,NYSE
ECL,Ecolab Inc. Common Stock,Stock,NYSE
ITW,Illinois Tool Works Inc. Common Stock,Stock,NYSE
SPG,"Simon Property Group, Inc. Common Stock",Stock,NYSE
CMCSA,Comcast Corporation - Class A Common Stock,Stock,NASDAQ
WBD,"Warner Bros. Discovery, Inc. - Series A Common Stock",Stock,NASDAQ
MDLZ,"Mondelez International, Inc. - Class A Common Stock",Stock,NASDAQ
SLB,SLB Limited Common Shares,Stock,NYSE
CP,Canadian Pacific Kansas City Limited Common Shares,Stock,NYSE
NGG,"National Grid Transco, PLC National Grid PLC (NEW) American Depositary Shares",Stock,NYSE
ROST,"Ross Stores, Inc. - Common Stock",Stock,NASDAQ
TRV,"The Travelers Companies, Inc. Common Stock",Stock,NYSE
MSI,"Motorola Solutions, Inc. Common Stock",Stock,NYSE
GM,General Motors Company Common Stock,Stock,NYSE
NTES,"NetEase, Inc. - American Depositary Shares, each representing 5 ordinary shares",Stock,NASDAQ
INTU,Intuit Inc. - Common Stock,Stock,NASDAQ
EOG,"EOG Resources, Inc. Common Stock",Stock,NYSE
NWG,"NatWest Group plc American Depositary Shares, (each representing two (2) Ordinary Shares)",Stock,NYSE
CNI,Canadian National Railway Company Common Stock,Stock,NYSE
MFC,Manulife Financial Corporation Common Stock,Stock,NYSE
NOC,Northrop Grumman Corporation Common Stock,Stock,NYSE
CMI,Cummins Inc. Common Stock,Stock,NYSE
RACE,Ferrari N.V. Common Shares,Stock,NYSE
CVNA,Carvana Co. Class A Common Stock,Stock,NYSE
CI,The Cigna Group Common Stock,Stock,NYSE
APO,"Apollo Global Management, Inc. (New) Common Stock",Stock,NYSE
TGT,Target Corporation Common Stock,Stock,NYSE
BAM,Brookfield Asset Management Inc Class A Limited Voting Shares,Stock,NYSE
HLT,Hilton Worldwide Holdings Inc. Common Stock ,Stock,NYSE
B,Barrick Mining Corporation Common Shares,Stock,NYSE
NSC,Norfolk Southern Corporation Common Stock,Stock,NYSE
ORLY,"O'Reilly Automotive, Inc. - Common Stock",Stock,NASDAQ
DB,Deutsche Bank AG Common Stock,Stock,NYSE
CL,Colgate-Palmolive Company Common Stock,Stock,NYSE
KMI,"Kinder Morgan, Inc. Common Stock",Stock,NYSE
FDX,FedEx Corporation Common Stock,Stock,NYSE
DLR,"Digital Realty Trust, Inc. Common Stock",Stock,NYSE
HON,Honeywell International Inc. - Common Stock,Stock,NASDAQ
MPWR,"Monolithic Power Systems, Inc. - Common Stock",Stock,NASDAQ
NU,Nu Holdings Ltd. Class A Ordinary Shares,Stock,NYSE
URI,"United Rentals, Inc. Common Stock",Stock,NYSE
RSG,"Republic Services, Inc. Common Stock",Stock,NYSE
RCL,Royal Caribbean Cruises Ltd. Common Stock,Stock,NYSE
WPM,Wheaton Precious Metals Corp Common Shares (Canada),Stock,NYSE
NBIS,Nebius Group N.V. - Class A Ordinary Shares,Stock,NASDAQ
AEP,"American Electric Power Company, Inc. - Common Stock",Stock,NASDAQ
BSX,Boston Scientific Corporation Common Stock,Stock,NYSE
TEL,TE Connectivity plc Ordinary Shares,Stock,NYSE
ALAB,"Astera Labs, Inc. - Common Stock",Stock,NASDAQ
MSTR,Strategy Inc - Class A Common Stock,Stock,NASDAQ
APD,"Air Products and Chemicals, Inc. Common Stock",Stock,NYSE
TER,"Teradyne, Inc. - Common Stock",Stock,NASDAQ
MET,"MetLife, Inc. Common Stock",Stock,NYSE
TDG,Transdigm Group Incorporated Common Stock,Stock,NYSE
KEYS,Keysight Technologies Inc. Common Stock,Stock,NYSE
TRP,TC Energy Corporation Common Stock,Stock,NYSE
SE,"Sea Limited American Depositary Shares, each representing one Class A Ordinary Share",Stock,NYSE
UMC,United Microelectronics Corporation (NEW) Common Stock,Stock,NYSE
TAK,Takeda Pharmaceutical Company Limited American Depositary Shares (each representing 1/2 of a share of Common Stock),Stock,NYSE
NXPI,NXP Semiconductors N.V. - Common Stock,Stock,NASDAQ
ARGX,argenx SE - American Depositary Shares,Stock,NASDAQ
TRGP,"Targa Resources, Inc. Common Stock",Stock,NYSE
NTRA,"Natera, Inc. - Common Stock",Stock,NASDAQ
AJG,Arthur J. Gallagher & Co. Common Stock,Stock,NYSE
AON,Aon plc Class A Ordinary Shares (Ireland),Stock,NYSE
PCAR,PACCAR Inc. - Common Stock,Stock,NASDAQ
COR,"Cencora, Inc. Common Stock",Stock,NYSE
GWW,"W.W. Grainger, Inc. Common Stock",Stock,NYSE
FIX,"Comfort Systems USA, Inc. Common Stock",Stock,NYSE
RELX,RELX PLC PLC American Depositary Shares (Each representing One Ordinary Share),Stock,NYSE
TFC,Truist Financial Corporation Common Stock,Stock,NYSE
NOK,Nokia Corporation Sponsored American Depositary Shares,Stock,NYSE
COHR,Coherent Corp. Common Stock,Stock,NYSE
VALE,VALE S.A.  American Depositary Shares Each Representing one common share,Stock,NYSE
FAST,Fastenal Company - Common Stock,Stock,NASDAQ
ALL,Allstate Corporation (The) Common Stock,Stock,NYSE
AME,"AMETEK, Inc.",Stock,NYSE
BKR,Baker Hughes Company - Common Stock,Stock,NASDAQ
CVE,Cenovus Energy Inc Common Stock,Stock,NYSE
AFL,AFLAC Incorporated Common Stock,Stock,NYSE
OXY,Occidental Petroleum Corporation Common Stock,Stock,NYSE
GRMN,Garmin Ltd. Common Stock (Switzerland),Stock,NYSE
CRH,CRH PLC Ordinary Shares,Stock,NYSE
NUE,Nucor Corporation Common Stock,Stock,NYSE
OKE,"ONEOK, Inc. Common Stock",Stock,NYSE
DAL,"Delta Air Lines, Inc. Common Stock",Stock,NYSE
LNG,"Cheniere Energy, Inc. Common Stock",Stock,NYSE
PSA,Public Storage Common Stock,Stock,NYSE
D,"Dominion Energy, Inc. Common Stock",Stock,NYSE
MT,Arcelor Mittal NY Registry Shares NEW,Stock,NYSE
NKE,"Nike, Inc. Common Stock",Stock,NYSE
O,Realty Income Corporation Common Stock,Stock,NYSE
CTVA,"Corteva, Inc. Common Stock ",Stock,NYSE
NDAQ,"Nasdaq, Inc. - Common Stock",Stock,NASDAQ
FANG,"Diamondback Energy, Inc. - Common Stock",Stock,NASDAQ
DVN,Devon Energy Corporation Common Stock,Stock,NYSE
COIN,"Coinbase Global, Inc. - Class A Common Stock",Stock,NASDAQ
CAH,"Cardinal Health, Inc. Common Stock",Stock,NYSE
SRE,DBA Sempra Common Stock,Stock,NYSE
F,Ford Motor Company Common Stock,Stock,NYSE
CIEN,Ciena Corporation Common Stock,Stock,NYSE
HONA,Honeywell Aerospace Inc. - Common Stock,Stock,NASDAQ
AU,AngloGold Ashanti PLC Ordinary Shares,Stock,NYSE
BDX,"Becton, Dickinson and Company Common Stock",Stock,NYSE
STT,State Street Corporation Common Stock,Stock,NYSE
EW,Edwards Lifesciences Corporation Common Stock,Stock,NYSE
FNV,Franco-Nevada Corporation,Stock,NYSE
CBRS,Cerebras Systems Inc. - Class A Common Stock,Stock,NASDAQ
A,"Agilent Technologies, Inc. Common Stock",Stock,NYSE
DEO,Diageo plc Common Stock,Stock,NYSE
WAB,Westinghouse Air Brake Technologies Corporation Common Stock,Stock,NYSE
ROK,"Rockwell Automation, Inc. Common Stock",Stock,NYSE
CRWV,"CoreWeave, Inc. - Class A Common Stock",Stock,NASDAQ
EBAY,eBay Inc. - Common Stock,Stock,NASDAQ
HUM,Humana Inc. Common Stock,Stock,NYSE
VMRK,Vivmark Residential Common Shares of Beneficial Interest,Stock,NYSE
TEAM,Atlassian Corporation  - Class A Common Stock,Stock,NASDAQ
RKLB,Rocket Lab Corporation - Common Stock,Stock,NASDAQ
FITB,Fifth Third Bancorp Common Stock,Stock,NYSE
ETR,Entergy Corporation Common Stock,Stock,NYSE
PYPL,"PayPal Holdings, Inc. - Common Stock",Stock,NASDAQ
MDLN,Medline Inc. - Class A common stock,Stock,NASDAQ
VST,Vistra Corp. Common Stock,Stock,NYSE
CARR,Carrier Global Corporation Common Stock ,Stock,NYSE
AZO,"AutoZone, Inc. Common Stock",Stock,NYSE
STM,STMicroelectronics N.V. Common Stock,Stock,NYSE
CLS,"Celestica, Inc. Common Stock",Stock,NYSE
XYZ,"Block, Inc. Class A Common Stock,",Stock,NYSE
TEVA,Teva Pharmaceutical Industries Limited Ordinary Shares,Stock,NYSE
WDAY,"Workday, Inc. - Class A Common Stock",Stock,NASDAQ
VEEV,Veeva Systems Inc. Class A Common Stock,Stock,NYSE
ABEV,Ambev S.A. American Depositary Shares (Each representing 1 Common Share),Stock,NYSE
CCEP,Coca-Cola Europacific Partners plc - Ordinary Shares,Stock,NASDAQ
KB,KB Financial Group Inc,Stock,NYSE
IQV,"IQVIA Holdings, Inc. Common Stock",Stock,NYSE
SLF,Sun Life Financial Inc. Common Stock,Stock,NYSE
VTR,"Ventas, Inc. Common Stock",Stock,NYSE
LHX,"L3Harris Technologies, Inc. Common Stock",Stock,NYSE
RVMD,"Revolution Medicines, Inc. - Common Stock",Stock,NASDAQ
ADSK,"Autodesk, Inc. - Common Stock",Stock,NASDAQ
XEL,Xcel Energy Inc. - Common Stock,Stock,NASDAQ
AMP,"Ameriprise Financial, Inc. Common Stock",Stock,NYSE
KDP,Keurig Dr Pepper Inc. - Common Stock,Stock,NASDAQ
HEI,Heico Corporation Common Stock,Stock,NYSE
FERG,Ferguson Enterprises Inc. Common Stock,Stock,NYSE
TRI,Thomson Reuters Corp - Common Shares,Stock,NASDAQ
HMC,"Honda Motor Company, Ltd. Common Stock",Stock,NYSE
MCHP,Microchip Technology Incorporated - Common Stock,Stock,NASDAQ
WAT,Waters Corporation Common Stock,Stock,NYSE
INFY,Infosys Limited American Depositary Shares,Stock,NYSE
FLEX,Flex Ltd. - Ordinary Shares,Stock,NASDAQ
TWLO,Twilio Inc. Class A Common Stock,Stock,NYSE
P,"Everpure, Inc. Class A common stock",Stock,NYSE
EXC,Exelon Corporation - Common Stock,Stock,NASDAQ
PRU,"Prudential Financial, Inc. Common Stock",Stock,NYSE
IDXX,"IDEXX Laboratories, Inc. - Common Stock",Stock,NASDAQ
ONC,BeOne Medicines Ltd. - American Depositary Shares,Stock,NASDAQ
ILMN,"Illumina, Inc. - Common Stock",Stock,NASDAQ
IX,ORIX Corporation American Depositary Shares,Stock,NYSE
FMX,Fomento Economico Mexicano S.A.B. de C.V. Common Stock,Stock,NYSE
HLN,Haleon plc American Depositary Shares (Each representing two Ordinary Shares),Stock,NYSE
ARES,Ares Management Corporation Class A Common Stock,Stock,NYSE
FER,Ferrovial N.V. - Ordinary Shares,Stock,NASDAQ
MSCI,MSCI Inc. Common Stock,Stock,NYSE
LYV,"Live Nation Entertainment, Inc. Common Stock",Stock,NYSE
CRDO,Credo Technology Group Holding Ltd - Ordinary Shares,Stock,NASDAQ
CMG,"Chipotle Mexican Grill, Inc. Common Stock",Stock,NYSE
DHI,"D.R. Horton, Inc. Common Stock",Stock,NYSE
NTAP,"NetApp, Inc. - Common Stock",Stock,NASDAQ
WCN,"Waste Connections, Inc. Common Shares",Stock,NYSE
ADM,Archer-Daniels-Midland Company Common Stock,Stock,NYSE
CBRE,CBRE Group Inc Common Stock Class A,Stock,NYSE
AIG,"American International Group, Inc. New Common Stock",Stock,NYSE
VOD,Vodafone Group Plc - American Depositary Shares each representing ten Ordinary Shares,Stock,NASDAQ
CCJ,Cameco Corporation Common Stock,Stock,NYSE
ED,"Consolidated Edison, Inc. Common Stock",Stock,NYSE
SHG,Shinhan Financial Group Co Ltd American Depositary Shares,Stock,NYSE
YUM,"Yum! Brands, Inc.",Stock,NYSE
TTWO,"Take-Two Interactive Software, Inc. - Common Stock",Stock,NASDAQ
SYY,Sysco Corporation Common Stock,Stock,NYSE
PCG,Pacific Gas & Electric Co. Common Stock,Stock,NYSE
UAL,"United Airlines Holdings, Inc. - Common Stock",Stock,NASDAQ
BBD,Banco Bradesco Sa American Depositary Shares,Stock,NYSE
PAYX,"Paychex, Inc. - Common Stock",Stock,NASDAQ
ODFL,"Old Dominion Freight Line, Inc. - Common Stock",Stock,NASDAQ
GFI,Gold Fields Limited American Depositary Shares,Stock,NYSE
VIK,Viking Holdings Ltd Ordinary Shares,Stock,NYSE
JD,"JD.com, Inc. - American Depositary Shares",Stock,NASDAQ
CHT,"Chunghwa Telecom Co., Ltd.",Stock,NYSE
ROP,"Roper Technologies, Inc. - Common Stock",Stock,NASDAQ
AXON,"Axon Enterprise, Inc. - Common Stock",Stock,NASDAQ
KR,Kroger Company (The) Common Stock,Stock,NYSE
TKO,"TKO Group Holdings, Inc. Class A Common Stock",Stock,NYSE
NTR,Nutrien Ltd. Common Shares,Stock,NYSE
RKT,"Rocket Companies, Inc. Class A Common Stock",Stock,NYSE
ESLT,Elbit Systems Ltd. - Ordinary Shares,Stock,NASDAQ
MLM,"Martin Marietta Materials, Inc. Common Stock",Stock,NYSE
ALNY,"Alnylam Pharmaceuticals, Inc. - Common Stock",Stock,NASDAQ
KVUE,Kenvue Inc. Common Stock,Stock,NYSE
EL,"Estee Lauder Companies, Inc. (The) Common Stock",Stock,NYSE
OKTA,"Okta, Inc. - Class A Common Stock",Stock,NASDAQ
EC,Ecopetrol S.A. American Depositary Shares,Stock,NYSE
UI,Ubiquiti Inc. Common Stock,Stock,NYSE
HIG,"The Hartford Insurance Group, Inc. Common Stock",Stock,NYSE
RPRX,Royalty Pharma plc - Class A Ordinary Shares,Stock,NASDAQ
BIIB,Biogen Inc. - Common Stock,Stock,NASDAQ
EME,"EMCOR Group, Inc. Common Stock",Stock,NYSE
STLD,"Steel Dynamics, Inc. - Common Stock",Stock,NASDAQ
HSY,The Hershey Company Common Stock,Stock,NYSE
PEG,Public Service Enterprise Group Incorporated Common Stock,Stock,NYSE
JBL,Jabil Inc. Common Stock,Stock,NYSE
RBLX,Roblox Corporation Class A Common Stock,Stock,NYSE
IRM,Iron Mountain Incorporated (Delaware)Common Stock REIT,Stock,NYSE
WEC,"WEC Energy Group, Inc. Common Stock",Stock,NYSE
MDB,"MongoDB, Inc. - Class A Common Stock",Stock,NASDAQ
BBDO,Banco Bradesco Sa American Depositary Shares (each representing one Common Share),Stock,NYSE
QSR,Restaurant Brands International Inc. Common Shares,Stock,NYSE
KMB,Kimberly-Clark Corporation - Common Stock,Stock,NASDAQ
DXCM,"DexCom, Inc. - Common Stock",Stock,NASDAQ
HEI-A,Heico Corporation Common Stock,Stock,NYSE
TECK,Teck Resources Ltd Ordinary Shares,Stock,NYSE
ACGL,Arch Capital Group Ltd. - Common Stock,Stock,NASDAQ
NTRS,Northern Trust Corporation - Common Stock,Stock,NASDAQ
RMD,ResMed Inc. Common Stock,Stock,NYSE
MTB,M&T Bank Corporation Common Stock,Stock,NYSE
EQT,EQT Corporation Common Stock,Stock,NYSE
VMC,Vulcan Materials Company (Holding Company) Common Stock,Stock,NYSE
EXPE,"Expedia Group, Inc. - Common Stock",Stock,NASDAQ
HBAN,Huntington Bancshares Incorporated - Common Stock,Stock,NASDAQ
VG,"Venture Global, Inc. Class A common stock",Stock,NYSE
ZS,"Zscaler, Inc. - Common Stock",Stock,NASDAQ
ALC,Alcon Inc. Ordinary Shares,Stock,NYSE
PUK,Prudential Public Limited Company Common Stock,Stock,NYSE
ERIC,Ericsson - American Depositary Shares each representing 1 underlying Class B share,Stock,NASDAQ
SUNB,"Sunbelt Rentals Holdings, Inc. Common Stock",Stock,NYSE
RJF,"Raymond James Financial, Inc. Common Stock",Stock,NYSE
BAP,Credicorp Ltd. Common Stock,Stock,NYSE
CNC,Centene Corporation Common Stock,Stock,NYSE
CCL,Carnival Corporation Ltd. Common Shares,Stock,NYSE
MTD,"Mettler-Toledo International, Inc. Common Stock",Stock,NYSE
GEHC,GE HealthCare Technologies Inc. - Common Stock,Stock,NASDAQ
ON,ON Semiconductor Corporation - Common Stock,Stock,NASDAQ
BIDU,"Baidu, Inc. - American Depositary Shares, each representing 8 ordinary share",Stock,NASDAQ
KGC,Kinross Gold Corporation Common Stock,Stock,NYSE
CCI,Crown Castle Inc. Common Stock,Stock,NYSE
IR,Ingersoll Rand Inc. Common Stock,Stock,NYSE
EXR,Extra Space Storage Inc Common Stock,Stock,NYSE
NMR,Nomura Holdings Inc ADR American Depositary Shares,Stock,NYSE
ZTS,Zoetis Inc. Class A Common Stock,Stock,NYSE
RDDT,"Reddit, Inc. Class A Common Stock",Stock,NYSE
RYAAY,"Ryanair Holdings plc - American Depositary Shares, each representing five Ordinary Shares",Stock,NASDAQ
TDY,Teledyne Technologies Incorporated Common Stock,Stock,NYSE
SMCI,"Super Micro Computer, Inc. - Common Stock",Stock,NASDAQ
HPQ,HP Inc. Common Stock,Stock,NYSE
KHC,The Kraft Heinz Company Common Stock,Stock,NYSE
TS,Tenaris S.A. American Depositary Shares,Stock,NYSE
FTI,TechnipFMC plc Ordinary Share,Stock,NYSE
CFG,"Citizens Financial Group, Inc. Common Stock",Stock,NYSE
DG,Dollar General Corporation Common Stock,Stock,NYSE
AEE,Ameren Corporation Common Stock,Stock,NYSE
GFS,GlobalFoundries Inc. - Ordinary Share,Stock,NASDAQ
WSM,"Williams-Sonoma, Inc. Common Stock (DE)",Stock,NYSE
WTW,Willis Towers Watson Public Limited Company - Ordinary Shares,Stock,NASDAQ
HAL,Halliburton Company Common Stock,Stock,NYSE
FTS,Fortis Inc. Common Shares,Stock,NYSE
CBOE,"Cboe Global Markets, Inc. Common Stock",Stock,Cboe BZX
NVT,nVent Electric plc Ordinary Shares ,Stock,NYSE
FOXA,Fox Corporation - Class A Common Stock,Stock,NASDAQ
ATO,Atmos Energy Corporation Common Stock,Stock,NYSE
SYM,Symbotic Inc. - Class A Common Stock,Stock,NASDAQ
ECHO,EchoStar Corporation - Common stock,Stock,NASDAQ
ZM,"Zoom Communications, Inc. - Class A Common Stock",Stock,NASDAQ
CPAY,"Corpay, Inc. Common Stock",Stock,NYSE
Q,"Qnity Electronics, Inc. Common Stock",Stock,NYSE
DGX,Quest Diagnostics Incorporated Common Stock,Stock,NYSE
WST,"West Pharmaceutical Services, Inc. Common Stock",Stock,NYSE
TSEM,Tower Semiconductor Ltd. - Ordinary Shares,Stock,NASDAQ
AWK,"American Water Works Company, Inc. Common Stock",Stock,NYSE
PBA,Pembina Pipeline Corp. Ordinary Shares (Canada),Stock,NYSE
VRSN,"VeriSign, Inc. - Common Stock",Stock,NASDAQ
VICI,VICI Properties Inc. Common Stock,Stock,NYSE
ROIV,Roivant Sciences Ltd. - Common Shares,Stock,NASDAQ
DOV,Dover Corporation Common Stock,Stock,NYSE
CTSH,Cognizant Technology Solutions Corporation - Class A Common Stock,Stock,NASDAQ
INSM,Insmed Incorporated - Common Stock,Stock,NASDAQ
CPRT,"Copart, Inc. - Common Stock",Stock,NASDAQ
DTE,DTE Energy Company Common Stock,Stock,NYSE
ATI,ATI Inc. Common Stock,Stock,NYSE
LVS,Las Vegas Sands Corp. Common Stock,Stock,NYSE
SN,"SharkNinja, Inc. Ordinary Shares",Stock,NYSE
INCY,Incyte Corporation - Common Stock,Stock,NASDAQ
LH,Labcorp Holdings Inc. Common Stock,Stock,NYSE
OTIS,Otis Worldwide Corporation Common Stock ,Stock,NYSE
FFIV,"F5, Inc. - Common Stock",Stock,NASDAQ
FE,FirstEnergy Corp. Common Stock,Stock,NYSE
CPNG,"Coupang, Inc. Class A Common Stock",Stock,NYSE
CINF,Cincinnati Financial Corporation - Common Stock,Stock,NASDAQ
TCOM,Trip.com Group Limited - American Depositary Shares,Stock,NASDAQ
WRB,W.R. Berkley Corporation Common Stock,Stock,NYSE
LPLA,LPL Financial Holdings Inc. - Common Stock,Stock,NASDAQ
BNTX,BioNTech SE - American Depositary Shares,Stock,NASDAQ
FISV,"Fiserv, Inc. - Common Stock",Stock,NASDAQ
HUBB,Hubbell Inc Common Stock,Stock,NYSE
PFG,Principal Financial Group Inc - Common Stock,Stock,NASDAQ
PHG,Koninklijke Philips N.V. NY Registry Shares,Stock,NYSE
EXPD,"Expeditors International of Washington, Inc. Common Stock",Stock,NYSE
SW,Smurfit WestRock plc Ordinary Shares,Stock,NYSE
CNP,"CenterPoint Energy, Inc (Holding Co) Common Stock",Stock,NYSE
CRCL,"Circle Internet Group, Inc. Class A Common Stock",Stock,NYSE
AFRM,"Affirm Holdings, Inc. - Class A Common Stock",Stock,NASDAQ
PPL,PPL Corporation Common Stock,Stock,NYSE
ASTS,"AST SpaceMobile, Inc. - Class A Common Stock",Stock,NASDAQ
ES,Eversource Energy (D/B/A) Common Stock,Stock,NYSE
XYL,Xylem Inc. Common Stock New,Stock,NYSE
PPG,"PPG Industries, Inc. Common Stock",Stock,NYSE
FOX,Fox Corporation - Class B Common Stock,Stock,NASDAQ
GH,"Guardant Health, Inc. - Common Stock",Stock,NASDAQ
SYF,Synchrony Financial Common Stock,Stock,NYSE
FWONK,Liberty Media Corporation - Series C Common Stock,Stock,NASDAQ
VLTO,Veralto Corp Common Stock ,Stock,NYSE
FCNCA,"First Citizens BancShares, Inc. - Class A Common Stock",Stock,NASDAQ
RF,Regions Financial Corporation Common Stock,Stock,NYSE
TPL,Texas Pacific Land Corporation Common Stock,Stock,NYSE
AER,AerCap Holdings N.V. Ordinary Shares,Stock,NYSE
ULTA,"Ulta Beauty, Inc. - Common Stock",Stock,NASDAQ
ENTG,"Entegris, Inc. - Common Stock",Stock,NASDAQ
IHG,Intercontinental Hotels Group American Depositary Shares (Each representing one Ordinary Share),Stock,NYSE
GPN,Global Payments Inc. Common Stock,Stock,NYSE
CHD,"Church & Dwight Company, Inc. Common Stock",Stock,NYSE
PHM,"PulteGroup, Inc. Common Stock",Stock,NYSE
TPR,"Tapestry, Inc. Common Stock",Stock,NYSE
DRI,"Darden Restaurants, Inc. Common Stock",Stock,NYSE
ROKU,"Roku, Inc. - Class A Common Stock",Stock,NASDAQ
RBRK,"Rubrik, Inc. Class A Common Stock",Stock,NYSE
TROW,"T. Rowe Price Group, Inc. - Common Stock",Stock,NASDAQ
PS,Pershing Square Inc. Common Stock,Stock,NYSE
RIVN,"Rivian Automotive, Inc. - Class A Common Stock",Stock,NASDAQ
IOT,Samsara Inc. Class A Common Stock,Stock,NYSE
CASY,"Caseys General Stores, Inc. - Common Stock",Stock,NASDAQ
VRSK,"Verisk Analytics, Inc. - Common Stock",Stock,NASDAQ
KEY,KeyCorp Common Stock,Stock,NYSE
IFF,"International Flavors & Fragrances, Inc. Common Stock",Stock,NYSE
TW,Tradeweb Markets Inc. - Class A Common Stock,Stock,NASDAQ
MTSI,"MACOM Technology Solutions Holdings, Inc. - Common Stock",Stock,NASDAQ
GMAB,Genmab A/S - American Depositary Shares,Stock,NASDAQ
FWONA,Liberty Media Corporation - Series A Common Stock,Stock,NASDAQ
ARXS,"Arxis, Inc. - Class A Common Stock",Stock,NASDAQ
L,Loews Corporation Common Stock,Stock,NYSE
SOFI,"SoFi Technologies, Inc.  - Common Stock",Stock,NASDAQ
MKL,Markel Group Inc. Common Stock,Stock,NYSE
DLTR,"Dollar Tree, Inc. - Common Stock",Stock,NASDAQ
RGLD,"Royal Gold, Inc. - Common Stock",Stock,NASDAQ
RL,Ralph Lauren Corporation Common Stock,Stock,NYSE
BCH,Banco De Chile ADS,Stock,NYSE
JBHT,"J.B. Hunt Transport Services, Inc. - Common Stock",Stock,NASDAQ
PKG,Packaging Corporation of America Common Stock,Stock,NYSE
BSP,Bending Spoons S.p.A. - Ordinary Shares,Stock,NASDAQ
NRG,"NRG Energy, Inc. Common Stock",Stock,NYSE
CNH,CNH Industrial N.V. Common Shares,Stock,NYSE
BG,Bunge Limited Common Shares,Stock,NYSE
THC,Tenet Healthcare Corporation Common Stock,Stock,NYSE
AMRZ,Amrize Ltd Ordinary Shares,Stock,NYSE
OMC,Omnicom Group Inc. Common Stock,Stock,NYSE
LUV,Southwest Airlines Company Common Stock,Stock,NYSE
SNX,TD SYNNEX Corporation Common Stock,Stock,NYSE
VTRS,Viatris Inc. - Common Stock,Stock,NASDAQ
HSAI,Hesai Group - American Depositary Share,Stock,NASDAQ
YPF,YPF Sociedad Anonima American Depositary Shares,Stock,NYSE
UTHR,United Therapeutics Corporation - Common Stock,Stock,NASDAQ
STE,STERIS plc (Ireland) Ordinary Shares,Stock,NYSE
BRO,"Brown & Brown, Inc. Common Stock",Stock,NYSE
XPO,"XPO, Inc. Common Stock",Stock,NYSE
EIX,Edison International Common Stock,Stock,NYSE
DOW,Dow Inc. Common Stock ,Stock,NYSE
USFD,US Foods Holding Corp. Common Stock,Stock,NYSE
EXE,Expand Energy Corporation - Common Stock,Stock,NASDAQ
CW,Curtiss-Wright Corporation Common Stock,Stock,NYSE
PAAS,Pan American Silver Corp. Common Stock,Stock,NYSE
SITM,SiTime Corporation - Common Stock,Stock,NASDAQ
LEN,Lennar Corporation Class A Common Stock,Stock,NYSE
RS,"Reliance, Inc. Common Stock",Stock,NYSE
CDE,"Coeur Mining, Inc. Common Stock",Stock,NYSE
CMS,CMS Energy Corporation Common Stock,Stock,NYSE
CRS,Carpenter Technology Corporation Common Stock,Stock,NYSE
AMCR,Amcor plc Ordinary Shares,Stock,NYSE
BCE,"BCE, Inc. Common Stock",Stock,NYSE
WWD,"Woodward, Inc. - Common Stock",Stock,NASDAQ
STZ,"Constellation Brands, Inc. Common Stock",Stock,NYSE
LEN-B,Lennar Corporation Class B,Stock,NYSE
SQM,Sociedad Quimica y Minera S.A. Common Stock,Stock,NYSE
FSLR,"First Solar, Inc. - Common Stock",Stock,NASDAQ
SNA,Snap-On Incorporated Common Stock,Stock,NYSE
DINO,HF Sinclair Corporation Common Stock,Stock,NYSE
BBY,"Best Buy Co., Inc. Common Stock",Stock,NYSE
WF,Woori Financial Group Inc. American Depositary Shares (each representing three (3) shares of Common Stock),Stock,NYSE
NI,NiSource Inc Common Stock,Stock,NYSE
LYB,LyondellBasell Industries NV Ordinary Shares Class A (Netherlands),Stock,NYSE
ESS,"Essex Property Trust, Inc. Common Stock",Stock,NYSE
BR,"Broadridge Financial Solutions, Inc. Common Stock",Stock,NYSE
FICO,Fair Isaac Corporation Common Stock,Stock,NYSE
IP,International Paper Company Common Stock,Stock,NYSE
VIV,Telefonica Brasil S.A. American Depositary Shares (Each representing One Common Share),Stock,NYSE
SSNC,"SS&C Technologies Holdings, Inc. - Common Stock",Stock,NASDAQ
IONQ,"IonQ, Inc. Common Stock",Stock,NYSE
NTNX,"Nutanix, Inc. - Class A Common Stock",Stock,NASDAQ
U,Unity Software Inc. Common Stock,Stock,NYSE
FIS,"Fidelity National Information Services, Inc. Common Stock",Stock,NYSE
SBS,Companhia de saneamento Basico Do Estado De Sao Paulo - Sabesp American Depositary Shares (Each repstg 250 Common Shares),Stock,NYSE
LSCC,Lattice Semiconductor Corporation - Common Stock,Stock,NASDAQ
KSPI,Joint Stock Company Kaspi.kz - American Depository Shares,Stock,NASDAQ
NDSN,Nordson Corporation - Common Stock,Stock,NASDAQ
EVRG,"Evergy, Inc. - Common Stock",Stock,NASDAQ
GIS,"General Mills, Inc. Common Stock",Stock,NYSE
FTAI,FTAI Aviation Ltd. - Common Stock,Stock,NASDAQ
BEKE,KE Holdings Inc American Depositary Shares (each representing three Class A Ordinary Shares),Stock,NYSE
TSN,"Tyson Foods, Inc. Common Stock",Stock,NYSE
WCC,"WESCO International, Inc. Common Stock",Stock,NYSE
PR,Permian Resources Corporation Class A Common Stock,Stock,NYSE
GPC,Genuine Parts Company Common Stock,Stock,NYSE
DD,"DuPont de Nemours, Inc. Common Stock",Stock,NYSE
TOST,"Toast, Inc. Class A Common Stock",Stock,NYSE
MKSI,MKS Inc. - Common Stock,Stock,NASDAQ
SBAC,SBA Communications Corporation - Class A Common Stock,Stock,NASDAQ
ONTO,Onto Innovation Inc. Common Stock,Stock,NYSE
ZBRA,Zebra Technologies Corporation - Class A Common Stock,Stock,NASDAQ
EWBC,"East West Bancorp, Inc. - Common Stock",Stock,NASDAQ
EFX,"Equifax, Inc. Common Stock",Stock,NYSE
MGA,"Magna International, Inc. Common Stock",Stock,NYSE
IREN,IREN Limited - Ordinary Shares,Stock,NASDAQ
ZBH,"Zimmer Biomet Holdings, Inc. Common Stock",Stock,NYSE
CF,"CF Industries Holdings, Inc. Common Stock",Stock,NYSE
TPG,TPG Inc. - Class A Common Stock,Stock,NASDAQ
STLA,Stellantis N.V. Common Shares,Stock,NYSE
MEDP,"Medpace Holdings, Inc. - Common Stock",Stock,NASDAQ
RCI,"Rogers Communication, Inc. Common Stock",Stock,NYSE
PKX,POSCO HOLDINGS INC. American Depositary Shares (Each representing 1/4th of a share of Common Stock),Stock,NYSE
CHRW,"C.H. Robinson Worldwide, Inc. - Common Stock",Stock,NASDAQ
NWS,News Corporation - Class B Common Stock,Stock,NASDAQ
MTZ,"MasTec, Inc. Common Stock",Stock,NYSE
SMTC,Semtech Corporation - Common Stock,Stock,NASDAQ
IEX,IDEX Corporation Common Stock,Stock,NYSE
FTV,Fortive Corporation Common Stock ,Stock,NYSE
CDW,CDW Corporation - Common Stock,Stock,NASDAQ
FDXF,"FedEx Freight Holding Company, Inc. Common Stock",Stock,NYSE
NVR,"NVR, Inc. Common Stock",Stock,NYSE
RVTY,"Revvity, Inc. Common Stock",Stock,NYSE
DT,"Dynatrace, Inc. Common Stock",Stock,NYSE
TSCO,Tractor Supply Company - Common Stock,Stock,NASDAQ
BEN,"Franklin Templeton, Inc. Common Stock",Stock,NYSE
OVV,Ovintiv Inc. (DE),Stock,NYSE
BMNR,"BitMine Immersion Technologies, Inc. Common Stock",Stock,NYSE
APG,APi Group Corporation Common Stock,Stock,NYSE
CLH,"Clean Harbors, Inc. Common Stock",Stock,NYSE
LNT,Alliant Energy Corporation - Common Stock,Stock,NASDAQ
DOCN,"DigitalOcean Holdings, Inc. Common Stock",Stock,NYSE
RML,Resolution Minerals Ltd - American Depositary Shares,Stock,NASDAQ
AKAM,"Akamai Technologies, Inc. - Common Stock",Stock,NASDAQ
WIT,Wipro Limited Common Stock,Stock,NYSE
RGA,"Reinsurance Group of America, Incorporated Common Stock",Stock,NYSE
J,Jacobs Solutions Inc. Common Stock,Stock,NYSE
BSAC,Banco Santander - Chile ADS,Stock,NYSE
AS,"Amer Sports, Inc. Ordinary Shares",Stock,NYSE
RBC,RBC Bearings Incorporated Common Stock,Stock,NYSE
BURL,"Burlington Stores, Inc. Common Stock",Stock,NYSE
INVH,Invitation Homes Inc. Common Stock,Stock,NYSE
FUTU,Futu Holdings Limited - American Depositary Shares,Stock,NASDAQ
STRL,"Sterling Infrastructure, Inc. - Common Stock",Stock,NASDAQ
HST,"Host Hotels & Resorts, Inc. - Common Stock",Stock,NASDAQ
CRBG,Corebridge Financial Inc. Common Stock,Stock,NYSE
TIGO,Millicom International Cellular S.A. - Common Stock,Stock,NASDAQ
NLY,Annaly Capital Management Inc. Common Stock,Stock,NYSE
LDOS,"Leidos Holdings, Inc. Common Stock",Stock,NYSE
JAZZ,Jazz Pharmaceuticals plc - Ordinary Shares,Stock,NASDAQ
NWSA,News Corporation - Class A Common Stock,Stock,NASDAQ
TEM,"Tempus AI, Inc. - Class A Common Stock",Stock,NASDAQ
RBA,"RB Global, Inc. Common Stock",Stock,NYSE
GFL,"GFL Environmental Inc. Subordinate voting shares, no par value",Stock,NYSE
SOLV,Solventum Corporation Common Stock,Stock,NYSE
JHX,James Hardie Industries plc. Ordinary Shares,Stock,NYSE
WPC,W. P. Carey Inc. REIT,Stock,NYSE
KIM,Kimco Realty Corporation (HC) Common Stock,Stock,NYSE
BALL,Ball Corporation Common Stock,Stock,NYSE
PTC,PTC Inc. - Common Stock,Stock,NASDAQ
APA,APA Corporation - Common Stock,Stock,NASDAQ
FN,Fabrinet Ordinary Shares,Stock,NYSE
H,Hyatt Hotels Corporation Class A Common Stock,Stock,NYSE
ASND,Ascendis Pharma A/S - Ordinary Share,Stock,NASDAQ
JLL,Jones Lang LaSalle Incorporated Common Stock,Stock,NYSE
LECO,"Lincoln Electric Holdings, Inc. - Common Shares",Stock,NASDAQ
OHI,"Omega Healthcare Investors, Inc. Common Stock",Stock,NYSE
VNOM,"Viper Energy, Inc.  - Class A Common Stock",Stock,NASDAQ
EQH,"Equitable Holdings, Inc. Common Stock",Stock,NYSE
CHTR,"Charter Communications, Inc. - Class A Common Stock",Stock,NASDAQ
EMA,Emera Incorporated Common Shares,Stock,NYSE
ZTO,"ZTO Express (Cayman) Inc. American Depositary Shares, each representing one Class A ordinary share.",Stock,NYSE
LAMR,Lamar Advertising Company - Class A Common Stock,Stock,NASDAQ
OWL,Blue Owl Capital Inc. Class A Common Stock,Stock,NYSE
TLN,Talen Energy Corporation - Common Stock,Stock,NASDAQ
UNM,Unum Group Common Stock,Stock,NYSE
ARMK,Aramark Common Stock,Stock,NYSE
LOGI,Logitech International S.A. - Registered Shares,Stock,NASDAQ
ROL,"Rollins, Inc. Common Stock",Stock,NYSE
FLUT,Flutter Entertainment plc Ordinary Shares,Stock,NYSE
AGI,Alamos Gold Inc. Class A Common Shares,Stock,NYSE
WY,Weyerhaeuser Company Common Stock,Stock,NYSE
EXEL,"Exelixis, Inc. - Common Stock",Stock,NASDAQ
DOC,"Healthpeak Properties, Inc. Common Stock",Stock,NYSE
PFGC,Performance Food Group Company Common Stock,Stock,NYSE
PNFP,"Pinnacle Financial Partners, Inc. Common stock",Stock,NYSE
INIO,INNIO N.V. - Ordinary Shares,Stock,NASDAQ
GLXY,Galaxy Digital Inc. - Class A common stock,Stock,NASDAQ
CG,The Carlyle Group Inc. - Common Stock,Stock,NASDAQ
EG,"Everest Group, Ltd. Common Stock",Stock,NYSE
WMG,Warner Music Group Corp. - Class A Common Stock,Stock,NASDAQ
SUI,"Sun Communities, Inc. Common Stock",Stock,NYSE
KEP,Korea Electric Power Corporation Common Stock,Stock,NYSE
CRL,"Charles River Laboratories International, Inc. Common Stock",Stock,NYSE
MAA,"Mid-America Apartment Communities, Inc. Common Stock",Stock,NYSE
NBIX,"Neurocrine Biosciences, Inc. - Common Stock",Stock,NASDAQ
GIB,CGI Inc. Common Stock,Stock,NYSE
CX,"Cemex, S.A.B. de C.V. Sponsored ADR",Stock,NYSE
EMBJ,Embraer S.A. Common Stock,Stock,NYSE
EQX,Equinox Gold Corp. Common Shares,Stock,NYSE American
SKM,"SK Telecom Co., Ltd. Common Stock",Stock,NYSE
SWK,"Stanley Black & Decker, Inc. Common Stock",Stock,NYSE
ARCC,Ares Capital Corporation - Closed End Fund,Stock,NASDAQ
PAG,"Penske Automotive Group, Inc. Common Stock",Stock,NYSE
YUMC,"Yum China Holdings, Inc. Common Stock",Stock,NYSE
REG,Regency Centers Corporation - Common Stock,Stock,NASDAQ
TME,"Tencent Music Entertainment Group American Depositary Shares, each representing two Class A Ordinary Shares",Stock,NYSE
CACI,"CACI International, Inc. Class A Common Stock",Stock,NYSE
IVZ,Invesco Ltd Common Stock,Stock,NYSE
TTMI,"TTM Technologies, Inc. - Common Stock",Stock,NASDAQ
MAS,Masco Corporation Common Stock,Stock,NYSE
RNR,RenaissanceRe Holdings Ltd. Common Stock,Stock,NYSE
TRMB,Trimble Inc. - Common Stock,Stock,NASDAQ
WSO-B,"Watsco, Inc. Class B Common Stock",Stock,NYSE
SGI,Somnigroup International Inc. Common Stock,Stock,NYSE
W,Wayfair Inc. Class A Common Stock,Stock,NYSE
SWKS,"Skyworks Solutions, Inc. - Common Stock",Stock,NASDAQ
DKS,Dick's Sporting Goods Inc Common Stock,Stock,NYSE
CHKP,Check Point Software Technologies Ltd. - Ordinary Shares,Stock,NASDAQ
MLI,"Mueller Industries, Inc. Common Stock",Stock,NYSE
TU,Telus Corporation Ordinary Shares,Stock,NYSE
ULS,UL Solutions Inc. Class A Common Stock,Stock,NYSE
TYL,"Tyler Technologies, Inc. Common Stock",Stock,NYSE
AMKR,"Amkor Technology, Inc. - Common Stock",Stock,NASDAQ
ICLR,ICON plc - Ordinary Shares,Stock,NASDAQ
TRU,TransUnion Common Stock,Stock,NYSE
HTHT,H World Group Limited - American Depositary Shares,Stock,NASDAQ
MKC-V,"McCormick & Company, Incorporated Common Stock",Stock,NYSE
TXT,Textron Inc. Common Stock,Stock,NYSE
QNT,Quantinuum Inc. - Class A Common Stock,Stock,NASDAQ
AEG,Aegon Ltd. New York Registry Shares,Stock,NYSE
TLK,"PT Telekomunikasi Indonesia, Tbk",Stock,NYSE
ALLE,Allegion plc Ordinary Shares,Stock,NYSE
WSO,"Watsco, Inc. Common Stock",Stock,NYSE
AIZ,"Assurant, Inc. Common Stock",Stock,NYSE
VICR,Vicor Corporation - Common Stock,Stock,NASDAQ
CSL,Carlisle Companies Incorporated Common Stock,Stock,NYSE
ALB,Albemarle Corporation Common Stock,Stock,NYSE
GEN,Gen Digital Inc. - Common Stock,Stock,NASDAQ
HALO,"Halozyme Therapeutics, Inc. - Common Stock",Stock,NASDAQ
SJM,The J.M. Smucker Company Common Stock,Stock,NYSE
LII,"Lennox International, Inc. Common Stock",Stock,NYSE
IESC,"IES Holdings, Inc. - Common Stock",Stock,NASDAQ
AVY,Avery Dennison Corporation Common Stock,Stock,NYSE
QXO,"QXO, Inc. Common Stock",Stock,NYSE
MKC,"McCormick & Company, Incorporated Common Stock",Stock,NYSE
PAC,"Grupo Aeroportuario Del Pacifico, S.A. B. de C.V. Grupo Aeroportuario Del Pacifico, S.A. de C.V. (each representing 10 Series B shares)",Stock,NYSE
GL,Globe Life Inc. Common Stock,Stock,NYSE
RPM,RPM International Inc. Common Stock,Stock,NYSE
BBIO,"BridgeBio Pharma, Inc. - Common Stock",Stock,NASDAQ
GRAB,Grab Holdings Limited - Class A Ordinary Shares,Stock,NASDAQ
BWXT,"BWX Technologies, Inc. Common Stock",Stock,NYSE
SEIC,SEI Investments Company - Common Stock,Stock,NASDAQ
COKE,"Coca-Cola Consolidated, Inc. - Common Stock",Stock,NASDAQ
TOL,"Toll Brothers, Inc. Common Stock",Stock,NYSE
MAIR,Madison Air Solutions Corporation Class A Common Stock,Stock,NYSE
DOCU,"DocuSign, Inc. - Common Stock",Stock,NASDAQ
GGG,Graco Inc. Common Stock,Stock,NYSE
AMH,American Homes 4 Rent Common Shares of Beneficial Interest,Stock,NYSE
PEN,"Penumbra, Inc. Common Stock",Stock,NYSE
CORT,Corcept Therapeutics Incorporated - Common Stock,Stock,NASDAQ
BWA,BorgWarner Inc. Common Stock,Stock,NYSE
DTM,"DT Midstream, Inc. Common Stock ",Stock,NYSE
SMMT,Summit Therapeutics Inc.  - Common Stock,Stock,NASDAQ
CNA,CNA Financial Corporation Common Stock,Stock,NYSE
MOG-B,Moog Inc. Class B Common Stock,Stock,NYSE
UDR,"UDR, Inc. Common Stock",Stock,NYSE
FPS,"Forgent Power Solutions, Inc. Class A Common Stock",Stock,NYSE
HAS,"Hasbro, Inc. - Common Stock",Stock,NASDAQ
NXT,Nextpower Inc. - Common Stock,Stock,NASDAQ
JBS,JBS N.V. Class A Common Shares,Stock,NYSE
GDDY,GoDaddy Inc. Class A Common Stock,Stock,NYSE
GNRC,Generac Holdlings Inc. Common Stock,Stock,NYSE
MOG-A,Moog Inc. Class A Common Stock,Stock,NYSE
FIVE,"Five Below, Inc. - Common Stock",Stock,NASDAQ
BF-A,Brown Forman Inc Class A Common Stock,Stock,NYSE
AIT,"Applied Industrial Technologies, Inc. Common Stock",Stock,NYSE
HL,Hecla Mining Company Common Stock,Stock,NYSE
EHC,Encompass Health Corporation Common Stock,Stock,NYSE
TWST,Twist Bioscience Corporation - Common Stock,Stock,NASDAQ
AUR,"Aurora Innovation, Inc.  - Class A Common Stock",Stock,NASDAQ
BAX,Baxter International Inc. Common Stock,Stock,NYSE
FMS,Fresenius Medical Care AG American Depositary Shares (Each representing 1/2 of an Ordinary Share),Stock,NYSE
SANM,Sanmina Corporation - Common Stock,Stock,NASDAQ
MANH,"Manhattan Associates, Inc. - Common Stock",Stock,NASDAQ
BF-B,Brown Forman Inc Class B Common Stock,Stock,NYSE
CR,Crane Company Common Stock,Stock,NYSE
WTS,"Watts Water Technologies, Inc. Class A Common Stock",Stock,NYSE
GWRE,"Guidewire Software, Inc. Common Stock",Stock,NYSE
MDGL,"Madrigal Pharmaceuticals, Inc. - Common Stock",Stock,NASDAQ
HUT,Hut 8 Corp. - Common Stock,Stock,NASDAQ
UHAL,U-Haul Holding Company Common Stock,Stock,NYSE
HMY,Harmony Gold Mining Company Limited,Stock,NYSE
ELS,"Equity Lifestyle Properties, Inc. Common Stock",Stock,NYSE
IT,"Gartner, Inc. Common Stock",Stock,NYSE
ARW,"Arrow Electronics, Inc. Common Stock",Stock,NYSE
BJ,"BJ's Wholesale Club Holdings, Inc. Common Stock",Stock,NYSE
HBM,Hudbay Minerals Inc. Ordinary Shares (Canada),Stock,NYSE
GME,GameStop Corporation Common Stock,Stock,NYSE
ALLY,Ally Financial Inc. Common Stock,Stock,NYSE
SAIL,"SailPoint, Inc. - Common Stock",Stock,NASDAQ
CCK,"Crown Holdings, Inc.",Stock,NYSE
NVMI,Nova Ltd. - Ordinary Shares,Stock,NASDAQ
BMRN,BioMarin Pharmaceutical Inc. - Common Stock,Stock,NASDAQ
ERIE,Erie Indemnity Company - Class A Common Stock,Stock,NASDAQ
GLPI,"Gaming and Leisure Properties, Inc. - Common Stock",Stock,NASDAQ
MICC,The Magnum Ice Cream Company N.V. Ordinary Shares,Stock,NYSE
BXP,"BXP, Inc. Common Stock",Stock,NYSE
AFG,"American Financial Group, Inc. Common Stock",Stock,NYSE
RMBS,"Rambus, Inc. - Common Stock",Stock,NASDAQ
AGNC,AGNC Investment Corp. - Common Stock,Stock,NASDAQ
TECH,Bio-Techne Corp - Common Stock,Stock,NASDAQ
DVA,DaVita Inc. Common Stock,Stock,NYSE
CSGP,"CoStar Group, Inc. - Common Stock",Stock,NASDAQ
WSE,Wise Group plc - Class A Ordinary Shares,Stock,NASDAQ
CPT,Camden Property Trust Common Stock,Stock,NYSE
AHR,"American Healthcare REIT, Inc. Common Stock",Stock,NYSE
AA,Alcoa Corporation Common Stock ,Stock,NYSE
SNN,"Smith & Nephew SNATS, Inc. Common Stock",Stock,NYSE
IAG,Iamgold Corporation Ordinary Shares,Stock,NYSE
LI,Li Auto Inc. - American Depositary Shares,Stock,NASDAQ
LULU,lululemon athletica inc. - Common Stock,Stock,NASDAQ
WTRG,"Essential Utilities, Inc. Common Stock",Stock,NYSE
AEIS,"Advanced Energy Industries, Inc. - Common Stock",Stock,NASDAQ
BTSG,"BrightSpring Health Services, Inc. - Common Stock",Stock,NASDAQ
PAYP,PayPay Corporation - American Depository Shares,Stock,NASDAQ
PSKY,Paramount Skydance Corporation - Class B Common Stock,Stock,NASDAQ
TXG,"10x Genomics, Inc. - Common Stock",Stock,NASDAQ
ELAN,Elanco Animal Health Incorporated Common Stock,Stock,NYSE
PNW,Pinnacle West Capital Corporation Common Stock,Stock,NYSE
FHN,First Horizon Corporation Common Stock,Stock,NYSE
FIG,"Figma, Inc. Class A Common Stock",Stock,NYSE
FNF,"Fidelity National Financial, Inc. Common Stock",Stock,NYSE
FROG,JFrog Ltd. - Ordinary shares,Stock,NASDAQ
FRHC,Freedom Holding Corp. - Common Stock,Stock,NASDAQ
HUBS,"HubSpot, Inc. Common Stock",Stock,NYSE
EGO,Eldorado Gold Corporation Ordinary Shares,Stock,NYSE
DKNG,DraftKings Inc. - Class A Common Stock,Stock,NASDAQ
LFUS,"Littelfuse, Inc. - Common Stock",Stock,NASDAQ
HRL,Hormel Foods Corporation Common Stock,Stock,NYSE
EGP,"EastGroup Properties, Inc. Common Stock",Stock,NYSE
AR,Antero Resources Corporation Common Stock,Stock,NYSE
GSAT,"Globalstar, Inc. - Common Stock",Stock,NASDAQ
DECK,Deckers Outdoor Corporation Common Stock,Stock,NYSE
RGEN,Repligen Corporation - Common Stock,Stock,NASDAQ
PINS,"Pinterest, Inc. Class A Common Stock",Stock,NYSE
SUZ,Suzano S.A. American Depositary Shares (each representing One Ordinary Share),Stock,NYSE
FRO,Frontline Plc Ordinary Shares,Stock,NYSE
SF,Stifel Financial Corporation Common Stock,Stock,NYSE
SCI,Service Corporation International Common Stock,Stock,NYSE
AES,The AES Corporation Common Stock,Stock,NYSE
UHS,"Universal Health Services, Inc. Common Stock",Stock,NYSE
COO,"The Cooper Companies, Inc.  - Common Stock",Stock,NASDAQ
MOD,Modine Manufacturing Company Common Stock,Stock,NYSE
TXRH,"Texas Roadhouse, Inc. - Common Stock",Stock,NASDAQ
UHAL-B,U-Haul Holding Company Series N Non-Voting Common Stock ,Stock,NYSE
ALGN,"Align Technology, Inc. - Common Stock",Stock,NASDAQ
XP,XP Inc. - Class A Common Stock,Stock,NASDAQ
QRVO,"Qorvo, Inc. - Common Stock",Stock,NASDAQ
HII,"Huntington Ingalls Industries, Inc. Common Stock",Stock,NYSE
RRX,Regal Rexnord Corporation Common Stock,Stock,NYSE
RTO,Rentokil Initial plc American Depositary Shares (each representing five (5) Ordinary Shares),Stock,NYSE
DDS,"Dillard's, Inc. Common Stock",Stock,NYSE
KNX,Knight-Swift Transportation Holdings Inc.,Stock,NYSE
JKHY,"Jack Henry & Associates, Inc. - Common Stock",Stock,NASDAQ
UMBF,UMB Financial Corporation - Common Stock,Stock,NASDAQ
AVTR,"Avantor, Inc. Common Stock",Stock,NYSE
NYT,New York Times Company (The) Common Stock,Stock,NYSE
KRYS,"Krystal Biotech, Inc. - Common Stock",Stock,NASDAQ
BPOP,"Popular, Inc. - Common Stock",Stock,NASDAQ
AXSM,"Axsome Therapeutics, Inc. - Common Stock",Stock,NASDAQ
ENSG,"The Ensign Group, Inc. - Common Stock",Stock,NASDAQ
RDY,Dr. Reddy's Laboratories Ltd Common Stock,Stock,NYSE
BIO,"Bio-Rad Laboratories, Inc. Class A Common Stock",Stock,NYSE
CHYM,"Chime Financial, Inc. - Class A Common Stock",Stock,NASDAQ
CLX,Clorox Company (The) Common Stock,Stock,NYSE
DCI,"Donaldson Company, Inc. Common Stock",Stock,NYSE
FORM,"FormFactor, Inc. - Common Stock",Stock,NASDAQ
EVR,Evercore Inc. Class A Common Stock,Stock,NYSE
BNT,Brookfield Wealth Solutions Ltd. Class A Exchangeable Limited Voting Shares,Stock,NYSE
VSAT,"ViaSat, Inc. - Common Stock",Stock,NASDAQ
WMS,"Advanced Drainage Systems, Inc. Common Stock",Stock,NYSE
VIAV,Viavi Solutions Inc. - Common Stock,Stock,NASDAQ
ONON,On Holding AG Class A Ordinary Shares,Stock,NYSE
GMED,"Globus Medical, Inc. Class A Common Stock",Stock,NYSE
CART,Maplebear Inc. - Common Stock,Stock,NASDAQ
MOH,Molina Healthcare Inc Common Stock,Stock,NYSE
TFII,TFI International Inc. Common Shares,Stock,NYSE
PAYC,"Paycom Software, Inc. Common Stock",Stock,NYSE
SSB,SouthState Bank Corporation Common Stock,Stock,NYSE
AM,Antero Midstream Corporation Common Stock,Stock,NYSE
DRS,"Leonardo DRS, Inc. - Common Stock",Stock,NASDAQ
CGNX,Cognex Corporation - Common Stock,Stock,NASDAQ
WTFC,Wintrust Financial Corporation - Common Stock,Stock,NASDAQ
OC,Owens Corning Inc Common Stock New,Stock,NYSE
CFR,"Cullen/Frost Bankers, Inc. Common Stock",Stock,NYSE
BRKR,Bruker Corporation - Common Stock,Stock,NASDAQ
BIO-B,"Bio-Rad Laboratories, Inc. Class B  Common Stock",Stock,NYSE
ONB,Old National Bancorp - Common Stock,Stock,NASDAQ
ENLT,Enlight Renewable Energy Ltd. - Ordinary Shares,Stock,NASDAQ
FDS,FactSet Research Systems Inc. Common Stock,Stock,NYSE
RYAN,"Ryan Specialty Holdings, Inc. Class A Common Stock",Stock,NYSE
MSGS,Madison Square Garden Sports Corp. Class A Common Stock (New),Stock,NYSE
JEF,Jefferies Financial Group Inc. Common Stock,Stock,NYSE
XPEV,"XPeng Inc. American depositary shares, each representing two Class A ordinary shares",Stock,NYSE
PSO,"Pearson, Plc Common Stock",Stock,NYSE
DAR,Darling Ingredients Inc. Common Stock,Stock,NYSE
DPZ,Domino's Pizza Inc - Common Stock,Stock,NASDAQ
AMG,"Affiliated Managers Group, Inc. Common Stock",Stock,NYSE
FRT,Federal Realty Investment Trust Common Stock,Stock,NYSE
HSIC,"Henry Schein, Inc. - Common Stock",Stock,NASDAQ
AYI,Acuity Inc. Common Stock,Stock,NYSE
GGB,Gerdau S.A. Common Stock,Stock,NYSE
BSY,"Bentley Systems, Incorporated - Class B Common Stock",Stock,NASDAQ
CIG-C,Comp En De Mn Cemig ADS American Depositary Receipts,Stock,NYSE
MTCH,"Match Group, Inc. - Common Stock",Stock,NASDAQ
PODD,Insulet Corporation - Common Stock,Stock,NASDAQ
FCFS,"FirstCash Holdings, Inc. - Common Stock",Stock,NASDAQ
ALSN,"Allison Transmission Holdings, Inc. Common Stock",Stock,NYSE
MUSA,Murphy USA Inc. Common Stock,Stock,NYSE
FLS,Flowserve Corporation Common Stock,Stock,NYSE
KT,KT Corporation Common Stock,Stock,NYSE
AG,First Majestic Silver Corp. Ordinary Shares (Canada),Stock,NYSE
SIMO,"Silicon Motion Technology Corporation - American Depositary Shares, each representing four ordinary shares",Stock,NASDAQ
JAN,"Janus Living, Inc. Class A-1 Common Stock",Stock,NYSE
ZION,Zions Bancorporation N.A. - Common Stock,Stock,NASDAQ
ARWR,"Arrowhead Pharmaceuticals, Inc. - Common Stock",Stock,NASDAQ
APTV,Aptiv PLC Ordinary Shares,Stock,NYSE
OGE,OGE Energy Corp Common Stock,Stock,NYSE
ESTC,Elastic N.V. Ordinary Shares,Stock,NYSE
KYMR,"Kymera Therapeutics, Inc. - Common Stock",Stock,NASDAQ
TTC,Toro Company (The) Common Stock,Stock,NYSE
AAL,"American Airlines Group, Inc. - Common Stock",Stock,NASDAQ
PTGX,"Protagonist Therapeutics, Inc. - Common Stock",Stock,NASDAQ
SNAP,Snap Inc. Class A Common Stock,Stock,NYSE
LLYVK,"Liberty Live Holdings, Inc. - Series C Liberty Live Group Common Stock",Stock,NASDAQ
OSCR,"Oscar Health, Inc. Class A Common Stock",Stock,NYSE
QGEN,Qiagen N.V. Common Shares,Stock,NYSE
ORI,Old Republic International Corporation Common Stock,Stock,NYSE
GKOS,Glaukos Corporation Common Stock,Stock,NYSE
ELPC,Companhia Paranaense de Energia (COPEL) American Depositary Shares (each representing four (4) Common Shares),Stock,NYSE
LINE,"Lineage, Inc. - Common Stock",Stock,NASDAQ
CAI,"Caris Life Sciences, Inc. - Common Stock",Stock,NASDAQ
R,"Ryder System, Inc. Common Stock",Stock,NYSE
RRC,Range Resources Corporation Common Stock,Stock,NYSE
HLI,"Houlihan Lokey, Inc. Class A Common Stock",Stock,NYSE
JXN,Jackson Financial Inc. Class A Common Stock ,Stock,NYSE
VMI,"Valmont Industries, Inc. Common Stock",Stock,NYSE
SOLS,Solstice Advanced Materials Inc. - Common Stock,Stock,NASDAQ
SSL,Sasol Ltd. American Depositary Shares,Stock,NYSE
CYTK,"Cytokinetics, Incorporated - Common Stock",Stock,NASDAQ
NIO,"NIO Inc. American depositary shares, each  representing one Class A ordinary share",Stock,NYSE
IBRX,"ImmunityBio, Inc. - Common Stock",Stock,NASDAQ
LTH,"Life Time Group Holdings, Inc. Common Stock",Stock,NYSE
LLYVA,"Liberty Live Holdings, Inc. - Series A Liberty Live Group Common Stock",Stock,NASDAQ
CTRE,"CareTrust REIT, Inc. Common Stock",Stock,NYSE
VOYA,"Voya Financial, Inc. Common Stock",Stock,NYSE
TGTX,"TG Therapeutics, Inc. - Common Stock",Stock,NASDAQ
BAH,Booz Allen Hamilton Holding Corporation Common Stock,Stock,NYSE
EDU,"New Oriental Education & Technology Group, Inc. Sponsored ADR representing 10 Ordinary Share (Cayman Islands)",Stock,NYSE
PBF,PBF Energy Inc. Class A Common Stock,Stock,NYSE
SIRI,SiriusXM Holdings Inc. - Common Stock,Stock,NASDAQ
ESI,Element Solutions Inc. Common Stock,Stock,NYSE
MP,MP Materials Corp. Common Stock,Stock,NYSE
TTEK,"Tetra Tech, Inc. - Common Stock",Stock,NASDAQ
KNTK,Kinetik Holdings Inc. Class A Common Stock,Stock,NYSE
SPXC,"SPX Technologies, Inc. Common Stock",Stock,NYSE
EAT,"Brinker International, Inc. Common Stock",Stock,NYSE
WLK,Westlake Corporation Common Stock,Stock,NYSE
RIOT,"Riot Platforms, Inc. - Common Stock",Stock,NASDAQ
LGN,Legence Corp. - Class A Common stock,Stock,NASDAQ
TIMB,TIM S.A. American Depositary Shares (Each representing 5 Common Shares) ,Stock,NYSE
SAIA,"Saia, Inc. - Common Stock",Stock,NASDAQ
IDCC,"InterDigital, Inc. - Common Stock",Stock,NASDAQ
BRX,Brixmor Property Group Inc. Common Stock,Stock,NYSE
AAOI,"Applied Optoelectronics, Inc. - Common Stock",Stock,NASDAQ
ALV,"Autoliv, Inc. Common Stock",Stock,NYSE
ARE,"Alexandria Real Estate Equities, Inc. Common Stock",Stock,NYSE
REXR,"Rexford Industrial Realty, Inc. Common Stock",Stock,NYSE
PNR,Pentair plc. Ordinary Share,Stock,NYSE
KTOS,"Kratos Defense & Security Solutions, Inc. - Common Stock",Stock,NASDAQ
CUBE,CubeSmart Common Shares,Stock,NYSE
MXL,"MaxLinear, Inc - Common Stock",Stock,NASDAQ
YMM,Full Truck Alliance Co. Ltd. American Depositary Shares (each representing 20 Class A Ordinary Shares),Stock,NYSE
PRI,"Primerica, Inc. Common Stock",Stock,NYSE
MHK,"Mohawk Industries, Inc. Common Stock",Stock,NYSE
WAL,Western Alliance Bancorporation Common Stock (DE),Stock,NYSE
AVT,"Avnet, Inc. - Common Stock",Stock,NASDAQ
BVN,Buenaventura Mining Company Inc.,Stock,NYSE
ADC,Agree Realty Corporation Common Stock,Stock,NYSE
COLB,"Columbia Banking System, Inc. - Common Stock",Stock,NASDAQ
FR,"First Industrial Realty Trust, Inc. Common Stock",Stock,NYSE
RHP,"Ryman Hospitality Properties, Inc. (REIT)",Stock,NYSE
PCVX,"Vaxcyte, Inc. - Common Stock",Stock,NASDAQ
WYNN,"Wynn Resorts, Limited - Common Stock",Stock,NASDAQ
MGM,MGM Resorts International Common Stock,Stock,NYSE
AGCO,AGCO Corporation Common Stock,Stock,NYSE
NEU,NewMarket Corp Common Stock,Stock,NYSE
OSK,Oshkosh Corporation (Holding Company)Common Stock,Stock,NYSE
DY,"Dycom Industries, Inc. Common Stock",Stock,NYSE
LEA,Lear Corporation Common Stock,Stock,NYSE
PB,"Prosperity Bancshares, Inc. Common Stock",Stock,NYSE
TKR,Timken Company (The) Common Stock,Stock,NYSE
KMX,CarMax Inc,Stock,NYSE
CBSH,"Commerce Bancshares, Inc. - Common Stock",Stock,NASDAQ
SM,SM Energy Company Common Stock,Stock,NYSE
SNEX,StoneX Group Inc. - Common Stock,Stock,NASDAQ
BOKF,BOK Financial Corporation - Common Stock,Stock,NASDAQ
CAE,CAE Inc - Common Shares,Stock,NASDAQ
LNC,Lincoln National Corporation Common Stock,Stock,NYSE
AOS,A.O. Smith Corporation Common Stock,Stock,NYSE
ABVX,Abivax SA - American Depositary Shares,Stock,NASDAQ
PCTY,Paylocity Holding Corporation - Common Stock,Stock,NASDAQ
HESM,Hess Midstream LP Class A Representing Limited Partner Interests,Stock,NYSE
ATR,"AptarGroup, Inc. Common Stock",Stock,NYSE
CNM,"Core & Main, Inc. Class A Common Stock",Stock,NYSE
NNN,"NNN REIT, Inc. Common Stock",Stock,NYSE
WULF,TeraWulf Inc. - Common Stock,Stock,NASDAQ
PRAX,"Praxis Precision Medicines, Inc. - Common Stock",Stock,NASDAQ
ACM,AECOM Common Stock,Stock,NYSE
UGI,UGI Corporation Common Stock,Stock,NYSE
GTLB,GitLab Inc. - Class A Common Stock,Stock,NASDAQ
S,"SentinelOne, Inc. Class A Common Stock",Stock,NYSE
STN,Stantec Inc Common Stock,Stock,NYSE
RAL,Ralliant Corporation Common Stock,Stock,NYSE
ZWS,Zurn Elkay Water Solutions Corporation Common Stock,Stock,NYSE
AVAV,"AeroVironment, Inc. - Common Stock",Stock,NASDAQ
HNGE,"Hinge Health, Inc. Class A Common Stock",Stock,NYSE
CBC,"Central Bancompany, Inc. - Class A Common Stock",Stock,NASDAQ
SBSW,D/B/A Sibanye-Stillwater Limited ADS,Stock,NYSE
GAP,"Gap, Inc. (The) Common Stock",Stock,NYSE
EMN,Eastman Chemical Company Common Stock,Stock,NYSE
LEVI,Levi Strauss & Co Class A Common Stock,Stock,NYSE
GIL,"Gildan Activewear, Inc. Class A Sub. Vot. Common Stock",Stock,NYSE
THG,Hanover Insurance Group Inc,Stock,NYSE
UGP,Ultrapar Participacoes S.A. (New) American Depositary Shares (Each representing one Common Share),Stock,NYSE
SYRE,"Spyre Therapeutics, Inc. - Common Stock",Stock,NASDAQ
KNSL,"Kinsale Capital Group, Inc. Common Stock",Stock,NYSE
SARO,"StandardAero, Inc. Common Stock",Stock,NYSE
NFG,National Fuel Gas Company Common Stock,Stock,NYSE
IDA,"IDACORP, Inc. Common Stock",Stock,NYSE
SFD,"Smithfield Foods, Inc. - Common Stock",Stock,NASDAQ
PCOR,"Procore Technologies, Inc. Common Stock",Stock,NYSE
APLD,Applied Digital Corporation - Common Stock,Stock,NASDAQ
VIST,"Vista Energy S.A.B. de C.V. American Depositary Shares, each representing one series A share, with no par value",Stock,NYSE
CHRD,Chord Energy Corporation - Common Stock,Stock,NASDAQ
VFS,VinFast Auto Ltd. - Ordinary Shares,Stock,NASDAQ
IONS,"Ionis Pharmaceuticals, Inc. - Common Stock",Stock,NASDAQ
SLAB,"Silicon Laboratories, Inc. - Common Stock",Stock,NASDAQ
TAP-A,Molson Coors Beverage Company Class A Common Stock,Stock,NYSE
CIFR,Cipher Digital Inc. - Common Stock,Stock,NASDAQ
MORN,"Morningstar, Inc. - Common Stock",Stock,NASDAQ
AAON,"AAON, Inc. - Common Stock",Stock,NASDAQ
CHWY,"Chewy, Inc. Class A Common Stock",Stock,NYSE
CWEN,"Clearway Energy, Inc. Class C Common Stock",Stock,NYSE
ZETA,Zeta Global Holdings Corp. Class A Common Stock,Stock,NYSE
MOS,Mosaic Company (The) Common Stock,Stock,NYSE
HQY,"HealthEquity, Inc. - Common Stock",Stock,NASDAQ
SSRM,SSR Mining Inc. - Common Stock,Stock,NASDAQ
STAG,"Stag Industrial, Inc. Common Stock",Stock,NYSE
BTG,B2Gold Corp Common shares (Canada),Stock,NYSE American
SSD,"Simpson Manufacturing Company, Inc. Common Stock",Stock,NYSE
APPF,"AppFolio, Inc. - Class A Common Stock",Stock,NASDAQ
VLY,Valley National Bancorp - Common Stock,Stock,NASDAQ
NTSK,"Netskope, Inc. - Class A Common Stock",Stock,NASDAQ
COMP,"Compass, Inc. Class A Common Stock",Stock,NYSE
ACA,"Arcosa, Inc. Common Stock ",Stock,NYSE
TRNO,Terreno Realty Corporation Common Stock,Stock,NYSE
FIGR,"Figure Technology Solutions, Inc. - Class A Common Stock",Stock,NASDAQ
SEI,"Solaris Energy Infrastructure, Inc. Class A Common Stock",Stock,NYSE
SOBO,South Bow Corporation Common Shares,Stock,NYSE
CELH,"Celsius Holdings, Inc. - Common Stock",Stock,NASDAQ
NOV,NOV Inc. Common Stock,Stock,NYSE
OKLO,Oklo Inc. Class A common stock,Stock,NYSE
PRMB,Primo Brands Corporation Class A Common Stock,Stock,NYSE
AXTA,Axalta Coating Systems Ltd. Common Shares,Stock,NYSE
MSA,MSA Safety Incorporated Common Stock,Stock,NYSE
DBX,"Dropbox, Inc. - Class A Common Stock",Stock,NASDAQ
PLXS,Plexus Corp. - Common Stock,Stock,NASDAQ
AUGO,Aura Minerals Inc. - Common Shares,Stock,NASDAQ
FSS,Federal Signal Corporation Common Stock,Stock,NYSE
LAD,"Lithia Motors, Inc. Common Stock",Stock,NYSE
CLF,Cleveland-Cliffs Inc. Common Stock,Stock,NYSE
ESE,ESCO Technologies Inc. Common Stock,Stock,NYSE
POWL,"Powell Industries, Inc. - Common Stock",Stock,NASDAQ
AXS,Axis Capital Holdings Limited Common Stock,Stock,NYSE
AMRX,"Amneal Pharmaceuticals, Inc. - Class A Common Stock",Stock,NASDAQ
AWI,Armstrong World Industries Inc Common Stock,Stock,NYSE
VNO,Vornado Realty Trust Common Stock,Stock,NYSE
IMVT,"Immunovant, Inc.  - Common Stock",Stock,NASDAQ
HIMS,"Hims & Hers Health, Inc. Class A Common Stock",Stock,NYSE
CAMT,Camtek Ltd. - Ordinary Shares,Stock,NASDAQ
ALKS,Alkermes plc - Ordinary Shares,Stock,NASDAQ
CAG,"ConAgra Brands, Inc. Common Stock",Stock,NYSE
ALGM,"Allegro MicroSystems, Inc. - Common Stock",Stock,NASDAQ
NE,Noble Corporation plc A Ordinary Shares,Stock,NYSE
MBLY,Mobileye Global Inc. - Class A Common Stock,Stock,NASDAQ
KEX,Kirby Corporation Common Stock,Stock,NYSE
GTES,Gates Industrial Corporation Ltd. Common Shares,Stock,NYSE
MAAS,Maase Inc. - Class A Ordinary Shares,Stock,NASDAQ
RYTM,"Rhythm Pharmaceuticals, Inc. - Common Stock",Stock,NASDAQ
FAF,First American Corporation (New) Common Stock,Stock,NYSE
GLBE,Global-E Online Ltd. - ordinary shares,Stock,NASDAQ
BLTE,"Belite Bio, Inc - American Depositary Shares",Stock,NASDAQ
FLR,Fluor Corporation Common Stock,Stock,NYSE
DSGX,The Descartes Systems Group Inc. - Common Stock,Stock,NASDAQ
MATX,"Matson, Inc. Common Stock",Stock,NYSE
NCLH,Norwegian Cruise Line Holdings Ltd. Ordinary Shares,Stock,NYSE
OR,OR Royalties Inc. Common Shares,Stock,NYSE
TAP,Molson Coors Beverage Company Class B Common Stock,Stock,NYSE
CHE,Chemed Corp,Stock,NYSE
VCTR,"Victory Capital Holdings, Inc. - Common Stock",Stock,NASDAQ
DUOL,"Duolingo, Inc. - Class A Common Stock",Stock,NASDAQ
MAC,Macerich Company (The) Common Stock,Stock,NYSE
PDI,PIMCO Dynamic Income Fund Common Stock,Stock,NYSE
TAL,TAL Education Group American Depositary Shares,Stock,NYSE
BROS,Dutch Bros Inc. Class A Common Stock,Stock,NYSE
TFPM,Triple Flag Precious Metals Corp. Common Shares,Stock,NYSE
PPC,Pilgrim's Pride Corporation - Common Stock,Stock,NASDAQ
MGY,Magnolia Oil & Gas Corporation Class A Common Stock,Stock,NYSE
VSXY,Victorias Secret & Co. Common Stock ,Stock,NYSE
NICE,NICE Ltd - American Depositary Shares each representing one Ordinary Share,Stock,NASDAQ
QBTS,D-Wave Quantum Inc. - Common Stock,Stock,NASDAQ
OMF,"OneMain Holdings, Inc. Common Stock",Stock,NYSE
NPO,Enpro Inc. Common Stock,Stock,NYSE
ZG,"Zillow Group, Inc. - Class A Common Stock",Stock,NASDAQ
GDS,GDS Holdings Limited - American Depositary Shares,Stock,NASDAQ
GGAL,"Grupo Financiero Galicia S.A. - American Depositary Shares, Class B Shares underlying",Stock,NASDAQ
TEX,Terex Corporation Common Stock,Stock,NYSE
PACS,"PACS Group, Inc. Common Stock",Stock,NYSE
LNTH,"Lantheus Holdings, Inc. - Common Stock",Stock,NASDAQ
PATH,"UiPath, Inc. Class A Common Stock",Stock,NYSE
HXL,Hexcel Corporation Common Stock,Stock,NYSE
GATX,GATX Corporation Common Stock,Stock,NYSE
PJT,PJT Partners Inc. Class A Common Stock,Stock,NYSE
ACT,"Enact Holdings, Inc. - Common Stock",Stock,NASDAQ
TBBB,BBB Foods Inc. Class A Common Shares,Stock,NYSE
URBN,"Urban Outfitters, Inc. - Common Stock",Stock,NASDAQ
ENS,EnerSys Common Stock,Stock,NYSE
TXNM,"TXNM Energy, Inc. Common Stock",Stock,NYSE
RUSHB,"Rush Enterprises, Inc. - Class B Common Stock",Stock,NASDAQ
Z,"Zillow Group, Inc. - Class C Capital Stock",Stock,NASDAQ
UBSI,"United Bankshares, Inc. - Common Stock",Stock,NASDAQ
MTDR,Matador Resources Company Common Stock,Stock,NYSE
LB,LandBridge Company LLC Class A Shares Representing Limited Liability Company Interests,Stock,NYSE
BLDR,"Builders FirstSource, Inc. Common Stock",Stock,NYSE
RNG,"RingCentral, Inc. Class A Common Stock",Stock,NYSE
PL,Planet Labs PBC Class A Common Stock,Stock,NYSE
JOBY,"Joby Aviation, Inc. Common Stock",Stock,NYSE
ETSY,"Etsy, Inc. Common Stock",Stock,NYSE
FNB,F.N.B. Corporation Common Stock,Stock,NYSE
HR,Healthcare Realty Trust Incorporated Common Stock,Stock,NYSE
OGC,OceanaGold Corporation Common Shares,Stock,NYSE
IFS,Intercorp Financial Services Inc. Common Shares,Stock,NYSE
INGM,Ingram Micro Holding Corporation Common Stock,Stock,NYSE
PAGP,"Plains GP Holdings, L.P. - Class A Shares representing limited partner interests",Stock,NASDAQ
BZ,KANZHUN LIMITED - American Depository Shares,Stock,NASDAQ
NXE,Nexgen Energy Ltd. Common Shares,Stock,NYSE
ST,Sensata Technologies Holding plc Ordinary Shares,Stock,NYSE
BILI,Bilibili Inc. - American Depositary Shares,Stock,NASDAQ
DPC,DPC Holdings PLC Ordinary Shares,Stock,NYSE
XE,"X-Energy, Inc. - Class A Common Stock",Stock,NASDAQ
LQDA,Liquidia Corporation - Common Stock,Stock,NASDAQ
INGR,Ingredion Incorporated Common Stock,Stock,NYSE
LOAR,Loar Holdings Inc. Common Stock,Stock,NYSE
WFRD,Weatherford International plc - Ordinary shares,Stock,NASDAQ
SGHC,Super Group (SGHC) Limited Ordinary Shares,Stock,NYSE
WEX,WEX Inc. common stock,Stock,NYSE
CROX,"Crocs, Inc. - Common Stock",Stock,NASDAQ
CVLT,"Commvault Systems, Inc. - Common Stock",Stock,NASDAQ
CZR,"Caesars Entertainment, Inc. - Common Stock",Stock,NASDAQ
DOX,Amdocs Limited - Ordinary Shares,Stock,NASDAQ
CAVA,"CAVA Group, Inc. Common Stock",Stock,NYSE
BLCO,Bausch + Lomb Corporation Common Shares,Stock,NYSE
LGND,Ligand Pharmaceuticals Incorporated - Common Stock,Stock,NASDAQ
CRUS,"Cirrus Logic, Inc. - Common Stock",Stock,NASDAQ
RIG,Transocean Ltd (Switzerland) Common Stock,Stock,NYSE
POOL,Pool Corporation - Common Stock,Stock,NASDAQ
LW,"Lamb Weston Holdings, Inc. Common Stock ",Stock,NYSE
SWX,"Southwest Gas Holdings, Inc. Common Stock (DE)",Stock,NYSE
ECG,"Everus Construction Group, Inc. Common Stock",Stock,NYSE
QLYS,"Qualys, Inc. - Common Stock",Stock,NASDAQ
TTD,"The Trade Desk, Inc. - Class A Common Stock",Stock,NASDAQ
CGON,"CG Oncology, Inc. - Common stock",Stock,NASDAQ
ENIC,Enel Chile S.A. American Depositary Shares (Each representing 50 shares of Common Stock),Stock,NYSE
HWC,Hancock Whitney Corporation - Common Stock,Stock,NASDAQ
SRRK,Scholar Rock Holding Corporation - Common Stock,Stock,NASDAQ
M,Macy's Inc Common Stock,Stock,NYSE
CIG,Comp En De Mn Cemig ADS American Depositary Shares,Stock,NYSE
LKQ,LKQ Corporation - Common Stock,Stock,NASDAQ
LUMN,"Lumen Technologies, Inc. Common Stock",Stock,NYSE
VIPS,"Vipshop Holdings Limited American Depositary Shares, each representing two ordinary shares",Stock,NYSE
ELF,"e.l.f. Beauty, Inc. Common Stock",Stock,NYSE
KNSA,"Kiniksa Pharmaceuticals International, plc - Class A Ordinary Shares",Stock,NASDAQ
MTG,MGIC Investment Corporation Common Stock,Stock,NYSE
HOMB,"Home BancShares, Inc. Common Stock",Stock,NYSE
SFM,"Sprouts Farmers Market, Inc. - Common Stock",Stock,NASDAQ
GBCI,"Glacier Bancorp, Inc. Common Stock",Stock,NYSE
MIRM,"Mirum Pharmaceuticals, Inc. - common stock",Stock,NASDAQ
BLLN,"BillionToOne, Inc. - Class A common stock",Stock,NASDAQ
BETA,"Beta Technologies, Inc. Class A Common Stock",Stock,NYSE
MKTX,"MarketAxess Holdings, Inc. - Common Stock",Stock,NASDAQ
HLNE,Hamilton Lane Incorporated - Class A Common Stock,Stock,NASDAQ
CPB,The Campbell's Company - Common Stock,Stock,NASDAQ
STVN,Stevanato Group S.p.A. Ordinary Shares,Stock,NYSE
CACC,Credit Acceptance Corporation - Common Stock,Stock,NASDAQ
XMTR,"Xometry, Inc. - Class A Common Stock",Stock,NASDAQ
ANF,Abercrombie & Fitch Company Common Stock,Stock,NYSE
ORA,"Ormat Technologies, Inc. Common Stock",Stock,NYSE
EPRT,"Essential Properties Realty Trust, Inc. Common Stock",Stock,NYSE
BXSL,Blackstone Secured Lending Fund Common Shares of Beneficial Interest,Stock,NYSE
ESNT,Essent Group Ltd. Common Shares,Stock,NYSE
STEP,StepStone Group Inc. - Class A Common Stock,Stock,NASDAQ
MBGL,Mobility Global Inc. Common Stock,Stock,NYSE
JBTM,JBT Marel Corporation Common Stock,Stock,NYSE
BLSH,Bullish Ordinary Shares,Stock,NYSE
USAR,"USA Rare Earth, Inc. - Common Stock",Stock,NASDAQ
GRAL,"GRAIL, Inc. - Common Stock",Stock,NASDAQ
ACI,"Albertsons Companies, Inc. Class A Common Stock",Stock,NYSE
RYN,Rayonier Inc. REIT Common Stock,Stock,NYSE
BGC,"BGC Group, Inc. - Class A Common Stock",Stock,NASDAQ
LYFT,"Lyft, Inc. - Class A Common Stock",Stock,NASDAQ
VAL,Valaris Limited Common Shares,Stock,NYSE
MMED,"MiniMed Group, Inc. - Common Stock",Stock,NASDAQ
FSV,FirstService Corporation - Common Shares,Stock,NASDAQ
WFG,West Fraser Timber Co. Ltd Common stock,Stock,NYSE
COGT,"Cogent Biosciences, Inc. - Common Stock",Stock,NASDAQ
WPP,WPP plc American Depositary Shares,Stock,NYSE
TVTX,"Travere Therapeutics, Inc. - Common Stock",Stock,NASDAQ
TTAN,"ServiceTitan, Inc. - Class A Common Stock",Stock,NASDAQ
RUSHA,"Rush Enterprises, Inc. - Class A Common Stock",Stock,NASDAQ
ORKA,"Oruka Therapeutics, Inc. - Common Stock",Stock,NASDAQ
EPAM,"EPAM Systems, Inc. Common Stock",Stock,NYSE
CORZ,"Core Scientific, Inc. - Common Stock",Stock,NASDAQ
RDNT,"RadNet, Inc. - Common Stock",Stock,NASDAQ
VFC,V.F. Corporation Common Stock,Stock,NYSE
G,Genpact Limited Common Stock,Stock,NYSE
RGTI,"Rigetti Computing, Inc.  - Common stock",Stock,NASDAQ
CHDN,"Churchill Downs, Incorporated - Common Stock",Stock,NASDAQ
LSTR,"Landstar System, Inc. - Common Stock",Stock,NASDAQ
SAIC,Science Applications International Corporation - Common Stock,Stock,NASDAQ
BIRK,Birkenstock Holding plc Ordinary Shares,Stock,NYSE
PEGA,Pegasystems Inc. - Common Stock,Stock,NASDAQ
ASB,Associated Banc-Corp Common Stock,Stock,NYSE
AUB,Atlantic Union Bankshares Corporation Common Stock,Stock,NYSE
ABCB,Ameris Bancorp Common Stock,Stock,NYSE
AN,"AutoNation, Inc. Common Stock",Stock,NYSE
MTRN,Materion Corporation,Stock,NYSE
CMBT,CMB.TECH NV Ordinary Shares,Stock,NYSE
POR,Portland General Electric Co Common Stock,Stock,NYSE
SXT,Sensient Technologies Corporation Common Stock,Stock,NYSE
DLB,Dolby Laboratories Common Stock,Stock,NYSE
SNDR,"Schneider National, Inc. Common Stock",Stock,NYSE
EXP,Eagle Materials Inc Common Stock,Stock,NYSE
OTEX,Open Text Corporation - Common Shares,Stock,NASDAQ
CPA,"Copa Holdings, S.A. Class A Common Stock",Stock,NYSE
STWD,"STARWOOD PROPERTY TRUST, INC. Starwood Property Trust Inc.",Stock,NYSE
PI,"Impinj, Inc. - Common Stock",Stock,NASDAQ
NOVT,Novanta Inc. - Common Shares,Stock,NASDAQ
PSMT,"PriceSmart, Inc. - Common Stock",Stock,NASDAQ
ACMR,"ACM Research, Inc. - Class A Common Stock",Stock,NASDAQ
YOU,"Clear Secure, Inc. Class A Common Stock",Stock,NYSE
BKH,Black Hills Corporation Common Stock,Stock,NYSE
OBDC,Blue Owl Capital Corporation Common Stock,Stock,NYSE
BCPC,Balchem Corporation - Common Stock,Stock,NASDAQ
KGS,"Kodiak Gas Services, Inc. Common Stock",Stock,NYSE
AROC,"Archrock, Inc. Common Stock",Stock,NYSE
IBP,"Installed Building Products, Inc. Common Stock",Stock,NYSE
ROAD,"Construction Partners, Inc. - Common Stock",Stock,NASDAQ
VRNS,"Varonis Systems, Inc. - Common Stock",Stock,NASDAQ
PECO,"Phillips Edison & Company, Inc. - Common Stock",Stock,NASDAQ
BEPC,Brookfield Renewable Corporation Brookfield Renewable Corporation Class A Subordinate Voting Shares,Stock,NYSE
EXLS,"ExlService Holdings, Inc. - Common Stock",Stock,NASDAQ
NIQ,NIQ Global Intelligence plc Ordinary Shares,Stock,NYSE
CRSP,CRISPR Therapeutics AG - Common Shares,Stock,NASDAQ
SHC,Sotera Health Company - Common Stock,Stock,NASDAQ
CWST,"Casella Waste Systems, Inc. - Class A Common Stock",Stock,NASDAQ
INSW,"International Seaways, Inc. Common Stock ",Stock,NYSE
BBUC,Brookfield Business Corporation Class A Subordinate Voting Shares,Stock,NYSE
PTCT,"PTC Therapeutics, Inc. - Common Stock",Stock,NASDAQ
MMSI,"Merit Medical Systems, Inc. - Common Stock",Stock,NASDAQ
MUR,Murphy Oil Corporation Common Stock,Stock,NYSE
HRB,"H&R Block, Inc. Common Stock",Stock,NYSE
CAKE,The Cheesecake Factory Incorporated - Common Stock,Stock,NASDAQ
WH,"Wyndham Hotels & Resorts, Inc. Common Stock ",Stock,NYSE
GXO,"GXO Logistics, Inc. Common Stock ",Stock,NYSE
CVI,CVR Energy Inc. Common Stock,Stock,NYSE
RRR,"Red Rock Resorts, Inc. - Class A Common Stock",Stock,NASDAQ
AXTI,AXT Inc - Common Stock,Stock,NASDAQ
BYD,Boyd Gaming Corporation Common Stock,Stock,NYSE
CRGY,Crescent Energy Company Class A Common Stock,Stock,NYSE
TFX,Teleflex Incorporated Common Stock,Stock,NYSE
CE,Celanese Corporation Common Stock,Stock,NYSE
IRDM,Iridium Communications Inc - Common Stock,Stock,NASDAQ
MAIN,Main Street Capital Corporation Common Stock,Stock,NYSE
LAUR,"Laureate Education, Inc. - Common Stock",Stock,NASDAQ
NJR,NewJersey Resources Corporation Common Stock,Stock,NYSE
FLG,"Flagstar Bank, N.A. Common Stock",Stock,NYSE
SIGI,"Selective Insurance Group, Inc. - Common Stock",Stock,NASDAQ
OZK,Bank OZK - Common Stock,Stock,NASDAQ
GVA,Granite Construction Incorporated Common Stock,Stock,NYSE
PIPR,Piper Sandler Companies Common Stock,Stock,NYSE
AGX,"Argan, Inc. Common Stock",Stock,NYSE
RLI,RLI Corp. Common Stock (DE),Stock,NYSE
MDA,MDA Space Ltd. Common Shares,Stock,NYSE
MWH,"SOLV Energy, Inc. - Class A common stock",Stock,NASDAQ
RITM,Rithm Capital Corp. Common Stock,Stock,NYSE
FTDR,"Frontdoor, Inc. - Common Stock",Stock,NASDAQ
KRG,Kite Realty Group Trust Common Stock,Stock,NYSE
VSEC,VSE Corporation - Common Stock,Stock,NASDAQ
SBRA,"Sabra Health Care REIT, Inc. - Common Stock",Stock,NASDAQ
SPHR,Sphere Entertainment Co. Class A Common Stock,Stock,NYSE
GLNG,Golar LNG Limited - Common Shares,Stock,NASDAQ
VEON,VEON Ltd. - American Depositary Shares,Stock,NASDAQ
NAVN,"Navan, Inc. - Class A Common Stock",Stock,NASDAQ
OCTV,Octave Intelligence plc - Class B Ordinary Shares,Stock,NASDAQ
AX,"Axos Financial, Inc. Common Stock",Stock,NYSE
FND,"Floor & Decor Holdings, Inc. Common Stock",Stock,NYSE
OLLI,"Ollie's Bargain Outlet Holdings, Inc. - Common Stock",Stock,NASDAQ
GRFS,"Grifols, S.A. - American Depositary Shares",Stock,NASDAQ
MRCY,Mercury Systems Inc - Common Stock,Stock,NASDAQ
ACIW,"ACI Worldwide, Inc. - Common Stock",Stock,NASDAQ
CNO,"CNO Financial Group, Inc. Common Stock",Stock,NYSE
NXST,"Nexstar Media Group, Inc. - Common Stock",Stock,NASDAQ
VSH,"Vishay Intertechnology, Inc. Common Stock",Stock,NYSE
ERAS,"Erasca, Inc. - Common Stock",Stock,NASDAQ
IOVA,"Iovance Biotherapeutics, Inc. - Common Stock",Stock,NASDAQ
OMAB,Grupo Aeroportuario del Centro Norte S.A.B. de C.V. - American Depositary Shares each representing 8 Series B shares,Stock,NASDAQ
GBTG,"Global Business Travel Group, Inc. Class A Common Stock",Stock,NYSE
DNTH,"Dianthus Therapeutics, Inc. - Common Stock",Stock,NASDAQ
SON,Sonoco Products Company Common Stock,Stock,NYSE
EBC,"Eastern Bankshares, Inc. - Common Stock",Stock,NASDAQ
GHC,Graham Holdings Company Common Stock,Stock,NYSE
MANE,"Veradermics, Incorporated Common Stock",Stock,NYSE
OUT,OUTFRONT Media Inc. Common Stock,Stock,NYSE
MIDD,The Middleby Corporation - Common Stock,Stock,NASDAQ
DFTX,"Definium Therapeutics, Inc.  - Common Shares",Stock,NASDAQ
KLAR,Klarna Group plc Ordinary Shares,Stock,NYSE
RSI,"Rush Street Interactive, Inc. Class A Common Stock",Stock,NYSE
CNX,CNX Resources Corporation Common Stock,Stock,NYSE
MTN,"Vail Resorts, Inc. Common Stock",Stock,NYSE
GOLF,Acushnet Holdings Corp. Common Stock,Stock,NYSE
MARA,"MARA Holdings, Inc. - Common Stock",Stock,NASDAQ
AKO-B,Embotelladora Andina S.A. Common Stock,Stock,NYSE
WTM,"White Mountains Insurance Group, Ltd. Common Stock",Stock,NYSE
CSW,"CSW Industrials, Inc. Common Stock",Stock,NYSE
BB,BlackBerry Limited Common Stock,Stock,NYSE
GTX,Garrett Motion Inc. - Common Stock,Stock,NASDAQ
HAE,Haemonetics Corporation Common Stock,Stock,NYSE
HAFN,Hafnia Limited Common Shares,Stock,NYSE
KLIC,"Kulicke and Soffa Industries, Inc. - Common Stock",Stock,NASDAQ
PRM,"Perimeter Solutions, SA Common Stock",Stock,NYSE
SKY,"Champion Homes, Inc. Common Stock",Stock,NYSE
GNTX,Gentex Corporation - Common Stock,Stock,NASDAQ
WAY,Waystar Holding Corp. - Common Stock,Stock,NASDAQ
KRMN,Karman Holdings Inc. Common Stock,Stock,NYSE
KVYO,"Klaviyo, Inc. Series A Common Stock",Stock,NYSE
HCC,"Warrior Met Coal, Inc. Common Stock",Stock,NYSE
OTF,Blue Owl Technology Finance Corp. Common Stock,Stock,NYSE
CUZ,Cousins Properties Incorporated Common Stock,Stock,NYSE
CLMT,"Calumet, Inc - Common Stock",Stock,NASDAQ
VIRT,"Virtu Financial, Inc. Class A Common Stock",Stock,NYSE
GEF,Greif Inc. Class A Common Stock,Stock,NYSE
FBIN,"Fortune Brands Innovations, Inc. Common Stock",Stock,NYSE
ADPT,Adaptive Biotechnologies Corporation - Common Stock,Stock,NASDAQ
DOCS,"Doximity, Inc. Class A Common Stock",Stock,NYSE
AMTM,"Amentum Holdings, Inc. Common Stock",Stock,NYSE
TFSL,TFS Financial Corporation - Common Stock,Stock,NASDAQ
UNF,Unifirst Corporation Common Stock,Stock,NYSE
HASI,"HA Sustainable Infrastructure Capital, Inc. Common Stock",Stock,NYSE
ADT,ADT Inc. Common Stock,Stock,NYSE
AIR,AAR Corp. Common Stock,Stock,NYSE
HGTY,"Hagerty, Inc. Class A Common Stock",Stock,NYSE
NSIT,"Insight Enterprises, Inc. - Common Stock",Stock,NASDAQ
CRC,California Resources Corporation Common Stock,Stock,NYSE
LPX,Louisiana-Pacific Corporation Common Stock,Stock,NYSE
UEC,Uranium Energy Corp. Common Stock,Stock,NYSE American
FFIN,"First Financial Bankshares, Inc. - Common Stock",Stock,NASDAQ
CHH,"Choice Hotels International, Inc. Common Stock",Stock,NYSE
CIGI,Colliers International Group Inc.  - Subordinate Voting Shares,Stock,NASDAQ
OII,"Oceaneering International, Inc. Common Stock",Stock,NYSE
PSN,Parsons Corporation Common Stock,Stock,NYSE
ALK,"Alaska Air Group, Inc. Common Stock",Stock,NYSE
REYN,Reynolds Consumer Products Inc. - Common Stock,Stock,NASDAQ
VSNT,"Versant Media Group, Inc. - Class A Common Stock",Stock,NASDAQ
SR,Spire Inc. Common Stock,Stock,NYSE
TREX,"Trex Company, Inc. Common Stock",Stock,NYSE
MYRG,"MYR Group, Inc. - Common Stock",Stock,NASDAQ
MEOH,Methanex Corporation - Common Stock,Stock,NASDAQ
HRI,Herc Holdings Inc. Common Stock ,Stock,NYSE
RELY,"Remitly Global, Inc. - Common stock",Stock,NASDAQ
SFBS,"ServisFirst Bancshares, Inc. Common Stock",Stock,NYSE
MRP,"Millrose Properties, Inc. Class A Common Stock",Stock,NYSE
OGS,"ONE Gas, Inc. Common Stock",Stock,NYSE
GFF,Griffon Corporation Common Stock,Stock,NYSE
LFST,"LifeStance Health Group, Inc. - Common Stock",Stock,NASDAQ
TKC,Turkcell Iletisim Hizmetleri AS Common Stock,Stock,NYSE
CHEF,"The Chefs' Warehouse, Inc. - Common Stock",Stock,NASDAQ
WHD,"Cactus, Inc. Class A Common Stock",Stock,NYSE
FRVO,Fervo Energy Company - Class A common stock,Stock,NASDAQ
ESAB,ESAB Corporation Common Stock,Stock,NYSE
CON,"Concentra Group Holdings Parent, Inc. Common Stock",Stock,NYSE
ATAT,Atour Lifestyle Holdings Limited - American Depositary Shares,Stock,NASDAQ
NNI,"Nelnet, Inc. Common Stock",Stock,NYSE
ONDS,Ondas Inc - Common Stock,Stock,NASDAQ
SLM,SLM Corporation - Common Stock,Stock,NASDAQ
FULT,Fulton Financial Corporation - Common Stock,Stock,NASDAQ
VKTX,"Viking Therapeutics, Inc. - Common Stock",Stock,NASDAQ
SIM,"Grupo Simec, S.A.B. de C.V. American Depositary Shares",Stock,NYSE American
CNR,"Core Natural Resources, Inc. Common Stock",Stock,NYSE
TPC,Tutor Perini Corporation Common Stock,Stock,NYSE
DIOD,Diodes Incorporated - Common Stock,Stock,NASDAQ
CGAU,Centerra Gold Inc. Common Shares,Stock,NYSE
BMA,Banco Macro S.A.  ADR (representing Ten Class B Common Shares),Stock,NYSE
BCO,Brinks Company (The) Common Stock,Stock,NYSE
MMYT,MakeMyTrip Limited - Ordinary Shares,Stock,NASDAQ
EQPT,EquipmentShare.com Inc - Class A Common Stock,Stock,NASDAQ
BDC,Belden Inc Common Stock,Stock,NYSE
UFPI,"UFP Industries, Inc. - Common Stock",Stock,NASDAQ
CNK,"Cinemark Holdings Inc Cinemark Holdings, Inc. Common Stock",Stock,NYSE
RDN,Radian Group Inc. Common Stock,Stock,NYSE
KBR,"KBR, Inc. Common Stock",Stock,NYSE
BC,Brunswick Corporation Common Stock,Stock,NYSE
EPR,EPR Properties Common Stock,Stock,NYSE
MC,Moelis & Company Class A Common Stock,Stock,NYSE
IBOC,International Bancshares Corporation - Common Stock,Stock,NASDAQ
ALH,Alliance Laundry Holdings Inc. Common Stock,Stock,NYSE
XXI,"Twenty One Capital, Inc. Class A Common Stock",Stock,NYSE
ACHR,Archer Aviation Inc. Class A Common Stock,Stock,NYSE
ENVA,"Enova International, Inc. Common Stock",Stock,NYSE
FHI,"Federated Hermes, Inc. Common Stock",Stock,NYSE
BOX,"Box, Inc. Class A Common Stock",Stock,NYSE
CECO,CECO Environmental Corp. - Common Stock,Stock,NASDAQ
BIPC,Brookfield Infrastructure Corporation Brookfield Infrastructure Corporation,Stock,NYSE
ITGR,Integer Holdings Corporation Common Stock,Stock,NYSE
FELE,"Franklin Electric Co., Inc. - Common Stock",Stock,NASDAQ
ARX,Accelerant Holdings Class A Common Shares,Stock,NYSE
CVCO,"Cavco Industries, Inc. - Common Stock",Stock,NASDAQ
ENPH,"Enphase Energy, Inc. - Common Stock",Stock,NASDAQ
HTFL,"Heartflow, Inc. - Common Stock",Stock,NASDAQ
EWTX,"Edgewise Therapeutics, Inc. - Common Stock",Stock,NASDAQ
VNT,Vontier Corporation Common Stock ,Stock,NYSE
OPLN,"OPENLANE, Inc. Common Stock",Stock,NYSE
MTH,Meritage Homes Corporation Common Stock,Stock,NYSE
NWE,"NorthWestern Energy Group, Inc.  - Common Stock",Stock,NASDAQ
LBTYB,Liberty Global Ltd. - Class B Common Shares,Stock,NASDAQ
COLD,"Americold Realty Trust, Inc. Common Stock",Stock,NYSE
INDV,"Indivior Pharmaceuticals, Inc.  - Common Stock",Stock,NASDAQ
TDW,Tidewater Inc. Common Stock,Stock,NYSE
LIVN,LivaNova PLC - Ordinary Shares,Stock,NASDAQ
TNGX,"Tango Therapeutics, Inc. - Common Stock",Stock,NASDAQ
PAM,Pampa Energia S.A.,Stock,NYSE
TCBI,"Texas Capital Bancshares, Inc. - Common Stock",Stock,NASDAQ
PTEN,"Patterson-UTI Energy, Inc. - Common Stock",Stock,NASDAQ
DK,"Delek US Holdings, Inc. Common Stock",Stock,NYSE
SKT,Tanger Inc. Common Stock,Stock,NYSE
RUM,RUM Group Inc. - Class A Common Stock,Stock,NASDAQ
DAVE,Dave Inc.  - Class A Common Stock,Stock,NASDAQ
DLO,DLocal Limited - Class A Common Shares,Stock,NASDAQ
FBP,First BanCorp. New Common Stock,Stock,NYSE
TDS,"Telephone and Data Systems, Inc. Common Shares",Stock,NYSE
ICUI,"ICU Medical, Inc. - Common Stock",Stock,NASDAQ
AZZ,AZZ Inc.,Stock,NYSE
ABCL,AbCellera Biologics Inc. - Common Shares,Stock,NASDAQ
CVSA,Covista Inc. Common Shares,Stock,NYSE
GEO,Geo Group Inc (The) REIT,Stock,NYSE
AYA,Aya Gold & Silver Inc. - Common Shares,Stock,NASDAQ
CATY,Cathay General Bancorp - Common Stock,Stock,NASDAQ
UCB,"United Community Banks, Inc. Common Stock",Stock,NYSE
GEF-B,"Greif, Inc. Corporation Class B Common Stock",Stock,NYSE
AKO-A,Embotelladora Andina S.A. Common Stock,Stock,NYSE
HHH,Howard Hughes Holdings Inc. Common Stock,Stock,NYSE
STNG,Scorpio Tankers Inc. Common Shares,Stock,NYSE
FLY,Firefly Aerospace Inc. - Common Stock,Stock,NASDAQ
SYNA,Synaptics Incorporated - Common Stock,Stock,NASDAQ
DOO,BRP Inc. - Common Subordinate Voting Shares,Stock,NASDAQ
CBT,Cabot Corporation Common Stock,Stock,NYSE
CCC,CCC Intelligent Solutions Holdings Inc. - Common Stock,Stock,NASDAQ
BNL,"Broadstone Net Lease, Inc. Common Stock",Stock,NYSE
KRC,Kilroy Realty Corporation Common Stock,Stock,NYSE
TGS,Transportadora de Gas del Sur SA TGS Common Stock,Stock,NYSE
WSFS,WSFS Financial Corporation - Common Stock,Stock,NASDAQ
SITE,"SiteOne Landscape Supply, Inc. Common Stock",Stock,NYSE
SKE,Skeena Resources Limited Common Shares,Stock,NYSE
FSLY,"Fastly, Inc. - Class A Common Stock",Stock,NASDAQ
SKYW,"SkyWest, Inc. - Common Stock",Stock,NASDAQ
CVBF,CVB Financial Corporation - Common Stock,Stock,NASDAQ
ALM,Almonty Industries Inc. - Common Shares,Stock,NASDAQ
JMKE,Jersey Mike's Subs Inc. Class A Common Stock,Stock,NYSE
BFH,"Bread Financial Holdings, Inc. Common Stock",Stock,NYSE
ERO,Ero Copper Corp. Common Shares,Stock,NYSE
MDU,"MDU Resources Group, Inc. Common Stock (Holding Company)",Stock,NYSE
PRIM,Primoris Services Corporation Common Stock,Stock,NYSE
BRC,Brady Corporation Common Stock,Stock,NYSE
ITRI,"Itron, Inc. - Common Stock",Stock,NASDAQ
CDP,COPT Defense Properties Common Shares of Beneficial Interest,Stock,NYSE
SRAD,Sportradar Group AG - Class A Ordinary Shares,Stock,NASDAQ
SIG,Signet Jewelers Limited Common Shares,Stock,NYSE
SLG,SL Green Realty Corp Common Stock,Stock,NYSE
KFY,Korn Ferry Common Stock,Stock,NYSE
ARIS,Aris Mining Corporation Common Shares,Stock,NYSE
JOYY,JOYY Inc. - American Depositary Shares,Stock,NASDAQ
CAAP,Corporacion America Airports SA Common Shares,Stock,NYSE
TNL,Travel   Leisure Co. Common  Stock,Stock,NYSE
CELC,Celcuity Inc. - Common Stock,Stock,NASDAQ
TLX,Telix Pharmaceuticals Limited - American Depositary Shares,Stock,NASDAQ
MIR,"Mirion Technologies, Inc. Class A Common Stock",Stock,NYSE
PARR,"Par Pacific Holdings, Inc.  Common Stock",Stock,NYSE
BULL,Webull Corporation - Class A Ordinary Shares,Stock,NASDAQ
HP,"Helmerich & Payne, Inc. Common Stock",Stock,NYSE
PBLS,"Parabilis Medicines, Inc. - Common Stock",Stock,NASDAQ
CRK,"Comstock Resources, Inc. Common Stock",Stock,NYSE
AQN,Algonquin Power & Utilities Corp. Common Shares,Stock,NYSE
NVST,Envista Holdings Corporation Common Stock,Stock,NYSE
INDB,Independent Bank Corp. - Common Stock,Stock,NASDAQ
LOPE,"Grand Canyon Education, Inc. - Common Stock",Stock,NASDAQ
RLAY,"Relay Therapeutics, Inc. - Common Stock",Stock,NASDAQ
CAR,"Avis Budget Group, Inc. - Common Stock",Stock,NASDAQ
APLE,"Apple Hospitality REIT, Inc. Common Shares",Stock,NYSE
CNS,Cohen & Steers Inc Common Stock,Stock,NYSE
ACLS,"Axcelis Technologies, Inc. - Common Stock",Stock,NASDAQ
SEB,Seaboard Corporation Common Stock,Stock,NYSE American
CENX,Century Aluminum Company - Common Stock,Stock,NASDAQ
PAY,"Paymentus Holdings, Inc. Class A Common Stock",Stock,NYSE
MAT,"Mattel, Inc. - Common Stock",Stock,NASDAQ
SLGN,Silgan Holdings Inc. Common Stock,Stock,NYSE
WK,Workiva Inc. Class A Common Stock,Stock,NYSE
BATRA,"Atlanta Braves Holdings, Inc. - Series A Common Stock",Stock,NASDAQ
AVNT,Avient Corporation Common Stock,Stock,NYSE
IPAR,"Interparfums, Inc. - Common Stock",Stock,NASDAQ
RHI,Robert Half Inc. Common Stock,Stock,NYSE
NP,Neptune Insurance Holdings Inc. Class A Common Stock,Stock,NYSE
BILL,"BILL Holdings, Inc. Common Stock",Stock,NYSE
AMLX,"Amylyx Pharmaceuticals, Inc. - Common Stock",Stock,NASDAQ
CRVL,CorVel Corp. - Common Stock,Stock,NASDAQ
BMI,"Badger Meter, Inc. Common Stock",Stock,NYSE
EE,"Excelerate Energy, Inc. Class A Common Stock",Stock,NYSE
OTTR,Otter Tail Corporation - Common Stock,Stock,NASDAQ
SEZL,Sezzle Inc. - Common Stock,Stock,NASDAQ
MSGE,Madison Square Garden Entertainment Corp. Class A Common Stock,Stock,NYSE
BOOT,"Boot Barn Holdings, Inc. Common Stock",Stock,NYSE
THO,"Thor Industries, Inc. Common Stock",Stock,NYSE
JOE,St. Joe Company (The) Common Stock,Stock,NYSE
LEGN,Legend Biotech Corporation - American Depositary Shares,Stock,NASDAQ
DNP,"DNP Select Income Fund, Inc. Common Stock",Stock,NYSE
FCN,"FTI Consulting, Inc. Common Stock",Stock,NYSE
WSBC,"WesBanco, Inc. - Common Stock",Stock,NASDAQ
IOND,Ionic Digital Inc. - Class A Common Stock,Stock,NASDAQ
TENB,"Tenable Holdings, Inc. - Common Stock",Stock,NASDAQ
VVV,Valvoline Inc. Common Stock,Stock,NYSE
RNST,Renasant Corporation Common Stock,Stock,NYSE
WT,"WisdomTree, Inc. Common Stock",Stock,NYSE
PLSE,"Pulse Biosciences, Inc - Common Stock",Stock,NASDAQ
DORM,"Dorman Products, Inc. - Common Stock",Stock,NASDAQ
WBI,WaterBridge Infrastructure LLC Class A Shares Representing Limited Liability Company Interests,Stock,NYSE
BWLP,BW LPG Limited Common Shares,Stock,NYSE
BANF,BancFirst Corporation - Common Stock,Stock,NASDAQ
VCYT,"Veracyte, Inc. - Common Stock",Stock,NASDAQ
BELFB,Bel Fuse Inc. - Class B Common Stock,Stock,NASDAQ
ATMU,Atmus Filtration Technologies Inc. Common Stock,Stock,NYSE
TAC,TransAlta Corporation Ordinary Shares,Stock,NYSE
IRTC,"iRhythm Holdings, Inc.  - Common Stock",Stock,NASDAQ
OGN,Organon & Co. Common Stock ,Stock,NYSE
LXP,LXP Industrial Trust Common Stock (Maryland REIT),Stock,NYSE
CLSK,"CleanSpark, Inc. - Common Stock",Stock,NASDAQ
LAZ,"Lazard, Inc. Common Stock",Stock,NYSE
XENE,Xenon Pharmaceuticals Inc. - Common Shares,Stock,NASDAQ
KTB,"Kontoor Brands, Inc. Common Stock ",Stock,NYSE
ACAD,ACADIA Pharmaceuticals Inc. - Common Stock,Stock,NASDAQ
GNW,Genworth Financial Inc Common Stock,Stock,NYSE
NHC,National HealthCare Corporation Common Stock,Stock,NYSE American
OLED,Universal Display Corporation - Common Stock,Stock,NASDAQ
TARS,"Tarsus Pharmaceuticals, Inc. - Common Stock",Stock,NASDAQ
IDYA,"IDEAYA Biosciences, Inc. - Common Stock",Stock,NASDAQ
MNDY,monday.com Ltd. - Ordinary Shares,Stock,NASDAQ
VAC,Marriott Vacations Worldwide Corporation Common Stock,Stock,NYSE
IRT,"Independence Realty Trust, Inc. Common Stock",Stock,NYSE
NIC,Nicolet Bankshares Inc. Common Stock,Stock,NYSE
TRMD,TORM plc - Class A Common Stock,Stock,NASDAQ
MANU,Manchester United Ltd. Class A Ordinary Shares,Stock,NYSE
ZIM,ZIM Integrated Shipping Services Ltd. Ordinary Shares,Stock,NYSE
FIBK,"First Interstate BancSystem, Inc. - Common Stock",Stock,NASDAQ
UCTT,"Ultra Clean Holdings, Inc. - Common Stock",Stock,NASDAQ
DHT,"DHT Holdings, Inc.",Stock,NYSE
MHO,"M/I Homes, Inc. Common Stock",Stock,NYSE
PVH,PVH Corp. Common Stock,Stock,NYSE
QTWO,"Q2 Holdings, Inc. Common Stock",Stock,NYSE
BATRK,"Atlanta Braves Holdings, Inc. - Series C Common Stock",Stock,NASDAQ
LMND,"Lemonade, Inc. Common Stock",Stock,NYSE
MIAX,"Miami International Holdings, Inc. Common Stock",Stock,NYSE
FSM,Fortuna Mining Corp. Common Shares,Stock,NYSE
OPCH,"Option Care Health, Inc. - Common Stock",Stock,NASDAQ
SMR,NuScale Power Corporation Class A Common Stock,Stock,NYSE
EROC,"ERock, Inc. Class A Common Stock",Stock,NYSE
SXI,Standex International Corporation Common Stock,Stock,NYSE
MGNI,"Magnite, Inc. - Common Stock",Stock,NASDAQ
SBLK,Star Bulk Carriers Corp. - Common Shares,Stock,NASDAQ
ZGN,Ermenegildo Zegna N.V. Ordinary Shares,Stock,NYSE
AEHR,Aehr Test Systems - Common Stock,Stock,NASDAQ
HNI,HNI Corporation Common Stock,Stock,NYSE
FFBC,First Financial Bancorp. - Common Stock,Stock,NASDAQ
NATL,NCR Atleos Corporation Common Stock,Stock,NYSE
PFSI,"PennyMac Financial Services, Inc. Common Stock",Stock,NYSE
COCO,"The Vita Coco Company, Inc. - Common Stock",Stock,NASDAQ
PTRN,Pattern Group Inc. - Series A Common Stock,Stock,NASDAQ
ARQT,"Arcutis Biotherapeutics, Inc. - Common stock",Stock,NASDAQ
HIW,"Highwoods Properties, Inc. Common Stock",Stock,NYSE
MWA,MUELLER WATER PRODUCTS Common Stock,Stock,NYSE
CSTM,Constellium SE Ordinary Shares (France),Stock,NYSE
FA,First Advantage Corporation - Common Stock,Stock,NASDAQ
GPGI,"GPGI, Inc. Class A Common Stock",Stock,NYSE
TOWN,Towne Bank - Common Stock,Stock,NASDAQ
MCHB,Mechanics Bancorp - Class A Common Stock,Stock,NASDAQ
SFNC,Simmons First National Corporation - Common Stock,Stock,NASDAQ
LIF,"Life360, Inc. - Common Stock",Stock,NASDAQ
AAMI,Acadian Asset Management Inc. Common Stock,Stock,NYSE
CSQ,Calamos Strategic Total Return Fund - Closed End Fund,Stock,NASDAQ
ABG,Asbury Automotive Group Inc Common Stock,Stock,NYSE
IPGP,IPG Photonics Corporation - Common Stock,Stock,NASDAQ
BBWI,"Bath & Body Works, Inc.",Stock,NYSE
POST,"Post Holdings, Inc. Common Stock",Stock,NYSE
VGNT,Versigent PLC Ordinary Shares,Stock,NYSE
WRBY,Warby Parker Inc. Class A Common Stock,Stock,NYSE
SHOO,"Steven Madden, Ltd. - Common Stock",Stock,NASDAQ
CDNA,"CareDx, Inc. - Common Stock",Stock,NASDAQ
WSC,WillScot Holdings Corporation - Class A Common Stock,Stock,NASDAQ
LIFE,Ethos Technologies Inc. - Class A Common Stock,Stock,NASDAQ
NHI,"National Health Investors, Inc. Common Stock",Stock,NYSE
PLMR,"Palomar Holdings, Inc. - Common stock",Stock,NASDAQ
HG,"Hamilton Insurance Group, Ltd. Class B Common Shares",Stock,NYSE
PRK,Park National Corporation Common Stock,Stock,NYSE American
AWR,American States Water Company Common Stock,Stock,NYSE
ELVN,"Enliven Therapeutics, Inc.  - Common Stock",Stock,NASDAQ
CURB,Curbline Properties Corp. Common Stock,Stock,NYSE
FRSH,Freshworks Inc. - Class A Common Stock,Stock,NASDAQ
INFQ,"Infleqtion, Inc. Common Stock",Stock,NYSE
SA,"Seabridge Gold, Inc. Common Shares New",Stock,NYSE
LRN,"Stride, Inc. Common Stock",Stock,NYSE
RXO,"RXO, Inc. Common Stock",Stock,NYSE
TNK,Teekay Tankers Ltd.,Stock,NYSE
DNLI,Denali Therapeutics Inc. - Common Stock,Stock,NASDAQ
ADX,Adams Diversified Equity Fund Inc.,Stock,NYSE
NESR,National Energy Services Reunited Corp - Ordinary Shares,Stock,NASDAQ
CBU,"Community Financial System, Inc. Common Stock",Stock,NYSE
PLNT,"Planet Fitness, Inc. Common Stock",Stock,NYSE
GBDC,"Golub Capital BDC, Inc. - Closed End Fund",Stock,NASDAQ
KAI,Kadant Inc Common Stock,Stock,NYSE
LION,Lionsgate Studios Corp Common Shares,Stock,NYSE
LBTYA,Liberty Global Ltd. - Class A Common Shares,Stock,NASDAQ
AMBA,"Ambarella, Inc. - Ordinary Shares",Stock,NASDAQ
KN,Knowles Corporation Common Stock,Stock,NYSE
NVTS,Navitas Semiconductor Corporation - Common Stock,Stock,NASDAQ
BFAM,Bright Horizons Family Solutions Inc. Common Stock,Stock,NYSE
SII,Sprott Inc. Common Shares,Stock,NYSE
SBCF,Seacoast Banking Corporation of Florida - Common Stock,Stock,NASDAQ
NMRK,"Newmark Group, Inc. - Class A Common Stock",Stock,NASDAQ
USLM,"United States Lime & Minerals, Inc. - Common Stock",Stock,NASDAQ
ATKR,Atkore Inc. Common Stock,Stock,NYSE
UTG,Reaves Utility Income Fund Common Shares of Beneficial Interest,Stock,NYSE American
CXW,"CoreCivic, Inc. Common Stock",Stock,NYSE
HTGC,"Hercules Capital, Inc. Common Stock",Stock,NYSE
COHU,"Cohu, Inc. - Common Stock",Stock,NASDAQ
BTE,Baytex Energy Corp Common Shares,Stock,NYSE
ASH,Ashland Inc. Common Stock,Stock,NYSE
LBTYK,Liberty Global Ltd. - Class C Common Shares,Stock,NASDAQ
OUST,"Ouster, Inc. - Common Stock",Stock,NASDAQ
TGB,Trekor Metals Limited Common Shares,Stock,NYSE American
CALM,"Cal-Maine Foods, Inc. - Common Stock",Stock,NASDAQ
OSIS,"OSI Systems, Inc. - Common Stock",Stock,NASDAQ
RCUS,"Arcus Biosciences, Inc. Common Stock",Stock,NYSE
NG,Novagold Resources Inc.,Stock,NYSE American
BTDR,Bitdeer Technologies Group - Ordinary Shares,Stock,NASDAQ
FSK,FS KKR Capital Corp. Common Stock,Stock,NYSE
BKU,"BankUnited, Inc. Common Stock",Stock,NYSE
PK,Park Hotels & Resorts Inc. Common Stock ,Stock,NYSE
AAUC,Allied Gold Corporation Common Shares,Stock,NYSE
CPK,Chesapeake Utilities Corporation Common Stock,Stock,NYSE
NMIH,NMI Holdings Inc - Common Stock,Stock,NASDAQ
BTU,Peabody Energy Corporation Common Stock ,Stock,NYSE
KNF,Knife Riv Holding Co. Common Stock,Stock,NYSE
LBRT,Liberty Energy Inc. Class A common stock,Stock,NYSE
WIX,Wix.com Ltd. - Ordinary Shares,Stock,NASDAQ
YETI,"YETI Holdings, Inc. Common Stock",Stock,NYSE
BWIN,"The Baldwin Insurance Group, Inc. - Class A Common Stock",Stock,NASDAQ
IMAX,Imax Corporation Common Stock,Stock,NYSE
FHB,"First Hawaiian, Inc. - Common Stock",Stock,NASDAQ
BHF,"Brighthouse Financial, Inc. - Common Stock",Stock,NASDAQ
VTMX,"Corporacion Inmobiliaria Vesta, S.A.B de C.V. American Depositary Shares, each representing ten (10) Common Shares",Stock,NYSE
AGO,Assured Guaranty Ltd. Common Stock,Stock,NYSE
EXPO,"Exponent, Inc. - Common Stock",Stock,NASDAQ
WOR,"Worthington Enterprises, Inc. Common Shares",Stock,NYSE
ECO,Okeanis Eco Tankers Corp. Common Stock,Stock,NYSE
FOUR,"Shift4 Payments, Inc. Class A Common Stock",Stock,NYSE
VECO,Veeco Instruments Inc. - Common Stock,Stock,NASDAQ
ASO,"Academy Sports and Outdoors, Inc. - Common Stock",Stock,NASDAQ
NEA,Nuveen AMT-Free Quality Municipal Income Fund Common Shares of Beneficial Interest Par Value $.01,Stock,NYSE
QS,QuantumScape Corporation - Common Stock,Stock,NASDAQ
PII,Polaris Inc. Common Stock,Stock,NYSE
KYIV,Kyivstar Group Ltd. - Common Shares,Stock,NASDAQ
LEU,Centrus Energy Corp. Class A Common Stock,Stock,NYSE
GPI,"Group 1 Automotive, Inc. Common Stock",Stock,NYSE
UUUU,Energy Fuels Inc Ordinary Shares (Canada),Stock,NYSE American
CBZ,"CBIZ, Inc. Common Stock",Stock,NYSE
NEOG,Neogen Corporation - Common Stock,Stock,NASDAQ
DBRG,"DigitalBridge Group, Inc.",Stock,NYSE
DYN,"Dyne Therapeutics, Inc. - Common Stock",Stock,NASDAQ
PONY,Pony AI Inc. - American Depositary Shares,Stock,NASDAQ
TNET,"TriNet Group, Inc. Common Stock",Stock,NYSE
AD,"Array Digital Infrastructure, Inc. Common Shares",Stock,NYSE
DXPE,"DXP Enterprises, Inc. - Common Stock",Stock,NASDAQ
LPL,"LG Display Co, Ltd AMERICAN DEPOSITORY SHARES",Stock,NYSE
PFS,"Provident Financial Services, Inc Common Stock",Stock,NYSE
PPLI,People Incorporated - Common Stock,Stock,NASDAQ
ATRO,Astronics Corporation - Common Stock,Stock,NASDAQ
DGII,Digi International Inc. - Common Stock,Stock,NASDAQ
ATRC,"AtriCure, Inc. - Common Stock",Stock,NASDAQ
BHE,"Benchmark Electronics, Inc. Common Stock",Stock,NYSE
SMG,Scotts Miracle-Gro Company (The) Common Stock,Stock,NYSE
GRBK,"Green Brick Partners, Inc. Common Stock",Stock,NYSE
TMDX,"TransMedics Group, Inc. - Common Stock",Stock,NASDAQ
COLM,Columbia Sportswear Company - Common Stock,Stock,NASDAQ
SPNT,SiriusPoint Ltd. Common Shares,Stock,NYSE
AVA,Avista Corporation Common Stock,Stock,NYSE
PPTA,Perpetua Resources Corp. - Common Shares,Stock,NASDAQ
BELFA,Bel Fuse Inc. - Class A Common Stock,Stock,NASDAQ
SPSC,"SPS Commerce, Inc. - Common Stock",Stock,NASDAQ
DAN,Dana Incorporated Common Stock ,Stock,NYSE
KBH,KB Home Common Stock,Stock,NYSE
ABM,ABM Industries Incorporated Common Stock,Stock,NYSE
POWI,"Power Integrations, Inc. - Common Stock",Stock,NASDAQ
RDW,Redwire Corporation Common Stock,Stock,NYSE
FG,"F&G Annuities & Life, Inc. Common Stock",Stock,NYSE
FRMI,Fermi Inc. - Common Stock,Stock,NASDAQ
KC,Kingsoft Cloud Holdings Limited - American Depositary Shares,Stock,NASDAQ
CHRN,ChronoScale Holdings Corporation - Common Stock,Stock,NASDAQ
PENG,"Penguin Solutions, Inc. - Common Stock",Stock,NASDAQ
DNOW,DNOW Inc. Common Stock,Stock,NYSE
EFXT,Enerflex Ltd Common Shares,Stock,NYSE
NTCT,"NetScout Systems, Inc. - Common Stock",Stock,NASDAQ
TR,"Tootsie Roll Industries, Inc. Common Stock",Stock,NYSE
ASST,"Strive, Inc. - Class A Common Stock",Stock,NASDAQ
CWT,California Water Service Group Common Stock,Stock,NYSE
CWK,Cushman & Wakefield Ltd. Common Shares,Stock,NYSE
IHS,IHS Holding Limited Ordinary Shares,Stock,NYSE
SDRL,Seadrill Limited Common Shares,Stock,NYSE
EXTR,"Extreme Networks, Inc. - Common Stock",Stock,NASDAQ
BANC,"Banc of California, Inc. Common Stock",Stock,NYSE
EROK,"EagleRock Land, LLC Class A shares representing limited liability company interests",Stock,NYSE
CSQR,"Csquare, Inc. Common Stock",Stock,NYSE
WTTR,"Select Water Solutions, Inc. Class A common stock",Stock,NYSE
BOH,Bank of Hawaii Corporation Common Stock,Stock,NYSE
MRVI,"Maravai LifeSciences Holdings, Inc. - Class A common stock",Stock,NASDAQ
DX,"Dynex Capital, Inc. Common Stock",Stock,NYSE
KWR,Quaker Houghton Common Stock,Stock,NYSE
AGYS,"Agilysys, Inc. - Common Stock",Stock,NASDAQ
ADEA,Adeia Inc.  - Common Stock,Stock,NASDAQ
AKR,Acadia Realty Trust Common Stock,Stock,NYSE
ZLAB,Zai Lab Limited - American Depositary Shares,Stock,NASDAQ
ARCB,ArcBest Corporation - Common Stock,Stock,NASDAQ
CARG,"CarGurus, Inc. - Class A Common Stock",Stock,NASDAQ
FRPT,"Freshpet, Inc. - Common Stock",Stock,NASDAQ
EXK,Endeavour Silver Corporation Ordinary Shares (Canada),Stock,NYSE
HGV,Hilton Grand Vacations Inc. Common Stock ,Stock,NYSE
AEO,"American Eagle Outfitters, Inc. Common Stock",Stock,NYSE
FIZZ,National Beverage Corp. - Common Stock,Stock,NASDAQ
GPK,Graphic Packaging Holding Company,Stock,NYSE
PGEN,"Precigen, Inc. - Common Stock",Stock,NASDAQ
REZI,"Resideo Technologies, Inc. Common Stock ",Stock,NYSE
BRZE,"Braze, Inc. - Class A Common Stock",Stock,NASDAQ
PLUG,"Plug Power, Inc. - Common Stock",Stock,NASDAQ
MGRC,McGrath RentCorp - Common Stock,Stock,NASDAQ
UNFI,"United Natural Foods, Inc. Common Stock",Stock,NYSE
INTA,"Intapp, Inc. - Common Stock",Stock,NASDAQ
MMS,"Maximus, Inc. Common Stock",Stock,NYSE
AVPT,"AvePoint, Inc. - Class A Common Stock",Stock,NASDAQ
TALO,"Talos Energy, Inc. Common Stock",Stock,NYSE
CXT,"Crane NXT, Co. Common Stock",Stock,NYSE
MZTI,The Marzetti Company - Common Stock,Stock,NASDAQ
GRND,Grindr Inc. Common Stock,Stock,NYSE
UE,Urban Edge Properties Common Shares of Beneficial Interest,Stock,NYSE
GPOR,Gulfport Energy Corporation Common Shares,Stock,NYSE
CLBT,Cellebrite DI Ltd. - Ordinary Shares,Stock,NASDAQ
AVAH,Aveanna Healthcare Holdings Inc. - Common Stock,Stock,NASDAQ
WING,Wingstop Inc. - Common Stock,Stock,NASDAQ
SLDE,"Slide Insurance Holdings, Inc. - Common Stock",Stock,NASDAQ
FUL,H. B. Fuller Company Common Stock,Stock,NYSE
LFTO,"Liftoff Mobile, Inc. - Common Stock",Stock,NASDAQ
HWKN,"Hawkins, Inc. - Common Stock",Stock,NASDAQ
BCC,"Boise Cascade, L.L.C. Common Stock",Stock,NYSE
TDC,Teradata Corporation Common Stock,Stock,NYSE
SOUN,"SoundHound AI, Inc. - Class A Common Stock",Stock,NASDAQ
BBAR,Banco BBVA Argentina S.A. ADS,Stock,NYSE
TRMK,Trustmark Corporation - Common Stock,Stock,NASDAQ
NBTB,NBT Bancorp Inc. - Common Stock,Stock,NASDAQ
HAYW,"Hayward Holdings, Inc. Common Stock",Stock,NYSE
HOS,"Hornbeck Offshore Services, Inc. Common Stock",Stock,NYSE
WDFC,WD-40 Company - Common Stock,Stock,NASDAQ
FIVN,"Five9, Inc. - Common Stock",Stock,NASDAQ
MAN,ManpowerGroup Common Stock,Stock,NYSE
BKD,Brookdale Senior Living Inc. Common Stock,Stock,NYSE
QURE,uniQure N.V. - Ordinary Shares,Stock,NASDAQ
HOG,"Harley-Davidson, Inc. Common Stock",Stock,NYSE
MGEE,MGE Energy Inc. - Common Stock,Stock,NASDAQ
NAMS,NewAmsterdam Pharma Company N.V. - Ordinary Shares,Stock,NASDAQ
WGS,GeneDx Holdings Corp. - Class A Common Stock,Stock,NASDAQ
FBK,FB Financial Corporation Common Stock,Stock,NYSE
FBNC,First Bancorp - Common Stock,Stock,NASDAQ
AMC,"AMC Entertainment Holdings, Inc. Class A Common Stock",Stock,NYSE
ALRM,"Alarm.com Holdings, Inc. - Common Stock",Stock,NASDAQ
AMBP,Ardagh Metal Packaging S.A. Ordinary Shares,Stock,NYSE
ACHC,"Acadia Healthcare Company, Inc. - Common Stock",Stock,NASDAQ
GRDN,"Guardian Pharmacy Services, Inc. Class A Common Stock",Stock,NYSE
HTO,H2O America  - Common Stock,Stock,NASDAQ
SECZ,Securitize Corp. Common Stock,Stock,NYSE
CUBI,"Customers Bancorp, Inc Common Stock",Stock,NYSE
DCO,Ducommun Incorporated Common Stock,Stock,NYSE
MBX,"MBX Biosciences, Inc. - Common Stock",Stock,NASDAQ
MNSO,"MINISO Group Holding Limited American Depositary Shares, each representing four Ordinary Shares",Stock,NYSE
APPN,Appian Corporation - Class A Common Stock,Stock,NASDAQ
CALY,Callaway Golf Company Common Stock,Stock,NYSE
APAM,Artisan Partners Asset Management Inc. Class A Common Stock,Stock,NYSE
DRH,Diamondrock Hospitality Company - Common Stock,Stock,NASDAQ
GPCR,Structure Therapeutics Inc. - American Depositary Shares,Stock,NASDAQ
FRME,First Merchants Corporation - Common Stock,Stock,NASDAQ
TTAM,Titan America SA Common Shares,Stock,NYSE
AXGN,"Axogen, Inc. - Common Stock",Stock,NASDAQ
PURR,Hyperliquid Strategies Inc - Common Stock,Stock,NASDAQ
DJT,Trump Media & Technology Group Corp. - Common Stock,Stock,NASDAQ
BANR,Banner Corporation - Common Stock,Stock,NASDAQ
KD,"Kyndryl Holdings, Inc. Common Stock",Stock,NYSE
AAP,Advance Auto Parts Inc.,Stock,NYSE
HIMX,"Himax Technologies, Inc. - American depositary shares, each of which represents two ordinary shares.",Stock,NASDAQ
PRVA,"Privia Health Group, Inc. - Common Stock",Stock,NASDAQ
HURN,Huron Consulting Group Inc. - Common Stock,Stock,NASDAQ
GDV,Gabelli Dividend & Income Trust Common Shares of Beneficial Interest,Stock,NYSE
NGVT,Ingevity Corporation Common Stock ,Stock,NYSE
SVM,Silvercorp Metals Inc. Common Shares,Stock,NYSE American
BEAM,Beam Therapeutics Inc. - Common Stock,Stock,NASDAQ
IRON,"Disc Medicine, Inc. - Common Stock",Stock,NASDAQ
LUNR,"Intuitive Machines, Inc. - Class A Common Stock",Stock,NASDAQ
VIA,"Via Transportation, Inc. Class A Common Stock",Stock,NYSE
BFLY,"Butterfly Network, Inc. Class A Common Stock",Stock,NYSE
IMOS,ChipMOS TECHNOLOGIES INC. - American Depositary Shares,Stock,NASDAQ
OPEN,Opendoor Technologies Inc  - Common Stock,Stock,NASDAQ
PAGS,PagSeguro Digital Ltd. Class A Common Shares,Stock,NYSE
KALU,Kaiser Aluminum Corporation - Common Stock,Stock,NASDAQ
RNW,ReNew Energy Global plc - Class A Shares,Stock,NASDAQ
BUSE,First Busey Corporation - Common Stock,Stock,NASDAQ
SUPN,"Supernus Pharmaceuticals, Inc. - Common Stock",Stock,NASDAQ
NEO,"NeoGenomics, Inc. - Common Stock",Stock,NASDAQ
NOG,"Northern Oil and Gas, Inc. Common Stock",Stock,NYSE
TSAT,Telesat Corporation - Class A Common Shares and Class B Variable Voting Shares,Stock,NASDAQ
CENT,Central Garden & Pet Company - Common Stock,Stock,NASDAQ
ROG,Rogers Corporation Common Stock,Stock,NYSE
LCLN,"Lincoln International, Inc. Class A Common Stock",Stock,NYSE
ATHM,"Autohome Inc. American Depositary Shares, each representing four class A ordinary shares.",Stock,NYSE
EEFT,"Euronet Worldwide, Inc. - Common Stock",Stock,NASDAQ
CLDX,"Celldex Therapeutics, Inc. - Common Stock",Stock,NASDAQ
SYBT,"Stock Yards Bancorp, Inc. - Common Stock",Stock,NASDAQ
FCPT,"Four Corners Property Trust, Inc. Common Stock",Stock,NYSE
MH,"McGraw Hill, Inc. Common Stock",Stock,NYSE
SKWD,"Skyward Specialty Insurance Group, Inc. - Common Stock",Stock,NASDAQ
IMNM,"Immunome, Inc. - Common Stock",Stock,NASDAQ
IOSP,Innospec Inc. - Common Stock,Stock,NASDAQ
PAYO,Payoneer Global Inc. - Common Stock,Stock,NASDAQ
NN,NextNav Inc. - Common stock,Stock,NASDAQ
HCM,HUTCHMED (China) Limited - American Depositary Shares,Stock,NASDAQ
WLYB,"John Wiley & Sons, Inc. Common Stock",Stock,NYSE
VC,Visteon Corporation - Common Stock,Stock,NASDAQ
WLY,"John Wiley & Sons, Inc. Common Stock",Stock,NYSE
HRMY,"Harmony Biosciences Holdings, Inc. - Common Stock",Stock,NASDAQ
DNN,Denison Mines Corp Ordinary Shares (Canada),Stock,NYSE American
MBIN,Merchants Bancorp - Common Stock,Stock,NASDAQ
NRIX,"Nurix Therapeutics, Inc. - Common stock",Stock,NASDAQ
BKV,BKV Corporation Common Stock,Stock,NYSE
CLOV,"Clover Health Investments, Corp.  - Class A Common stock",Stock,NASDAQ
PTY,Pimco Corporate & Income Opportunity Fund,Stock,NYSE
IVT,InvenTrust Properties Corp. Common Stock,Stock,NYSE
INOD,Innodata Inc. - Common Stock,Stock,NASDAQ
SHAK,"Shake Shack, Inc. Class A Common Stock",Stock,NYSE
VVX,"V2X, Inc. Common Stock",Stock,NYSE
KMT,Kennametal Inc. Common Stock,Stock,NYSE
BBT,Beacon Financial Corporation Common stock,Stock,NYSE
PLUS,ePlus inc. - Common Stock,Stock,NASDAQ
NAD,Nuveen Quality Municipal Income Fund Common Stock,Stock,NYSE
TRLV,Trulieve Cannabis Corp. Subordinate Voting Shares,Stock,NYSE
RH,RH Common Stock,Stock,NYSE
KEEL,Keel Infrastructure Corp. - Common Stock,Stock,NASDAQ
VERA,"Vera Therapeutics, Inc. - Class A Common Stock",Stock,NASDAQ
SLS,"SELLAS Life Sciences Group, Inc.  - Common Stock",Stock,NASDAQ
KYN,"Kayne Anderson Energy Infrastructure Fund, Inc.",Stock,NYSE
COTY,Coty Inc. Class A Common Stock,Stock,NYSE
NVG,Nuveen AMT-Free Municipal Credit Income Fund ,Stock,NYSE
LASR,"nLIGHT, Inc. - Common Stock",Stock,NASDAQ
OSW,OneSpaWorld Holdings Limited - Common Shares,Stock,NASDAQ
AGM,Federal Agricultural Mortgage Corporation Common Stock,Stock,NYSE
WAFD,"WaFd, Inc. - Common Stock",Stock,NASDAQ
VRDN,"Viridian Therapeutics, Inc.  - Common Stock",Stock,NASDAQ
NTB,Bank of N.T. Butterfield & Son Limited (The) Voting Ordinary Shares,Stock,NYSE
UPST,"Upstart Holdings, Inc. - Common stock",Stock,NASDAQ
LTC,"LTC Properties, Inc. Common Stock",Stock,NYSE
NWL,Newell Brands Inc. - Common Stock,Stock,NASDAQ
AERO,"Grupo Aeromexico, S.A.B. de C.V. American Depositary Shares (each representing ten (10) Common Shares)",Stock,NYSE
PRLB,"Proto Labs, Inc. Common stock",Stock,NYSE
UFPT,"UFP Technologies, Inc. - Common Stock",Stock,NASDAQ
MLYS,"Mineralys Therapeutics, Inc. - Common Stock",Stock,NASDAQ
LPG,Dorian LPG Ltd. Common Stock,Stock,NYSE
RAMP,"LiveRamp Holdings, Inc. Common Stock",Stock,NYSE
ALMR,"Alamar Biosciences, Inc. - Class A common stock",Stock,NASDAQ
ANDE,"The Andersons, Inc. - Common Stock",Stock,NASDAQ
PHIN,PHINIA Inc. Common Stock,Stock,NYSE
CDLR,Cadeler A/S American Depositary Share (each representing four (4) Ordinary Shares),Stock,NYSE
HLIO,"Helios Technologies, Inc. Common Stock",Stock,NYSE
INTR,Inter & Co. Inc. - Class A Common Shares,Stock,NASDAQ
CNXN,"PC Connection, Inc. - Common Stock",Stock,NASDAQ
PHVS,Pharvaris N.V. - Ordinary Shares,Stock,NASDAQ
PBI,Pitney Bowes Inc. Common Stock,Stock,NYSE
NWBI,"Northwest Bancshares, Inc. - Common Stock",Stock,NASDAQ
FIGS,"FIGS, Inc. Class A Common Stock",Stock,NYSE
BGSI,Boyd Group Services Inc. Common Shares,Stock,NYSE
TMC,TMC the metals company Inc. - Common Stock,Stock,NASDAQ
TRN,"Trinity Industries, Inc. Common Stock",Stock,NYSE
SIND,Sinda Ltd. Common Stock,Stock,NYSE
AMR,"Alpha Metallurgical Resources, Inc. Common Stock",Stock,NYSE
HTH,Hilltop Holdings Inc.,Stock,NYSE
PBH,Prestige Consumer Healthcare Inc. Common Stock,Stock,NYSE
SSMR,Sunshine Silver Mining & Refining Company Common Stock,Stock,NYSE
EFSC,Enterprise Financial Services Corporation - Common Stock,Stock,NASDAQ
PATK,"Patrick Industries, Inc. - Common Stock",Stock,NASDAQ
OFG,OFG Bancorp Common Stock,Stock,NYSE
BCRX,"BioCryst Pharmaceuticals, Inc. - Common Stock",Stock,NASDAQ
DRD,DRDGOLD Limited American Depositary Shares,Stock,NYSE
AUPH,Aurinia Pharmaceuticals Inc - Common Shares,Stock,NASDAQ
AADX,"Applied Aerospace & Defense, Inc. Common Stock",Stock,NYSE
BKE,"Buckle, Inc. (The) Common Stock",Stock,NYSE
CHA,"Chagee Holdings Limited - American Depositary Shares, each representing 1 Class A ordinary share",Stock,NASDAQ
CC,Chemours Company (The) Common Stock,Stock,NYSE
HCI,"HCI Group, Inc. Common Stock",Stock,NYSE
ICHR,Ichor Holdings - Ordinary Shares,Stock,NASDAQ
NZF,Nuveen Municipal Credit Income Fund ,Stock,NYSE
UNIT,Uniti Group Inc. - Common Stock,Stock,NASDAQ
ALGT,Allegiant Travel Company - Common Stock,Stock,NASDAQ
PTON,"Peloton Interactive, Inc. - Common Stock",Stock,NASDAQ
SDGR,"Schrodinger, Inc. - Common Stock",Stock,NASDAQ
SONO,"Sonos, Inc. - Common Stock",Stock,NASDAQ
CTOS,"Custom Truck One Source, Inc. Common Stock",Stock,NYSE
RVT,"Royce Small-Cap Trust, Inc. Common Stock",Stock,NYSE
STNE,StoneCo Ltd. - Class A Common Share,Stock,NASDAQ
MD,"Pediatrix Medical Group, Inc. Common Stock",Stock,NYSE
PRGO,Perrigo Company plc Ordinary Shares,Stock,NYSE
MPT,"Medical Properties Trust, Inc. common stock",Stock,NYSE
CENTA,Central Garden & Pet Company - Class A Common Stock Nonvoting,Stock,NASDAQ
DBD,Diebold Nixdorf Incorporated Common stock,Stock,NYSE
BHC,Bausch Health Companies Inc. Common Stock,Stock,NYSE
OCUL,"Ocular Therapeutix, Inc. - Common Stock",Stock,NASDAQ
FLYW,Flywire Corporation - Voting Common Stock,Stock,NASDAQ
ADUS,Addus HomeCare Corporation - Common Stock,Stock,NASDAQ
FCF,First Commonwealth Financial Corporation Common Stock,Stock,NYSE
MCRI,"Monarch Casino & Resort, Inc. - Common Stock",Stock,NASDAQ
BXMT,"Blackstone Mortgage Trust, Inc. Common Stock",Stock,NYSE
EVT,Eaton Vance Tax Advantaged Dividend Income Fund Common Shares of Beneficial Interest,Stock,NYSE
ADMA,ADMA Biologics Inc - Common Stock,Stock,NASDAQ
PENN,"PENN Entertainment, Inc. - Common Stock",Stock,NASDAQ
ETOR,eToro Group Ltd. - Class A Common Shares,Stock,NASDAQ
PDFS,"PDF Solutions, Inc. - Common Stock",Stock,NASDAQ
SBET,"Sharplink, Inc. - Common Stock",Stock,NASDAQ
ECPG,Encore Capital Group Inc - Common Stock,Stock,NASDAQ
CALX,"Calix, Inc Common Stock",Stock,NYSE
MTX,Minerals Technologies Inc. Common Stock,Stock,NYSE
FLOC,Flowco Holdings Inc. Class A Common Stock,Stock,NYSE
SHO,"Sunstone Hotel Investors, Inc. Sunstone Hotel Investors, Inc. Common Shares",Stock,NYSE
STUB,"StubHub Holdings, Inc. Class A Common Stock",Stock,NYSE
PEB,Pebblebrook Hotel Trust Common Shares of Beneficial Interest,Stock,NYSE
DV,"DoubleVerify Holdings, Inc. Common Stock",Stock,NYSE
SRCE,1st Source Corporation - Common Stock,Stock,NASDAQ
CTRI,"Centuri Holdings, Inc. Common Stock",Stock,NYSE
PLPC,Preformed Line Products Company - Common Stock,Stock,NASDAQ
WHR,Whirlpool Corporation Common Stock,Stock,NYSE
ASAN,"Asana, Inc. Class A Common Stock",Stock,NYSE
TBBK,"The Bancorp, Inc. - Common Stock",Stock,NASDAQ
LCII,LCI Industries,Stock,NYSE
NWCL,newcleo plc - Ordinary Shares,Stock,NASDAQ
SAH,"Sonic Automotive, Inc. Common Stock",Stock,NYSE
TRVI,"Trevi Therapeutics, Inc. - Common Stock",Stock,NASDAQ
NCNO,"nCino, Inc. - Common Stock",Stock,NASDAQ
ALVO,Alvotech - Ordinary Shares,Stock,NASDAQ
UTZ,Utz Brands Inc Class A Common Stock ,Stock,NYSE
BSTZ,BlackRock Science and Technology Term Trust Common Shares of Beneficial Interest,Stock,NYSE
INSP,"Inspire Medical Systems, Inc. Common Stock",Stock,NYSE
TILE,"Interface, Inc. - Common Stock",Stock,NASDAQ
STGW,Stagwell Inc. - Class A Common Stock,Stock,NASDAQ
VCEL,Vericel Corporation - Common Stock,Stock,NASDAQ
KOD,Kodiak Sciences Inc - Common Stock,Stock,NASDAQ
DRVN,Driven Brands Holdings Inc. - Common Stock,Stock,NASDAQ
KSS,Kohl's Corporation Common Stock,Stock,NYSE
QUBT,Quantum Computing Inc. - Common Stock,Stock,NASDAQ
URGN,UroGen Pharma Ltd. - Ordinary Shares,Stock,NASDAQ
NUVB,Nuvation Bio Inc. Class A Common Stock,Stock,NYSE
TH,Target Hospitality Corp. - Common Stock,Stock,NASDAQ
SEDG,"SolarEdge Technologies, Inc. - Common Stock",Stock,NASDAQ
IQMX,IQM Quantum Computers Oyj - American Depositary Shares,Stock,NASDAQ
CLM,"Cornerstone Strategic Investment Fund, Inc. Common Shares",Stock,NYSE American
EMAT,Evolution Metals & Technologies Corp. - Common Stock,Stock,NASDAQ
RXRX,"Recursion Pharmaceuticals, Inc. - Class A Common Stock",Stock,NASDAQ
HYMC,Hycroft Mining Holding Corporation - Class A Common Stock,Stock,NASDAQ
ARR,"ARMOUR Residential REIT, Inc.",Stock,NYSE
CHCO,City Holding Company - Common Stock,Stock,NASDAQ
INVX,"Innovex International, Inc. Common Stock",Stock,NYSE
PVLA,"Palvella Therapeutics, Inc. - Common Stock",Stock,NASDAQ
BAND,Bandwidth Inc. - Class A Common Stock,Stock,NASDAQ
STDN,"Standard Nuclear, Inc. Class A Common Stock",Stock,NYSE
PLGO,Pelagos Insurance Capital Limited Common Shares,Stock,NYSE
NWN,Northwest Natural Holding Company Common Stock,Stock,NYSE
GNL,"Global Net Lease, Inc. Common Stock",Stock,NYSE
CEPU,Central Puerto S.A. American Depositary Shares (each represents ten Common Shares),Stock,NYSE
DEI,"Douglas Emmett, Inc. Common Stock",Stock,NYSE
WERN,"Werner Enterprises, Inc. - Common Stock",Stock,NASDAQ
SRPT,"Sarepta Therapeutics, Inc. - Common Stock",Stock,NASDAQ
ALNT,Allient Inc. - Common Stock,Stock,NASDAQ
DHC,Diversified Healthcare Trust  - Common Shares of Beneficial Interest,Stock,NASDAQ
ESTA,Establishment Labs Holdings Inc. - Common Shares,Stock,NASDAQ
MESO,Mesoblast Limited - American Depositary Shares,Stock,NASDAQ
BHVN,Biohaven Ltd. Common Shares ,Stock,NYSE
BLKB,"Blackbaud, Inc. - Common Stock",Stock,NASDAQ
UWMC,UWM Holdings Corporation Class A Common Stock,Stock,NYSE
GRC,Gorman-Rupp Company (The) Common Stock,Stock,NYSE
SHAZ,"SharonAI Holdings, Inc. - Class A Common Stock",Stock,NASDAQ
SPB,"Spectrum Brands Holdings, Inc. Common Stock",Stock,NYSE
PGNY,"Progyny, Inc. - Common Stock",Stock,NASDAQ
NKTR,Nektar Therapeutics - Common Stock,Stock,NASDAQ
AGIO,"Agios Pharmaceuticals, Inc. - Common Stock",Stock,NASDAQ
GENB,"Generate Biomedicines, Inc. - Common Stock",Stock,NASDAQ
CMPR,Cimpress plc - Ordinary Shares,Stock,NASDAQ
NMZ,"Nuveen Municipal High Income Opportunity Fund Common Stock, $0.01 par value, per share",Stock,NYSE
ALG,"Alamo Group, Inc. Common Stock",Stock,NYSE
TIC,"TIC Solutions, Inc. Common Stock",Stock,NYSE
ZD,"Ziff Davis, Inc. - Common Stock",Stock,NASDAQ
RUN,Sunrun Inc. - Common Stock,Stock,NASDAQ
MFP,"Midera Food Processing, Inc. - Common Stock",Stock,NASDAQ
GCT,GigaCloud Technology Inc - Class A Ordinary Shares,Stock,NASDAQ
WU,Western Union Company (The) Common Stock,Stock,NYSE
PLBL,Polibeli Group Ltd - Class A Ordinary Shares,Stock,NASDAQ
LKFT,Lakefront Biotherapeutics - American Depositary Shares,Stock,NASDAQ
BXDC,Blackstone Digital Infrastructure Trust Inc. Common Stock,Stock,NYSE
EZPW,"EZCORP, Inc. - Class A Non-Voting Common Stock",Stock,NASDAQ
TOP,TOP Financial Group Limited - Class A Ordinary Shares,Stock,NASDAQ
VOYG,"Voyager Technologies, Inc. Class A Common Stock",Stock,NYSE
GOF,Guggenheim Strategic Opportunities Fund Common Shares of Beneficial Interest,Stock,NYSE
PRDO,Perdoceo Education Corporation - Common Stock,Stock,NASDAQ
BVC,BitVentures Limited - Ordinary Share,Stock,NASDAQ
KARO,Karooooo Ltd. - Ordinary shares,Stock,NASDAQ
UAA,"Under Armour, Inc. Class A Common Stock",Stock,NYSE
ZYME,Zymeworks Inc. - Common Stock,Stock,NASDAQ
FTRE,Fortrea Holdings Inc. - Common Stock,Stock,NASDAQ
VNET,"VNET Group, Inc. - American Depositary Shares",Stock,NASDAQ
SGRY,"Surgery Partners, Inc. - Common Stock",Stock,NASDAQ
BLFS,"BioLife Solutions, Inc. - Common Stock",Stock,NASDAQ
PICS,PicS N.V. - Class A Common Shares,Stock,NASDAQ
UA,"Under Armour, Inc. Class C Common Stock",Stock,NYSE
PRCH,"Porch Group, Inc. - Common Stock",Stock,NASDAQ
ATS,ATS Corporation Common Shares,Stock,NYSE
XRAY,DENTSPLY SIRONA Inc. - Common Stock,Stock,NASDAQ
LIME,"Neutron Holdings, Inc. - Common Stock",Stock,NASDAQ
OLN,Olin Corporation Common Stock,Stock,NYSE
ATEN,"A10 Networks, Inc. Common Stock",Stock,NYSE
LIND,Lindblad Expeditions Holdings Inc.  - Common Stock,Stock,NASDAQ
LMAT,"LeMaitre Vascular, Inc. - Common Stock",Stock,NASDAQ
GABC,"German American Bancorp, Inc. - Common Stock",Stock,NASDAQ
BRVE,"Braveheart Bio, Inc. - Common Stock",Stock,NASDAQ
RBCAA,"Republic Bancorp, Inc. - Class A Common Stock",Stock,NASDAQ
NTST,NetSTREIT Corp. Common Stock,Stock,NYSE
HUBG,"Hub Group, Inc. - Class A Common Stock",Stock,NASDAQ
TY,Tri Continental Corporation Common Stock,Stock,NYSE
WS,"Worthington Steel, Inc. Common Shares",Stock,NYSE
NVCR,NovoCure Limited - Ordinary Shares,Stock,NASDAQ
VERX,"Vertex, Inc. - Class A Common Stock",Stock,NASDAQ
EPAC,Enerpac Tool Group Corp. Common Stock,Stock,NYSE
BLBD,Blue Bird Corporation - Common Stock,Stock,NASDAQ
HMN,Horace Mann Educators Corporation Common Stock,Stock,NYSE
XPRO,Expro Ltd Ordinary Shares,Stock,NYSE
NSP,"Insperity, Inc. Common Stock",Stock,NYSE
GAB,"Gabelli Equity Trust, Inc. (The) Common Stock",Stock,NYSE
WKC,World Kinect Corporation Common Stock,Stock,NYSE
BRSL,"Brightstar Lottery PLC Trading under the Legal Name to begin at the market open on July 21, 2025. Ordinary Shares",Stock,NYSE
WRD,WeRide Inc. - American Depositary Shares,Stock,NASDAQ
SNDA,"Sonida Senior Living, Inc. Common Stock",Stock,NYSE
CMPS,COMPASS Pathways Plc - American Depository Shares,Stock,NASDAQ
STC,Stewart Information Services Corporation Common Stock,Stock,NYSE
ASTH,Astrana Health Inc. - Common Stock,Stock,NASDAQ
VSTS,Vestis Corporation Common Stock,Stock,NYSE
VIR,"Vir Biotechnology, Inc. - Common Stock",Stock,NASDAQ
MLCO,Melco Resorts & Entertainment Limited - American Depositary Shares ,Stock,NASDAQ
XHR,"Xenia Hotels & Resorts, Inc. Common Stock",Stock,NYSE
BOBS,"Bob's Discount Furniture, Inc. Common Stock",Stock,NYSE
PLAB,"Photronics, Inc. - Common Stock",Stock,NASDAQ
NBHC,National Bank Holdings Corporation Common Stock,Stock,NYSE
DCOM,"Dime Commercial Bancshares, Inc. Common Stock",Stock,NYSE
CCS,"Century Communities, Inc. Common Stock",Stock,NYSE
ETG,Eaton Vance Tax-Advantaged Global Dividend Income Fund Common Shares of Beneficial Interest,Stock,NYSE
ACVA,ACV Auctions Inc. Class A Common Stock,Stock,NYSE
GTY,Getty Realty Corporation Common Stock,Stock,NYSE
ETV,Eaton Vance Corporation Eaton Vance Tax-Managed Buy-Write Opportunities Fund Common Shares of Beneficial Interest,Stock,NYSE
DAO,"Youdao, Inc. American Depositary Shares, each representing one Class A Ordinary Share",Stock,NYSE
VET,Vermilion Energy Inc. Common (Canada),Stock,NYSE
SFL,SFL Corporation Ltd,Stock,NYSE
XNCR,"Xencor, Inc. - Common Stock",Stock,NASDAQ
HOPE,"Hope Bancorp, Inc. - Common Stock",Stock,NASDAQ
MQ,"Marqeta, Inc. - Class A Common Stock",Stock,NASDAQ
AMPL,"Amplitude, Inc. - Class A Common Stock",Stock,NASDAQ
FORTY,Formula Systems (1985) Ltd. - American Depositary Shares,Stock,NASDAQ
SEPN,"Septerna, Inc. - Common Stock",Stock,NASDAQ
PSNL,"Personalis, Inc. - Common Stock",Stock,NASDAQ
STBA,"S&T Bancorp, Inc. - Common Stock",Stock,NASDAQ
SMA,"SmartStop Self Storage REIT, Inc. Common Stock",Stock,NYSE
CMRE,Costamare Inc. Common Stock $0.0001 par value,Stock,NYSE
ZBIO,"Zenas BioPharma, Inc. - Common Stock",Stock,NASDAQ
NVAX,"Novavax, Inc. - Common Stock",Stock,NASDAQ
FSUN,FirstSun Capital Bancorp - Common Stock,Stock,NASDAQ
NEXT,NextDecade Corporation - Common Stock,Stock,NASDAQ
LOB,"Live Oak Bancshares, Inc. Common Stock",Stock,NYSE
HAPN,"Happen, Inc. - Common Stock",Stock,NASDAQ
CPRI,Capri Holdings Limited Ordinary Shares,Stock,NYSE
AIN,Albany International Corporation Common Stock,Stock,NYSE
TSLX,"Sixth Street Specialty Lending, Inc. Common Stock",Stock,NYSE
GENI,Genius Sports Limited Ordinary Shares,Stock,NYSE
FRNM,"Freenome, Inc. - Common stock",Stock,NASDAQ
RLJ,RLJ Lodging Trust Common Shares of Beneficial Interest $0.01 par value,Stock,NYSE
AI,"C3.ai, Inc. Class A Common Stock",Stock,NYSE
STEW,"SRH Total Return Fund, Inc. Common Stock",Stock,NYSE
STRA,"Strategic Education, Inc. - Common Stock",Stock,NASDAQ
ALHC,"Alignment Healthcare, Inc. - Common Stock",Stock,NASDAQ
CTS,CTS Corporation Common Stock,Stock,NYSE
DXC,DXC Technology Company Common Stock ,Stock,NYSE
BDJ,Blackrock Enhanced Equity Dividend Trust,Stock,NYSE
ANIP,"ANI Pharmaceuticals, Inc. - Common Stock",Stock,NASDAQ
PDO,PIMCO Dynamic Income Opportunities Fund Common Shares of Beneficial Interest,Stock,NYSE
NUV,"Nuveen Municipal Value Fund, Inc. Common Stock",Stock,NYSE
NBTX,Nanobiotix S.A. - ADSs,Stock,NASDAQ
BY,"Byline Bancorp, Inc. Common Stock",Stock,NYSE
AMBQ,"Ambiq Micro, Inc. Common Stock",Stock,NYSE
BFC,Bank First Corporation - Common Stock,Stock,NASDAQ
SAM,"Boston Beer Company, Inc. (The) Common Stock",Stock,NYSE
IE,Ivanhoe Electric Inc. Common Stock,Stock,NYSE American
EVTC,"Evertec, Inc. Common Stock",Stock,NYSE
NYAX,Nayax Ltd. - Ordinary Shares,Stock,NASDAQ
TCBK,TriCo Bancshares - Common Stock,Stock,NASDAQ
AAT,"American Assets Trust, Inc. Common Stock",Stock,NYSE
MGRT,Mega Fortune Company Limited - Ordinary Shares,Stock,NASDAQ
ABSI,Absci Corporation - Common Stock,Stock,NASDAQ
FLNG,FLEX LNG Ltd. Ordinary Shares,Stock,NYSE
LILAK,Liberty Latin America Ltd. - Class C Common Stock,Stock,NASDAQ
LILA,Liberty Latin America Ltd. - Class A Common Stock,Stock,NASDAQ
JBLU,JetBlue Airways Corporation - Common Stock,Stock,NASDAQ
XERS,"Xeris Biopharma Holdings, Inc. - Common Stock",Stock,NASDAQ
OBK,"Origin Bancorp, Inc. Common Stock",Stock,NYSE
PAX,Patria Investments Limited - Class A Common Shares,Stock,NASDAQ
OCFC,OceanFirst Financial Corp. - Common Stock,Stock,NASDAQ
QCRH,"QCR Holdings, Inc. - Common Stock",Stock,NASDAQ
CNXC,Concentrix Corporation - Common Stock,Stock,NASDAQ
ETON,"Eton Pharmaceuticals, Inc. - Common Stock",Stock,NASDAQ
NEXA,Nexa Resources S.A. Common Shares,Stock,NYSE
NTLA,"Intellia Therapeutics, Inc. - Common Stock",Stock,NASDAQ
GHRS,GH Research PLC - Ordinary Shares,Stock,NASDAQ
NAT,Nordic American Tankers Limited Common Stock,Stock,NYSE
USAS,"Americas Gold and Silver Corporation Common Shares, no par value",Stock,NYSE American
RAPP,"Rapport Therapeutics, Inc. - Common Stock",Stock,NASDAQ
BL,"BlackLine, Inc. - Common Stock",Stock,NASDAQ
SNDX,"Syndax Pharmaceuticals, Inc. - Common Stock",Stock,NASDAQ
EFC,Ellington Financial Inc. Common Stock ,Stock,NYSE
COAG,"Hemab Therapeutics Holdings, Inc. - Common Stock",Stock,NASDAQ
DSGR,"Distribution Solutions Group, Inc. - Common Stock",Stock,NASDAQ
KMTS,"Kestra Medical Technologies, Ltd. - Common Stock",Stock,NASDAQ
GSHD,"Goosehead Insurance, Inc. - Class A Common Stock",Stock,NASDAQ
PRGS,Progress Software Corporation - Common Stock,Stock,NASDAQ
SBH,"Sally Beauty Holdings, Inc. (Name to be changed from Sally Holdings, Inc.) Common Stock",Stock,NYSE
CBL,"CBL & Associates Properties, Inc. Common Stock",Stock,NYSE
LCID,"Lucid Group, Inc. - Common Stock",Stock,NASDAQ
STOK,"Stoke Therapeutics, Inc. - Common Stock",Stock,NASDAQ
ATEX,Anterix Inc. - Common Stock,Stock,NASDAQ
WB,Weibo Corporation - American Depositary Shares,Stock,NASDAQ
IMKTA,"Ingles Markets, Incorporated - Class A Common Stock",Stock,NASDAQ
AGM-A,Federal Agricultural Mortgage Corporation Common Stock,Stock,NYSE
ELE,Elemental Royalty Corporation - Common Stock,Stock,NASDAQ
WLTH,Wealthfront Corporation - Common Stock,Stock,NASDAQ
TRIN,Trinity Capital Inc. Common Stock,Stock,NYSE
IMCR,Immunocore Holdings plc - American Depositary Shares,Stock,NASDAQ
GIC,Global Industrial Company Common Stock,Stock,NYSE
KOS,Kosmos Energy Ltd. Common Shares (DE),Stock,NYSE
UROY,Uranium Royalty Corp. - Common Stock,Stock,NASDAQ
HAWK,"HawkEye 360, Inc. Common Stock",Stock,NYSE
HE,"Hawaiian Electric Industries, Inc. Common Stock",Stock,NYSE
TGLS,Tecnoglass Holdings Inc. Common Stock,Stock,NYSE
OPRA,Opera Limited - American Depositary Shares,Stock,NASDAQ
WWW,"Wolverine World Wide, Inc. Common Stock",Stock,NYSE
ATEC,"Alphatec Holdings, Inc. - Common Stock",Stock,NASDAQ
CNOB,"ConnectOne Bancorp, Inc. - Common Stock",Stock,NASDAQ
PBT,Permian Basin Royalty Trust Common Stock,Stock,NYSE
HUN,Huntsman Corporation Common Stock,Stock,NYSE
AESI,Atlas Energy Solutions Inc. Common Stock,Stock,NYSE
AGBK,AGI Inc Class A Common Shares,Stock,NYSE
GAM,"General American Investors, Inc. Common Stock",Stock,NYSE
CASH,"Pathward Financial, Inc. - Common Stock",Stock,NASDAQ
OMCL,"Omnicell, Inc. - Common Stock",Stock,NASDAQ
IIPR,"Innovative Industrial Properties, Inc. Common Stock",Stock,NYSE
ARCO,Arcos Dorados Holdings Inc. Class A Shares,Stock,NYSE
ANAB,"AnaptysBio, Inc. - Common Stock",Stock,NASDAQ
HYT,"Blackrock Corporate High Yield Fund, Inc. Common Stock",Stock,NYSE
TSHA,"Taysha Gene Therapies, Inc. - Common Stock",Stock,NASDAQ
SAFT,"Safety Insurance Group, Inc. - Common Stock",Stock,NASDAQ
XNDU,Xanadu Quantum Technologies Limited - Class B Subordinate Voting Shares,Stock,NASDAQ
PRKS,United Parks & Resorts Inc. Common Stock,Stock,NYSE
NUTX,Nutex Health Inc. - Common Stock,Stock,NASDAQ
RVLV,"Revolve Group, Inc. Class A Common Stock",Stock,NYSE
IAUX,i-80 Gold Corp. Common Shares,Stock,NYSE American
ENR,"Energizer Holdings, Inc. Common Stock",Stock,NYSE
AGRO,Adecoagro S.A. Common Shares,Stock,NYSE
RQI,Cohen & Steers Quality Income Realty Fund Inc Common Shares,Stock,NYSE
ICFI,"ICF International, Inc. - Common Stock",Stock,NASDAQ
INVA,"Innoviva, Inc. - Common Stock",Stock,NASDAQ
WBTN,WEBTOON Entertainment Inc. - Common stock,Stock,NASDAQ
QQQX,Nuveen NASDAQ 100 Dynamic Overwrite Fund - Closed End Fund,Stock,NASDAQ
TYRA,"Tyra Biosciences, Inc. - Common Stock",Stock,NASDAQ
LYNX,Lyntris Inc. Common Stock,Stock,NYSE
KMPR,Kemper Corporation,Stock,NYSE
AZTA,"Azenta, Inc. - Common Stock",Stock,NASDAQ
FMC,FMC Corporation Common Stock,Stock,NYSE
GLOB,Globant S.A. Common Shares,Stock,NYSE
ARDT,"Ardent Health, Inc. Common Stock",Stock,NYSE
NOMD,Nomad Foods Limited Ordinary Shares,Stock,NYSE
ADIG,ADI Global Distribution Inc. Common Stock,Stock,NYSE
PSQL,Pasqal Holding SA - Ordinary Shares,Stock,NASDAQ
ESQ,"Esquire Financial Holdings, Inc. - Common Stock",Stock,NASDAQ
LKFN,Lakeland Financial Corporation - Common Stock,Stock,NASDAQ
CRSR,"Corsair Gaming, Inc. - Common Stock",Stock,NASDAQ
ALKT,"Alkami Technology, Inc. - Common Stock",Stock,NASDAQ
GT,The Goodyear Tire & Rubber Company - Common Stock,Stock,NASDAQ
CSWC,Capital Southwest Corporation - Common Stock,Stock,NASDAQ
MBC,"MasterBrand, Inc. Common Stock",Stock,NYSE
PGY,Pagaya Technologies Ltd. - Class A Ordinary Shares,Stock,NASDAQ
TFIN,"Triumph Financial, Inc. Common Stock",Stock,NYSE
INBX,"Inhibrx Biosciences, Inc. - Common Stock",Stock,NASDAQ
SCL,Stepan Company Common Stock,Stock,NYSE
FLNC,"Fluence Energy, Inc. - Class A Common Stock",Stock,NASDAQ
WOLF,"Wolfspeed, Inc. Common Stock New",Stock,NYSE
SID,Companhia Siderurgica Nacional S.A. Common Stock,Stock,NYSE
KLRA,"Kailera Therapeutics, Inc. - Common stock",Stock,NASDAQ
AMSC,American Superconductor Corporation - Common Stock,Stock,NASDAQ
OMER,Omeros Corporation - Common Stock,Stock,NASDAQ
BCAT,BlackRock Capital Allocation Term Trust Common Shares of Beneficial Interest,Stock,NYSE
JJSF,J & J Snack Foods Corp. - Common Stock,Stock,NASDAQ
DMC,Del Monte Corporation Ordinary Shares,Stock,NYSE
MAZE,"Maze Therapeutics, Inc. - Common Stock",Stock,NASDAQ
COUR,"Coursera, Inc. Common Stock",Stock,NYSE
HCSG,"Healthcare Services Group, Inc. - Common Stock",Stock,NASDAQ
PIII,P3 Health Partners Inc. - Class A Common Stock,Stock,NASDAQ
VISN,"Vistance Networks, Inc.  - Common Stock",Stock,NASDAQ
TMP,Tompkins Financial Corporation Common Stock,Stock,NYSE American
SVV,"Savers Value Village, Inc. Common Stock",Stock,NYSE
SLVM,Sylvamo Corporation Common Stock,Stock,NYSE
RARE,Ultragenyx Pharmaceutical Inc. - Common Stock,Stock,NASDAQ
EVCM,EverCommerce Inc. - Common Stock,Stock,NASDAQ
ULCC,"Frontier Group Holdings, Inc. - Common Stock",Stock,NASDAQ
NFJ,"Virtus Dividend, Interest & Premium Strategy Fund Common Shares of Beneficial Interest",Stock,NYSE
AMPX,"Amprius Technologies, Inc. Common Stock",Stock,NYSE
PNTG,"The Pennant Group, Inc. - Common Stock",Stock,NASDAQ
BXBL,"BOXABL, Inc.  - Common stock",Stock,NASDAQ
AMAL,Amalgamated Financial Corp. - Common Stock,Stock,NASDAQ
REX,REX American Resources Corporation,Stock,NYSE
NVGS,Navigator Holdings Ltd. Ordinary Shares (Marshall Islands),Stock,NYSE
KRSA,"Korsana Biosciences, Inc. - Common Stock",Stock,NASDAQ
GFR,Greenfire Resources Ltd. Common Shares,Stock,NYSE
BHRB,Burke & Herbert Financial Services Corp. - Common Stock,Stock,NASDAQ
PEBO,Peoples Bancorp Inc. - Common Stock,Stock,NASDAQ
PWP,Perella Weinberg Partners - Class A Common Stock,Stock,NASDAQ
TRS,TriMas Corporation - Common Stock,Stock,NASDAQ
NMAX,"Newsmax, Inc. Class B Common Stock",Stock,NYSE
FOIL,"Londian Wason New Energy Tech Inc. American Depositary Shares, each representing five Ordinary Shares",Stock,NYSE
ATLC,Atlanticus Holdings Corporation - Common Stock,Stock,NASDAQ
AVBP,"ArriVent BioPharma, Inc. - Common Stock",Stock,NASDAQ
VZLA,Vizsla Silver Corp. Common Shares,Stock,NYSE American
WABC,Westamerica Bancorporation - Common Stock,Stock,NASDAQ
ECAT,BlackRock ESG Capital Allocation Term Trust Common Shares of Beneficial Interest,Stock,NYSE
PAHC,Phibro Animal Health Corporation - Class A Common Stock,Stock,NASDAQ
TEN,Tsakos Energy Navigation Ltd Common Shares,Stock,NYSE
CERT,"Certara, Inc. - Common Stock",Stock,NASDAQ
AAPG,Ascentage Pharma Group International - American Depository Shares,Stock,NASDAQ
BTT,BlackRock Municipal 2030 Target Term Trust,Stock,NYSE
KARD,"Kardigan, Inc. - Common Stock",Stock,NASDAQ
ADNT,Adient plc Ordinary Shares ,Stock,NYSE
ARLO,"Arlo Technologies, Inc. Common Stock",Stock,NYSE
MLKN,"MillerKnoll, Inc. - Common Stock",Stock,NASDAQ
ARHS,"Arhaus, Inc. - Class A Common Stock",Stock,NASDAQ
CTBI,"Community Trust Bancorp, Inc. - Common Stock",Stock,NASDAQ
HLMN,Hillman Solutions Corp. - Common Stock,Stock,NASDAQ
UFCS,"United Fire Group, Inc - Common Stock",Stock,NASDAQ
XZO,"Exzeo Group, Inc. Common Stock",Stock,NYSE
LQDT,"Liquidity Services, Inc. - Common Stock",Stock,NASDAQ
ORIC,"Oric Pharmaceuticals, Inc. - Common Stock",Stock,NASDAQ
CNMD,CONMED Corporation Common Stock,Stock,NYSE
EFOR,"Everforth, Inc. Common Stock",Stock,NYSE
AGL,"agilon health, inc. Common Stock",Stock,NYSE
PRSU,"Pursuit Attractions and Hospitality, Inc. Common Stock",Stock,NYSE
FOR,Forestar Group Inc Common Stock ,Stock,NYSE
POET,POET Technologies Inc. - Common Shares,Stock,NASDAQ
DRTS,Alpha Tau Medical Ltd. - Ordinary Shares,Stock,NASDAQ
APPS,"Digital Turbine, Inc. - Common Stock",Stock,NASDAQ
BBAI,"BigBear.ai, Inc. Common Stock",Stock,NYSE
APC,ARKO Petroleum Corp. - Class A Common Stock,Stock,NASDAQ
AMN,AMN Healthcare Services Inc,Stock,NYSE
BRUN,Boost Run Inc. - Class A Common Stock,Stock,NASDAQ
FMBH,"First Mid Bancshares, Inc. - Common Stock",Stock,NASDAQ
FCEL,"FuelCell Energy, Inc. - Common Stock",Stock,NASDAQ
HBT,"HBT Financial, Inc. - Common Stock",Stock,NASDAQ
GBX,"Greenbrier Companies, Inc. (The) Common Stock",Stock,NYSE
YSS,York Space Systems Inc. Common Stock,Stock,NYSE
UMH,"UMH Properties, Inc. Common Stock",Stock,NYSE
LUXE,"LuxExperience B.V. American Depositary Shares, each representing one Ordinary Share",Stock,NYSE
CCEC,Capital Clean Energy Carriers Corp. - Common Share,Stock,NASDAQ
EYE,"National Vision Holdings, Inc. - Common Stock",Stock,NASDAQ
WD,"Walker & Dunlop, Inc Common Stock",Stock,NYSE
PRG,"PROG Holdings, Inc. Common Stock",Stock,NYSE
ASIC,Ategrity Specialty Insurance Company Holdings Common Stock,Stock,NYSE
HLF,Herbalife Ltd. Common Shares,Stock,NYSE
ITG,"ITG, Inc. - Class A Common Stock",Stock,NASDAQ
DCH,Dauch Corporation Common Stock,Stock,NYSE
BORR,Borr Drilling Limited Common Shares,Stock,NYSE
RES,"RPC, Inc. Common Stock",Stock,NYSE
CRCT,"Cricut, Inc. - Class A common stock",Stock,NASDAQ
OPY,"Oppenheimer Holdings, Inc. Class A Common Stock (DE)",Stock,NYSE
EPC,Edgewell Personal Care Company Common Stock,Stock,NYSE
GOLD,"Gold.com, Inc. Common Stock",Stock,NYSE
BJRI,"BJ's Restaurants, Inc. - Common Stock",Stock,NASDAQ
LSPD,Lightspeed Commerce Inc. Subordinate Voting Shares,Stock,NYSE
NSSC,"NAPCO Security Technologies, Inc. - Common Stock",Stock,NASDAQ
DMRA,"Damora Therapeutics, Inc. - Ordinary Shares",Stock,NASDAQ
IMTX,Immatics N.V. - Ordinary Shares,Stock,NASDAQ
RMIX,"Suncrete, Inc. - Class A Common Stock",Stock,NASDAQ
BCAX,Bicara Therapeutics Inc. - Common Stock,Stock,NASDAQ
OSBC,"Old Second Bancorp, Inc. - Common Stock",Stock,NASDAQ
SENEB,Seneca Foods Corp. - Class B Common Stock,Stock,NASDAQ
USPH,"U.S. Physical Therapy, Inc. Common Stock",Stock,NYSE
VTOL,"Bristow Group, Inc. Common Stock",Stock,NYSE
ALX,"Alexander's, Inc. Common Stock",Stock,NYSE
FUN,Six Flags Entertainment Corporation Common Stock New,Stock,NYSE
RDVT,"Red Violet, Inc. - Common Stock ",Stock,NASDAQ
ESRT,"Empire State Realty Trust, Inc. Class A Common Stock",Stock,NYSE
SHLS,"Shoals Technologies Group, Inc. - Class A Common Stock",Stock,NASDAQ
IART,Integra LifeSciences Holdings Corporation - Common Stock,Stock,NASDAQ
TV,Grupo Televisa S.A.B. Common Stock,Stock,NYSE
WEN,Wendy's Company (The) - Common Stock,Stock,NASDAQ
QMCO,Quantum Corporation - Common Stock,Stock,NASDAQ
IRS,IRSA Inversiones Y Representaciones S.A. Global Depositary Shares (Each representing ten shares of Common Stock),Stock,NYSE
AVLN,Avalyn Pharma Inc. - common stock,Stock,NASDAQ
TPB,"Turning Point Brands, Inc. Common Stock",Stock,NYSE
RDWR,Radware Ltd. - Ordinary Shares,Stock,NASDAQ
HROW,"Harrow, Inc. - Common Stock",Stock,NASDAQ
RYZ,Ryerson Holding Corporation Common Stock,Stock,NYSE
SENEA,Seneca Foods Corp. - Class A Common Stock,Stock,NASDAQ
NBR,Nabors Industries Ltd.,Stock,NYSE
CRON,Cronos Group Inc. - Common Share,Stock,NASDAQ
TRAX,"First Tracks Biotherapeutics, Inc. - Ordinary Shares",Stock,NASDAQ
NBXG,Neuberger Next Generation Connectivity Fund Inc. Common Stock,Stock,NYSE
NEWP,New Pacific Metals Corp. Common Shares,Stock,NYSE American
INNV,InnovAge Holding Corp. - Common Stock,Stock,NASDAQ
DOLE,Dole plc Ordinary Shares,Stock,NYSE
OPK,"Opko Health, Inc. - Common Stock",Stock,NASDAQ
FLO,"Flowers Foods, Inc. Common Stock",Stock,NYSE
LBRX,LB Pharmaceuticals Inc - Common Stock,Stock,NASDAQ
OMDA,"Omada Health, Inc. - Common Stock",Stock,NASDAQ
ROCK,"Gibraltar Industries, Inc. - Common Stock",Stock,NASDAQ
DFIN,"Donnelley Financial Solutions, Inc. Common Stock ",Stock,NYSE
MSDL,Morgan Stanley Direct Lending Fund Common Stock,Stock,NYSE
WLDN,"Willdan Group, Inc. - Common Stock",Stock,NASDAQ
CCO,"Clear Channel Outdoor Holdings, Inc. Common Stock",Stock,NYSE
UMAC,"Unusual Machines, Inc. Common Stock",Stock,NYSE American
TK,Teekay Corporation Ltd. Common Stock,Stock,NYSE
HLIT,Harmonic Inc. - Common Stock,Stock,NASDAQ
CNL,Collective Mining Ltd. - Common Stock,Stock,NASDAQ
XPEL,"XPEL, Inc. - Common Stock",Stock,NASDAQ
LZB,La-Z-Boy Incorporated Common Stock,Stock,NYSE
AZUL,"Azul S.A. American Depositary Shares, each representing two (2) Common Shares",Stock,NYSE
SLSR,Solaris Resources Inc. Common Shares,Stock,NYSE American
ASBH,"American Savings Bank, N.A. Common Stock",Stock,NYSE
AIIR,Air Global PLC - Ordinary shares,Stock,NASDAQ
MYE,"Myers Industries, Inc. Common Stock",Stock,NYSE
CLBK,"Columbia Financial, Inc. - Common Stock",Stock,NASDAQ
PUMP,ProPetro Holding Corp. Common Stock,Stock,NYSE
CXM,"Sprinklr, Inc. Class A Common Stock",Stock,NYSE
SCSC,"ScanSource, Inc. - Common Stock",Stock,NASDAQ
AIP,"Arteris, Inc.  - Common Stock",Stock,NASDAQ
UVE,UNIVERSAL INSURANCE HOLDINGS INC Common Stock,Stock,NYSE
PSEC,Prospect Capital Corporation - Closed End Fund,Stock,NASDAQ
HFWA,Heritage Financial Corporation - Common Stock,Stock,NASDAQ
NHP,"National Healthcare Properties, Inc. - Class A Common Stock",Stock,NASDAQ
REPL,"Replimune Group, Inc. - Common Stock",Stock,NASDAQ
GIII,"G-III Apparel Group, LTD. - Common Stock",Stock,NASDAQ
UVSP,Univest Financial Corporation - Common Stock,Stock,NASDAQ
LGIH,"LGI Homes, Inc. - Common Stock",Stock,NASDAQ
LNN,Lindsay Corporation Common Stock,Stock,NYSE
BBNX,"Beta Bionics, Inc. - Common Stock",Stock,NASDAQ
AMTB,Amerant Bancorp Inc. Class A Common Stock,Stock,NYSE
HZO,"MarineMax, Inc.  (FL) Common Stock",Stock,NYSE
CBRL,"Cracker Barrel Old Country Store, Inc. - Common Stock",Stock,NASDAQ
TNC,Tennant Company Common Stock,Stock,NYSE
AVO,"Mission Produce, Inc. - Common Stock",Stock,NASDAQ
SPTX,"Seaport Therapeutics, Inc. - Common Stock",Stock,NASDAQ
LADR,Ladder Capital Corp Class A Common Stock,Stock,NYSE
AFYA,Afya Limited - Class A Common Shares,Stock,NASDAQ
CRML,Critical Metals Corp. - Ordinary Shares,Stock,NASDAQ
CRI,"Carter's, Inc. Common Stock",Stock,NYSE
WLFC,Willis Lease Finance Corporation - Common Stock,Stock,NASDAQ
DSL,DoubleLine Income Solutions Fund Common Shares of Beneficial Interests,Stock,NYSE
PDM,"Piedmont Realty Trust, Inc. Class A Common Stock",Stock,NYSE
EOSE,"Eos Energy Enterprises, Inc. - Common Stock",Stock,NASDAQ
EOS,Eaton Vance Enhance Equity Income Fund II Common Stock,Stock,NYSE
GDRX,"GoodRx Holdings, Inc. - Class A Common Stock",Stock,NASDAQ
AMRC,"Ameresco, Inc. Class A Common Stock",Stock,NYSE
OIG,Orion180 Insurance Group Inc. - Class A Common Stock,Stock,NASDAQ
CLVT,Clarivate Plc Ordinary Shares,Stock,NYSE
PSNY,Polestar Automotive Holding UK Limited - Class A ADS,Stock,NASDAQ
GNK,Genco Shipping & Trading Limited Ordinary Shares New (Marshall Islands),Stock,NYSE
LTGO,"Latigo Biotherapeutics, Inc. - Common Stock",Stock,NASDAQ
MUX,McEwen Inc. Common Stock,Stock,NYSE
PD,"PagerDuty, Inc. Common Stock",Stock,NYSE
CDRE,"Cadre Holdings, Inc. Common Stock",Stock,NYSE
BRAI,Braiin Limited - Common Stock,Stock,NASDAQ
ORC,"Orchid Island Capital, Inc. Common Stock",Stock,NYSE
MMI,"Marcus & Millichap, Inc. Common Stock",Stock,NYSE
DEA,"Easterly Government Properties, Inc. Common Stock",Stock,NYSE
UTI,Universal Technical Institute Inc Common Stock,Stock,NYSE
JCAP,"Jefferson Capital, Inc. - Common Stock",Stock,NASDAQ
DLX,Deluxe Corporation Common Stock,Stock,NYSE
NBN,Northeast Bank - Common Stock,Stock,NASDAQ
TE,T1 Energy Inc. Common Stock,Stock,NYSE
BOW,Bowhead Specialty Holdings Inc. Common Stock,Stock,NYSE
AVEX,AEVEX Corp. Class A Common Stock,Stock,NYSE
AMPH,"Amphastar Pharmaceuticals, Inc. - Common Stock",Stock,NASDAQ
MCB,Metropolitan Bank Holding Corp. Common Stock,Stock,NYSE
ECVT,Ecovyst Inc. Common Stock,Stock,NYSE
SPH,"Suburban Propane Partners, L.P. Common Stock",Stock,NYSE
ABTC,American Bitcoin Corp. - Class A Common Stock,Stock,NASDAQ
TDOC,"Teladoc Health, Inc. Common Stock",Stock,NYSE
HBNB,Hotel101 Global Holdings Corp. - Class A Ordinary Shares,Stock,NASDAQ
AORT,"Artivion, Inc. Common Stock",Stock,NYSE
BH-A,Biglari Holdings Inc. Class A Common Stock,Stock,NYSE
BH,Biglari Holdings Inc. Class B Common Stock,Stock,NYSE
GO,Grocery Outlet Holding Corp. - Common Stock,Stock,NASDAQ
IRMD,iRadimed Corporation - Common Stock,Stock,NASDAQ
VOR,Vor Biopharma Inc. - Common Stock,Stock,NASDAQ
CSTL,"Castle Biosciences, Inc. - Common stock",Stock,NASDAQ
TNDM,"Tandem Diabetes Care, Inc. - Common Stock",Stock,NASDAQ
GTM,ZoomInfo Technologies Inc. - Common Stock,Stock,NASDAQ
LOMA,Loma Negra Compania Industrial Argentina Sociedad Anonima ADS,Stock,NYSE
HSLV,Highlander Silver Corp. Common Shares,Stock,NYSE American
AOD,abrdn Total Dynamic Dividend Fund Common Shares of Beneficial Interest,Stock,NYSE
THRM,Gentherm Inc - Common Stock,Stock,NASDAQ
AKTS,"Aktis Oncology, Inc. - Common stock",Stock,NASDAQ
VCX,"Fundrise Innovation Fund, LLC Common Shares of Limited Liability Company Interests",Stock,NYSE
SGML,Sigma Lithium Corporation - common shares,Stock,NASDAQ
PSIX,"Power Solutions International, Inc. - Common Stock",Stock,NASDAQ
FSBC,Five Star Bancorp - Common Stock,Stock,NASDAQ
REAL,"The RealReal, Inc. - Common Stock",Stock,NASDAQ
MNKD,MannKind Corporation - Common Stock,Stock,NASDAQ
GSBD,"Goldman Sachs BDC, Inc. Common Stock",Stock,NYSE
CFFN,"Capitol Federal Financial, Inc. - Common Stock",Stock,NASDAQ
AEVA,"Aeva Technologies, Inc. - Common Stock",Stock,NASDAQ
FTK,"Flotek Industries, Inc. Common Stock",Stock,NYSE
LU,"Lufax Holding Ltd American Depositary Shares, each representing two (2) Ordinary Shares",Stock,NYSE
OCSL,Oaktree Specialty Lending Corporation - Closed End Fund,Stock,NASDAQ
ENOV,Enovis Corporation Common Stock,Stock,NYSE
WINA,Winmark Corporation - Common Stock,Stock,NASDAQ
CII,"BlackRock Enhanced Large Cap Core Fund, Inc. Common Stock",Stock,NYSE
KRT,Karat Packaging Inc. - Common Stock,Stock,NASDAQ
UVV,Universal Corporation Common Stock,Stock,NYSE
BTX,BlackRock Technology and Private Equity Term Trust Common Shares of Beneficial Interest,Stock,NYSE
CRF,"Cornerstone Total Return Fund, Inc. (The) Common Stock",Stock,NYSE American
MRTN,"Marten Transport, Ltd. - Common Stock",Stock,NASDAQ
BMEZ,BlackRock Health Sciences Term Trust Common Shares of Beneficial Interest,Stock,NYSE
MGTX,MeiraGTx Holdings plc - Ordinary Shares,Stock,NASDAQ
CPAC,Cementos Pacasmayo S.A.A. American Depositary Shares (Each representing five Common Shares),Stock,NYSE
SBR,Sabine Royalty Trust Common Stock,Stock,NYSE
GPRE,"Green Plains, Inc. - Common Stock",Stock,NASDAQ
IGIC,International General Insurance Holdings Ltd. - Ordinary Shares,Stock,NASDAQ
ETW,Eaton Vance Corporation Eaton Vance Tax-Managed Global Buy-Write Opportunites Fund Common Shares of Beneficial Interest,Stock,NYSE
BFS,"Saul Centers, Inc. Common Stock",Stock,NYSE
ASA,ASA  Gold and Precious Metals Limited,Stock,NYSE
ANRO,"Alto Neuroscience, Inc. Common Stock",Stock,NYSE
MBWM,Mercantile Bank Corporation - Common Stock,Stock,NASDAQ
TUYA,"Tuya Inc. American Depositary Shares, each representing one Class A Ordinary Share",Stock,NYSE
FSCO,FS Credit Opportunities Corp. Common Stock,Stock,NYSE
NPK,"National Presto Industries, Inc. Common Stock",Stock,NYSE
PDS,Precision Drilling Corporation Common Stock,Stock,NYSE
STAA,STAAR Surgical Company - Common Stock,Stock,NASDAQ
SVRA,"Savara, Inc. - Common Stock",Stock,NASDAQ
RSKD,Riskified Ltd. Class A Ordinary Shares,Stock,NYSE
MLTX,MoonLake Immunotherapeutics - Class A Ordinary Shares,Stock,NASDAQ
GHM,Graham Corporation Common Stock,Stock,NYSE
DFH,"Dream Finders Homes, Inc. Class A Common Stock",Stock,NYSE
ITRN,Ituran Location and Control Ltd. - Ordinary Shares,Stock,NASDAQ
CEVA,"CEVA, Inc. - Common Stock",Stock,NASDAQ
UPWK,Upwork Inc. - Common Stock,Stock,NASDAQ
CRAI,"CRA International,Inc. - Common Stock",Stock,NASDAQ
RCAT,"Red Cat Holdings, Inc. - Common Stock",Stock,NASDAQ
TYG,Tortoise Energy Infrastructure Corporation Common Stock,Stock,NYSE
NXRT,"NexPoint Residential Trust, Inc. Common Stock",Stock,NYSE
RXT,"Rackspace Technology, Inc. - Common Stock",Stock,NASDAQ
TRUP,"Trupanion, Inc. - Common Stock",Stock,NASDAQ
CCNE,CNB Financial Corporation - Common Stock,Stock,NASDAQ
ASM,Avino Silver & Gold Mines Ltd. Common Shares (Canada),Stock,NYSE American
PCT,"PureCycle Technologies, Inc. - Common stock",Stock,NASDAQ
MSEX,Middlesex Water Company - Common Stock,Stock,NASDAQ
MCBS,"MetroCity Bankshares, Inc. - Common Stock",Stock,NASDAQ
BFST,"Business First Bancshares, Inc. - Common Stock",Stock,NASDAQ
GLUE,"Monte Rosa Therapeutics, Inc. - Common Stock",Stock,NASDAQ
PCRX,"Pacira BioSciences, Inc. - Common Stock",Stock,NASDAQ
ANL,Adlai Nortye Group Ltd. - American Depositary Shares,Stock,NASDAQ
LAC,Lithium Americas Corp. Common Shares,Stock,NYSE
FEIM,"Frequency Electronics, Inc. - Common Stock",Stock,NASDAQ
JANX,"Janux Therapeutics, Inc. - Common Stock",Stock,NASDAQ
EQBK,"Equity Bancshares, Inc. Class A Common Stock",Stock,NYSE
VMET,Versamet Royalties Corporation - Common Stock,Stock,NASDAQ
NPKI,NPK International Inc. Common Stock,Stock,NYSE
TBN,Tamboran Resources Corporation Common stock,Stock,NYSE
XTND,"Xtend AI Robotics, Inc. Common Stock",Stock,NYSE
NWPX,"NWPX Infrastructure, Inc. - Common Stock",Stock,NASDAQ
NBBK,"NB Bancorp, Inc. - Common Stock",Stock,NASDAQ
HBNC,"Horizon Bancorp, Inc. - Common Stock",Stock,NASDAQ
HRTG,"Heritage Insurance Holdings, Inc. Common Stock",Stock,NYSE
ODTX,"Odyssey Therapeutics, Inc. - Common Stock",Stock,NASDAQ
IQ,"iQIYI, Inc. - American Depositary Shares",Stock,NASDAQ
ANDG,Andersen Group Inc. Class A Common Stock,Stock,NYSE
LMRI,"Lumexa Imaging Holdings, Inc. - Common Stock",Stock,NASDAQ
SG,"Sweetgreen, Inc. Class A Common Stock",Stock,NYSE
RHLD,Resolute Holdings Management Common Stock ,Stock,NYSE
PRCT,PROCEPT BioRobotics Corporation - Common Stock,Stock,NASDAQ
TRIP,"TripAdvisor, Inc. - Common Stock",Stock,NASDAQ
CSR,D/B/A Centerspace Common Stock,Stock,NYSE
YELP,Yelp Inc. Common Stock,Stock,NYSE
CRVS,"Corvus Pharmaceuticals, Inc. - Common Stock",Stock,NASDAQ
CAC,Camden National Corporation - Common Stock,Stock,NASDAQ
VYX,NCR Voyix Corporation Common Stock,Stock,NYSE
NXDR,"Nextdoor Holdings, Inc. Class A Common Stock",Stock,NYSE
SIFY,Sify Technologies Limited - American Depository Shares,Stock,NASDAQ
BV,"BrightView Holdings, Inc. Common Stock",Stock,NYSE
LZ,"LegalZoom.com, Inc. - Common Stock",Stock,NASDAQ
CHI,Calamos Convertible Opportunities and Income Fund - Closed End Fund,Stock,NASDAQ
ABUS,Arbutus Biopharma Corporation - Common Stock,Stock,NASDAQ
CHY,Calamos Convertible and High Income Fund - Closed End Fund,Stock,NASDAQ
KURA,"Kura Oncology, Inc. - Common Stock",Stock,NASDAQ
TRST,TrustCo Bank Corp NY - Common Stock,Stock,NASDAQ
HPK,"HighPeak Energy, Inc. - Common Stock",Stock,NASDAQ
IBTA,"Ibotta, Inc. Class A Common Stock",Stock,NYSE
VPG,"Vishay Precision Group, Inc. Common Stock",Stock,NYSE
DEC,Diversified Energy Company Common Stock,Stock,NYSE
HAFC,Hanmi Financial Corporation - Common Stock,Stock,NASDAQ
BKSY,BlackSky Technology Inc. Class A Common Stock,Stock,NYSE
FET,"Forum Energy Technologies, Inc. Common Stock",Stock,NYSE
CMP,Compass Minerals Intl Inc Common Stock,Stock,NYSE
KRO,Kronos Worldwide Inc Common Stock,Stock,NYSE
ASTE,"Astec Industries, Inc. - Common Stock",Stock,NASDAQ
CPF,Central Pacific Financial Corp New,Stock,NYSE
SATL,Satellogic Inc. - Class A Common Stock,Stock,NASDAQ
GLIBA,Liberty Capital Corporation - Series A GCI Group Common Stock,Stock,NASDAQ
BVS,Bioventus Inc. - Class A Common Stock,Stock,NASDAQ
TDAY,"USA TODAY Co., Inc. Common Stock",Stock,NYSE
MTA,Metalla Royalty & Streaming Ltd. Common Shares,Stock,NYSE American
PSTL,"Postal Realty Trust, Inc. Class A Common Stock",Stock,NYSE
STK,Columbia Seligman Premium Technology Growth Fund Inc,Stock,NYSE
TBLA,Taboola.com Ltd. - Ordinary Shares,Stock,NASDAQ
GLIBK,Liberty Capital Corporation - Series C GCI Group Common Stock,Stock,NASDAQ
UPBD,"Upbound Group, Inc. - Common Stock",Stock,NASDAQ
BW,"Babcock & Wilcox Enterprises, Inc. Common Stock",Stock,NYSE
DXYZ,Destiny Tech100 Inc. Common Stock,Stock,NYSE
PXED,"Phoenix Education Partners, Inc. Common Stock",Stock,NYSE
KODK,Eastman Kodak Company Common New,Stock,NYSE
UTL,UNITIL Corporation Common Stock,Stock,NYSE
KOPN,Kopin Corporation - Common Stock,Stock,NASDAQ
SBSI,"Southside Bancshares, Inc. Common Stock",Stock,NYSE
SB,"Safe Bulkers, Inc Common Stock ($0.001 par value)",Stock,NYSE
MUC,"Blackrock MuniHoldings California Quality Fund, Inc.  Common Stock",Stock,NYSE
KFRC,"Kforce, Inc. Common Stock",Stock,NYSE
SBGI,"Sinclair, Inc. - Class A Common Stock",Stock,NASDAQ
HELP,Cybin Inc. - Common Stock,Stock,NASDAQ
BCX,BlackRock Resources Common Shares of Beneficial Interest,Stock,NYSE
MPB,Mid Penn Bancorp - Common Stock,Stock,NASDAQ
BRBR,"BellRing Brands, Inc. Common Stock ",Stock,NYSE
JMIA,"Jumia Technologies AG American Depositary Shares, each representing two Ordinary Shares",Stock,NYSE
ALMS,Alumis Inc. - Common Stock,Stock,NASDAQ
PLOW,"Douglas Dynamics, Inc. Common Stock",Stock,NYSE
JBIO,"Jade Biosciences, Inc. - Common Stock",Stock,NASDAQ
FMNB,Farmers National Banc Corp. - Common Stock,Stock,NASDAQ
NNE,Nano Nuclear Energy Inc. - common stock,Stock,NASDAQ
PDX,PIMCO Dynamic Income Strategy Fund Common Shares of Beneficial Interest,Stock,NYSE
CGEM,"Cullinan Therapeutics, Inc. - Common Stock",Stock,NASDAQ
CBLL,"CeriBell, Inc. - Common Stock",Stock,NASDAQ
BBDC,"Barings BDC, Inc. Common Stock",Stock,NYSE
LAR,Lithium Argentina AG Common Shares,Stock,NYSE
SGP,"SpyGlass Pharma, Inc. - Common Stock",Stock,NASDAQ
DJCO,Daily Journal Corp. (S.C.) - Common Stock,Stock,NASDAQ
NX,Quanex Building Products Corporation Common Stock,Stock,NYSE
CRESY,"Cresud S.A.C.I.F. y A. - American Depositary Shares, each representing ten shares of Common Stock",Stock,NASDAQ
FCBC,"First Community Bankshares, Inc. - Common Stock",Stock,NASDAQ
OI,"O-I Glass, Inc. Common Stock",Stock,NYSE
TTI,"Tetra Technologies, Inc. Common Stock",Stock,NYSE
RIGL,"Rigel Pharmaceuticals, Inc. - Common Stock",Stock,NASDAQ
ACEL,"Accel Entertainment, Inc. ",Stock,NYSE
THFF,First Financial Corporation  - Common Stock,Stock,NASDAQ
FRBT,"Forbright, Inc. - Class A Common Stock",Stock,NASDAQ
HEPS,D-Market Electronic Services & Trading - American Depositary Shares,Stock,NASDAQ
ANGX,"Angel Studios, Inc. Class A Common Stock",Stock,NYSE
BBN,BlackRock Taxable Municipal Bond Trust Common Shares of Beneficial Interest,Stock,NYSE
HSTM,"HealthStream, Inc. - Common Stock",Stock,NASDAQ
BZH,"Beazer Homes USA, Inc. Common Stock",Stock,NYSE
QFIN,"Qfin Holdings, Inc.  - American Depositary Shares",Stock,NASDAQ
DC,Dakota Gold Corp. Common Stock,Stock,NYSE American
ARDX,"Ardelyx, Inc. - Common Stock",Stock,NASDAQ
CYRX,"CryoPort, Inc. - Common Stock",Stock,NASDAQ
SANA,"Sana Biotechnology, Inc. - Common Stock",Stock,NASDAQ
SCZM,Santacruz Silver Mining Ltd. - Common Shares,Stock,NASDAQ
EAI,"Entergy Arkansas, LLC First Mortgage Bonds, 4.875% Series Due September 1, 2066",Stock,NYSE
SLBT,SL Science Holding Limited - Ordinary Shares,Stock,NASDAQ
SABR,Sabre Corporation - Common Stock,Stock,NASDAQ
REPX,"Riley Exploration Permian, Inc. Common Stock",Stock,NYSE American
BTGO,"BitGo Holdings, Inc. Class A Common Stock",Stock,NYSE
APMD,"Apnimed, Inc. - Common Stock",Stock,NASDAQ
OXLC,Oxford Lane Capital Corp. - Closed End Fund,Stock,NASDAQ
RJET,Republic Airways Holdings Inc. - Common Stock,Stock,NASDAQ
KOP,Koppers Holdings Inc. Common Stock,Stock,NYSE
MAKO,Mako Mining Corp - Common Stock,Stock,NASDAQ
HTLD,"Heartland Express, Inc. - Common Stock",Stock,NASDAQ
RERE,ATRenew Inc. American Depositary Shares (every three of which representing two Class A ordinary shares),Stock,NYSE
EGBN,"Eagle Bancorp, Inc. - Common Stock",Stock,NASDAQ
RZLV,Rezolve AI PLC - Ordinary Shares,Stock,NASDAQ
SAFE,Safehold Inc. New Common Stock ,Stock,NYSE
HIVE,HIVE Digital Technologies Ltd - Common Shares,Stock,NASDAQ
GRPN,"Groupon, Inc. - Common Stock",Stock,NASDAQ
MCS,Marcus Corporation (The) Common Stock,Stock,NYSE
CIM,Chimera Investment Corporation Common Stock,Stock,NYSE
VRTS,"Virtus Investment Partners, Inc. Common Stock",Stock,NYSE
EVLV,"Evolv Technologies Holdings, Inc. - Class A Common Stock",Stock,NASDAQ
KBDC,"Kayne Anderson BDC, Inc. Common Stock",Stock,NYSE
SMBK,"SmartFinancial, Inc. Common Stock",Stock,NYSE
GSBC,"Great Southern Bancorp, Inc. - Common Stock",Stock,NASDAQ
ODD,ODDITY Tech Ltd. - Class A Ordinary Shares,Stock,NASDAQ
NAVI,Navient Corporation - Common Stock,Stock,NASDAQ
AEBI,Aebi Schmidt Holding AG - Common Stock,Stock,NASDAQ
SVC,Service Properties Trust - Common Shares of Beneficial Interest,Stock,NASDAQ
CCBG,Capital City Bank Group - Common Stock,Stock,NASDAQ
AIO,Virtus Artificial Intelligence & Technology Opportunities Fund Common Shares of Beneficial Interest,Stock,NYSE
NUAI,"New Era Energy & Digital, Inc. - Common Stock",Stock,NASDAQ
EIG,Employers Holdings Inc Common Stock,Stock,NYSE
SMPL,The Simply Good Foods Company - Common Stock,Stock,NASDAQ
PUBM,"PubMatic, Inc. - Class A Common Stock",Stock,NASDAQ
OGG,Osisko Gold Group Inc. Common Shares,Stock,NYSE
CODI,D/B/A Compass Diversified Holdings Shares of Beneficial Interest,Stock,NYSE
AOSL,Alpha and Omega Semiconductor Limited - Common Shares,Stock,NASDAQ
CADL,"Candel Therapeutics, Inc. - Common Stock",Stock,NASDAQ
AWF,Alliancebernstein Global High Income Fund,Stock,NYSE
SMP,"Standard Motor Products, Inc. Common Stock",Stock,NYSE
HQ,Horizon Quantum Holdings Ltd. - Class A Ordinary Shares,Stock,NASDAQ
ACDC,ProFrac Holding Corp. - Class A Common Stock,Stock,NASDAQ
TIGR,UP Fintech Holding Limited - American Depositary Shares representing fifteen Class A Ordinary Shares,Stock,NASDAQ
SIBN,"SI-BONE, Inc. - Common Stock",Stock,NASDAQ
BUUU,BUUU Group Limited - Class A Ordinary Share,Stock,NASDAQ
YALA,"Yalla Group Limited American Depositary Shares, each representing one Class A Ordinary Share",Stock,NYSE
RPC,"Ridgepost Capital, Inc. Class A Common Stock",Stock,NYSE
AVTX,"Avalo Therapeutics, Inc. - Common Stock",Stock,NASDAQ
HSHP,Himalaya Shipping Ltd. Common Shares,Stock,NYSE
MFA,"MFA Financial, Inc.",Stock,NYSE
QNST,"QuinStreet, Inc. - Common Stock",Stock,NASDAQ
CVLG,"Covenant Logistics Group, Inc. Class A Common Stock",Stock,NYSE
MNTN,"MNTN, Inc. Class A Common Stock",Stock,NYSE
ORRF,"Orrstown Financial Services, Inc. - Common Stock",Stock,NASDAQ
TRNS,"Transcat, Inc. - Common Stock",Stock,NASDAQ
INMD,InMode Ltd.  - Ordinary Shares,Stock,NASDAQ
LWLG,"Lightwave Logic, Inc. - Common Stock",Stock,NASDAQ
DAKT,"Daktronics, Inc. - Common Stock",Stock,NASDAQ
EOI,Eaton Vance Enhance Equity Income Fund Eaton Vance Enhanced Equity Income Fund Shares of Beneficial Interest,Stock,NYSE
SKYH,Sky Harbour Group Corporation Class A Common Stock,Stock,NYSE
ABR,Arbor Realty Trust Common Stock,Stock,NYSE
BLZE,"Backblaze, Inc. - Common Stock",Stock,NASDAQ
PCN,Pimco Corporate & Income Strategy Fund Common Stock,Stock,NYSE
NRK,Nuveen New York AMT-Free Quality Municipal Income Fund ,Stock,NYSE
JBGS,JBG SMITH Properties Common Shares ,Stock,NYSE
ADSE,ADS-TEC ENERGY PLC - Ordinary Shares,Stock,NASDAQ
ASGI,abrdn Global Infrastructure Income Fund Common Shares of Beneficial Interest,Stock,NYSE
PLTK,Playtika Holding Corp. - Common Stock,Stock,NASDAQ
SXC,"SunCoke Energy, Inc. Common Stock",Stock,NYSE
ATTO,"Attovia Therapeutics, Inc. - Common Stock",Stock,NASDAQ
DSP,Viant Technology Inc. - common stock,Stock,NASDAQ
ABX,"Abacus Global Management, Inc. Class A Common Stock",Stock,NYSE
SPFI,"South Plains Financial, Inc. - Common Stock",Stock,NASDAQ
GERN,Geron Corporation - Common Stock,Stock,NASDAQ
HIPO,Hippo Holdings Inc. Common Stock,Stock,NYSE
ARI,"Apollo Commercial Real Estate Finance, Inc",Stock,NYSE
ALRS,Alerus Financial Corporation - Common Stock,Stock,NASDAQ
WRLD,World Acceptance Corporation - Common Stock,Stock,NASDAQ
NRGV,"Energy Vault Holdings, Inc. Common Stock",Stock,NYSE
ELVR,Elevra Lithium Limited - American Depository Shares,Stock,NASDAQ
FDMT,"4D Molecular Therapeutics, Inc. - Common Stock",Stock,NASDAQ
BUR,Burford Capital Limited Ordinary Shares,Stock,NYSE
LXRX,"Lexicon Pharmaceuticals, Inc. - Common Stock",Stock,NASDAQ
MTW,"Manitowoc Company, Inc. (The) Common Stock",Stock,NYSE
PGC,Peapack-Gladstone Financial Corporation - Common Stock,Stock,NASDAQ
CRTO,Criteo S.A. - Ordinary Shares,Stock,NASDAQ
GCMG,GCM Grosvenor Inc. - Class A Common Stock,Stock,NASDAQ
HTD,John Hancock Tax Advantaged Dividend Income Fund Common Shares of Beneficial Interest,Stock,NYSE
MITK,"Mitek Systems, Inc. - Common Stock",Stock,NASDAQ
IVA,Inventiva S.A. - American Depository Shares,Stock,NASDAQ
SMBC,"Southern Missouri Bancorp, Inc. - Common Stock",Stock,NASDAQ
OBX,"Obsidian Therapeutics, Inc. - Common Stock",Stock,NASDAQ
FISI,"Financial Institutions, Inc. - Common Stock",Stock,NASDAQ
VLRS,"Controladora Vuela Compania de Aviacion, S.A.B. de C.V. American Depositary Shares, each representing ten (10) Ordinary Participation Certificates",Stock,NYSE
WEST,Westrock Coffee Company - Common Stock,Stock,NASDAQ
NAK,"Northern Dynasty Minerals, Ltd. Common Stock",Stock,NYSE American
JBSS,"John B. Sanfilippo & Son, Inc. - Common Stock",Stock,NASDAQ
LYTS,LSI Industries Inc. - Common Stock,Stock,NASDAQ
IMMX,"Immix Biopharma, Inc. - Common Stock",Stock,NASDAQ
PEO,"Adams Natural Resources Fund, Inc. Common Stock",Stock,NYSE
VREX,Varex Imaging Corporation - Common Stock,Stock,NASDAQ
RPD,"Rapid7, Inc. - Common Stock",Stock,NASDAQ
SLDB,Solid Biosciences Inc. - Common Stock,Stock,NASDAQ
GILT,Gilat Satellite Networks Ltd. - Ordinary Shares,Stock,NASDAQ
MTUS,Metallus Inc. Common Shares,Stock,NYSE
FOXF,Fox Factory Holding Corp. - Common Stock,Stock,NASDAQ
GYRE,"Gyre Therapeutics, Inc. - Common Stock",Stock,NASDAQ
PRAA,"PRA Group, Inc. - Common Stock",Stock,NASDAQ
CTO,"CTO Realty Growth, Inc. Common Stock",Stock,NYSE
DQ,"DAQO New Energy Corp. American Depositary Shares, each representing five ordinary shares",Stock,NYSE
ACHV,"Achieve Life Sciences, Inc.  - Common Shares",Stock,NASDAQ
APOG,"Apogee Enterprises, Inc. - Common Stock",Stock,NASDAQ
CGBD,"Carlyle Secured Lending, Inc. - Closed End Fund",Stock,NASDAQ
THQ,abrdn Healthcare Opportunities Fund Shares of Beneficial Interest,Stock,NYSE
PHK,Pimco High Income Fund,Stock,NYSE
KELYB,"Kelly Services, Inc. - Class B Common Stock",Stock,NASDAQ
SHBI,"Shore Bancshares, Inc. - Common Stock",Stock,NASDAQ
WGO,"Winnebago Industries, Inc. Common Stock",Stock,NYSE
OLMA,"Olema Pharmaceuticals, Inc. - Common Stock",Stock,NASDAQ
HTB,"HomeTrust Bancshares, Inc. Common Stock",Stock,NYSE
APEI,"American Public Education, Inc. - Common Stock",Stock,NASDAQ
WYFI,"WhiteFiber, Inc. - Ordinary Shares",Stock,NASDAQ
FDUS,Fidus Investment Corporation - Closed End Fund,Stock,NASDAQ
MOV,Movado Group Inc. Common Stock,Stock,NYSE
RVI,Robinhood Ventures Fund I Common Shares of Beneficial Interest,Stock,NYSE
VBNK,VersaBank - Common Shares,Stock,NASDAQ
DSGN,"Design Therapeutics, Inc. - Common Stock",Stock,NASDAQ
ACRS,"Aclaris Therapeutics, Inc. - Common Stock",Stock,NASDAQ
STRW,"Strawberry Fields REIT, Inc. Common Stock",Stock,NYSE American
EVEX,"Eve Holding, Inc. Common Stock",Stock,NYSE
NABL,"N-able, Inc. Common Stock",Stock,NYSE
BBSI,"Barrett Business Services, Inc. - Common Stock",Stock,NASDAQ
HYLN,Hyliion Holdings Corp. Class A Common Stock,Stock,NYSE American
AHCO,AdaptHealth Corp.  - Common Stock,Stock,NASDAQ
TASK,"TaskUs, Inc. - Class A Common Stock",Stock,NASDAQ
QDEL,QuidelOrtho Corporation - Common Stock,Stock,NASDAQ
MLAB,"Mesa Laboratories, Inc. - Common Stock",Stock,NASDAQ
AVR,Anteris Technologies Global Corp. - Common Stock,Stock,NASDAQ
BLDP,"Ballard Power Systems, Inc. - Common Shares",Stock,NASDAQ
WVE,"Wave Life Sciences, Inc. - Common Stock",Stock,NASDAQ
SOC,Sable Offshore Corp. Common Stock,Stock,NYSE
GOOS,Canada Goose Holdings Inc. Subordinate Voting Shares,Stock,NYSE
WASH,"Washington Trust Bancorp, Inc. - Common Stock",Stock,NASDAQ
PHAR,"Pharming Group N.V. - ADS, each representing 10 ordinary shares",Stock,NASDAQ
IBCP,Independent Bank Corporation - Common Stock,Stock,NASDAQ
BWMN,Bowman Consulting Group Ltd. - Common Stock,Stock,NASDAQ
SWIM,"Latham Group, Inc. - Common Stock",Stock,NASDAQ
CTKB,"Cytek Biosciences, Inc. - Common Stock",Stock,NASDAQ
ROOT,"Root, Inc. - Common Stock",Stock,NASDAQ
FINV,FinVolution Group American Depositary Shares,Stock,NYSE
CSIQ,Canadian Solar Inc. - Common Shares,Stock,NASDAQ
GROY,Gold Royalty Corp. Common Shares,Stock,NYSE American
ADAM,"Adamas Trust, Inc. - Common Stock",Stock,NASDAQ
MFIC,MidCap Financial Investment Corporation - Closed End Fund,Stock,NASDAQ
REF,Reformation Inc. Common Stock,Stock,NYSE
RMT,"Royce Micro-Cap Trust, Inc. Common Stock",Stock,NYSE
MQY,"Blackrock MuniYield Quality Fund, Inc. Common Stock",Stock,NYSE
ASC,Ardmore Shipping Corporation Common Stock,Stock,NYSE
CSHR,CoinShares PLC - Ordinary Shares,Stock,NASDAQ
BTO,John Hancock Financial Opportunities Fund Common Stock,Stock,NYSE
GPRK,Geopark Ltd Common Shares,Stock,NYSE
DBVT,DBV Technologies S.A. - American Depositary Shares,Stock,NASDAQ
CWBC,Community West Bancshares - Common Stock,Stock,NASDAQ
ETRA,"Electra Therapeutics, Inc. - Common stock",Stock,NASDAQ
FTH,"Faeth Therapeutics, Inc.  - Common Stock",Stock,NASDAQ
SSYS,"Stratasys, Ltd. - Common Stock",Stock,NASDAQ
TCBX,"Third Coast Bancshares, Inc. Common Stock",Stock,NYSE
IMC,IMC Rare Earths Ltd Ordinary Shares,Stock,NYSE American
BCSF,"Bain Capital Specialty Finance, Inc. Common Stock",Stock,NYSE
GEMI,"Gemini Space Station, Inc. - Class A Common Stock",Stock,NASDAQ
DNA,"Ginkgo Bioworks Holdings, Inc. Class A Common Stock",Stock,NYSE
MOMO,Hello Group Inc.  - American Depositary Shares,Stock,NASDAQ
PAYS,"Paysign, Inc. - Common Stock",Stock,NASDAQ
RCBC,River City Bank - Common stock,Stock,NASDAQ
OBE,Obsidian Energy Ltd. Common Shares,Stock,NYSE American
LINC,Lincoln Educational Services Corporation - Common Stock,Stock,NASDAQ
LXU,"LSB Industries, Inc. Common Stock",Stock,NYSE
QVCG,"QVC Group, Inc. - Common Stock",Stock,NASDAQ
LUCK,Lucky Strike Entertainment Corporation Class A Common Stock,Stock,NYSE
IPX,IperionX Limited - American Depositary Share,Stock,NASDAQ
SOPH,SOPHiA GENETICS SA - Ordinary Shares,Stock,NASDAQ
MEGI,NYLIM CBRE Global Infrastructure Megatrends Term Fund Common Shares,Stock,NYSE
BALY,Bally's Corporation Common Stock,Stock,NYSE
VTS,"Vitesse Energy, Inc. Common Stock",Stock,NYSE
FPH,"Five Point Holdings, LLC Class A Common Shares",Stock,NYSE
CARE,"Carter Bankshares, Inc. - Common Stock",Stock,NASDAQ
VSTM,"Verastem, Inc. - Common Stock",Stock,NASDAQ
INDI,"indie Semiconductor, Inc. - Class A Common Stock",Stock,NASDAQ
LPTH,"LightPath Technologies, Inc. - Class A Common Stock",Stock,NASDAQ
PFIS,Peoples Financial Services Corp.  - Common Stock,Stock,NASDAQ
IVR,INVESCO MORTGAGE CAPITAL INC Common Stock,Stock,NYSE
COLL,"Collegium Pharmaceutical, Inc. - Common Stock",Stock,NASDAQ
GDOT,"Green Dot Corporation Class A Common Stock, $0.001 par value",Stock,NYSE
AROW,Arrow Financial Corporation - Common Stock,Stock,NASDAQ
BOT,"RoboStrategy, Inc. - Common Stock",Stock,NASDAQ
LEGH,Legacy Housing Corporation - Common Stock,Stock,NASDAQ
PKOH,Park-Ohio Holdings Corp. - Common Stock,Stock,NASDAQ
BCAL,California BanCorp - Common Stock,Stock,NASDAQ
NIE,Virtus Equity & Convertible Income Fund Common Shares of Beneficial Interest,Stock,NYSE
SLN,Silence Therapeutics Plc - American Depository Share,Stock,NASDAQ
HNRG,Hallador Energy Company - Common Stock,Stock,NASDAQ
PFLT,PennantPark Floating Rate Capital Ltd. Common Stock,Stock,NYSE
CCXI,Churchill Capital Corp XI - Class A Ordinary Shares,Stock,NASDAQ
CASS,"Cass Information Systems, Inc - Common Stock",Stock,NASDAQ
HDL,SUPER HI INTERNATIONAL HOLDING LTD. - American Depositary Shares,Stock,NASDAQ
MSBI,"Midland States Bancorp, Inc. - Common Stock",Stock,NASDAQ
ANNX,"Annexon, Inc. - common stock",Stock,NASDAQ
PSNYW,Polestar Automotive Holding UK Limited - Class C-1 ADS (ADW),Stock,NASDAQ
HOV,"Hovnanian Enterprises, Inc. Class A Common Stock",Stock,NYSE
MG,Mistras Group Inc Common Stock,Stock,NYSE
CCB,Coastal Financial Corporation - Common Stock,Stock,NASDAQ
NGVC,"Natural Grocers by Vitamin Cottage, Inc. Common Stock",Stock,NYSE
SUPV,Grupo Supervielle S.A. American Depositary Shares each Representing five Class B shares,Stock,NYSE
RGR,"Sturm, Ruger & Company, Inc. Common Stock",Stock,NYSE
EVC,Entravision Communications Corporation Common Stock,Stock,NYSE
TRON,Tron Inc. - Common Stock,Stock,NASDAQ
OFRM,"Once Upon a Farm, PBC Common Stock",Stock,NYSE
CNNE,"Cannae Holdings, Inc. Common Stock",Stock,NYSE
IRWD,"Ironwood Pharmaceuticals, Inc. - Class A Common Stock",Stock,NASDAQ
MDXG,"MiMedx Group, Inc - Common Stock",Stock,NASDAQ
STLN,"Starling Oncology, Inc. - Common Stock",Stock,NASDAQ
DGICB,"Donegal Group, Inc. - Class B Common Stock",Stock,NASDAQ
FAC,Factorial Energy Inc. - Class A Common Stock,Stock,NASDAQ
BLMN,"Bloomin' Brands, Inc. - Common Stock",Stock,NASDAQ
UAMY,United States Antimony Corporation Common Stock,Stock,NYSE
NFGC,New Found Gold Corp Common Shares,Stock,NYSE American
VLGEA,"Village Super Market, Inc. - Class A Common Stock",Stock,NASDAQ
DGICA,"Donegal Group, Inc. - Class A Common Stock",Stock,NASDAQ
OABI,"OmniAb, Inc. - Common Stock",Stock,NASDAQ
CLYM,"Climb Bio, Inc. - Common Stock",Stock,NASDAQ
SMWB,Similarweb Ltd. Ordinary Shares,Stock,NYSE
KRNT,Kornit Digital Ltd. - Ordinary Shares,Stock,NASDAQ
HELE,Helen of Troy Limited - Common Stock,Stock,NASDAQ
RRBI,"Red River Bancshares, Inc. - Common Stock",Stock,NASDAQ
BUI,"BlackRock Utility, Infrastructure & Power Opportunities Trust",Stock,NYSE
BWMX,"Betterware de Mexico, S.A.P.I. de C.V. Ordinary Shares",Stock,NYSE
NVCT,"Nuvectis Pharma, Inc. - Common Stock",Stock,NASDAQ
NMFC,New Mountain Finance Corporation - Common Stock,Stock,NASDAQ
CCD,Calamos Dynamic Convertible & Income Fund - Closed End Fund,Stock,NASDAQ
MATV,"Mativ Holdings, Inc. Common Stock",Stock,NYSE
HIFS,Hingham Institution for Savings - Common Stock,Stock,NASDAQ
TBLD,Thornburg Income Builder Opportunities Trust - Closed End Fund,Stock,NASDAQ
EVER,"EverQuote, Inc. - Class A Common Stock",Stock,NASDAQ
OSPN,OneSpan Inc. - Common Stock,Stock,NASDAQ
ZVRA,"Zevra Therapeutics, Inc.  - Common Stock",Stock,NASDAQ
PKE,Park Aerospace Corp. Common Stock,Stock,NYSE
CLDT,Chatham Lodging Trust (REIT) Common Shares of Beneficial Interest,Stock,NYSE
KE,"Kimball Electronics, Inc. - Common Stock",Stock,NASDAQ
BHB,"Bar Harbor Bankshares, Inc. Common Stock",Stock,NYSE American
SHEN,Shenandoah Telecommunications Co - Common Stock,Stock,NASDAQ
WOOF,"Petco Health and Wellness Company, Inc. - Class A Common Stock",Stock,NASDAQ
ACNB,ACNB Corporation - Common Stock,Stock,NASDAQ
DMII,Drugs Made In America Acquisition II Corp. - Ordinary Shares,Stock,NASDAQ
RA,Brookfield Real Assets Income Fund Inc. Common Stock,Stock,NYSE
CCSI,"Consensus Cloud Solutions, Inc. - Common Stock",Stock,NASDAQ
DDI,"DoubleDown Interactive Co., Ltd. - American Depository Shares",Stock,NASDAQ
PZZA,"Papa John's International, Inc. - Common Stock",Stock,NASDAQ
TROX,Tronox Holdings plc Ordinary Shares (UK),Stock,NYSE
AHG,Akso Health Group - American Depositary Shares,Stock,NASDAQ
FWDI,"Forward Industries, Inc. - Common Stock",Stock,NASDAQ
PRTH,"Priority Technology Holdings, Inc. - Common Stock",Stock,NASDAQ
MUA,"Blackrock MuniAssets Fund, Inc Common Stock",Stock,NYSE
GLAS,Glass House Brands Inc. Subordinate Voting Shares,Stock,NYSE
BIT,BlackRock Multi-Sector Income Trust Common Shares of Beneficial Interest,Stock,NYSE
SLRC,SLR Investment Corp. - Closed End Fund,Stock,NASDAQ
YEXT,"Yext, Inc. Common Stock",Stock,NYSE
ANGO,"AngioDynamics, Inc. - Common Stock",Stock,NASDAQ
SWBI,"Smith & Wesson Brands, Inc. - Common Stock",Stock,NASDAQ
WCCB,West Coast Community Bancorp - Common Stock,Stock,NASDAQ
PROK,ProKidney Corp. - Class A Ordinary Shares,Stock,NASDAQ
TIPT,Tiptree Inc. - Common Stock,Stock,NASDAQ
DLY,DoubleLine Yield Opportunities Fund Common Shares of Beneficial Interest,Stock,NYSE
BTBT,"Bit Digital, Inc. - Ordinary Share",Stock,NASDAQ
HPP,"Hudson Pacific Properties, Inc. Common Stock",Stock,NYSE
PHR,"Phreesia, Inc. Common Stock",Stock,NYSE
ENVX,Enovix Corporation - Common Stock,Stock,NASDAQ
MAMA,"Mama's Creations, Inc. - Common Stock",Stock,NASDAQ
CGNT,Cognyte Software Ltd. - Ordinary Shares,Stock,NASDAQ
GDYN,"Grid Dynamics Holdings, Inc. - Class A Common Stock",Stock,NASDAQ
BLSM,"BlossomHill Therapeutics, Inc. - Common Stock",Stock,NASDAQ
GFUZ,General Fusion Group Ltd. - Common Shares,Stock,NASDAQ
NRDY,Nerdy Inc. Class A Common Stock,Stock,NYSE
FWRG,"First Watch Restaurant Group, Inc. - Common Stock",Stock,NASDAQ
RSVR,"Reservoir Media, Inc.. - Common Stock",Stock,NASDAQ
WHK,WhiteHawk Minerals Corp Class A Common Stock,Stock,NYSE
PAXS,PIMCO Access Income Fund Common Shares of Beneficial Interest,Stock,NYSE
AURA,"Aura Biosciences, Inc. - Common Stock",Stock,NASDAQ
CTGO,Contango Silver & Gold Inc. Common Stock,Stock,NYSE American
HTZ,"Hertz Global Holdings, Inc - Common Stock",Stock,NASDAQ
ARRY,"Array Technologies, Inc. - Common Stock",Stock,NASDAQ
INN,"Summit Hotel Properties, Inc. Common Stock",Stock,NYSE
WDI,Western Asset Diversified Income Fund Common Shares of Beneficial Interest,Stock,NYSE
ALOY,REalloys Inc. - Common Stock,Stock,NASDAQ
PFN,PIMCO Income Strategy Fund II,Stock,NYSE
LMB,"Limbach Holdings, Inc. - Common Stock",Stock,NASDAQ
VINP,Vinci Compass Investments Ltd. - Class A Common Shares,Stock,NASDAQ
BAK,Braskem SA ADR,Stock,NYSE
MLR,"Miller Industries, Inc. Common Stock",Stock,NYSE
EGY,"VAALCO Energy, Inc.  Common Stock",Stock,NYSE
CRMD,CorMedix Inc. - Common Stock,Stock,NASDAQ
FLGT,"Fulgent Genetics, Inc. - Common Stock",Stock,NASDAQ
GOOD,Gladstone Commercial Corporation - Real Estate Investment Trust,Stock,NASDAQ
ISOU,IsoEnergy Ltd. Common Shares,Stock,NYSE American
NKX,Nuveen California AMT-Free Quality Municipal Income Fund,Stock,NYSE
STTK,"Shattuck Labs, Inc. - Common Stock",Stock,NASDAQ
AGNT,"AGNT, Inc. - Common Stock",Stock,NASDAQ
VEL,"Velocity Financial, Inc. Common Stock",Stock,NYSE
EVAC,EQV Ventures Acquisition Corp. II Class A Ordinary Shares,Stock,NYSE
YSWY,"Yesway, Inc. - Class A Common Stock",Stock,NASDAQ
BCSS,Bain Capital GSS Investment Corp. Class A Ordinary Shares,Stock,NYSE
IGR,CBRE Global Real Estate Income Fund Common Shares of Beneficial Interest,Stock,NYSE
OOMA,"Ooma, Inc. Common Stock",Stock,NYSE
BXC,Bluelinx Holdings Inc. Common Stock,Stock,NYSE
NTGR,"NETGEAR, Inc. - Common Stock",Stock,NASDAQ
CXII,Churchill Capital Corp XII - Class A Ordinary Shares,Stock,NASDAQ
ELMT,The Elmet Group Co. - Common Stock,Stock,NASDAQ
GMRS,GMR Solutions Inc. Class A Common Stock,Stock,NYSE
VTEX,VTEX Class A Common Shares,Stock,NYSE
SCHL,Scholastic Corporation - Common Stock,Stock,NASDAQ
ALT,"Altimmune, Inc. - Common Stock",Stock,NASDAQ
CRD-A,Crawford & Company Common Stock,Stock,NYSE
DDD,3D Systems Corporation Common Stock,Stock,NYSE
TWN,"Taiwan Fund, Inc. (The) Common Stock",Stock,NYSE
TMS,Teamshares Inc. - Common Stock,Stock,NASDAQ
MATW,Matthews International Corporation - Class A Common Stock,Stock,NASDAQ
WEAV,"Weave Communications, Inc. Common Stock",Stock,NYSE
KRNY,Kearny Financial - Common Stock,Stock,NASDAQ
IBEX,IBEX Limited - Common Share,Stock,NASDAQ
SSII,SS Innovations International Inc. - Common Stock,Stock,NASDAQ
CLMB,"Climb Global Solutions, Inc. - Common Stock",Stock,NASDAQ
PHAT,"Phathom Pharmaceuticals, Inc. - Common Stock",Stock,NASDAQ
FBIZ,"First Business Financial Services, Inc. - Common Stock",Stock,NASDAQ
ENRD,Einride AB - American Depositary Shares,Stock,NASDAQ
KIDS,OrthoPediatrics Corp. - Common Stock,Stock,NASDAQ
CEPF,"Cantor Equity Partners IV, Inc. - Class A Ordinary Shares",Stock,NASDAQ
CTMX,"CytomX Therapeutics, Inc. - Common Stock",Stock,NASDAQ
AQST,"Aquestive Therapeutics, Inc. - Common Stock",Stock,NASDAQ
CBNK,"Capital Bancorp, Inc. - Common Stock",Stock,NASDAQ
GCBC,"Greene County Bancorp, Inc. - Common Stock",Stock,NASDAQ
CD,Chaince Digital Holdings Inc. - American Ordinary Shares,Stock,NASDAQ
GRNT,"Granite Ridge Resources, Inc. Common Stock",Stock,NYSE
CARS,Cars.com Inc. Common Stock ,Stock,NYSE
VALN,Valneva SE - American Depositary Shares,Stock,NASDAQ
LOT,Lotus Technology Inc. - American Depositary Shares,Stock,NASDAQ
PAR,PAR Technology Corporation Common Stock,Stock,NYSE
MPLT,"MapLight Therapeutics, Inc. - Common Stock",Stock,NASDAQ
ADTN,"ADTRAN Holdings, Inc. - Common Stock",Stock,NASDAQ
TLRY,"Tilray Brands, Inc. - Common Stock",Stock,NASDAQ
RYAM,Rayonier Advanced Materials Inc. Common Stock,Stock,NYSE
NML,Neuberger Energy Infrastructure and Income Fund Inc. Common Stock,Stock,NYSE American
DSU,"Blackrock Debt Strategies Fund, Inc. Common Stock",Stock,NYSE
BWB,"Bridgewater Bancshares, Inc. - Common Stock",Stock,NASDAQ
FBRT,"Franklin BSP Realty Trust, Inc. Common Stock",Stock,NYSE
GOTU,Gaotu Techedu Inc. American Depositary Shares,Stock,NYSE
SPT,"Sprout Social, Inc - Class A Common Stock",Stock,NASDAQ
NCDL,Nuveen Churchill Direct Lending Corp. Common Stock,Stock,NYSE
METC,"Ramaco Resources, Inc. - Class A Common Stock",Stock,NASDAQ
JBI,"Janus International Group, Inc. Common Stock",Stock,NYSE
SGMT,Sagimet Biosciences Inc. - Series A Common Stock,Stock,NASDAQ
OIO,OIO Group - Ordinary Shares,Stock,NASDAQ
SFST,"Southern First Bancshares, Inc. - Common Stock",Stock,NASDAQ
TMQ,Trilogy Metals Inc. Common Stock,Stock,NYSE American
CDNL,Cardinal Infrastructure Group Inc. - Class A Common Stock,Stock,NASDAQ
KELYA,"Kelly Services, Inc. - Class A Common Stock",Stock,NASDAQ
MNPR,Monopar Therapeutics Inc. - Common Stock,Stock,NASDAQ
IIIN,"Insteel Industries, Inc. Common Stock",Stock,NYSE
ALLO,"Allogene Therapeutics, Inc. - Common Stock",Stock,NASDAQ
DCBO,Docebo Inc. - Common Shares,Stock,NASDAQ
HNST,"The Honest Company, Inc. - Common Stock",Stock,NASDAQ
AHRT,"AH Realty Trust, Inc. Common Stock",Stock,NYSE
NGNE,Neurogene Inc. - Common Stock,Stock,NASDAQ
CRD-B,Crawford & Company Common Stock,Stock,NYSE
UNTY,"Unity Bancorp, Inc. - Common Stock",Stock,NASDAQ
YB,Yuanbao Inc. - American Depositary Shares,Stock,NASDAQ
CIVB,"Civista Bancshares, Inc.  - Common Stock",Stock,NASDAQ
ACP,abrdn Income Credit Strategies Fund Common Shares,Stock,NYSE
XMAX,"XMAX, Inc. - Common Stock",Stock,NASDAQ
ITRG,Integra Resources Corp. Common Shares,Stock,NYSE American
DBCA,D. Boral Acquisition I Corp. - Class A Ordinary Shares,Stock,NASDAQ
FAX,"abrdn Asia-Pacific Income Fund, Inc. Common Stock",Stock,NYSE American
ETJ,Eaton Vance Risk-Managed Diversified Equity Income Fund Common Shares of Beneficial Interest,Stock,NYSE
IMSR,Terrestrial Energy Inc. - Common Stock,Stock,NASDAQ
NRIM,Northrim BanCorp Inc - Common Stock,Stock,NASDAQ
HY,"Hyster-Yale, Inc. Class A common stock",Stock,NYSE
EVO,Evotec SE - American Depositary Shares each representing 1/2 of one ordinary share,Stock,NASDAQ
MSIF,"MSC Income Fund, Inc. Common Stock",Stock,NYSE
TITN,Titan Machinery Inc. - Common Stock,Stock,NASDAQ
AEXA,American Exceptionalism Acquisition Corp. A Class A Ordinary Shares,Stock,NYSE
SWRD,Stewards Inc - Common Stock,Stock,NASDAQ
WTI,"W&T Offshore, Inc. Common Stock",Stock,NYSE
GTN-A,"Gray Media, Inc. Class A Common Stock",Stock,NYSE
SLDP,"Solid Power, Inc. - Class A Common Stock",Stock,NASDAQ
NOAH,Noah Holdings Limited American Depositary Shares,Stock,NYSE
NRDS,"NerdWallet, Inc. - Class A Common Stock",Stock,NASDAQ
DCTH,"Delcath Systems, Inc. - Common Stock",Stock,NASDAQ
BMM,Blue Moon Metals Inc. - Common Shares,Stock,NASDAQ
GHXI,"Gores Holdings XI, Inc. - Class A Ordinary Shares",Stock,NASDAQ
ITIC,Investors Title Company - Common Stock,Stock,NASDAQ
NVRI,Enviri Corporation Common Stock,Stock,NYSE
FVR,"FrontView REIT, Inc. Common Stock",Stock,NYSE
GAU,Galiano Gold Inc.,Stock,NYSE American
AUXX,Gold X2 Mining Inc. Common Shares,Stock,NYSE American
UHT,Universal Health Realty Income Trust Common Stock,Stock,NYSE
ETD,Ethan Allen Interiors Inc. Common Stock,Stock,NYSE
BWAY,BrainsWay Ltd. - American Depositary Shares,Stock,NASDAQ
OPFI,OppFi Inc. Class A Common Stock,Stock,NYSE
ROMA,Roma Green Finance Limited - Class A Ordinary Shares,Stock,NASDAQ
THW,abrdn World Healthcare Fund Shares of Beneficial Interest,Stock,NYSE
NDMO,Nuveen Dynamic Municipal Opportunities Fund Common Shares of Beneficial Interest,Stock,NYSE
CMDB,Costamare Bulkers Holdings Limited Common Stock,Stock,NYSE
HBCP,"Home Bancorp, Inc. - Common Stock",Stock,NASDAQ
BSVN,Bank7 Corp. - Common stock,Stock,NASDAQ
NPB,"Northpointe Bancshares, Inc. Common Stock",Stock,NYSE
GUT,Gabelli Utility Trust (The) Common Stock,Stock,NYSE
WNC,Wabash National Corporation Common Stock,Stock,NYSE
BWFG,"Bankwell Financial Group, Inc. - Common Stock",Stock,NASDAQ
EPRX,Eupraxia Pharmaceuticals Inc. - Common Stock,Stock,NASDAQ
MTC,"MMTec, Inc. - Common Shares",Stock,NASDAQ
SENS,"Senseonics Holdings, Inc. - Common Stock",Stock,NASDAQ
LAES,SEALSQ Corp - Ordinary Shares,Stock,NASDAQ
CERS,Cerus Corporation - Common Stock,Stock,NASDAQ
HKD,AMTD Digital Inc. American Depositary Shares (every five of which represent two Class A Ordinary Shares),Stock,NYSE
NVEC,NVE Corporation - Common Stock,Stock,NASDAQ
EOLS,"Evolus, Inc. - Common Stock",Stock,NASDAQ
PRME,"Prime Medicine, Inc. - Common Stock",Stock,NASDAQ
HUYA,"HUYA Inc. American depositary shares, each  representing one Class A ordinary share",Stock,NYSE
WRN,Western Copper and Gold Corporation Common Stock,Stock,NYSE American
PANL,Pangaea Logistics Solutions Ltd. - Common Stock,Stock,NASDAQ
BGY,Blackrock Enhanced International Dividend Trust,Stock,NYSE
NMCO,Nuveen Municipal Credit Opportunities Fund Common Shares,Stock,NYSE
CBIO,"Crescent Biopharma, Inc. - Common Stock",Stock,NASDAQ
XRN,Chiron Real Estate Inc. Common Stock,Stock,NYSE
IIM,Invesco Value Municipal Income Trust Common Stock,Stock,NYSE
AGMB,AgomAb Therapeutics NV - ADRs representing one common share.,Stock,NASDAQ
IIIV,"i3 Verticals, Inc. - Common Stock",Stock,NASDAQ
BRSP,"BrightSpire Capital, Inc. Class A Common Stock",Stock,NYSE
BSRR,Sierra Bancorp - Common Stock,Stock,NASDAQ
MEI,"Methode Electronics, Inc. Common Stock",Stock,NYSE
NB,NioCorp Developments Ltd. - Common Stock,Stock,NASDAQ
TCMD,"Tactile Systems Technology, Inc. - Common Stock",Stock,NASDAQ
OCS,Oculis Holding AG - Ordinary shares,Stock,NASDAQ
SD,"SandRidge Energy, Inc. Common Stock",Stock,NYSE
INDP,"Indaptus Therapeutics, Inc. - Common Stock",Stock,NASDAQ
GCGR,General Catalyst Global Resilience Merger Corp. - Class A Ordinary Shares,Stock,NASDAQ
DRUG,Bright Minds Biosciences Inc. - common stock,Stock,NASDAQ
CSV,"Carriage Services, Inc. Common Stock",Stock,NYSE
OBT,"Orange County Bancorp, Inc. - Common Stock",Stock,NASDAQ
JKS,JinkoSolar Holding Company Limited American Depositary Shares (each representing 4 Common Shares),Stock,NYSE
KRSP,Rice Acquisition Corporation 3 Class A Ordinary Shares,Stock,NYSE
PBYI,Puma Biotechnology Inc - Common Stock,Stock,NASDAQ
MCTA,Charming Medical Limited - Class A Ordinary Shares,Stock,NASDAQ
SBC,SBC Medical Group Holdings Incorporated - Common Stock,Stock,NASDAQ
TRTX,"TPG RE Finance Trust, Inc. Common Stock",Stock,NYSE
PACB,"Pacific Biosciences of California, Inc. - Common Stock",Stock,NASDAQ
KMDA,Kamada Ltd. - Ordinary Shares,Stock,NASDAQ
YORW,The York Water Company - Common Stock,Stock,NASDAQ
IGD,Voya Global Equity Dividend and Premium Opportunity Fund,Stock,NYSE
AMCX,AMC Global Media Inc. - Class A Common Stock,Stock,NASDAQ
NWAX,New America Acquisition I Corp. Class A Common Stock,Stock,NYSE
DNUT,"Krispy Kreme, Inc. - Common Stock",Stock,NASDAQ
MCFT,"MasterCraft Boat Holdings, Inc. - Common Stock",Stock,NASDAQ
TKNO,"Alpha Teknova, Inc. - Common Stock",Stock,NASDAQ
HBB,Hamilton Beach Brands Holding Company Class A Common Stock ,Stock,NYSE
MEVO,M Evo Global Acquisition Corp II - Class A Ordinary Shares,Stock,NASDAQ
OIS,"Oil States International, Inc. Common Stock",Stock,NYSE
ETO,Eaton Vance Tax-Advantage Global Dividend Opp Common Stock,Stock,NYSE
AAC,Ares Acquisition Corporation III Class A Ordinary Shares,Stock,NYSE
WTBA,West Bancorporation - Common Stock,Stock,NASDAQ
FWRD,Forward Air Corporation - Common Stock,Stock,NASDAQ
NEXN,Nexxen International Ltd. - Ordinary Shares,Stock,NASDAQ
VGM,Invesco Trust for Investment Grade Municipals Common Stock (DE),Stock,NYSE
COFS,"ChoiceOne Financial Services, Inc. - Common Stock",Stock,NASDAQ
BDN,Brandywine Realty Trust Common Stock,Stock,NYSE
PBAM,"Private Bancorp of America, Inc. - Common Stock",Stock,NASDAQ
AUTL,Autolus Therapeutics plc - American Depositary Shares,Stock,NASDAQ
AII,"American Integrity Insurance Group, Inc. Common Stock",Stock,NYSE
OLP,"One Liberty Properties, Inc. Common Stock",Stock,NYSE
VRRM,Verra Mobility Corporation - Class A Common Stock,Stock,NASDAQ
BBCP,"Concrete Pumping Holdings, Inc.  - Common Stock",Stock,NASDAQ
PDLB,"Ponce Financial Group, Inc. - Common Stock",Stock,NASDAQ
SGHT,"Sight Sciences, Inc. - Common Stock",Stock,NASDAQ
ILPT,Industrial Logistics Properties Trust - Common Shares of Beneficial Interest,Stock,NASDAQ
ESEA,Euroseas Ltd. - Common Stock,Stock,NASDAQ
ONT,"Onterris, Inc. Common Stock",Stock,NYSE
MAX,"MediaAlpha, Inc. Class A Common Stock",Stock,NYSE
ORBS,Eightco Holdings Inc. - Common Stock,Stock,NASDAQ
ARVN,"Arvinas, Inc. - Common Stock",Stock,NASDAQ
RGNX,REGENXBIO Inc. - Common Stock,Stock,NASDAQ
TATT,TAT Technologies Ltd. - Ordinary Shares,Stock,NASDAQ
ALTI,"AlTi Global, Inc. - Class A Common Stock",Stock,NASDAQ
MMU,"Western Asset Managed Municipals Fund, Inc. Common Stock",Stock,NYSE
OWLS,OBOOK Holdings Inc. - Class A Common Shares,Stock,NASDAQ
KDK,"Kodiak AI, Inc. - Common Stock",Stock,NASDAQ
MTLS,Materialise NV - American Depositary Shares,Stock,NASDAQ
CAPR,"Capricor Therapeutics, Inc. - Common Stock",Stock,NASDAQ
GLRE,"Greenlight Reinsurance, Ltd. - Class A Ordinary Shares",Stock,NASDAQ
CMCO,Columbus McKinnon Corporation - Common Stock,Stock,NASDAQ
DDL,Dingdong (Cayman) Limited American Depositary Shares (each two representing three Ordinary Shares),Stock,NYSE
QUAD,"Quad Graphics, Inc Class A Common Stock",Stock,NYSE
SPCE,"Virgin Galactic Holdings, Inc. Common Stock",Stock,NYSE
NPCE,"Neuropace, Inc. - Common Stock",Stock,NASDAQ
ASMB,"Assembly Biosciences, Inc. - Common Stock",Stock,NASDAQ
MFI,mF International Limited - Class A Ordinary Shares,Stock,NASDAQ
FMAO,"Farmers & Merchants Bancorp, Inc. - Common Stock",Stock,NASDAQ
IDR,"Idaho Strategic Resources, Inc. Common Stock",Stock,NYSE American
GIW,GigCapital8 Corp. - Class A Ordinary Shares,Stock,NASDAQ
ARKO,ARKO Corp. - Common Stock,Stock,NASDAQ
BRTM,B&R Technology Merger Corp. - Class A Ordinary Shares,Stock,NASDAQ
FTHY,First Trust High Yield Opportunities 2027 Term Fund Common Stock,Stock,NYSE
FPI,Farmland Partners Inc. Common Stock,Stock,NYSE
CLB,Core Laboratories Inc. Common Stock,Stock,NYSE
ENTX,Entera Bio Ltd. - Ordinary Shares,Stock,NASDAQ
PWRL,Powerlaw Corp. - Common Stock,Stock,NASDAQ
GORO,Goldgroup Mining Inc. Common Shares,Stock,NYSE American
MBUU,"Malibu Boats, Inc. - Common Stock",Stock,NASDAQ
CRAN,Crane Harbor Acquisition Corp. II - Class A Ordinary Shares,Stock,NASDAQ
MASS,908 Devices Inc. - Common Stock,Stock,NASDAQ
KRUS,"Kura Sushi USA, Inc. - Class A Common Stock",Stock,NASDAQ
CTNM,"Contineum Therapeutics, Inc. - Common stock",Stock,NASDAQ
SPIR,"Spire Global, Inc. Class A Common Stock",Stock,NYSE
GTN,"Gray Media, Inc. Common Stock",Stock,NYSE
SRTA,"Strata Critical Medical, Inc. - Class A Common Stock",Stock,NASDAQ
IFN,"Aberdeen India Fund, Inc. Common Stock",Stock,NYSE
GTEN,"Gores Holdings X, Inc. - Class A ordinary shares",Stock,NASDAQ
NMAI,Nuveen Multi-Asset Income Fund Common Shares of Beneficial Interest,Stock,NYSE
OVID,Ovid Therapeutics Inc. - Common Stock,Stock,NASDAQ
RWT,"Redwood Trust, Inc. Common Stock",Stock,NYSE
CIX,CompX International Inc. Common Stock,Stock,NYSE American
APXT,Apex Treasury Corporation - Class A Ordinary Share,Stock,NASDAQ
LXFR,Luxfer Holdings PLC Ordinary Shares,Stock,NYSE
JOUT,Johnson Outdoors Inc. - Class A Common Stock,Stock,NASDAQ
ECC,Eagle Point Credit Company Common Share of Beneficial Interest,Stock,NYSE
DGXX,Digi Power X Inc. - Common Subordinate Voting Shares,Stock,NASDAQ
DPG,Duff & Phelps Utility and Infrastructure Fund Inc.,Stock,NYSE
TECX,"Tectonic Therapeutic, Inc. - Common Stock",Stock,NASDAQ
GRVY,"GRAVITY Co., Ltd. - American depositary shares, each representing one common share.",Stock,NASDAQ
CMCL,Caledonia Mining Corporation Plc Common Shares,Stock,NYSE American
CZNC,Citizens & Northern Corp - Common Stock,Stock,NASDAQ
GUG,Guggenheim Active Allocation Fund Common Shares of Beneficial Interest,Stock,NYSE
SLI,Standard Lithium Ltd. Common Shares,Stock,NYSE American
IPI,"Intrepid Potash, Inc Common Stock",Stock,NYSE
TWI,"Titan International, Inc. (DE) Common Stock",Stock,NYSE
CDRO,"Codere Online Luxembourg, S.A. - Ordinary Shares",Stock,NASDAQ
ETB,Eaton Vance Tax-Managed Buy-Write Income Fund Eaton Vance Tax-Managed Buy-Write Income Fund Common Shares of Beneficial Interest,Stock,NYSE
BLW,Blackrock Limited Duration Income Trust,Stock,NYSE
EIM,"Eaton Vance Municipal Bond Fund Common Shares of Beneficial Interest, $.01 par value",Stock,NYSE American
WEYS,"Weyco Group, Inc. - Common Stock",Stock,NASDAQ
VHI,"Valhi, Inc. Common Stock",Stock,NYSE
CLPT,ClearPoint Neuro Inc. - Common Stock,Stock,NASDAQ
BMRC,Bank of Marin Bancorp - Common Stock,Stock,NASDAQ
GHY,"PGIM Global High Yield Fund, Inc.",Stock,NYSE
ZKH,"ZKH Group Limited American Depositary Shares, each representing thirty-five (35) Class A Ordinary Shares",Stock,NYSE
ASTL,Algoma Steel Group Inc. - Common Shares,Stock,NASDAQ
MRAM,"Everspin Technologies, Inc. - Common Stock",Stock,NASDAQ
RBB,RBB Bancorp - Common Stock,Stock,NASDAQ
URG,Ur Energy Inc Common Shares (Canada),Stock,NYSE American
VCV,Invesco California Value Municipal Income Trust Common Stock,Stock,NYSE
ASPI,ASP Isotopes Inc. - Common Stock,Stock,NASDAQ
ADUR,Aduro Clean Technologies Inc. - Common Stock,Stock,NASDAQ
CWCO,Consolidated Water Co. Ltd. - Ordinary Shares,Stock,NASDAQ
WCT,Wellchange Holdings Company Limited - Class A Ordinary shares,Stock,NASDAQ
FFA,First Trust Enhanced Equity Income Fund Common Shares of Beneficial Interest,Stock,NYSE
VVR,Invesco Senior Income Trust Common Stock (DE),Stock,NYSE
TRC,Tejon Ranch Co Common Stock,Stock,NYSE
ACIC,American Coastal Insurance Corporation - Common Stock,Stock,NASDAQ
CYPH,Cypherpunk Technologies Inc. - Common Stock,Stock,NASDAQ
KBON,Karbon Capital Partners Corp. - Class A Ordinary Shares,Stock,NASDAQ
IEAG,Infinite Eagle Acquisition Corp. - Class A Ordinary Shares,Stock,NASDAQ
MBVI,M3-Brigade Acquisition VI Corp. - Class A Ordinary Shares,Stock,NASDAQ
ATNI,"ATN International, Inc. - Common Stock",Stock,NASDAQ
FRBA,First Bank  - Common Stock,Stock,NASDAQ
ADV,Advantage Solutions Inc.  - Class A Common Stock,Stock,NASDAQ
ULH,"Universal Logistics Holdings, Inc. - Common Stock",Stock,NASDAQ
CBK,"Commercial Bancgroup, Inc. - Common Stock",Stock,NASDAQ
CBAN,"Colony Bankcorp, Inc. Common Stock",Stock,NYSE
HVT-A,"Haverty Furniture Companies, Inc. Common Stock",Stock,NYSE
MEC,"Mayville Engineering Company, Inc. Common Stock",Stock,NYSE
IACO,Idea Acquisition Corp. - Class A Ordinary Shares,Stock,NASDAQ
GLAD,Gladstone Capital Corporation - Closed End Fund,Stock,NASDAQ
GLOO,"Gloo Holdings, Inc. - Common Stock",Stock,NASDAQ
XRX,Xerox Holdings Corporation - Common Stock,Stock,NASDAQ
HVT,"Haverty Furniture Companies, Inc. Common Stock",Stock,NYSE
AMSF,"AMERISAFE, Inc. - Common Stock",Stock,NASDAQ
NMG,Nouveau Monde Graphite Inc. Common Shares,Stock,NYSE
MESH,Meshflow Acquisition Corp. - Class A Ordinary Shares,Stock,NASDAQ
BGR,BlackRock Energy and Resources Trust,Stock,NYSE
EVGO,EVgo Inc. - Common Stock,Stock,NASDAQ
PLBC,Plumas Bancorp - Common Stock,Stock,NASDAQ
ASPN,"Aspen Aerogels, Inc. Common Stock",Stock,NYSE
TLNC,Talon Capital Corp. - Class A Ordinary Shares,Stock,NASDAQ
NRC,NRC Health - Common Stock,Stock,NASDAQ
KRAQ,KRAKacquisition Corp - Class A Ordinary Shares,Stock,NASDAQ
CAL,"Caleres, Inc. Common Stock",Stock,NYSE
MAGN,Magnera Corporation Common Stock,Stock,NYSE
PHOE,Phoenix Asia Holdings Limited - Ordinary Shares,Stock,NASDAQ
MNRO,"Monro, Inc.  - Common Stock",Stock,NASDAQ
EIKN,"Eikon Therapeutics, Inc. - Common Stock",Stock,NASDAQ
LOCO,"El Pollo Loco Holdings, Inc. - Common Stock",Stock,NASDAQ
ALLT,Allot Ltd. - Ordinary Shares,Stock,NASDAQ
ECX,ECARX Holdings Inc. - Class A Ordinary shares,Stock,NASDAQ
DMAC,DiaMedica Therapeutics Inc. - Common Stock,Stock,NASDAQ
ARQQ,Arqit Quantum Inc. - Ordinary Shares,Stock,NASDAQ
KIO,KKR Income Opportunities Fund Common Shares,Stock,NYSE
KPLT,"Katapult Holdings, Inc. - Common Stock",Stock,NASDAQ
PBFS,"Pioneer Bancorp, Inc. - Common Stock",Stock,NASDAQ
VITL,"Vital Farms, Inc. - Common Stock",Stock,NASDAQ
ASIX,AdvanSix Inc. Common Stock ,Stock,NYSE
PRTA,Prothena Corporation plc - Ordinary Shares,Stock,NASDAQ
SMC,Summit Midstream Corporation Common Stock,Stock,NYSE
XIII,Churchill Capital Corp XIII - Class A Ordinary Shares,Stock,NASDAQ
NGS,"Natural Gas Services Group, Inc. Common Stock",Stock,NYSE
CGC,Canopy Growth Corporation - Common Shares,Stock,NASDAQ
TRX,TRX Gold Corporation Common Stock,Stock,NYSE American
CLFD,"Clearfield, Inc. - Common Stock",Stock,NASDAQ
PTOR,Praetorian Acquisition Corp. - Class A Ordinary Shares,Stock,NASDAQ
KYTX,"Kyverna Therapeutics, Inc. - Common Stock",Stock,NASDAQ
SGU,Star Group L.P. Common Stock,Stock,NYSE
GNE,Genie Energy Ltd. Class B Common Stock Stock,Stock,NYSE
KFII,K&F Growth Acquisition Corp. II - Class A Ordinary shares,Stock,NASDAQ
USCB,"USCB Financial Holdings, Inc.  - Class A Common Stock",Stock,NASDAQ
MNTK,"Montauk Renewables, Inc. - Common Stock",Stock,NASDAQ
ACTG,Acacia Research Corporation - Common Stock,Stock,NASDAQ
NATH,"Nathan's Famous, Inc. - Common Stock",Stock,NASDAQ
AVIR,"Atea Pharmaceuticals, Inc. - common stock",Stock,NASDAQ
CYH,"Community Health Systems, Inc. Common Stock",Stock,NYSE
USDE,StablecoinX Inc. - Class A Common Stock,Stock,NASDAQ
BCCQ,Bleichroeder Acquisition Corp. III - Class A Ordinary Shares,Stock,NASDAQ
CHCT,Community Healthcare Trust Incorporated Common Stock,Stock,NYSE
QNC,Quantum eMotion Corp. Common Shares,Stock,NYSE American
CARL,"Carlsmed, Inc. - Common Stock",Stock,NASDAQ
LAND,Gladstone Land Corporation - Common Stock,Stock,NASDAQ
CTRN,"Citi Trends, Inc. - Common Stock",Stock,NASDAQ
RLMD,"Relmada Therapeutics, Inc. - Common Stock",Stock,NASDAQ
CLBR,Colombier Acquisition Corp. III Class A Ordinary Shares,Stock,NYSE
EVH,"Evolent Health, Inc Class A Common Stock",Stock,NYSE
BMBL,Bumble Inc. - common stock,Stock,NASDAQ
YDES,YD Bio Limited - Ordinary Shares,Stock,NASDAQ
BOC,Boston Omaha Corporation Class A Common Stock,Stock,NYSE
SPRY,"ARS Pharmaceuticals, Inc. - Common Stock",Stock,NASDAQ
ALIT,"Alight, Inc. Class A Common Stock",Stock,NYSE
CRAQ,Cal Redwood Acquisition Corp. - Class A Ordinary Shares,Stock,NASDAQ
FRPH,"FRP Holdings, Inc. - Common Stock",Stock,NASDAQ
ISTR,Investar Holding Corporation - Common Stock,Stock,NASDAQ
CPS,Cooper-Standard Holdings Inc. Common Stock,Stock,NYSE
OSPR,Osprey Acquisition Corp. III - Class A Ordinary Shares,Stock,NASDAQ
BTQ,BTQ Technologies Corp. - Common Stock,Stock,NASDAQ
SCTX,Scribe Therapeutics Inc. - Common Stock,Stock,NASDAQ
NPAC,New Providence Acquisition Corp. III - Ordinary Shares,Stock,NASDAQ
RLGT,"Radiant Logistics, Inc. Common Stock",Stock,NYSE American
GMTL,Guardian Metal Resources PLC ADS,Stock,NYSE American
AVBC,"Avidia Bancorp, Inc. Common Stock",Stock,NYSE
NXG,NXG NextGen Infrastructure Income Fund Common Shares of Beneficial Interest,Stock,NYSE
JRI,Nuveen Real Asset Income and Growth Fund Common Shares of Beneficial Interest,Stock,NYSE
MYGN,"Myriad Genetics, Inc. - Common Stock",Stock,NASDAQ
FINS,Angel Oak Financial Strategies Income Term Trust Common Shares of Beneficial Interest,Stock,NYSE
RTAC,Renatus Tactical Acquisition Corp I - Class A Ordinary Shares,Stock,NASDAQ
ACCO,Acco Brands Corporation Common Stock,Stock,NYSE
PKBK,"Parke Bancorp, Inc. - Common Stock",Stock,NASDAQ
EDIT,"Editas Medicine, Inc. - Common Stock",Stock,NASDAQ
IRD,"Opus Genetics, Inc. - Common Stock",Stock,NASDAQ
AEF,"abrdn Emerging Markets ex-China Fund, Inc. Common Stock",Stock,NYSE American
CHMG,Chemung Financial Corp  - Common Stock,Stock,NASDAQ
FSTR,L.B. Foster Company - Common Stock,Stock,NASDAQ
RMNI,"Rimini Street, Inc. - Common Stock",Stock,NASDAQ
FCBM,"First Carolina Financial Services, Inc. Common Stock",Stock,NYSE
CCOI,"Cogent Communications Holdings, Inc. - Common Stock",Stock,NASDAQ
PCAP,ProCap Acquisition Corp - Class A Ordinary Shares,Stock,NASDAQ
ARCT,Arcturus Therapeutics Holdings Inc. - Common Stock,Stock,NASDAQ
GALT,Galectin Therapeutics Inc. - Common Stock,Stock,NASDAQ
OPRT,Oportun Financial Corporation - common stock,Stock,NASDAQ
CTEV,Claritev Corporation Class A Common Stock,Stock,NYSE
BNED,"Barnes & Noble Education, Inc Common Stock",Stock,NYSE
SAAQ,Space Asset Acquisition Corp. - Class A Ordinary Shares,Stock,NASDAQ
ALF,Centurion Acquisition Corp. - Class A Ordinary Shares,Stock,NASDAQ
SOHU,Sohu.com Limited  - American Depositary Shares,Stock,NASDAQ
TACO,Berto Acquisition Corp. - Ordinary Shares,Stock,NASDAQ
ZKP,Lafayette Digital Acquisition Corp. I - Class A Ordinary Shares,Stock,NASDAQ
RDAG,Republic Digital Acquisition Company - Class A Ordinary Shares,Stock,NASDAQ
EVN,Eaton Vance Municipal Income Trust Common Stock,Stock,NYSE
WENN,Wen Acquisition Corp - Class A Ordinary Shares,Stock,NASDAQ
NKLR,Terra Innovatum Global N.V. - Ordinary shares,Stock,NASDAQ
GUAC,Berto Acquisition Corp. II - Ordinary Shares,Stock,NASDAQ
MVBF,MVB Financial Corp. - Common Stock,Stock,NASDAQ
MTAL,Metals Acquisition Corp. II Class A Ordinary Shares,Stock,NYSE
ISD,"PGIM High Yield Bond Fund, Inc.",Stock,NYSE
PCB,PCB Bancorp - Common Stock,Stock,NASDAQ
FRST,Primis Financial Corp. - Common Stock,Stock,NASDAQ
OXM,"Oxford Industries, Inc. Common Stock",Stock,NYSE
VFF,"Village Farms International, Inc. - Common Shares",Stock,NASDAQ
FNLC,"First Bancorp, Inc (ME) - Common Stock",Stock,NASDAQ
ZURA,Zura Bio Limited - Class A Ordinary shares,Stock,NASDAQ
SERV,Serve Robotics Inc. - Common Stock,Stock,NASDAQ
AGEN,Agenus Inc. - Common Stock,Stock,NASDAQ
PRE,Prenetics Global Limited - Class A Ordinary Share,Stock,NASDAQ
GRRR,Gorilla Technology Group Inc. - Ordinary shares,Stock,NASDAQ
OPTU,"Optimum Communications, Inc. Class A common stock",Stock,NYSE
CZFS,"Citizens Financial Services, Inc. - Common Stock",Stock,NASDAQ
TRVG,trivago N.V. - American Depositary Shares,Stock,NASDAQ
CCCT,Columbus Circle Capital Corp III - Class A Ordinary Shares,Stock,NASDAQ
BKKT,"Bakkt, Inc. Class A Common Stock",Stock,NYSE
RR,Richtech Robotics Inc. - Class B Common Stock,Stock,NASDAQ
OFIX,Orthofix Medical Inc.  - Common Stock,Stock,NASDAQ
YICC,Yorkville International Capital Corp. - Class A Ordinary Shares,Stock,NASDAQ
CINT,CI&T Inc Class A Common Shares,Stock,NYSE
TWIN,"Twin Disc, Incorporated - Common Stock",Stock,NASDAQ
KEYY,Keystone Acquisition Corp. - Class A Ordinary Shares,Stock,NASDAQ
TTRX,Turn Therapeutics Inc. - Common Stock,Stock,NASDAQ
MCI,Barings Corporate Investors Common Stock,Stock,NYSE
VOXR,Vox Royalty Corp. - common stock,Stock,NASDAQ
SDHY,PGIM Short Duration High Yield Opportunities Fund Common Shares,Stock,NYSE
OTLY,Oatly Group AB - American Depositary Shares,Stock,NASDAQ
AUNA,Auna SA Class A Ordinary Shares,Stock,NYSE
RZLT,"Rezolute, Inc. - Common Stock (NV)",Stock,NASDAQ
VALU,"Value Line, Inc. - Common Stock",Stock,NASDAQ
PACK,Ranpak Holdings Corp Class A Common Stock,Stock,NYSE
TCI,"Transcontinental Realty Investors, Inc. Common Stock",Stock,NYSE
AIOT,"PowerFleet, Inc. - Common Stock",Stock,NASDAQ
ALOV,"Aldabra 4 Liquidity Opportunity Vehicle, Inc. - Class A Ordinary Shares",Stock,NASDAQ
HACQ,HCM IV Acquisition Corp. - Class A Ordinary Share,Stock,NASDAQ
MZYX,MOZAYYX Acquisition Corp. Class A Ordinary Shares,Stock,NYSE
HFRO,Highland Opportunities and Income Fund Common Shares of Beneficial Interest,Stock,NYSE
RDIB,Reading International Inc - Class B Voting Common Stock,Stock,NASDAQ
HTT,"High Templar Tech Limited American depositary shares, each representing one Class A ordinary share",Stock,NYSE
GCO,Genesco Inc. Common Stock,Stock,NYSE
SLP,"Simulations Plus, Inc. - Common Stock",Stock,NASDAQ
KREF,KKR Real Estate Finance Trust Inc. Common Stock,Stock,NYSE
FENC,Fennec Pharmaceuticals Inc. - Common Stock,Stock,NASDAQ
FVAV,Fortress Value Acquisition Corp. V - Class A Ordinary Shares,Stock,NASDAQ
MOVE,"Corvex, Inc. - Common Stock",Stock,NASDAQ
FIP,FTAI Infrastructure Inc. - Common Stock,Stock,NASDAQ
FDMM,Freedom Metals Acquisition Corp. - Class A Ordinary Shares,Stock,NASDAQ
NECB,"NorthEast Community Bancorp, Inc. - Common Stock",Stock,NASDAQ
NWFL,Norwood Financial Corp. - Common Stock,Stock,NASDAQ
FCRS,FutureCrest Acquisition Corp. Class A Ordinary Shares,Stock,NYSE
FISN,"Deep Fission, Inc. - Common Stock",Stock,NASDAQ
GSRV,GSR V Acquisition Corp. - Class A ordinary shares,Stock,NASDAQ
SDHI,Siddhi Acquisition Corp - Class A Common stock,Stock,NASDAQ
OIM,OneIM Acquisition Corp. - Class A Ordinary Shares,Stock,NASDAQ
FOSL,"Fossil Group, Inc. - Common Stock",Stock,NASDAQ
CCCC,"C4 Therapeutics, Inc. - Common Stock",Stock,NASDAQ
WSBF,"Waterstone Financial, Inc. - Common Stock",Stock,NASDAQ
RCEL,"Avita Medical, Inc. - Common Stock",Stock,NASDAQ
JILL,"J. Jill, Inc. Common Stock",Stock,NYSE
FLXS,"Flexsteel Industries, Inc. - Common Stock",Stock,NASDAQ
GIX,GigCapital9 Corp. - Class A Ordinary Share,Stock,NASDAQ
OPI,Office Properties Income Trust - Common shares of beneficial interest,Stock,NASDAQ
ALUB,Alussa Energy Acquisition Corp. II Class A Ordinary Shares,Stock,NYSE
GBLI,"Global Indemnity Group, LLC - Class A Common Shares",Stock,NASDAQ
NREF,"NexPoint Real Estate Finance, Inc. Common Stock",Stock,NYSE
RNGR,"Ranger Energy Services, Inc. Class A Common Stock",Stock,NYSE
VELO,"Velo3D, Inc. - Common stock",Stock,NASDAQ
TACH,Titan Acquisition Corp. - Class A Ordinary Shares,Stock,NASDAQ
OTGA,OTG Acquisition Corp. I - Class A Ordinary Share,Stock,NASDAQ
STRZ,Starz Entertainment Corp. - Common Shares,Stock,NASDAQ
FBYD,"Falcon's Beyond Global, Inc. - Class A Common Stock",Stock,NASDAQ
SHIP,Seanergy Maritime Holdings Corp. - Common Stock,Stock,NASDAQ
CRNC,Cerence Inc. - Common Stock,Stock,NASDAQ
LZM,Lifezone Metals Limited Ordinary Shares,Stock,NYSE
LSAK,"Lesaka Technologies, Inc. - Common Stock",Stock,NASDAQ
REAX,Real REMAX Group Inc. - Common Stock,Stock,NASDAQ
KCHV,Kochav Defense Acquisition Corp. - Class A Ordinary Shares,Stock,NASDAQ
OBIO,"Orchestra BioMed Holdings, Inc. - Ordinary Shares",Stock,NASDAQ
CCII,Cohen Circle Acquisition Corp. II - Class A Ordinary Shares,Stock,NASDAQ
EAD,Allspring Income Opportunities Fund Common Shares,Stock,NYSE American
ACAA,Averin Capital Acquisition Corp. - Class A Ordinary Shares,Stock,NASDAQ
DIN,"Dine Brands Global, Inc. Common Stock",Stock,NYSE
ARCI,Archimedes Tech SPAC Partners III Co. - Ordinary Share,Stock,NASDAQ
API,"Agora, Inc. - ADS",Stock,NASDAQ
AMAC,AMR Resources Acquisition Corp - Class A Ordinary Shares,Stock,NASDAQ
SOUL,Soulpower Acquisition Corporation Class A Ordinary Shares,Stock,NYSE
PAII,Pyrophyte Acquisition Corp. II Class A Ordinary Shares,Stock,NYSE
PERI,Perion Network Ltd - Ordinary Shares,Stock,NASDAQ
IHRT,"iHeartMedia, Inc. - Class A Common Stock",Stock,NASDAQ
HCIC,Hennessy Capital Investment Corp. VIII - Class A Ordinary Shares,Stock,NASDAQ
REI,"Ring Energy, Inc. Common Stock",Stock,NYSE American
CV,"CapsoVision, Inc. - Common Stock",Stock,NASDAQ
VKI,Invesco Advantage Municipal Income Trust II Common Shares of Beneficial Interest (DE),Stock,NYSE American
SI,"Shoulder Innovations, Inc. Common Stock",Stock,NYSE
SHOE,"Shoe Station Group, Inc. - Common Stock",Stock,NASDAQ
TSBK,"Timberland Bancorp, Inc. - Common Stock",Stock,NASDAQ
BDCI,BTC Development Corp. - Class A Ordinary Shares,Stock,NASDAQ
CLNE,Clean Energy Fuels Corp. - Common Stock,Stock,NASDAQ
OYSE,Oyster Enterprises II Acquisition Corp - Class A Ordinary Shares,Stock,NASDAQ
CCAP,"Crescent Capital BDC, Inc. - Common Stock",Stock,NASDAQ
CION,CION Investment Corporation Common Stock,Stock,NYSE
BLZR,Trailblazer Acquisition Corp. - Class A Ordinary Shares,Stock,NASDAQ
CABA,"Cabaletta Bio, Inc. - Common Stock",Stock,NASDAQ
AXIN,Axiom Intelligence Acquisition Corp 1 - Class A Ordinary Shares,Stock,NASDAQ
LEO,"BNY Mellon Strategic Municipals, Inc. Common Stock",Stock,NYSE
SBXE,SilverBox Corp V Class A Ordinary Shares,Stock,NYSE
GBAB,Guggenheim Taxable Municipal Bond & Investment Grade Debt Trust Common Shares of Beneficial Interest,Stock,NYSE
DSX,Diana Shipping inc. common stock,Stock,NYSE
EBS,Emergent BioSolutions Inc. Common Stock,Stock,NYSE
SORN,Soren Acquisition Corp. - Class A Ordinary Shares,Stock,NASDAQ
JONE,Jones Ventures INTL Acquisition1 Corp - Class A Ordinary Shares,Stock,NASDAQ
ERII,"Energy Recovery, Inc. - Common Stock",Stock,NASDAQ
HCMA,HCM III Acquisition Corp. - Class A Ordinary Share,Stock,NASDAQ
ORN,"Orion Group Holdings, Inc. Common",Stock,NYSE
FSBW,"FS Bancorp, Inc. - Common Stock",Stock,NASDAQ
SRZN,"Surrozen, Inc. - Common Stock",Stock,NASDAQ
SVIA,"Silvia, Inc. - Common Stock",Stock,NASDAQ
GEVO,"Gevo, Inc. - Common Stock",Stock,NASDAQ
PFL,PIMCO Income Strategy Fund Shares of Beneficial Interest,Stock,NYSE
ENTA,"Enanta Pharmaceuticals, Inc. - Common Stock",Stock,NASDAQ
OCGN,"Ocugen, Inc. - Common Stock",Stock,NASDAQ
TREE,"LendingTree, Inc. - Common Stock",Stock,NASDAQ
BRBS,"Blue Ridge Bankshares, Inc. Common Stock",Stock,NYSE American
DSAC,Daedalus Special Acquisition Corp. - Class A Ordinary Shares,Stock,NASDAQ
AVBH,"Avidbank Holdings, Inc. - Common Stock",Stock,NASDAQ
SNDL,SNDL Inc. - Common Shares,Stock,NASDAQ
CWH,"Camping World Holdings, Inc. Class A Common Stock",Stock,NYSE
ARTNA,Artesian Resources Corporation - Class A Non-Voting Common Stock,Stock,NASDAQ
MYN,"Blackrock MuniYield New York Quality Fund, Inc.Common Stock",Stock,NYSE
EH,EHang Holdings Limited - ADS,Stock,NASDAQ
AACI,Armada Acquisition Corp. III - Class A Ordinary Share,Stock,NASDAQ
AGCC,Agencia Comercial Spirits Ltd - Class A Ordinary Share,Stock,NASDAQ
ARTV,"Artiva Biotherapeutics, Inc. - Common Stock",Stock,NASDAQ
FOF,"Cohen & Steers Closed-End Opportunity Fund, Inc. Common Stock",Stock,NYSE
GTE,Gran Tierra Energy Inc. Common Stock,Stock,NYSE American
CGCF,Cartesian Growth Corporation IV - Class A Ordinary Shares,Stock,NASDAQ
SCD,LMP Capital and Income Fund Inc. Common Stock,Stock,NYSE
IMXI,"International Money Express, Inc. - Common Stock",Stock,NASDAQ
VMD,"Viemed Healthcare, Inc. - Common Shares",Stock,NASDAQ
IPFX,Inflection Point Acquisition Corp. VI - Class A Ordinary Shares,Stock,NASDAQ
CAII,Collective Acquisition Corp. II - Class A Ordinary Shares,Stock,NASDAQ
IA,"Innovative Solutions and Support, Inc. - Common Stock",Stock,NASDAQ
RCKY,"Rocky Brands, Inc. - Common Stock",Stock,NASDAQ
VOGX,Vogenx Inc - Common Stock,Stock,NASDAQ
BCML,BayCom Corp - Common Stock,Stock,NASDAQ
CURR,Currenc Group Inc. - Ordinary Shares,Stock,NASDAQ
TCPC,BlackRock TCP Capital Corp. - Closed End Fund,Stock,NASDAQ
AIV,Apartment Investment and Management Company Common Stock,Stock,NYSE
PSFE,Paysafe Limited Common Shares,Stock,NYSE
CVEO,Civeo Corporation (Canada) Common Shares,Stock,NYSE
SPXX,Nuveen S&P 500 Dynamic Overwrite Fund,Stock,NYSE
BEAG,Bold Eagle Acquisition Corp. - Class A Ordinary Shares,Stock,NASDAQ
NAN,Nuveen New York Quality Municipal Income Fund Common Stock,Stock,NYSE
BLUW,Blue Water Acquisition Corp. III - Class A Ordinary Shares,Stock,NASDAQ
BNTC,Benitec Biopharma Inc. - Common Stock,Stock,NASDAQ
GASS,"StealthGas, Inc. - common stock",Stock,NASDAQ
EMBC,Embecta Corp. - Common Stock,Stock,NASDAQ
MIY,"Blackrock MuniYield Michigan Quality Fund, Inc. Common Stock",Stock,NYSE
XRPN,Armada Acquisition Corp. II - Class A Ordinary Shares,Stock,NASDAQ
RPAY,Repay Holdings Corporation - Class A Common Stock,Stock,NASDAQ
PPHC,"Public Policy Holding Company, Inc. - Common Stock",Stock,NASDAQ
EMF,Templeton Emerging Markets Fund Common Stock,Stock,NYSE
SUJA,"Suja Life, Inc. - Class A Common Stock",Stock,NASDAQ
EGHT,8x8 Inc - Common stock,Stock,NASDAQ
OEC,Orion S.A. Common Shares,Stock,NYSE
PESI,"Perma-Fix Environmental Services, Inc. - Common Stock",Stock,NASDAQ
NOA,North American Construction Group Ltd. Common Shares (no par),Stock,NYSE
NNDM,Nano Dimension Ltd. - American Depositary Shares,Stock,NASDAQ
RREV,RRE Ventures Acquisition Corp. - Class A Ordinary Shares,Stock,NASDAQ
SWMR,"Swarmer, Inc - common stock",Stock,NASDAQ
PNRG,PrimeEnergy Resources Corporation - Common Stock,Stock,NASDAQ
FERA,Fifth Era Acquisition Corp I - Class A Ordinary Shares,Stock,NASDAQ
CEPV,"Cantor Equity Partners V, Inc. - Class A Ordinary Shares",Stock,NASDAQ
LTRX,"Lantronix, Inc. - Common Stock",Stock,NASDAQ
DRDB,Roman DBDR Acquisition Corp. II - Ordinary shares,Stock,NASDAQ
LWAY,"Lifeway Foods, Inc. - Common Stock",Stock,NASDAQ
CLW,Clearwater Paper Corporation Common Stock,Stock,NYSE
SZZL,Sizzle Acquisition Corp. II - Class A ordinary shares,Stock,NASDAQ
JGH,Nuveen Global High Income Fund Common Shares of Beneficial Interest,Stock,NYSE
PINE,"Alpine Income Property Trust, Inc. Common Stock",Stock,NYSE
OBA,Oxley Bridge Acquisition Limited - Class A Ordinary Shares,Stock,NASDAQ
PACH,Pioneer Acquisition I Corp - Class A Ordinary Shares,Stock,NASDAQ
JMSB,"John Marshall Bancorp, Inc. - Common Stock",Stock,NASDAQ
AWP,abrdn Global Premier Properties Fund Common Shares of Beneficial Interest,Stock,NYSE
ELA,Envela Corporation Common Stock,Stock,NYSE American
NEWT,"NewtekOne, Inc. - Common Stock",Stock,NASDAQ
ASG,"Liberty All-Star Growth Fund, Inc.",Stock,NYSE
FVCB,"FVCBankcorp, Inc. - Common Stock",Stock,NASDAQ
FDBC,"Fidelity D & D Bancorp, Inc. - Common Stock",Stock,NASDAQ
BIOA,"BioAge Labs, Inc. - Common Stock",Stock,NASDAQ
EVOX,Evolution Global Acquisition Corp - Class A Ordinary Shares,Stock,NASDAQ
ALDF,Aldel Financial II Inc. - Class A Ordinary Shares,Stock,NASDAQ
OPAL,OPAL Fuels Inc. - Class A Common Stock,Stock,NASDAQ
KOYN,CSLM Digital Asset Acquisition Corp III - Class A Ordinary Shares,Stock,NASDAQ
KTF,DWS Municipal Income Trust,Stock,NYSE
ABAT,American Battery Technology Company - Common Stock,Stock,NASDAQ
SMTI,Sanara MedTech Inc. - Common Stock,Stock,NASDAQ
RBBN,Ribbon Communications Inc.  - Common Stock,Stock,NASDAQ
MPTI,"M-tron Industries, Inc. Common Stock",Stock,NYSE American
HIX,Western Asset High Income Fund II Inc. Common Stock,Stock,NYSE
FTW,Presidio Production Company Class A Common Stock,Stock,NYSE
PMTR,Perimeter Acquisition Corp. I - Class A Ordinary Shares,Stock,NASDAQ
JACS,Jackson Acquisition Company II Class A Ordinary Shares,Stock,NYSE
CAES,"Cantor Equity Partners VII, Inc. - Class A Ordinary Shares",Stock,NASDAQ
IACQ,Irenic Acquisition Corp. - Class A Ordinary Shares,Stock,NASDAQ
MLP,"Maui Land & Pineapple Company, Inc. Common Stock",Stock,NYSE
LRMR,"Larimar Therapeutics, Inc. - Common Stock",Stock,NASDAQ
XNET,Xunlei Limited - American Depositary Shares,Stock,NASDAQ
RNGT,Range Capital Acquisition Corp II - Class A Ordinary Shares,Stock,NASDAQ
COSO,"CoastalSouth Bancshares, Inc. Common Stock",Stock,NYSE
ZH,"Zhihu Inc. American Depositary Shares, each representing three (3) Class A Ordinary Shares",Stock,NYSE
BBW,"Build-A-Bear Workshop, Inc. Common Stock",Stock,NYSE
NXH,"Neighborhood Intelligence, Inc.  - Common Stock",Stock,NASDAQ
TVA,Texas Ventures Acquisition III Corp - Class A Ordinary Share,Stock,NASDAQ
BBOT,"BridgeBio Oncology Therapeutics, Inc. - Common Stock",Stock,NASDAQ
BON,Bon Natural Life Limited - Class A Ordinary Shares,Stock,NASDAQ
RMR,The RMR Group Inc. - Class A Common Stock,Stock,NASDAQ
ATII,Archimedes Tech SPAC Partners II Co. - Ordinary Shares,Stock,NASDAQ
SAC,Safeguard Acquisition Corp. Class A Ordinary Shares,Stock,NYSE
AEAQ,Activate Energy Acquisition Corp. - Class A Ordinary Share,Stock,NASDAQ
IPXG,Inection Point Acquisition Corp. VII  - Class A Ordinary Shares,Stock,NASDAQ
ELVA,Electrovaya Inc. - Common Shares,Stock,NASDAQ
DSC,DSC Holdings Ltd. - American Depositary Shares,Stock,NASDAQ
AACO,Abony Acquisition Corp. I - Class A Ordinary Share,Stock,NASDAQ
CBNA,"Chain Bridge Bancorp, Inc. Class A Common Stock",Stock,NYSE
DBI,Designer Brands Inc. Class A Common Stock,Stock,NYSE
ILLU,Illumination Acquisition Corp I - Class A Ordinary Shares,Stock,NASDAQ
BGT,BlackRock Floating Rate Income Trust,Stock,NYSE
LEGO,Legato Merger Corp. IV Ordinary Shares,Stock,NYSE American
LWAC,LightWave Acquisition Corp. - Class A Ordinary Shares,Stock,NASDAQ
GOGO,Gogo Inc. - Common Stock,Stock,NASDAQ
CAQ,Cambridge Acquisition Corp. - Class A Ordinary Shares,Stock,NASDAQ
LPBB,Launch Two Acquisition Corp. - Class A Ordinary Shares,Stock,NASDAQ
TWFG,"TWFG, Inc. - Common Stock",Stock,NASDAQ
RAC,Rithm Acquisition Corp. Class A Ordinary Shares,Stock,NYSE
HRZN,Horizon Technology Finance Corporation - Common Stock,Stock,NASDAQ
SVIV,Spring Valley Acquisition Corp. IV - Class A Ordinary Shares,Stock,NASDAQ
FCCO,First Community Corporation - Common Stock,Stock,NASDAQ
BRW,Saba Capital Income & Opportunities Fund SBI,Stock,NYSE
BKT,BlackRock Income Trust Inc. (The),Stock,NYSE
PRLD,Prelude Therapeutics Incorporated - Common Stock,Stock,NASDAQ
CDZI,"Cadiz, Inc. - Common Stock",Stock,NASDAQ
ABEO,Abeona Therapeutics Inc. - Common Stock,Stock,NASDAQ
VHCP,Vine Hill Capital Investment Corp. II - Class A Ordinary Shares,Stock,NASDAQ
ITHA,ITHAX Acquisition Corp III - Class A Ordinary Shares,Stock,NASDAQ
EVMN,"Evommune, Inc. Common Stock",Stock,NYSE
LVWR,"LiveWire Group, Inc. Common Stock",Stock,NYSE
GTERA,Globa Terra Acquisition Corporation - Class A Ordinary Shares,Stock,NASDAQ
FNKO,"Funko, Inc. - Class A Common Stock",Stock,NASDAQ
TMTS,Spartacus Acquisition Corp. II - Class A Ordinary Shares,Stock,NASDAQ
FVRR,"Fiverr International Ltd. Ordinary Shares, no par value",Stock,NYSE
BDSX,"Biodesix, Inc. - Common Stock",Stock,NASDAQ
BIXI,Bitcoin Infrastructure Acquisition Corp Ltd. - Class A Ordinary Shares,Stock,NASDAQ
PHOS,First Phosphate Corp. - American Depositary Shares,Stock,NASDAQ
VNDA,Vanda Pharmaceuticals Inc. - Common Stock,Stock,NASDAQ
CNCK,Coincheck Group N.V. - Ordinary Shares,Stock,NASDAQ
CFFI,C&F Financial Corporation - Common Stock,Stock,NASDAQ
EFR,Eaton Vance Senior Floating-Rate Fund Common Shares of Beneficial Interest,Stock,NYSE
EYPT,"EyePoint, Inc. - Common Stock",Stock,NASDAQ
ARTC,Art Technology Acquisition Corp. - Class A Ordinary Shares,Stock,NASDAQ
SILC,Silicom Ltd - Ordinary Shares,Stock,NASDAQ
LE,"Lands' End, Inc. - Common Stock",Stock,NASDAQ
NNBR,"NN, Inc. - Common Stock",Stock,NASDAQ
ELLO,Ellomay Capital Ltd Ordinary Shares (Israel),Stock,NYSE American
IPSC,"Century Therapeutics, Inc. - Common Stock",Stock,NASDAQ
EFTY,"Etoiles Capital Group Co., Ltd. - Class A Ordinary Shares",Stock,NASDAQ
NODK,"NI Holdings, Inc. - Common Stock",Stock,NASDAQ
ZTR,Virtus Total Return Fund Inc.,Stock,NYSE
TLS,Telos Corporation - Common Stock,Stock,NASDAQ
HVMC,Highview Merger Corp. - Class A Ordinary Share,Stock,NASDAQ
MOBI,"Mobia Medical, Inc. - Common Stock",Stock,NASDAQ
PSBD,Palmer Square Capital BDC Inc. Common Stock,Stock,NYSE
JENA,Jena Acquisition Corporation II Class A Ordinary Shares,Stock,NYSE
GSRF,GSR IV Acquisition Corp. - Class A ordinary share,Stock,NASDAQ
AIRJ,AirJoule Technologies Corporation - Class A Common Stock,Stock,NASDAQ
QLEP,Quantum Leap Acquisition Corp Class A Ordinary Shares,Stock,NYSE
SEG,Seaport Entertainment Group Inc. Common Stock,Stock,NYSE
HLLY,Holley Inc. Common Stock,Stock,NYSE
SABS,"SAB Biotherapeutics, Inc. - Common Stock",Stock,NASDAQ
MXF,"Mexico Fund, Inc. (The) Common Stock",Stock,NYSE
XFOR,"X4 Pharmaceuticals, Inc. - Common Stock",Stock,NASDAQ
SLNH,"Soluna Holdings, Inc. - Common Stock",Stock,NASDAQ
MYFW,"First Western Financial, Inc. - Common Stock",Stock,NASDAQ
OPTX,"Syntec Optics Holdings, Inc. - Class A Common Stock",Stock,NASDAQ
SUPX,SuperX AI Technology Limited - Ordinary Shares,Stock,NASDAQ
LDI,"loanDepot, Inc. Class A Common Stock",Stock,NYSE
TEI,"Templeton Emerging Markets Income Fund, Inc. Common Stock",Stock,NYSE
GPAC,General Purpose Acquisition Corp. - Class A Ordinary Shares,Stock,NASDAQ
SVAQ,Silicon Valley Acquisition Corp. - Class A Ordinary Shares,Stock,NASDAQ
AFRI,Forafric Global PLC - Ordinary Shares,Stock,NASDAQ
BPRN,"Princeton Bancorp, Inc. - Common Stock",Stock,NASDAQ
TDUP,ThredUp Inc. - Class A Common Stock,Stock,NASDAQ
HCAC,Hall Chadwick Acquisition Corp. - Class A Ordinary Shares,Stock,NASDAQ
FUND,"Sprott Focus Trust, Inc. - Closed End Fund",Stock,NASDAQ
AACP,Apogee Acquisition Corp - Class A Ordinary Shares,Stock,NASDAQ
IRHO,Iron Horse Acquisitions II Corp. - Common Stock,Stock,NASDAQ
BRBI,BRBI BR Partners S.A. - ADSs,Stock,NASDAQ
UPB,"Upstream Bio, Inc. - Common Stock",Stock,NASDAQ
XFLT,XAI Floating Rate & Alternative Income Trust Common Shares of Beneficial Interest,Stock,NYSE
BACC,Blue Acquisition Corp. - Class A Ordinary Shares,Stock,NASDAQ
ISBA,Isabella Bank Corporation - Common stock,Stock,NASDAQ
MTNE,CH4 Natural Solutions Corporation Class A Ordinary Shares,Stock,NYSE
TMCI,"Treace Medical Concepts, Inc. - Common Stock",Stock,NASDAQ
ACGC,ACP Holdings Acquisition Corp. - Class A Ordinary Shares,Stock,NASDAQ
SHMD,SCHMID Group N.V. - Class A Ordinary Shares,Stock,NASDAQ
FUBO,FuboTV Inc. Class A Common Stock,Stock,NYSE
ADAC,American Drive Acquisition Company - Class A Ordinary Shares,Stock,NASDAQ
LAB,Standard BioTools Inc. - Common Stock,Stock,NASDAQ
FGII,FG Imperii Acquisition Corp. - Class A Ordinary Shares,Stock,NASDAQ
SBXD,SilverBox Corp IV Class A Ordinary Shares,Stock,NYSE
ALCO,"Alico, Inc. - Common Stock",Stock,NASDAQ
LPCV,Launchpad Cadenza Acquisition Corp I - Class A Ordinary Share,Stock,NASDAQ
KPET,KPET Ultra Paceline Corporation Class A Ordinary Shares,Stock,NYSE
EAF,GrafTech International Ltd. Common Stock,Stock,NYSE
ALTO,"Alto Ingredients, Inc. - Common Stock",Stock,NASDAQ
JAKK,"JAKKS Pacific, Inc. - Common Stock",Stock,NASDAQ
ZIP,"ZipRecruiter, Inc. Class A Common Stock",Stock,NYSE
HLXC,Helix Acquisition Corp. III - Class A Ordinary Shares,Stock,NASDAQ
UXIN,Uxin Limited - American Depositary Shares,Stock,NASDAQ
SFIX,"Stitch Fix, Inc. - Class A Common Stock",Stock,NASDAQ
UCFI,CN Healthy Food Tech Group Corp. - Common Stock,Stock,NASDAQ
RCMT,"RCM Technologies, Inc. - Common Stock",Stock,NASDAQ
CATX,"Perspective Therapeutics, Inc. Common Stock",Stock,NYSE American
DUOT,"Duos Technologies Group, Inc. - Common Stock",Stock,NASDAQ
OVLY,Oak Valley Bancorp (CA) - Common Stock,Stock,NASDAQ
IKT,"Inhibikase Therapeutics, Inc. - Common Stock",Stock,NASDAQ
TBI,"TrueBlue, Inc. Common Stock",Stock,NYSE
PMTS,CPI Card Group Inc. - Common Stock,Stock,NASDAQ
RFMZ,"RiverNorth Flexible Municipal Income Fund II, Inc. Common Stock",Stock,NYSE
METCB,"Ramaco Resources, Inc. - Class B Common Stock",Stock,NASDAQ
SHOT,RMG ML Sports Holdings - Class A Ordinary Shares,Stock,NASDAQ
FULC,"Fulcrum Therapeutics, Inc. - Common Stock",Stock,NASDAQ
TII,Titan Mining Corporation Common Shares,Stock,NYSE American
CUB,Lionheart Holdings - Class A Ordinary Shares,Stock,NASDAQ
RCKT,"Rocket Pharmaceuticals, Inc. - Common Stock",Stock,NASDAQ
RIV,"RiverNorth Opportunities Fund, Inc. Common Stock",Stock,NYSE
RM,Regional Management Corp. Common Stock,Stock,NYSE
QNBC,QNB Corp. - Common Stock,Stock,NASDAQ
RWAY,Runway Growth Finance Corp. - Common Stock,Stock,NASDAQ
NC,"NACCO Industries, Inc. Common Stock",Stock,NYSE
ATLQ,JAB Acquisition Corp I - Class A Ordinary Shares,Stock,NASDAQ
CUVL,Clinuvel Pharmaceuticals Limited - American Depositary Shares,Stock,NASDAQ
FRD,Friedman Industries Inc. - Common Stock,Stock,NASDAQ
NEGG,"Newegg Commerce, Inc. - Common Shares",Stock,NASDAQ
SVCO,"Silvaco Group, Inc. - Common Stock",Stock,NASDAQ
TVAI,Thayer Ventures Acquisition Corporation II - Class A Ordinary Shares,Stock,NASDAQ
RFI,"Cohen & Steers Total Return Realty Fund, Inc. Common Stock",Stock,NYSE
WLCO,Wilco 63 Corporation - Class A Ordinary Shares,Stock,NASDAQ
FRAF,Franklin Financial Services Corporation - Common Stock,Stock,NASDAQ
BKTI,BK Technologies Corporation Common Stock,Stock,NYSE American
ATLO,Ames National Corporation - Common Stock,Stock,NASDAQ
SAMO,Samos Energy Acquisition Corporation Class A Ordinary Shares,Stock,NYSE
FATE,"Fate Therapeutics, Inc. - Common Stock",Stock,NASDAQ
XCBE,X3 Acquisition Corp. Ltd. - Class A Ordinary Shares,Stock,NASDAQ
FNRN,First Northern Community Bancorp - Common stock,Stock,NASDAQ
WNEB,"Western New England Bancorp, Inc. - Common Stock",Stock,NASDAQ
FUNC,First United Corporation - Common Stock,Stock,NASDAQ
HWBK,"Hawthorn Bancshares, Inc. - Common Stock",Stock,NASDAQ
KF,"Korea Fund, Inc. (The) New Common Stock",Stock,NYSE
LAW,"CS Disco, Inc. Common Stock",Stock,NYSE
AMRN,Amarin Corporation plc - American Depositary Shares,Stock,NASDAQ
ISNR,Snow Rothschild Acquisition Corp. - Class A Ordinary Shares,Stock,NASDAQ
IFRX,InflaRx N.V. - Common Stock,Stock,NASDAQ
TSSI,"TSS, Inc. - Common Stock",Stock,NASDAQ
HQI,"HireQuest, Inc. - Common Stock",Stock,NASDAQ
GBFH,GBank Financial Holdings Inc. - Common Stock,Stock,NASDAQ
TTGT,"TechTarget, Inc. - Common Stock",Stock,NASDAQ
NXDT,NexPoint Diversified Real Estate Trust Common Stock,Stock,NYSE
ARDC,"Ares Dynamic Credit Allocation Fund, Inc. Common Shares",Stock,NYSE
NNNN,Anbio Biotechnology - Class A Ordinary Shares,Stock,NASDAQ
ASYS,"Amtech Systems, Inc. - Common Stock",Stock,NASDAQ
IMRX,Immuneering Corporation - Class A Common Stock,Stock,NASDAQ
MTAK,Market Technology Acquisition Corp - Class A Ordinary Shares,Stock,NASDAQ
XSLL,Xsolla SPAC 1 - Class A Ordinary Shares,Stock,NASDAQ
NHIV,NewHold Investment Corp IV - Class A Ordinary Shares,Stock,NASDAQ
CAN,Canaan Inc. - American Depositary Shares,Stock,NASDAQ
EOD,Allspring Global Dividend Opportunity Fund Common Shares of Beneficial Interest,Stock,NYSE
MTRX,Matrix Service Company - Common Stock,Stock,NASDAQ
IVVD,"Invivyd, Inc. - Common Stock",Stock,NASDAQ
SAR,Saratoga Investment Corp New,Stock,NYSE
MFIN,Medallion Financial Corp. - Common Stock,Stock,NASDAQ
MGPI,"MGP Ingredients, Inc. - Common Stock",Stock,NASDAQ
CEPO,"Cantor Equity Partners I, Inc. - Class A Ordinary Shares",Stock,NASDAQ
TMCR,The Metals Royalty Company Inc. - Common Stock,Stock,NASDAQ
NCZ,Virtus Convertible & Income Fund II Common Shares of Beneficial Interest,Stock,NYSE
RFAI,RF Acquisition Corp II - Ordinary Shares,Stock,NASDAQ
MUZE,Muzero Acquisition Corp - Class A Ordinary Shares,Stock,NASDAQ
REFI,"Chicago Atlantic Real Estate Finance, Inc. - Common Stock",Stock,NASDAQ
ANIK,Anika Therapeutics Inc. - Common Stock,Stock,NASDAQ
LXEO,"Lexeo Therapeutics, Inc. - Common Stock",Stock,NASDAQ
VCRE,Vicore Pharma Holding AB - American Depositary Shares,Stock,NASDAQ
SY,So-Young International Inc. - American Depository Shares,Stock,NASDAQ
XPER,Xperi Inc. Common Stock ,Stock,NYSE
OSUR,"OraSure Technologies, Inc. - Common Stock",Stock,NASDAQ
TSI,"TCW Strategic Income Fund, Inc. Common Stock",Stock,NYSE
NKSH,"National Bankshares, Inc. - Common Stock",Stock,NASDAQ
DNMX,Dynamix Corporation III - Class A Ordinary Shares,Stock,NASDAQ
CMRC,"Commerce.com, Inc. - Series 1 Common Stock",Stock,NASDAQ
NPCT,Nuveen Core Plus Impact Fund Common Shares of Beneficial Interest,Stock,NYSE
BCBP,"BCB Bancorp, Inc. (NJ) - Common Stock",Stock,NASDAQ
ESCA,"Escalade, Incorporated - Common Stock",Stock,NASDAQ
LCNB,LCNB Corporation - Common Stock,Stock,NASDAQ
USNA,"USANA Health Sciences, Inc. Common Stock",Stock,NYSE
GLSI,"Greenwich LifeSciences, Inc. - Common stock",Stock,NASDAQ
XTER,Karman Line Acquisition Corp. - Class A Ordinary Shares,Stock,NASDAQ
TLSI,"TriSalus Life Sciences, Inc. - Common Stock",Stock,NASDAQ
GPRO,"GoPro, Inc. - Class A Common Stock",Stock,NASDAQ
STRT,STRATTEC SECURITY CORPORATION - Common Stock,Stock,NASDAQ
PDYN,Palladyne AI Corp. - Common stock,Stock,NASDAQ
POWW,Outdoor Holding Company - Common Stock,Stock,NASDAQ
FXNC,First National Corporation - Common Stock,Stock,NASDAQ
IONR,ioneer Ltd - American Depositary Shares,Stock,NASDAQ
ONEN,ONE Nuclear Energy Inc. - Common Stock,Stock,NASDAQ
TJGC,TJGC Group Limited - Class A Ordinary Shares,Stock,NASDAQ
OACC,Oaktree Acquisition Corp. III Life Sciences - Class A Ordinary Share,Stock,NASDAQ
STRO,"Sutro Biopharma, Inc. - Common Stock",Stock,NASDAQ
MVST,"Microvast Holdings, Inc. - Common Stock",Stock,NASDAQ
SRV,NXG Cushing Midstream Energy Fund Common Shares of Beneficial Interest,Stock,NYSE
KINS,"Kingstone Companies, Inc - Common Stock",Stock,NASDAQ
DMAA,Drugs Made In America Acquisition Corp. - Ordinary Shares,Stock,NASDAQ
OIA,Invesco Municipal Income Opportunities Trust Common Stock,Stock,NYSE
BLND,"Blend Labs, Inc. Class A Common Stock",Stock,NYSE
VABK,Virginia National Bankshares Corporation - Common Stock,Stock,NASDAQ
PCYO,Pure Cycle Corporation - Common Stock,Stock,NASDAQ
NTWO,Newbury Street II Acquisition Corp - Class A Ordinary Shares,Stock,NASDAQ
FXHO,UTime Limited - Class A Ordinary Shares,Stock,NASDAQ
EVI,"EVI Industries, Inc.  Common Stock",Stock,NYSE American
MLAA,Mountain Lake Acquisition Corp. II - Class A Ordinary Shares,Stock,NASDAQ
KWY,Kingsway Corporation Common Stock,Stock,NYSE
QTTB,Q32 Bio Inc. - Common Stock,Stock,NASDAQ
FACT,FACT II Acquisition Corp. - Class A Ordinary Shares,Stock,NASDAQ
AIBZ,Bitzero Holdings Inc. - Common Shares,Stock,NASDAQ
LCTX,"Lineage Cell Therapeutics, Inc. Common Stock",Stock,NYSE American
WLII,Willow Lane Acquisition Corp. II - Class A Ordinary Shares,Stock,NASDAQ
RELL,"Richardson Electronics, Ltd. - Common Stock",Stock,NASDAQ
PPIH,"Perma-Pipe International Holdings, Inc. - Common Stock",Stock,NASDAQ
DSM,"BNY Mellon Strategic Municipal Bond Fund, Inc. Common Stock",Stock,NYSE
ACB,Aurora Cannabis Inc. - Common Shares,Stock,NASDAQ
TRGS,TRG Latin America Acquisitions Corp. - Class A Ordinary Shares,Stock,NASDAQ
BRT,BRT Apartments Corp. (MD) Common Stock,Stock,NYSE
THEO,BOA Acquisition Corp. II - Class A Ordinary Shares,Stock,NASDAQ
JACK,Jack In The Box Inc. - Common Stock,Stock,NASDAQ
BCYC,Bicycle Therapeutics plc - American Depositary Shares,Stock,NASDAQ
AIAI,AIAI Holdings Corporation - Class A common stock,Stock,NASDAQ
OFLX,"Omega Flex, Inc. - Common Stock",Stock,NASDAQ
ASLE,AerSale Corporation - Common Stock,Stock,NASDAQ
USAU,U.S. Gold Corp. - Common Stock,Stock,NASDAQ
AUDC,AudioCodes Ltd. - Ordinary Shares,Stock,NASDAQ
AVNW,"Aviat Networks, Inc. - Common Stock",Stock,NASDAQ
ACV,Virtus Diversified Income & Convertible Fund Common Shares of Beneficial Interest,Stock,NYSE
ONIT,Onity Group Inc. Common Stock,Stock,NYSE
VNME,Vendome Acquisition Corporation I - Class A Ordinary Shares,Stock,NASDAQ
ALMU,"Aeluma, Inc. - Common Stock",Stock,NASDAQ
GENC,"Gencor Industries, Inc. Common Stock",Stock,NYSE American
SSP,E.W. Scripps Company (The) - Class A Common Stock,Stock,NASDAQ
ZNTL,"Zentalis Pharmaceuticals, Inc. - common stock",Stock,NASDAQ
CNDT,Conduent Incorporated - Common Stock,Stock,NASDAQ
III,"Information Services Group, Inc. - Common Stock",Stock,NASDAQ
PTLO,Portillo's Inc. - Class A Common Stock,Stock,NASDAQ
IPVV,"InterPrivate Investment Partners V, Inc. - Class A Ordinary Shares",Stock,NASDAQ
INFU,"InfuSystems Holdings, Inc. Common Stock",Stock,NYSE American
SCII,SC II Acquisition Corp. - Class A ordinary share,Stock,NASDAQ
PALI,"Palisade Bio, Inc. - Common Stock",Stock,NASDAQ
BGS,"B&G Foods, Inc. Common Stock",Stock,NYSE
BNC,CEA Industries Inc. - Common Stock,Stock,NASDAQ
KLC,"KinderCare Learning Companies, Inc. Common Stock",Stock,NYSE
RMM,"RiverNorth Managed Duration Municipal Income Fund, Inc. Common Stock",Stock,NYSE
PNAQ,Pinnacle Acquisition Corporation Class A Ordinary Shares,Stock,NYSE
VLOS,Velos Acquisition I Corp. - Class A Ordinary shares,Stock,NASDAQ
FOA,Finance of America Companies Inc. Class A Common Stock,Stock,NYSE
OHAC,Oceanhawk Acquisition Corp. - Class A Ordinary Shares,Stock,NASDAQ
ACIU,AC Immune SA - Common Stock,Stock,NASDAQ
CPZ,Calamos Long/Short Equity & Dynamic Income Trust - Closed End Fund,Stock,NASDAQ
MKLY,McKinley Acquisition Corporation - Class A Ordinary Shares,Stock,NASDAQ
SBMT,Silver Bow Mining Corp. Common Shares,Stock,NYSE American
QADR,QDRO Acquisition Corp. - Class A Ordinary Shares,Stock,NASDAQ
HCKT,"The Hackett Group, Inc. - Common Stock",Stock,NASDAQ
HITI,High Tide Inc. - Common Shares,Stock,NASDAQ
AENT,Alliance Entertainment Holding Corporation - common stock,Stock,NASDAQ
AKBA,"Akebia Therapeutics, Inc. - Common Stock",Stock,NASDAQ
VUZI,Vuzix Corporation  - Common Stock,Stock,NASDAQ
SIGA,SIGA Technologies Inc. - Common Stock,Stock,NASDAQ
EFSI,Eagle Financial Services Inc - Common Stock,Stock,NASDAQ
CAF,Morgan Stanley China A Share Fund Inc. Common Stock,Stock,NYSE
PAMT,PAMT CORP - Common Stock,Stock,NASDAQ
CAMP,CAMP4 Therapeutics Corporation - Common Stock,Stock,NASDAQ
TG,Tredegar Corporation Common Stock,Stock,NYSE
TDF,"Templeton Dragon Fund, Inc. Common Stock",Stock,NYSE
RMBI,"Richmond Mutual Bancorporation, Inc. - Common Stock",Stock,NASDAQ
MCGA,Yorkville Acquisition Corp. - Class A Ordinary Share,Stock,NASDAQ
INR,"Infinity Natural Resources, Inc. Class A Common Stock",Stock,NYSE
SSAC,SPACSphere Acquisition Corp. - Class A Ordinary Shares,Stock,NASDAQ
ERC,Allspring Multi-Sector Income Fund Common Stock,Stock,NYSE American
SOCA,Solarius Capital Acquisition Corp. - Class A Ordinary Share,Stock,NASDAQ
GLND,Greenland Energy Company - Common Stock,Stock,NASDAQ
IGAC,Invest Green Acquisition Corporation - Class A Ordinary Shares,Stock,NASDAQ
IMMR,Immersion Corporation - Common Stock,Stock,NASDAQ
FUFU,BitFuFu Inc. - Class A Ordinary Shares,Stock,NASDAQ
LYEL,"Lyell Immunopharma, Inc. - Common Stock",Stock,NASDAQ
LTBR,Lightbridge Corporation - Common Stock,Stock,NASDAQ
NAGE,"Niagen Bioscience, Inc. - Common Stock",Stock,NASDAQ
DYNC,Dynamix Corporation - Class A Ordinary Share,Stock,NASDAQ
EU,enCore Energy Corp. - Common Stock,Stock,NASDAQ
DAAQ,Digital Asset Acquisition Corp. - Class A Ordinary shares,Stock,NASDAQ
ACU,Acme United Corporation. Common Stock,Stock,NYSE American
AZ,A2Z Cust2Mate Solutions Corp. - Common Shares,Stock,NASDAQ
TRDA,"Entrada Therapeutics, Inc. - Common Stock",Stock,NASDAQ
CHPT,"ChargePoint Holdings, Inc. Common Stock",Stock,NYSE
EXOD,"Exodus Movement, Inc. Class A Common Stock",Stock,NYSE American
FBLA,"FB Bancorp, Inc. - Common Stock",Stock,NASDAQ
MACI,Melar Acquisition Corp. I - Class A Ordinary Shares,Stock,NASDAQ
PMM,Franklin Managed Municipal Income Trust Shares of Beneficial Interest,Stock,NYSE
PYXS,"Pyxis Oncology, Inc. - Common Stock",Stock,NASDAQ
YSG,"Yatsen Holding Limited American Depositary Shares, each representing twenty (20) Class A Ordinary Shares",Stock,NYSE
MGNX,"MacroGenics, Inc. - Common Stock",Stock,NASDAQ
QMLS,"QumulusAI, Inc. - Common Stock",Stock,NASDAQ
TDWD,Tailwind 2.0 Acquisition Corp. - Class A Ordinary Shares,Stock,NASDAQ
SMHI,SEACOR Marine Holdings Inc. Common Stock ,Stock,NYSE
MAGH,Magnitude International Ltd - Ordinary Shares,Stock,NASDAQ
RDNW,"RideNow Group, Inc. - Class B Common Stock",Stock,NASDAQ
SION,"Sionna Therapeutics, Inc. - Common Stock",Stock,NASDAQ
RLTY,Cohen & Steers Real Estate Opportunities and Income Fund Common Shares of Beneficial Interest,Stock,NYSE
TWLV,Twelve Seas Investment Company III - Class A Ordinary Shares,Stock,NASDAQ
MMT,Aberdeen Multi-Market Income Fund Common Shares of Beneficial Interest,Stock,NYSE
RAIL,"Freightcar America, Inc. - Common Stock",Stock,NASDAQ
UTMD,"Utah Medical Products, Inc. - Common Stock",Stock,NASDAQ
LATA,Galata Acquisition Corp. II - Class A Ordinary Shares,Stock,NASDAQ
CURV,Torrid Holdings Inc. Common Stock,Stock,NYSE
SLE,"Super League Enterprise, Inc. - Common Stock",Stock,NASDAQ
COPL,Copley Acquisition Corp Ordinary Shares,Stock,NYSE
RCS,"PIMCO Strategic Income Fund, Inc.",Stock,NYSE
SUMA,SUMA Acquisition Corporation - Class A Ordinary Shares,Stock,NASDAQ
ELMD,"Electromed, Inc. Common Stock",Stock,NYSE American
GWRS,"Global Water Resources, Inc. - common stock",Stock,NASDAQ
NUW,Nuveen AMT-Free Municipal Value Fund,Stock,NYSE
DYOR,Insight Digital Partners II - Class A Ordinary Shares,Stock,NASDAQ
PRQR,ProQR Therapeutics N.V. - Ordinary Shares,Stock,NASDAQ
BLRK,Bluerock Acquisition Corp. - Class A Ordinary Shares,Stock,NASDAQ
ACRE,Ares Commercial Real Estate Corporation Common Stock,Stock,NYSE
SVCC,Stellar V Capital Corp. - Class A Ordinary Shares,Stock,NASDAQ
OSS,"One Stop Systems, Inc. - Common Stock",Stock,NASDAQ
BIII,Black Spade Acquisition III Co Class A Ordinary Shares,Stock,NYSE
HMH,HMH Holding Inc. - Common Stock,Stock,NASDAQ
PLAY,"Dave & Buster's Entertainment, Inc. - Common Stock",Stock,NASDAQ
INBK,First Internet Bancorp - Common Stock,Stock,NASDAQ
KROS,"Keros Therapeutics, Inc. - common stock",Stock,NASDAQ
PEBK,"Peoples Bancorp of North Carolina, Inc. - Common Stock",Stock,NASDAQ
PDEX,"Pro-Dex, Inc. - Common Stock",Stock,NASDAQ
MRBK,Meridian Corporation - Common Stock,Stock,NASDAQ
LTGR,Long Table Growth Corp. - Class A Ordinary Shares,Stock,NASDAQ
RILY,"BRC Group Holdings, Inc. - Common Stock",Stock,NASDAQ
IMPP,Imperial Petroleum Inc. - Common Shares,Stock,NASDAQ
LIEN,"Chicago Atlantic BDC, Inc. - Common Stock",Stock,NASDAQ
CRAC,Crown Reserve Acquisition Corp. I - Class A Ordinary Shares,Stock,NASDAQ
IRAB,Iris Acquisition Corp II Class A Ordinary Shares,Stock,NYSE
CMTV,Community Bancorp.  - Common stock,Stock,NASDAQ
AIRO,"AIRO Group Holdings, Inc. - Common Stock",Stock,NASDAQ
AMWL,American Well Corporation Class A Common Stock,Stock,NYSE
KGEI,Kolibri Global Energy Inc. - Common stock,Stock,NASDAQ
CUE,"Cue Biopharma, Inc. - Common Stock",Stock,NASDAQ
TBCH,Turtle Beach Corporation - Common Stock,Stock,NASDAQ
SMRT,"SmartRent, Inc. Class A Common Stock",Stock,NYSE
ASUR,Asure Software Inc - Common Stock,Stock,NASDAQ
SNFCA,Security National Financial Corporation - Class A Common Stock,Stock,NASDAQ
NATR,"Nature's Sunshine Products, Inc. - Common Stock",Stock,NASDAQ
MRCO,Mercator Acquisition Corp. - Class A Ordinary Shares,Stock,NASDAQ
OPBK,OP Bancorp - Common Stock,Stock,NASDAQ
CGEN,Compugen Ltd. - Ordinary Shares,Stock,NASDAQ
NUS,"Nu Skin Enterprises, Inc. Common Stock",Stock,NYSE
PONO,"Pono Capital Four, Inc. - Class A Ordinary Shares",Stock,NASDAQ
PMA,PMA Graphene Technology Group Inc. - Class A Ordinary Shares,Stock,NASDAQ
FF,FutureFuel Corp.  Common shares,Stock,NYSE
RNAC,"Cartesian Therapeutics, Inc. - Common Stock",Stock,NASDAQ
CFBK,CF Bankshares Inc. - Common Stock,Stock,NASDAQ
MBI,MBIA Inc. Common Stock,Stock,NYSE
LGI,Lazard Global Total Return and Income Fund Common Stock,Stock,NYSE
ONCH,1RT Acquisition Corp. - Class A Ordinary Share,Stock,NASDAQ
FOCL,"EDAP TMS S.A. - American Depositary Shares, each representing One Ordinary Share",Stock,NASDAQ
SND,"Smart Sand, Inc. - Common Stock",Stock,NASDAQ
RGCO,RGC Resources Inc. - Common Stock,Stock,NASDAQ
AOUT,"American Outdoor Brands, Inc. - Common Stock",Stock,NASDAQ
EIC,Eagle Point Income Company Common Shares of Beneficial Interest,Stock,NYSE
DGAC,Disciplined Growth Acquisition Corporation Class A Ordinary Shares,Stock,NYSE
AVXL,Anavex Life Sciences Corp. - Common Stock,Stock,NASDAQ
REA,"Rare Earths Americas, Inc. Common Stock",Stock,NYSE American
RC,Ready Capital Corporation Common Stock,Stock,NYSE
ANGI,Angi Inc. - Class A Common Stock,Stock,NASDAQ
PLX,"Protalix BioTherapeutics, Inc. (DE) Common Stock",Stock,NYSE American
LOVE,The Lovesac Company - Common Stock,Stock,NASDAQ
SLGL,Sol-Gel Technologies Ltd. - Ordinary Shares,Stock,NASDAQ
SPOK,"Spok Holdings, Inc. - Common Stock",Stock,NASDAQ
PTAC,Patriot Acquisition Corp. - Class A Ordinary Shares,Stock,NASDAQ
SCM,Stellus Capital Investment Corporation Common Stock,Stock,NYSE
ALEC,"Alector, Inc. - Common Stock",Stock,NASDAQ
HDSN,"Hudson Technologies, Inc. - Common Stock",Stock,NASDAQ
VACI,Viking Acquisition Corp. I Class A Ordinary Shares,Stock,NYSE
FORR,"Forrester Research, Inc. - Common Stock",Stock,NASDAQ
PNNT,PennantPark Investment Corporation Common Stock,Stock,NYSE
TROO,"TROOPS, Inc.  - Ordinary Shares",Stock,NASDAQ
GSHR,Gesher Acquisition Corp. II - Class A Ordinary Shares,Stock,NASDAQ
MAMK,MaxsMaking Inc. - Class A Ordinary Shares,Stock,NASDAQ
GSIT,"GSI Technology, Inc. - Common Stock",Stock,NASDAQ
YARW,"Yarrow Bioscience, Inc. - Common Stock",Stock,NASDAQ
SABA,Saba Capital Income & Opportunities Fund II Shares of Beneficial Interest,Stock,NYSE
ELDN,"Eledon Pharmaceuticals, Inc. - Common Stock",Stock,NASDAQ
LCUT,"Lifetime Brands, Inc. - Common Stock",Stock,NASDAQ
BGIN,Bgin Blockchain Limited - Class A Ordinary Shares,Stock,NASDAQ
SIDU,"Sidus Space, Inc. - Class A Common Stock",Stock,NASDAQ
CCAQ,Collective Acquisition Corp. - Class A ordinary shares,Stock,NASDAQ
NVA,Nova Minerals Corp Common Stock,Stock,NYSE American
LMNR,Limoneira Co - Common Stock,Stock,NASDAQ
AESP,Aeon Acquisition I Corp. - Class A Ordinary Shares,Stock,NASDAQ
WHWK,"Whitehawk Therapeutics, Inc. - Common Stock",Stock,NASDAQ
EGHA,EGH Acquisition Corp. - Class A ordinary shares,Stock,NASDAQ
NCMI,"National CineMedia, Inc. - Common Stock",Stock,NASDAQ
IDAC,Iron Dome Acquisition I Corp. - Class A Ordinary Shares,Stock,NASDAQ
HAVA,Harvard Ave Acquisition Corporation - Class A Ordinary Share,Stock,NASDAQ
XGN,Exagen Inc. - Common Stock,Stock,NASDAQ
CTAA,ClearThink 1 Acquisition Corp. - Class A Ordinary Shares,Stock,NASDAQ
NSLR,Neostellar Capital Corp. - Closed End Fund,Stock,NASDAQ
RICK,"RCI Hospitality Holdings, Inc. - Common Stock",Stock,NASDAQ
PROF,Profound Medical Corp. - common stock,Stock,NASDAQ
PALO,Paloma Acquisition Corp I - Class A Ordinary Shares,Stock,NASDAQ
TDAC,Translational Development Acquisition Corp. - Ordinary Shares,Stock,NASDAQ
STIM,"Neuronetics, Inc. - Common Stock",Stock,NASDAQ
GLDG,GoldMining Inc. Common Shares,Stock,NYSE American
NGEN,NervGen Pharma Corp. - Common stock,Stock,NASDAQ
OVBC,Ohio Valley Banc Corp. - Common Stock,Stock,NASDAQ
FHTX,Foghorn Therapeutics Inc. - Common Stock,Stock,NASDAQ
CRDL,Cardiol Therapeutics Inc. - Class A Common Shares,Stock,NASDAQ
ESOA,Energy Services of America Corporation - Common Stock,Stock,NASDAQ
CATL,Catalyst Acquisition Corp. - Class A Ordinary Share,Stock,NASDAQ
IIF,"Morgan Stanley India Investment Fund, Inc. Common Stock",Stock,NYSE
TVIV,Texas Ventures Acquisition IV Corp - Class A Ordinary Shares,Stock,NASDAQ
FIRY,Firy Inc. Class A Common Stock,Stock,NYSE
CPSS,"Consumer Portfolio Services, Inc. - Common Stock",Stock,NASDAQ
CZWI,"Citizens Community Bancorp, Inc. - Common Stock",Stock,NASDAQ
CMT,Core Molding Technologies Inc Common Stock,Stock,NYSE American
SGC,"Superior Group of Companies, Inc. - Common Stock",Stock,NASDAQ
GCTS,"GCT Semiconductor Holding, Inc. Common Stock",Stock,NYSE
CNTN,"Canton Strategic Holdings, Inc. - Common Stock",Stock,NASDAQ
DHX,"DHI Group, Inc. Common Stock",Stock,NYSE
ZUMZ,Zumiez Inc. - Common Stock,Stock,NASDAQ
TAYD,"Taylor Devices, Inc. - Common Stock",Stock,NASDAQ
GDEV,GDEV Inc. - Ordinary Shares,Stock,NASDAQ
VLN,Valens Semiconductor Ltd. Ordinary Shares,Stock,NYSE
CMPX,"Compass Therapeutics, Inc. - Common Stock",Stock,NASDAQ
AREC,American Resources Corporation - Class A Common Stock,Stock,NASDAQ
ALTG,Alta Equipment Group Inc. Class A Common Stock,Stock,NYSE
MPAA,"Motorcar Parts of America, Inc. - Common Stock",Stock,NASDAQ
CXDO,"Crexendo, Inc. - Common Stock",Stock,NASDAQ
MFM,Aberdeen Municipal Income Fund Common Shares of Beneficial Interest,Stock,NYSE
KTWO,K2 Capital Acquisition Corporation - Class A Ordinary Share,Stock,NASDAQ
FCAP,"First Capital, Inc. - Common Stock",Stock,NASDAQ
EXFY,"Expensify, Inc. - Class A Common Stock",Stock,NASDAQ
MRLN,"Merlin, Inc. - Common Stock",Stock,NASDAQ
BEBE,TGE Value Creative Solutions Corp Class A Ordinary Shares,Stock,NYSE
QUIK,QuickLogic Corporation - Common Stock,Stock,NASDAQ
RBKB,"Rhinebeck Bancorp, Inc. - Common Stock",Stock,NASDAQ
KLTR,"Kaltura, Inc. - Common Stock",Stock,NASDAQ
ZSQR,Z Squared Inc. - Common Stock,Stock,NASDAQ
FIGX,FIGX Capital Acquisition Corp. - Class A ordinary share,Stock,NASDAQ
VRXA,Veraxa Biotech AG - Ordinary Shares,Stock,NASDAQ
ETSS,Energy Transition Special Opportunities Class A Ordinary Shares,Stock,NYSE
APMC,AmperCap Acquisition Company - Ordinary Shares,Stock,NASDAQ
USBC,"USBC, Inc. Common Stock",Stock,NYSE American
CHCI,"Comstock Holding Companies, Inc. - Class A Common Stock",Stock,NASDAQ
DPRO,Draganfly Inc. - Common Shares,Stock,NASDAQ
BETR,Better Home & Finance Holding Company - Class A Common Stock,Stock,NASDAQ
SES,SES AI Corporation Class A Common Stock,Stock,NYSE
LFAC,Leapfrog Acquisition Corporation - Class A Ordinary Shares,Stock,NASDAQ
AIIA,AI Infrastructure Acquisition Corp. Class A Ordinary Shares,Stock,NYSE
SRI,"Stoneridge, Inc. Common Stock",Stock,NYSE
MIAC,Meridian3 Industrials Acquisition Corp - Class A Ordinary Shares,Stock,NASDAQ
DFDV,DeFi Development Corp. - Common Stock,Stock,NASDAQ
NKTX,"Nkarta, Inc. - Common Stock",Stock,NASDAQ
TONX,TON Strategy Company - Common Stock,Stock,NASDAQ
GGT,"Gabelli Multi-Media Trust, Inc. (The) Common Stock",Stock,NYSE
ORMP,Oramed Pharmaceuticals Inc. - Common Stock,Stock,NASDAQ
ADAG,"Adagene Inc. - ADS, each representing 1.25 ordinary shares",Stock,NASDAQ
TPVG,TriplePoint Venture Growth BDC Corp. Common Stock,Stock,NYSE
ENHA,Enhanced Group Inc. Class A Common Stock,Stock,NYSE
BNR,Burning Rock Biotech Limited - American Depositary Shares,Stock,NASDAQ
DEFT,"Defi Technologies, Inc. - Common Stock",Stock,NASDAQ
LARK,Landmark Bancorp Inc. - Common Stock,Stock,NASDAQ
LODE,Comstock Inc. Common Stock,Stock,NYSE American
MITT,"TPG Mortgage Investment Trust, Inc. Common Stock",Stock,NYSE
XYF,"X Financial American Depositary Shares, each representing six Class A Ordinary Shares",Stock,NYSE
XPOF,"Xponential Fitness, Inc. Class A Common Stock",Stock,NYSE
TARA,"Protara Therapeutics, Inc.  - Common Stock",Stock,NASDAQ
RXST,"RxSight, Inc. - Common Stock",Stock,NASDAQ
PERF,Perfect Corp. Class A Ordinary Share,Stock,NYSE
FJDI,ARC Group Securities Acquisition I - Class A Ordinary Shares,Stock,NASDAQ
BANX,ArrowMark Financial Corp. - Closed End Fund,Stock,NASDAQ
CRNT,Ceragon Networks Ltd. - Ordinary Shares,Stock,NASDAQ
BID,Tribeca Strategic Acquisition Corp. - Class A Ordinary Shares,Stock,NASDAQ
ETX,Eaton Vance Municipal Income 2028 Term Trust Common Shares of Beneficial Interest,Stock,NYSE
TOYO,"TOYO Co., Ltd - Ordinary Shares",Stock,NASDAQ
IPHA,Innate Pharma S.A. - American Depositary Shares,Stock,NASDAQ
OSG,"Octave Specialty Group, Inc. Common Stock",Stock,NYSE
CBFV,"CB Financial Services, Inc. - Common Stock",Stock,NASDAQ
ESP,Espey Mfg. & Electronics Corp. Common Stock,Stock,NYSE American
AOMR,"Angel Oak Mortgage REIT, Inc. Common Stock",Stock,NYSE
FNWD,Finward Bancorp - common stock,Stock,NASDAQ
HNVR,"Hanover Bancorp, Inc. - Common Stock",Stock,NASDAQ
SBFG,"SB Financial Group, Inc. - Common Stock",Stock,NASDAQ
MRT,"Marti Technologies, Inc. Class A Ordinary Shares",Stock,NYSE American
IDE,"Voya Infrastructure, Industrials and Materials Fund Common Shares of Beneficial Interest",Stock,NYSE
NPV,Nuveen Virginia Quality Municipal Income Fund Common Stock,Stock,NYSE
OMSE,OMS Energy Technologies Inc. - Ordinary Shares,Stock,NASDAQ
CMTG,"Claros Mortgage Trust, Inc. Common Stock",Stock,NYSE
MSLE,Satellos Bioscience Inc. - Common Stock,Stock,NASDAQ
ACOG,Alpha Cognition Inc. - Common Stock,Stock,NASDAQ
ANTX,"AN2 Therapeutics, Inc. - Common Stock",Stock,NASDAQ
MINE,Mayfair Gold Corp. Common Shares,Stock,NYSE American
CURI,CuriosityStream Inc.  - Class A Common Stock,Stock,NASDAQ
BAFN,BayFirst Financial Corp. - Common Stock,Stock,NASDAQ
QSI,Quantum-Si Incorporated - Class A Common Stock,Stock,NASDAQ
TORO,Toro Corp. - Common stock,Stock,NASDAQ
NUCL,Eagle Nuclear Energy Corp. - Common stock,Stock,NASDAQ
CIA,"Citizens, Inc. Class A Common Stock ($1.00 Par)",Stock,NYSE
WHG,Westwood Holdings Group Inc Common Stock,Stock,NYSE
ORGO,Organogenesis Holdings Inc.  - Class A ,Stock,NASDAQ
ALXO,ALX Oncology Holdings Inc. - Common Stock,Stock,NASDAQ
ECBK,"ECB Bancorp, Inc. - Common Stock",Stock,NASDAQ
EPSN,Epsilon Energy Ltd. - Common Shares,Stock,NASDAQ
GPAT,GP-Act III Acquisition Corp. - Class A Ordinary Share,Stock,NASDAQ
ARCL,ARC Group Acquisition I Corp - Class A Ordinary Shares,Stock,NASDAQ
PEPG,PepGen Inc. - Common Stock,Stock,NASDAQ
NAKA,Nakamoto Inc. - Common Stock,Stock,NASDAQ
MDWD,MediWound Ltd. - Ordinary Shares,Stock,NASDAQ
AP,Ampco-Pittsburgh Corporation Common Stock,Stock,NYSE
PAAC,Proem Acquisition Corp I - Ordinary Shares,Stock,NASDAQ
WIA,Western Asset Inflation-Linked Income Fund,Stock,NYSE
HSDT,Solana Company - Class A Common Stock,Stock,NASDAQ
CHEC,Chenghe Acquisition III Co. - Class A Ordinary Shares,Stock,NASDAQ
BWIV,Blue Water Acquisition Corp. IV Class A Ordinary Shares,Stock,NYSE
AMPY,Amplify Energy Corp. Common Stock,Stock,NYSE
BREZ,Breeze Acquisition Corp. II - Ordinary Shares,Stock,NASDAQ
RVII,Robinhood Ventures Fund II Common Shares of Beneficial Interest,Stock,NYSE
MNSB,"MainStreet Bancshares, Inc. - Common Stock",Stock,NASDAQ
BVFL,"BV Financial, Inc. - Common Stock",Stock,NASDAQ
MPV,Barings Participation Investors Common Stock,Stock,NYSE
AMBR,Amber International Holding Limited - American Depositary Shares,Stock,NASDAQ
GF,"New Germany Fund, Inc. (The) Common Stock",Stock,NYSE
DMB,"BNY Mellon Municipal Bond Infrastructure Fund, Inc. Common Stock",Stock,NYSE
FTHA,Forefront Tech Holdings Acquisition Corp - Class A Ordinary Shares,Stock,NASDAQ
CHRS,"Coherus Oncology, Inc. - Common Stock",Stock,NASDAQ
PED,Pedevco Corp. Common Stock,Stock,NYSE American
OPP,"RiverNorth/DoubleLine Strategic Opportunity Fund, Inc. Common Stock",Stock,NYSE
RDCM,Radcom Ltd. - Ordinary Shares,Stock,NASDAQ
DERM,Journey Medical Corporation - Common Stock,Stock,NASDAQ
SPMC,"Sound Point Meridian Capital, Inc. Common Stock",Stock,NYSE
LAWR,"Robot Consulting Co., Ltd. - ADS",Stock,NASDAQ
FLWS,"1-800-FLOWERS.COM, Inc. - Class A Common Stock",Stock,NASDAQ
DTIL,"Precision BioSciences, Inc. - Common Stock",Stock,NASDAQ
ENO,"Entergy New Orleans, LLC First Mortgage Bonds, 5.50% Series due April 1, 2066",Stock,NYSE
EBMT,"Eagle Bancorp Montana, Inc. - Common Stock",Stock,NASDAQ
TAVI,Tavia Acquisition Corp. - Ordinary Shares,Stock,NASDAQ
BZUN,Baozun Inc. - American Depositary Shares,Stock,NASDAQ
ATOM,Atomera Incorporated - Common Stock,Stock,NASDAQ
MSC,"Studio City International Holdings Limited American depositary shares, each representing four  Class A ordinary shares",Stock,NYSE
UIS,Unisys Corporation New Common Stock,Stock,NYSE
TNXP,Tonix Pharmaceuticals Holding Corp. - Common Stock,Stock,NASDAQ
MRDN,Meridian Holdings Inc. - Common Stock,Stock,NASDAQ
PLG,Platinum Group Metals Ltd. Ordinary Shares (Canada),Stock,NYSE American
NRO,Neuberger Real Estate Securities Income Fund Inc. Common Stock,Stock,NYSE American
SKYX,SKYX Platforms Corp. - Common Stock,Stock,NASDAQ
SEVN,Seven Hills Realty Trust  - Common Stock,Stock,NASDAQ
NMP,NMP Acquisition Corp. - Class A Ordinary Shares,Stock,NASDAQ
AIIO,Robo.ai Inc. - Class B Ordinary Shares,Stock,NASDAQ
EMP,"Entergy Mississippi, LLC First Mortgage Bonds, 4.90% Series Due October 1, 2066",Stock,NYSE
HLP,Hongli Group Inc. - Class A Ordinary Shares,Stock,NASDAQ
ONEW,OneWater Marine Inc. - Class A Common Stock,Stock,NASDAQ
VYGR,"Voyager Therapeutics, Inc. - Common Stock",Stock,NASDAQ
FLC,Flaherty & Crumrine Total Return Fund Inc Common Stock,Stock,NYSE
MOLN,Molecular Partners AG - American Depositary Shares,Stock,NASDAQ
ACR,ACRES Commercial Realty Corp. Common Stock,Stock,NYSE
EHI,Western Asset Global High Income Fund Inc Common Stock,Stock,NYSE
JRVR,"James River Group Holdings, Inc. - Common Stock",Stock,NASDAQ
DHF,BNY Mellon High Yield Strategies Fund Common Stock,Stock,NYSE
ECF,Ellsworth Growth and Income Fund Ltd.,Stock,NYSE American
EDF,Virtus Stone Harbor Emerging Markets Income Fund Common Shares of Beneficial Interest,Stock,NYSE
NERV,"Minerva Neurosciences, Inc - Common Stock",Stock,NASDAQ
HGLB,Highland Global Allocation Fund Common Stock,Stock,NYSE
ADCT,ADC Therapeutics SA Common Shares,Stock,NYSE
EMIS,Emmis Acquisition Corp. - Class A Ordinary Share,Stock,NASDAQ
VBF,Invesco Bond Fund Common Stock,Stock,NYSE
ABOS,"Acumen Pharmaceuticals, Inc. - Common Stock",Stock,NASDAQ
ENJ,"Entergy New Orleans, LLC First Mortgage Bonds, 5.0% Series due December 1, 2052",Stock,NYSE
QRED,QuasarEdge Acquisition Corporation Ordinary Shares,Stock,NYSE
LKSP,Lake Superior Acquisition Corp. - Class A Ordinary Shares,Stock,NASDAQ
NIU,Niu Technologies - American Depositary Shares,Stock,NASDAQ
SAGU,Shreya Acquisition Group Class A Ordinary Shares,Stock,NYSE
SITC,SITE Centers Corp. Common Stock,Stock,NYSE
WENC,West Enclave Merger Corp. Ordinary Shares,Stock,NYSE
GLED,GalaxyEdge Acquisition Corporation Ordinary Shares,Stock,NYSE
LAFA,LaFayette Acquisition Corp. - Ordinary Share,Stock,NASDAQ
EARN,Ellington Credit Company Common Shares of Beneficial Interest,Stock,NYSE
BRCB,"Black Rock Coffee Bar, Inc. - Class A Common Stock",Stock,NASDAQ
JELD,"JELD-WEN Holding, Inc. Common Stock",Stock,NYSE
HTLM,HomesToLife Ltd - Ordinary Shares,Stock,NASDAQ
NBP,NovaBridge Biosciences - American Depositary Shares,Stock,NASDAQ
TCGX,TCGX Acquisition Corp. - Class A Ordinary Shares,Stock,NASDAQ
FMAC,Future Money Acquisition Corporation - Ordinary Shares,Stock,NASDAQ
SPEG,Silver Pegasus Acquisition Corp - Class A Ordinary Shares,Stock,NASDAQ
LFCR,"Lifecore Biomedical, Inc. - Common Stock",Stock,NASDAQ
OGI,Organigram Global Inc. - Common Shares,Stock,NASDAQ
HUCK,"Huckleberry.ai, Inc. - Class B Common Stock",Stock,NASDAQ
BSET,"Bassett Furniture Industries, Incorporated - Common Stock",Stock,NASDAQ
STEX,Streamex Corp. - Common Stock,Stock,NASDAQ
LUCD,Lucid Diagnostics Inc. - Common Stock,Stock,NASDAQ
WPAC,White Pearl Acquisition Corp. Class A Ordinary Shares,Stock,NYSE
FINW,FinWise Bancorp - Common Stock,Stock,NASDAQ
OCAC,Ocean Capital Acquisition Corporation Ordinary Shares,Stock,NYSE
OTLK,"Outlook Therapeutics, Inc. - Common Stock",Stock,NASDAQ
CEPL,"Capstone Energy Plus, Inc. - Common Stock",Stock,NASDAQ
XHLD,"TEN Holdings, Inc. - Common Stock",Stock,NASDAQ
SAFX,"XCF Global, Inc. - Class A Common Stock",Stock,NASDAQ
HUMA,"Humacyte, Inc. - Common Stock",Stock,NASDAQ
QTRX,Quanterix Corporation - Common Stock,Stock,NASDAQ
SSTK,"Shutterstock, Inc. Common Stock",Stock,NYSE
TONT,Graf Global Corp. Class A ordinary shares,Stock,NYSE American
MENS,Jyong Biotech Ltd. - Ordinary shares,Stock,NASDAQ
ELME,Elme Communities Common Stock,Stock,NYSE
XLAB,Exascale Labs Holdings Inc. - Class A Common Stock,Stock,NASDAQ
EDRY,EuroDry Ltd. - Common Shares,Stock,NASDAQ
EGAN,eGain Corporation - Common Stock,Stock,NASDAQ
INAC,Indigo Acquisition Corp. - Ordinary Shares,Stock,NASDAQ
LANV,Lanvin Group Holdings Limited Ordinary Shares,Stock,NYSE
YCY,AA Mission Acquisition Corp. II Class A Ordinary Shares,Stock,NYSE
OPRX,OptimizeRx Corporation - Common Stock,Stock,NASDAQ
LEE,"Lee Enterprises, Incorporated - Common Stock",Stock,NASDAQ
WHF,"WhiteHorse Finance, Inc. - Closed End Fund",Stock,NASDAQ
DLTH,Duluth Holdings Inc. - Class B Common Stock,Stock,NASDAQ
PNI,Pimco New York Municipal Income Fund II Common Shares of Beneficial Interest,Stock,NYSE
CEPS,"Cantor Equity Partners VI, Inc. - Class A Ordinary Shares",Stock,NASDAQ
TRAK,"ReposiTrak, Inc. Common Stock",Stock,NYSE
VNCE,Vince Holding Corp. - Common Stock,Stock,NASDAQ
RTB,"RTB Digital, Inc. - Common Stock",Stock,NASDAQ
INTT,inTest Corporation Common Stock,Stock,NYSE American
CLLS,Cellectis S.A. - American Depositary Shares,Stock,NASDAQ
APUR,Aperture AC - Class A Ordinary Shares,Stock,NASDAQ
NYXH,Nyxoah SA - Ordinary Shares,Stock,NASDAQ
GNT,"GAMCO Natural Resources, Gold & Income Trust",Stock,NYSE
KRMD,"KORU Medical Systems, Inc. - Common Stock",Stock,NASDAQ
POLE,Andretti Acquisition Corp. II - Class A Ordinary Shares,Stock,NASDAQ
OWLT,"Owlet, Inc. Class A Common Stock",Stock,NYSE
ALPX,Alpex Acquisition Corporation - Class A Ordinary Shares,Stock,NASDAQ
NLOP,Net Lease Office Properties Common Shares of Beneficial Interest,Stock,NYSE
TRAD,APEX Tech Acquisition Inc. Ordinary Shares,Stock,NYSE
WYHG,Wing Yip Food Holdings Group Limited - American Depositary Shares,Stock,NASDAQ
CAAS,"China Automotive Systems, Inc. - Ordinary Share",Stock,NASDAQ
GRO,Brazil Potash Corp. Common Shares,Stock,NYSE American
NCO,Southern Cross Acquisition I Corp. - Ordinary Shares,Stock,NASDAQ
MYX,Maywood Acquisition Corp. 2 - Class A Ordinary Share,Stock,NASDAQ
PIM,Franklin Master Intermediate Income Trust Shares of Beneficial Interest,Stock,NYSE
OCLT,OceanLight Acquisition Corporation - Ordinary Shares,Stock,NASDAQ
EML,Eastern Company (The) - Common Stock,Stock,NASDAQ
DVLT,Datavault AI Inc. - Common Stock,Stock,NASDAQ
CDXS,"Codexis, Inc. - Common Stock",Stock,NASDAQ
XFLH,XFLH Capital Corporation Ordinary Shares,Stock,NYSE
NPWR,NET Power Inc. Class A Common Stock,Stock,NYSE
BYND,"Beyond Meat, Inc. - Common stock",Stock,NASDAQ
WW,"WW International, Inc.  - Common Stock",Stock,NASDAQ
TUSK,"Mammoth Energy Services, Inc. - Common Stock",Stock,NASDAQ
ONL,Orion Properties Inc. Common Stock,Stock,NYSE
LFMD,"LifeMD, Inc. - Common Stock",Stock,NASDAQ
DOUG,Douglas Elliman Inc. Common Stock,Stock,NYSE
ZKIN,"ZK International Group Co., Ltd - Ordinary Share",Stock,NASDAQ
ZJYL,JIN MEDICAL INTERNATIONAL LTD. - Class A Ordinary Shares,Stock,NASDAQ
NSAI,NorthStrive Acquisition Corp I. - Class A Ordinary Shares,Stock,NASDAQ
SPE,"Special Opportunities Fund, Inc Common Stock",Stock,NYSE
INGN,"Inogen, Inc - Common Stock",Stock,NASDAQ
HUHU,HUHUTECH International Group Inc. - Ordinary Shares,Stock,NASDAQ
TLAC,Three Lions Acquisition Corp. - Ordinary Shares,Stock,NASDAQ
RNA,"Atrium Therapeutics, Inc. - Common Stock",Stock,NASDAQ
MSD,"Morgan Stanley Emerging Markets Debt Fund, Inc. Common Stock",Stock,NYSE
EPM,"Evolution Petroleum Corporation, Inc. Common Stock",Stock,NYSE American
AIRS,"AirSculpt Technologies, Inc. - Common Stock",Stock,NASDAQ
CLPR,Clipper Realty Inc. Common Stock,Stock,NYSE
KRRO,"Korro Bio, Inc. - Common Stock",Stock,NASDAQ
BHAV,BHAV Acquisition Corp - Class A Ordinary Shares,Stock,NASDAQ
GRX,The Gabelli Healthcare & Wellness Trust Common Shares of Beneficial Interest,Stock,NYSE
HOFT,Hooker Furnishings Corporation - Common Stock,Stock,NASDAQ
BMN,BlackRock 2037 Municipal Target Term Trust Common Shares of Beneficial Interest,Stock,NYSE
HURC,"Hurco Companies, Inc. - Common Stock",Stock,NASDAQ
AGPU,Axe Compute Inc. - Common Stock,Stock,NASDAQ
SPRB,"Spruce Biosciences, Inc. - Common Stock",Stock,NASDAQ
LSBK,"Lake Shore Bancorp, Inc. - Common Stock",Stock,NASDAQ
SRBK,"SR Bancorp, Inc. - Common stock",Stock,NASDAQ
BRLT,"Brilliant Earth Group, Inc. - Class A Common Stock",Stock,NASDAQ
RFAM,RF Acquisition Corp III - Ordinary Shares,Stock,NASDAQ
DOYU,DouYu International Holdings Limited - American Depositary Shares,Stock,NASDAQ
ARMP,"Armata Pharmaceuticals, Inc. Common Stock",Stock,NYSE American
UAC,United Acquisition Corp. I Class A Ordinary Shares,Stock,NYSE American
CRBP,"Corbus Pharmaceuticals Holdings, Inc. - Common Stock",Stock,NASDAQ
VTN,Invesco Trust for Investment Grade New York Municipals Common Stock,Stock,NYSE
SCPQ,Social Commerce Partners Corporation - Class A Ordinary Shares,Stock,NASDAQ
SRFM,Surf Air Mobility Inc. Common Stock,Stock,NYSE
CLAR,Clarus Corporation - Common Stock,Stock,NASDAQ
RRGB,"Red Robin Gourmet Burgers, Inc. - Common Stock",Stock,NASDAQ
OXSQ,Oxford Square Capital Corp. - Closed End Fund,Stock,NASDAQ
UP,Wheels Up Experience Inc. Class A Common Stock,Stock,NYSE
TNYA,"Tenaya Therapeutics, Inc. - Common Stock",Stock,NASDAQ
MHF,"Western Asset Municipal High Income Fund, Inc. Common Stock",Stock,NYSE
MED,MEDIFAST INC Common Stock,Stock,NYSE
PLUN,Plutonian Acquisition Corp II Class A Ordinary Shares,Stock,NYSE
ZJK,"ZJK Industrial Co., Ltd. - Class A Ordinary Shares",Stock,NASDAQ
BGX,Blackstone Long Short Credit Income Fund Common Shares,Stock,NYSE
KVHI,"KVH Industries, Inc. - Common Stock",Stock,NASDAQ
BCV,"Bancroft Fund, Ltd.",Stock,NYSE American
HURA,"TuHURA Biosciences, Inc. - Common Stock",Stock,NASDAQ
HEQ,John Hancock Diversified Income Fund Common Shares of Beneficial Interest,Stock,NYSE
DIBS,"1stdibs.com, Inc. - Common Stock",Stock,NASDAQ
TISI,"Team, Inc. Common Stock",Stock,NYSE
CRBU,"Caribou Biosciences, Inc. - Common Stock",Stock,NASDAQ
FGBI,"First Guaranty Bancshares, Inc. - Common Stock",Stock,NASDAQ
ACNT,Ascent Industries Co. - Common Stock,Stock,NASDAQ
WALD,Waldencast plc - Class A Ordinary Share,Stock,NASDAQ
VIVO,VivoPower PLC - Class A Ordinary Shares,Stock,NASDAQ
VERI,"Veritone, Inc. - Common Stock",Stock,NASDAQ
ENGN,enGene Therapeutics Inc. - Common Stock,Stock,NASDAQ
BRCC,BRC Inc. Class A Common Stock,Stock,NYSE
CTW,CTW - Class A Ordinary Shares,Stock,NASDAQ
HCAT,"Health Catalyst, Inc - Common stock",Stock,NASDAQ
ENGS,Energys Group Limited - Ordinary Shares,Stock,NASDAQ
TLYS,"Tilly's, Inc. Common Stock",Stock,NYSE
SHIM,Shimmick Corporation - Common Stock,Stock,NASDAQ
BMHL,Bluemount Holdings Limited - Class B Ordinary Shares,Stock,NASDAQ
COOK,"Traeger, Inc. Common Stock",Stock,NYSE
RGP,"Resources Connection, Inc. - Common Stock",Stock,NASDAQ
STXS,"Stereotaxis, Inc. Common Stock",Stock,NYSE American
NRXP,"NRX Pharmaceuticals, Inc. - Common Stock",Stock,NASDAQ
FLYX,"flyExclusive, Inc. Class A Common Stock",Stock,NYSE American
NEOV,NeoVolta Inc. - Common Stock,Stock,NASDAQ
AMTX,"Aemetis, Inc - Common Stock",Stock,NASDAQ
SMID,Smith-Midland Corporation - Common Stock,Stock,NASDAQ
VECA,Vernal Capital Acquisition Corp. Ordinary Shares,Stock,NYSE
UNCY,"Unicycive Therapeutics, Inc. - Common Stock",Stock,NASDAQ
TLSA,Tiziana Life Sciences Ltd - Common Shares,Stock,NASDAQ
OCC,Optical Cable Corporation - Common Stock,Stock,NASDAQ
IMDX,Insight Molecular Diagnostics Inc. - Common Stock,Stock,NASDAQ
FWAC,Futurewave Acquisition Corporation - Ordinary Shares,Stock,NASDAQ
IMUX,"Immunic, Inc.  - Common Stock",Stock,NASDAQ
FXAC,FortuneX Acquisition Corporation - Ordinary shares,Stock,NASDAQ
NMRA,"Neumora Therapeutics, Inc. - Common Stock",Stock,NASDAQ
MPA,Blackrock MuniYield Pennsylvania Quality Fund Common Stock,Stock,NYSE
EWAV,East West Ave Acquisition Corp. - Common Stock,Stock,NASDAQ
CGO,Calamos Global Total Return Fund - Closed End Fund,Stock,NASDAQ
MNOV,"MediciNova, Inc. - Common Stock",Stock,NASDAQ
HYI,Western Asset High Yield Opportunity Fund Inc. Common Stock,Stock,NYSE
RYDE,Ryde Group Ltd. Class A Ordinary Shares,Stock,NYSE American
ZENA,"ZenaTech, Inc. - Common Stock",Stock,NASDAQ
PNBK,Patriot National Bancorp Inc. - Common Stock,Stock,NASDAQ
OESX,"Orion Energy Systems, Inc. - Common Stock",Stock,NASDAQ
MGYR,"Magyar Bancorp, Inc. - Common Stock",Stock,NASDAQ
APYX,Apyx Medical Corporation - Common Stock,Stock,NASDAQ
EVTL,Vertical Aerospace Ltd. Ordinary Shares,Stock,NYSE
BHR,Braemar Hotels & Resorts Inc. Common Stock,Stock,NYSE
JLHL,Julong Holding Limited - Class A Ordinary Shares,Stock,NASDAQ
PLBY,"Playboy, Inc. - Common Stock",Stock,NASDAQ
AKA,a.k.a. Brands Holding Corp. Common Stock,Stock,NYSE
LENZ,"LENZ Therapeutics, Inc. - Common Stock",Stock,NASDAQ
UFI,"Unifi, Inc. New Common Stock",Stock,NYSE
HYNE,"Hoyne Bancorp, Inc. - Common Stock",Stock,NASDAQ
NAUT,"Nautilus Biotechnology, Inc. - Common Stock",Stock,NASDAQ
LX,LexinFintech Holdings Ltd. - American Depositary Shares,Stock,NASDAQ
SUIG,Sui Group Holdings Limited - Common Stock,Stock,NASDAQ
INO,"Inovio Pharmaceuticals, Inc. - Common Stock",Stock,NASDAQ
INSE,"Inspired Entertainment, Inc. - Common Stock",Stock,NASDAQ
CODA,"Coda Octopus Group, Inc. - Common stock",Stock,NASDAQ
BOTJ,"Bank of the James Financial Group, Inc. - Common Stock",Stock,NASDAQ
BOOM,DMC Global Inc. - Common Stock,Stock,NASDAQ
JHS,John Hancock Income Securities Trust Common Stock,Stock,NYSE
XHG,XChange TEC.INC - American Depositary Shares,Stock,NASDAQ
CVGI,"Commercial Vehicle Group, Inc. - Common Stock",Stock,NASDAQ
IAF,"abrdn Australia Equity Fund, Inc. Common Stock",Stock,NYSE American
MXCT,"MaxCyte, Inc. - Common Stock",Stock,NASDAQ
CHAR,Charlton Aria Acquisition Corporation - Class A Ordinary Shares,Stock,NASDAQ
MX,Magnachip Semiconductor Corporation Common Stock,Stock,NYSE
PLCI,Pelican Acquisition II Corporation - Ordinary Shares,Stock,NASDAQ
NINE,"Nine Energy Service, Inc. Common Stock",Stock,NYSE American
VTVT,vTv Therapeutics Inc. - Class A Common Stock,Stock,NASDAQ
LGCY,Legacy Education Inc. Common Stock,Stock,NYSE American
RDZN,"Roadzen, Inc. - Ordinary Shares",Stock,NASDAQ
COYA,"Coya Therapeutics, Inc. - Common Stock",Stock,NASDAQ
AXR,AMREP Corporation Common Stock,Stock,NYSE
RVSB,Riverview Bancorp Inc - Common Stock,Stock,NASDAQ
WTF,Waton Financial Limited - Ordinary Shares,Stock,NASDAQ
BEEP,Mobile Infrastructure Corporation - Common Stock,Stock,NASDAQ
SANG,Sangoma Technologies Corporation - Common Shares,Stock,NASDAQ
HCHL,Happy City Holdings Limited - Class A Ordinary shares,Stock,NASDAQ
PGAC,Pantages Capital Acquisition Corporation - Class A Ordinary Shares,Stock,NASDAQ
QUMS,Quantumsphere Acquisition Corp. - Ordinary Shares,Stock,NASDAQ
BRKH,Burtech Acquisition Corp II - Class A Ordinary Shares,Stock,NASDAQ
OKUR,"OnKure Therapeutics, Inc. - Class A Common Stock",Stock,NASDAQ
UNB,"Union Bankshares, Inc. - Common Stock",Stock,NASDAQ
FEAM,"5E Advanced Materials, Inc. - Common Stock",Stock,NASDAQ
JYNT,The Joint Corp. - Common Stock,Stock,NASDAQ
BSBK,Bogota Financial Corp. - Common Stock,Stock,NASDAQ
CBUS,"Cibus, Inc. - Class A Common Stock",Stock,NASDAQ
HOVR,New Horizon Aircraft Ltd. - Class A Ordinary Shares,Stock,NASDAQ
VRA,"Vera Bradley, Inc. - Common Stock",Stock,NASDAQ
QUCY,Quantum Cyber N.V. - Ordinary Shares,Stock,NASDAQ
TDTH,Trident Digital Tech Holdings Ltd - Class B Ordinary Shares,Stock,NASDAQ
PROV,"Provident Financial Holdings, Inc. - Common Stock",Stock,NASDAQ
INVZ,Innoviz Technologies Ltd. - Ordinary shares,Stock,NASDAQ
PLMK,Plum Acquisition Corp. IV - Class A Ordinary Shares,Stock,NASDAQ
WSBK,"Winchester Bancorp, Inc. - Common Stock",Stock,NASDAQ
CPIX,Cumberland Pharmaceuticals Inc. - Common Stock,Stock,NASDAQ
PZG,Paramount Gold Nevada Corp. Common Stock,Stock,NYSE American
KULR,"KULR Technology Group, Inc. Common Stock",Stock,NYSE American
RMMZ,"RiverNorth Managed Duration Municipal Income Fund II, Inc. Common Stock",Stock,NYSE
GNLX,Genelux Corporation - Common Stock,Stock,NASDAQ
VANI,"Vivani Medical, Inc.  - Common Stock",Stock,NASDAQ
OPHC,"OptimumBank Holdings, Inc. Common Stock",Stock,NYSE American
GRML,Greenland Mines Ltd - Common Stock,Stock,NASDAQ
TCX,Tucows Inc. - Common Stock,Stock,NASDAQ
CTOR,"Citius Oncology, Inc.  - Common Stock",Stock,NASDAQ
ANNA,"AleAnna, Inc. - Class A Common Stock",Stock,NASDAQ
CBAT,CBAK Energy Technology Limited - Ordinary Shares,Stock,NASDAQ
RNAQ,Rainier Acquisition Corporation - Class A Ordinary Shares,Stock,NASDAQ
AARD,"Aardvark Therapeutics, Inc. - Common Stock",Stock,NASDAQ
MCN,XAI Madison Equity Premium Income Fund Common Shares,Stock,NYSE
BYFC,Broadway Financial Corporation - Class A Common Stock,Stock,NASDAQ
DMRC,Digimarc Corporation - Common Stock,Stock,NASDAQ
NIM,Nuveen Select Maturities Municipal Fund Common Stock,Stock,NYSE
CNXU,Conexeu Sciences Inc. - Common Stock,Stock,NASDAQ
SFBC,"Sound Financial Bancorp, Inc. - Common Stock",Stock,NASDAQ
KZIA,Kazia Therapeutics Limited - American Depositary Shares,Stock,NASDAQ
PAI,Western Asset Investment Grade Income Fund Inc.,Stock,NYSE
RACD,Research Alliance Corporation IV - Class A Ordinary Shares,Stock,NASDAQ
NICM,Nicola Mining Inc. - American Depositary Shares,Stock,NASDAQ
PBHC,"Pathfinder Bancorp, Inc. - Common Stock",Stock,NASDAQ
DMO,Western Asset Mortgage Opportunity Fund Inc. Common Stock,Stock,NYSE
QSEA,Quartzsea Acquisition Corporation - Ordinary Shares,Stock,NASDAQ
BDTX,"Black Diamond Therapeutics, Inc. - Common Stock",Stock,NASDAQ
GLU,Gabelli Global Utility Common Shares of Beneficial Ownership,Stock,NYSE American
RANI,"Rani Therapeutics Holdings, Inc. - Class A Common Stock",Stock,NASDAQ
PYPD,PolyPid Ltd. - Ordinary Shares,Stock,NASDAQ
VATE,INNOVATE Corp. Common Stock,Stock,NYSE
EQ,"Equillium, Inc. - Common Stock",Stock,NASDAQ
SEER,"Seer, Inc. - Class A Common Stock",Stock,NASDAQ
HMR,Heidmar Maritime Holdings Corp. - Common Stock,Stock,NASDAQ
CHPG,ChampionsGate Acquisition Corporation - Class A Ordinary Share,Stock,NASDAQ
LAKE,"Lakeland Industries, Inc. - Common Stock",Stock,NASDAQ
PLYX,"Polaryx Therapeutics, Inc. - Common Stock",Stock,NASDAQ
PAL,"Proficient Auto Logistics, Inc. - Common Stock",Stock,NASDAQ
AMAN,Amanat Acquisition Corp - Class A Ordinary Shares,Stock,NASDAQ
PUSA,Aureus Greenway Holdings Inc. - Common Stock,Stock,NASDAQ
CHMI,Cherry Hill Mortgage Investment Corporation Common Stock,Stock,NYSE
ULBI,Ultralife Corporation - Common Stock,Stock,NASDAQ
SRG,Seritage Growth Properties Class A Common Stock,Stock,NYSE
VIRC,Virco Manufacturing Corporation - Common Stock,Stock,NASDAQ
TP,Ticketplus Ltd. Ordinary Shares,Stock,NYSE American
GHG,"GreenTree Hospitality Group Ltd. American depositary shares, each representing one Class A ordinary share",Stock,NYSE
CSTE,Caesarstone Ltd. - Ordinary Shares,Stock,NASDAQ
FURY,Fury Gold Mines Limited Common Shares,Stock,NYSE American
PMN,ProMIS Neurosciences Inc. - Common Shares,Stock,NASDAQ
UPXI,"Upexi, Inc. - Common Stock",Stock,NASDAQ
USGO,U.S. GoldMining Inc. - Common stock,Stock,NASDAQ
RFL,"Rafael Holdings, Inc. Class B Common Stock",Stock,NYSE
DH,Definitive Healthcare Corp. - Class A Common Stock,Stock,NASDAQ
AMPG,"Amplitech Group, Inc. - Common Stock",Stock,NASDAQ
SPKL,Spark I Acquisition Corp. - Class A Ordinary Share,Stock,NASDAQ
ECOR,"electroCore, Inc. - Common Stock",Stock,NASDAQ
FJET,"Starfighters Space, Inc. Common Stock",Stock,NYSE American
BWEN,"Broadwind, Inc. - Common Stock",Stock,NASDAQ
FLNT,"Fluent, Inc. - Common Stock",Stock,NASDAQ
MWC,"Micware Co., Ltd. - American Depositary Shares",Stock,NASDAQ
STHO,Star Holdings - Shares of Beneficial Interest,Stock,NASDAQ
RACC,Research Alliance Corporation III - Class A Ordinary Shares,Stock,NASDAQ
PCF,High Income Securities Fund Common Stock,Stock,NYSE
SBI,Western Asset Intermediate Muni Fund Inc Common Stock,Stock,NYSE
KEQU,Kewaunee Scientific Corporation - Common Stock,Stock,NASDAQ
MIST,Milestone Pharmaceuticals Inc. - Common Shares,Stock,NASDAQ
HDRN,"Hadron Energy, Inc. - Common Stock",Stock,NASDAQ
SLNG,"Stabilis Solutions, Inc. - Common Stock",Stock,NASDAQ
NTRB,Nutriband Inc. - Common Stock,Stock,NASDAQ
SUNS,"Sunrise Realty Trust, Inc. - Common Stock",Stock,NASDAQ
JTTT,JATT III Acquisition Corp - Ordinary Shares,Stock,NASDAQ
ANIX,"Anixa Biosciences, Inc. - Common Stock",Stock,NASDAQ
CITR,CitroTech Inc. Common Stock,Stock,NYSE American
CRDF,"Cardiff Oncology, Inc. - Common Stock",Stock,NASDAQ
GCL,GCL Global Holdings Ltd - Ordinary Shares,Stock,NASDAQ
PGP,Pimco Global StocksPlus & Income Fund Common Shares of Beneficial Interest,Stock,NYSE
BGM,BGM Group Ltd. - Class A Ordinary Shares,Stock,NASDAQ
ZVIA,Zevia PBC Class A Common Stock,Stock,NYSE
DAVA,Endava plc American Depositary Shares (each representing one Class A Ordinary Share),Stock,NYSE
FNWB,First Northwest Bancorp - Common Stock,Stock,NASDAQ
IAE,Voya Asia Pacific High Dividend Equity Income Fund ING Asia Pacific High Dividend Equity Income Fund Common Shares of Beneficial Interest,Stock,NYSE
BMEA,"Biomea Fusion, Inc. - Common Stock",Stock,NASDAQ
NTHI,"NeOnc Technologies Holdings, Inc. - Common Stock",Stock,NASDAQ
RGT,"Royce Global Trust, Inc. Common Stock",Stock,NYSE
NRXS,"Neuraxis, Inc. Common Stock",Stock,NYSE American
AUBN,"Auburn National Bancorporation, Inc. - Common Stock",Stock,NASDAQ
PARK,"Park Dental Partners, Inc. - Common Stock",Stock,NASDAQ
IGI,Western Asset Investment Grade Opportunity Trust Inc. Common Stock,Stock,NYSE
LCCC,Lakeshore Acquisition III Corp. - Ordinary Shares,Stock,NASDAQ
NIPG,NIP Group Inc. - American Depositary Shares,Stock,NASDAQ
FDSB,"Fifth District Bancorp, Inc. - Common Stock",Stock,NASDAQ
MNTS,Momentus Inc. - Class A Common Stock,Stock,NASDAQ
LPA,Logistic Properties of the Americas Ordinary Shares,Stock,NYSE American
TGEN,Tecogen Inc. Common Stock,Stock,NYSE American
GRWG,GrowGeneration Corp. - Common Stock,Stock,NASDAQ
HERE,Here Group Limited - American Depositary Shares,Stock,NASDAQ
BHM,"Bluerock Homes Trust, Inc. Class A Common Stock",Stock,NYSE American
MDIA,Mediaco Holding Inc. - Class A Common Stock,Stock,NASDAQ
CIGL,Concorde International Group Ltd - Class A Ordinary Shares,Stock,NASDAQ
TSQ,"Townsquare Media, Inc. Class A Common Stock",Stock,NYSE
LUD,Luda Technology Group Limited Ordinary Shares,Stock,NYSE American
ATGL,Alpha Technology Group Limited - Class A Ordinary Shares,Stock,NASDAQ
FUSB,"First US Bancshares, Inc. - Common Stock",Stock,NASDAQ
ICCC,ImmuCell Corporation - Common Stock,Stock,NASDAQ
SIEB,Siebert Financial Corp. - Common Stock,Stock,NASDAQ
MMTX,Miluna Acquisition Corp - Class A Ordinary Shares,Stock,NASDAQ
ORIQ,Origin Investment Corp I - Ordinary Shares,Stock,NASDAQ
ACRV,"Acrivon Therapeutics, Inc. - Common Stock",Stock,NASDAQ
BUDA,"Buda Juice, Inc. Common Stock",Stock,NYSE American
SIMA,SIM Acquisition Corp. I - Class A Ordinary Shares,Stock,NASDAQ
RFIL,"RF Industries, Ltd. - Common Stock",Stock,NASDAQ
GDL,"GDL Fund, The Common Shares of Beneficial Interest",Stock,NYSE
DWSN,Dawson Geophysical Company - Common Stock,Stock,NASDAQ
WRAP,"Wrap Technologies, Inc. - Common Stock",Stock,NASDAQ
CGTX,"Cognition Therapeutics, Inc. - Common Stock",Stock,NASDAQ
VIOT,"Viomi Technology Co., Ltd - American Depositary Shares",Stock,NASDAQ
ZSTK,ZeroStack Corp. - Common Stock,Stock,NASDAQ
SVRN,"SVRN, Inc. - Common Stock",Stock,NASDAQ
EVF,Eaton Vance Senior Income Trust Common Stock,Stock,NYSE
JLS,Nuveen Mortgage and Income Fund,Stock,NYSE
ATRA,"Atara Biotherapeutics, Inc. - Common Stock",Stock,NASDAQ
HFFG,HF Foods Group Inc. - Common Stock,Stock,NASDAQ
RLYB,Rallybio Corporation - Common Stock,Stock,NASDAQ
MHH,"Mastech Digital, Inc Common Stock",Stock,NYSE American
ARQ,"Arq, Inc. - Common Stock",Stock,NASDAQ
PFX,PhenixFIN Corporation  - Common Stock,Stock,NASDAQ
EP,Empire Petroleum Corporation Common Stock,Stock,NYSE American
RMI,"RiverNorth Opportunistic Municipal Income Fund, Inc. Common Stock",Stock,NYSE
TRBG,TurboGen Ltd. - Ordinary Shares,Stock,NASDAQ
AUC,ATIF Holdings Limited - Ordinary Shares,Stock,NASDAQ
LINK,"Interlink Electronics, Inc. - Common Stock",Stock,NASDAQ
ONCY,Oncolytics Biotech Inc. - Common Stock,Stock,NASDAQ
CCLD,"CareCloud, Inc. - Common Stock",Stock,NASDAQ
JATT,JATT II Acquisition Corp - Ordinary Shares,Stock,NASDAQ
FTLF,"FitLife Brands, Inc. - Common Stock",Stock,NASDAQ
MCAH,Mountain Crest Acquisition 6 Corp. - Ordinary Shares,Stock,NASDAQ
ALIS,Calisa Acquisition Corp - Ordinary shares,Stock,NASDAQ
BZFD,"BuzzFeed, Inc. - Class A Common Stock",Stock,NASDAQ
GCV,"Gabelli Convertible and Income Securities Fund, Inc. (The) Common Stock",Stock,NYSE
SKIN,SkinHealth Systems Inc. - Class A Common Stock,Stock,NASDAQ
DTI,Drilling Tools International Corporation  - Common Stock,Stock,NASDAQ
SDHC,Smith Douglas Homes Corp. Class A Common Stock,Stock,NYSE
HYPR,"Hyperfine, Inc.  - Class A Common Stock",Stock,NASDAQ
AEYE,"AudioEye, Inc. - Common Stock",Stock,NASDAQ
GIBO,GIBO Holdings Limited - Class A Ordinary Shares,Stock,NASDAQ
BCIC,BCP Investment Corporation - Closed End Fund,Stock,NASDAQ
MBOT,Microbot Medical Inc.  - Common Stock,Stock,NASDAQ
FLX,BingEx Limited - American Depositary Shares,Stock,NASDAQ
LNSR,"LENSAR, Inc. - Common Stock",Stock,NASDAQ
UBCP,"United Bancorp, Inc. - Common Stock",Stock,NASDAQ
PTHS,Pelthos Therapeutics Inc. Common Stock,Stock,NYSE American
SPAI,Safe Pro Group Inc. - Common Stock,Stock,NASDAQ
TELO,"Telomir Pharmaceuticals, Inc. - Common Stock",Stock,NASDAQ
LGL,"LGL Group, Inc. (The) Common Stock",Stock,NYSE American
ACET,"Adicet Bio, Inc. - Common Stock",Stock,NASDAQ
PECE,Peace Acquisition Corp - Ordinary Shares,Stock,NASDAQ
UYSC,UY Scuti Acquisition Corp. - Ordinary Shares,Stock,NASDAQ
SSBI,Summit State Bank - Common Stock,Stock,NASDAQ
RPT,Rithm Property Trust Inc. Common stock,Stock,NYSE
BLNK,Blink Charging Co. - Common Stock,Stock,NASDAQ
BSAA,BEST SPAC I Acquisition Corp. - Class A Ordinary Shares,Stock,NASDAQ
VENU,Venu Holding Corporation Common Stock,Stock,NYSE American
GOAI,Eva Live Inc. - Common Stock,Stock,NASDAQ
MGLD,"The Marygold Companies, Inc. Common Stock",Stock,NYSE American
JXG,JX Luxventure Group Inc. - Common Stock,Stock,NASDAQ
PAAI,"Paradium.AI, Inc. Common Stock",Stock,NYSE American
CMCM,"Cheetah Mobile Inc. American Depositary Shares, each representing fifty (50) Class A Ordinary Shares",Stock,NYSE
CABO,"Cable One, Inc. Common Stock",Stock,NYSE
APAC,StoneBridge Acquisition II Corporation - Class A Ordinary Shares,Stock,NASDAQ
WSTN,Westin Acquisition Corp - Class A Ordinary Share,Stock,NASDAQ
LUNG,Pulmonx Corporation - Common Stock,Stock,NASDAQ
YDDL,One and One Green Technologies. INC - Class A Ordinary Shares,Stock,NASDAQ
CPHC,Canterbury Park Holding Corporation - Common Stock,Stock,NASDAQ
LSE,"Leishen Energy Holding Co., Ltd. - Class A Ordinary Shares",Stock,NASDAQ
BYRN,"Byrna Technologies, Inc. - Common Stock",Stock,NASDAQ
SRL,Scully Royalty Ltd.,Stock,NYSE
CHGG,"Chegg, Inc. Common Stock",Stock,NYSE
EMPD,Empery Digital Inc. - Common stock,Stock,NASDAQ
SKYA,"SkyAI, Inc. - Common Stock",Stock,NASDAQ
ATLX,Atlas Lithium Corporation - Common Stock,Stock,NASDAQ
FSEA,"First Seacoast Bancorp, Inc. - Common Stock",Stock,NASDAQ
LPAA,Launch One Acquisition Corp. - Class A Ordinary Shares,Stock,NASDAQ
ARBE,Arbe Robotics Ltd. - Ordinary Shares,Stock,NASDAQ
MAYS,"J. W. Mays, Inc. - Common Stock",Stock,NASDAQ
SAMG,Silvercrest Asset Management Group Inc. - Common Stock,Stock,NASDAQ
SERA,"Sera Prognostics, Inc. - Class A Common Stock",Stock,NASDAQ
HNNA,"Hennessy Advisors, Inc. - Common Stock",Stock,NASDAQ
BTCS,BTCS Inc. - Common Stock,Stock,NASDAQ
AFCG,Advanced Flower Capital Inc. - Common Stock,Stock,NASDAQ
SEV,Aptera Motors Corp. - Class B Common Stock,Stock,NASDAQ
RFM,"RiverNorth Flexible Municipal Income Fund, Inc. Common Stock",Stock,NYSE
THRY,"Thryv Holdings, Inc. - Common Stock",Stock,NASDAQ
ASRV,AmeriServ Financial Inc. - Common Stock,Stock,NASDAQ
DTF,DTF Tax-Free Income 2028 Term Fund Inc. Common Stock,Stock,NYSE
NRT,North European Oil Royality Trust Common Stock,Stock,NYSE
SSEA,Starry Sea Acquisition Corp - Ordinary Shares,Stock,NASDAQ
JFIN,Jiayin Group Inc. - American Depositary Shares,Stock,NASDAQ
LNZA,"LanzaTech Global, Inc. - Common Stock",Stock,NASDAQ
LFVN,Lifevantage Corporation - Common Stock,Stock,NASDAQ
SOTK,Sono-Tek Corporation - Common Stock,Stock,NASDAQ
FMN,Federated Hermes Premier Municipal Income Fund,Stock,NYSE
EGG,Enigmatig Limited Class A Ordinary Shares,Stock,NYSE American
CANG,Cango Inc. Class A Ordinary Shares,Stock,NYSE
AIRT,"Air T, Inc. - Common Stock",Stock,NASDAQ
INCR,Intercure Ltd. - ordinary shares,Stock,NASDAQ
ISPR,Ispire Technology Inc. - Common Stock,Stock,NASDAQ
CSPI,CSP Inc. - Common Stock,Stock,NASDAQ
NEXM,NexMetals Mining Corp. - Common Stock,Stock,NASDAQ
OSTX,OS Therapies Incorporated Common Stock,Stock,NYSE American
GANX,"Gain Therapeutics, Inc. - Common Stock",Stock,NASDAQ
AZI,Autozi Internet Technology (Global) Ltd. - Class A Ordinary Shares,Stock,NASDAQ
WTG,Wintergreen Acquisition Corp. - Ordinary Shares,Stock,NASDAQ
SWVL,Swvl Holdings Corp - Ordinary Shares,Stock,NASDAQ
ETS,Elite Express Holding Inc. - Class A Common Stock,Stock,NASDAQ
GUTS,"Fractyl Health, Inc. - Common Stock",Stock,NASDAQ
ROC,Rank One Computing Corporation - Common stock,Stock,NASDAQ
WATT,Energous Corporation - Common Stock,Stock,NASDAQ
CPBI,"Central Plains Bancshares, Inc. - Common Stock",Stock,NASDAQ
VGI,Virtus Global Multi-Sector Income Fund Common Shares of Beneficial Interest,Stock,NYSE
DTCX,"Datacentrex, Inc. - Common Stock",Stock,NASDAQ
IBIO,"iBio, Inc. - Common Stock",Stock,NASDAQ
FBIO,"Fortress Biotech, Inc. - Common Stock",Stock,NASDAQ
AMCI,AMC Robotics Corporation - Common Stock,Stock,NASDAQ
NBRG,Newbridge Acquisition Limited - Class A Ordinary Share,Stock,NASDAQ
BSIN,Big Sky Industrial Inc. - Common Stock,Stock,NASDAQ
SDEV,Stablecoin Development Corporation Common Stock,Stock,NYSE American
BPAC,Blueport Acquisition Ltd - Class A Ordinary Shares,Stock,NASDAQ
NDLS,Noodles & Company - Class A Common Stock,Stock,NASDAQ
KBSX,FST Corp. - Ordinary Shares,Stock,NASDAQ
HFBL,"Home Federal Bancorp, Inc. of Louisiana - Common Stock",Stock,NASDAQ
VRCA,Verrica Pharmaceuticals Inc. - Common Stock,Stock,NASDAQ
FATN,"FatPipe, Inc. - common stock",Stock,NASDAQ
CRT,Cross Timbers Royalty Trust Common Stock,Stock,NYSE
RNXT,"RenovoRx, Inc. - Common Stock",Stock,NASDAQ
SCOR,"comScore, Inc. - Common Stock",Stock,NASDAQ
BZAI,"Blaize Holdings, Inc. - Common Stock",Stock,NASDAQ
BSEM,"BioStem Technologies, Inc. - Common Stock",Stock,NASDAQ
SSTI,"SoundThinking, Inc. - Common Stock",Stock,NASDAQ
GLBS,Globus Maritime Limited - Common Stock,Stock,NASDAQ
CPSH,CPS Technologies Corp. - Common Stock,Stock,NASDAQ
NSTS,"NSTS Bancorp, Inc. - Common Stock",Stock,NASDAQ
IOR,"Income Opportunity Realty Investors, Inc. Common Stock",Stock,NYSE American
FSI,Flexible Solutions International Inc. Common Stock (CDA),Stock,NYSE American
NTIC,Northern Technologies International Corporation - Common Stock,Stock,NASDAQ
BARK,"BARK, Inc. Class A Common Stock",Stock,NYSE
FVN,Future Vision II Acquisition Corporation - Ordinary Shares,Stock,NASDAQ
GECC,Great Elm Capital Corp. - Closed End Fund,Stock,NASDAQ
MAIA,"MAIA Biotechnology, Inc. Common Stock",Stock,NYSE American
RANG,Range Capital Acquisition Corp. - Ordinary Shares,Stock,NASDAQ
ALDX,"Aldeyra Therapeutics, Inc. - Common Stock",Stock,NASDAQ
AEC,Anfield Energy Inc. - Common Shares,Stock,NASDAQ
CYCU,"Cycurion, Inc. - Common Stock",Stock,NASDAQ
EEA,"The European Equity Fund, Inc. Common Stock",Stock,NYSE
OPXS,"Optex Systems Holdings, Inc. - Common Stock",Stock,NASDAQ
GLV,Clough Global Dividend and Income Fund Common Shares of beneficial interest,Stock,NYSE American
OKYO,OKYO Pharma Limited - Ordinary Shares,Stock,NASDAQ
AIFC,AI Financial Corporation - Common Stock,Stock,NASDAQ
CLST,"Catalyst Bancorp, Inc. - common stock",Stock,NASDAQ
JRSH,"Jerash Holdings (US), Inc. - Common Stock",Stock,NASDAQ
CVRX,"CVRx, Inc. - Common Stock",Stock,NASDAQ
PCLA,PicoCELA Inc. - American Depositary Shares,Stock,NASDAQ
ABLV,Able View Global Inc. - Class B Ordinary Shares,Stock,NASDAQ
SPRO,"Spero Therapeutics, Inc. - Common Stock",Stock,NASDAQ
INTG,The Intergroup Corporation - Common Stock,Stock,NASDAQ
RSSS,"Research Solutions, Inc - Common Stock",Stock,NASDAQ
AIFU,AIFU Inc. - Class A Ordinary Share,Stock,NASDAQ
WKEY,WISeKey International Holding Ltd - American Depositary Shares,Stock,NASDAQ
PMVP,"PMV Pharmaceuticals, Inc. - Common Stock",Stock,NASDAQ
WSHP,WeShop Holdings Limited - Class A Ordinary Shares,Stock,NASDAQ
RGS,Regis Corporation - Common Stock,Stock,NASDAQ
SLQT,"SelectQuote, Inc. Common Stock",Stock,NYSE
PSIG,PS International Group Ltd. - Ordinary Shares,Stock,NASDAQ
CEV,Eaton Vance California Municipal Income Trust Shares of Beneficial Interest,Stock,NYSE American
CING,Cingulate Inc. - Common Stock,Stock,NASDAQ
MBAI,MBody AI Ltd. - Ordinary Share,Stock,NASDAQ
COE,"51Talk Online Education Group American depositary shares, each representing 60 Class A ordinary shares",Stock,NYSE American
AVAT,Avalanche Treasury Corporation - Class A Common Stock,Stock,NASDAQ
GDHG,Golden Heaven Group Holdings Ltd.  - Class A Ordinary Shares,Stock,NASDAQ
KLRS,"Kalaris Therapeutics, Inc.  - Common Stock",Stock,NASDAQ
AMTD,"AMTD IDEA Group American Depositary Shares, each representing six (6) Class A Ordinary Shares",Stock,NYSE
PRTS,"CarParts.com, Inc. - Common Stock",Stock,NASDAQ
WBX,Wallbox N.V. Class A Ordinary Shares,Stock,NYSE
MB,MasterBeef Group - Ordinary Shares,Stock,NASDAQ
CSBR,"Champions Oncology, Inc. - Common Stock",Stock,NASDAQ
ANTA,Antalpha Platform Holding Company - Class A Ordinary Shares,Stock,NASDAQ
DMA,Destra Multi-Alternative Fund Common Stock,Stock,NYSE
CNTB,Connect Biopharma Holdings Limited - Ordinary Shares,Stock,NASDAQ
SGLD,Scorpio Gold Corporation - Common Stock,Stock,NASDAQ
TENX,"Tenax Therapeutics, Inc. - Common Stock",Stock,NASDAQ
WWR,"Westwater Resources, Inc. Common Stock",Stock,NYSE American
GNSS,Genasys Inc. - Common Stock,Stock,NASDAQ
CVU,"CPI Aerostructures, Inc. Common Stock",Stock,NYSE American
GOSS,"Gossamer Bio, Inc. - Common Stock",Stock,NASDAQ
PLRX,"Pliant Therapeutics, Inc. - Common Stock",Stock,NASDAQ
PXS,Pyxis Tankers Inc. - Common Stock,Stock,NASDAQ
NVX,NOVONIX Limited - American Depository Shares,Stock,NASDAQ
ATHE,Alterity Therapeutics Limited - American Depositary Shares,Stock,NASDAQ
QXL,Quantum X Labs Inc. - Common Stock,Stock,NASDAQ
OCCI,"OFS Credit Company, Inc. - Closed End Fund",Stock,NASDAQ
PODC,"PodcastOne, Inc. - Common Stock",Stock,NASDAQ
FRMM,"Forum Markets, Incorporated - Common Stock",Stock,NASDAQ
USIO,"Usio, Inc. - Common Stock",Stock,NASDAQ
WNW,Meiwu Technology Company Limited - Ordinary Shares,Stock,NASDAQ
IPWR,Ideal Power Inc. - Common Stock,Stock,NASDAQ
XBIT,XBiotech Inc. - Common Stock,Stock,NASDAQ
TYGO,"Tigo Energy, Inc. - Common Stock",Stock,NASDAQ
UEIC,Universal Electronics Inc. - Common Stock,Stock,NASDAQ
ALPS,ALPS Group Inc - Ordinary Share,Stock,NASDAQ
YIBO,Planet Image International Limited - Class A Ordinary Shares,Stock,NASDAQ
SPWR,SunPower Inc. - Common Stock,Stock,NASDAQ
STKE,Sol Strategies Inc. - Common Shares,Stock,NASDAQ
ZONE,Zone Frontier Inc. Class B Common Stock,Stock,NYSE American
AIRG,"Airgain, Inc. - Common Stock",Stock,NASDAQ
APLM,Apollomics Inc. - Class A Ordinary Shares,Stock,NASDAQ
ROLR,"High Roller Technologies, Inc. Common Stock",Stock,NYSE American
HYFT,MindWalk Holdings Corp. - Common Stock,Stock,NASDAQ
DRIO,DarioHealth Corp. - Common Stock,Stock,NASDAQ
RNTX,"Rein Therapeutics, Inc. - Common Stock",Stock,NASDAQ
GEOS,Geospace Technologies Corporation - Common Stock,Stock,NASDAQ
TRT,Trio-Tech International - Common Stock,Stock,NASDAQ
KXIN,Kaixin Holdings - Ordinary Shares,Stock,NASDAQ
DXR,Daxor Corporation - Closed End Fund,Stock,NASDAQ
GEG,"Great Elm Group, Inc.  - Common Stock",Stock,NASDAQ
NAMM,Namib Minerals - Ordinary Shares,Stock,NASDAQ
MYO,Myomo Inc. Common Stock,Stock,NYSE American
PEW,GrabAGun Digital Holdings Inc. Common Stock,Stock,NYSE
NPT,Texxon Holding Limited - Ordinary shares,Stock,NASDAQ
FBDT,First Breach Inc. - Common Stock,Stock,NASDAQ
NMS,Nuveen Minnesota Quality Municipal Income Fund ,Stock,NYSE
YTRA,"Yatra Online, Inc. - Ordinary Shares",Stock,NASDAQ
HYPD,"Hyperion DeFi, Inc. - Common Stock",Stock,NASDAQ
ASPS,Altisource Portfolio Solutions S.A. - Common Stock,Stock,NASDAQ
AISP,"Airship AI Holdings, Inc - Class A Common Stock",Stock,NASDAQ
UAVS,"AgEagle Aerial Systems, Inc. Common Stock",Stock,NYSE American
FLL,"Full House Resorts, Inc. - Common Stock",Stock,NASDAQ
INKT,"MiNK Therapeutics, Inc. - Common Stock",Stock,NASDAQ
ZYBT,Zhengye Biotechnology Holding Limited - Class A Ordinary Shares,Stock,NASDAQ
MOB,Mobilicom Limited - Ordinary Shares,Stock,NASDAQ
ZOOZ,ZOOZ Strategy Ltd. - Ordinary Shares,Stock,NASDAQ
PCM,"PCM Fund, Inc. Common Stock",Stock,NYSE
INV,"Innventure, Inc. - Common Stock",Stock,NASDAQ
TLPH,"Talphera, Inc. - Common Stock",Stock,NASDAQ
HOUR,"Hour Loop, Inc. - common stock",Stock,NASDAQ
GGR,Gogoro Inc. - Ordinary Shares,Stock,NASDAQ
INSG,Inseego Corp. - Common Stock,Stock,NASDAQ
CLNN,Clene Inc. - Common Stock,Stock,NASDAQ
PGZ,Principal Real Estate Income Fund Common Shares of Beneficial Interest,Stock,NYSE
ZEPP,"Zepp Health Corporation American depositary shares, each representing sixteen Class A ordinary shares",Stock,NYSE
TTEC,"TTEC Holdings, Inc. - Common Stock",Stock,NASDAQ
BOLD,"Boundless Bio, Inc. - Common Stock",Stock,NASDAQ
LITB,"LightInTheBox Holding Co., Ltd. American Depositary Shares, each representing twelve ordinary shares",Stock,NYSE
PDCC,Pearl Diver Credit Company Inc. Common Stock,Stock,NYSE
BIYA,Baiya International Group Inc.  - Ordinary Shares,Stock,NASDAQ
BOF,BranchOut Food Inc. - Common Stock,Stock,NASDAQ
BATL,Battalion Oil Corporation Common Stock,Stock,NYSE American
XPL,Solitario Resources Corp. Common Stock,Stock,NYSE American
CTM,"Castellum, Inc. Common Stock",Stock,NYSE American
CAPN,Cayson Acquisition Corp - Ordinary Shares,Stock,NASDAQ
XLO,"Xilio Therapeutics, Inc. - Common Stock",Stock,NASDAQ
INVE,"INVE Technologies, Inc. - Common Stock",Stock,NASDAQ
AGIG,Abundia Global Impact Group Inc. Common stock,Stock,NYSE American
MREO,Mereo BioPharma Group plc - American Depositary Shares,Stock,NASDAQ
KNDI,"Kandi Technologies Group, Inc. - Ordinary Shares",Stock,NASDAQ
IH,"iHuman Inc. American depositary shares, each representing five Class A ordinary shares",Stock,NYSE
WATR,Air Water Ventures Limited - Ordinary Shares,Stock,NASDAQ
SLSN,"Solesence, Inc. - Common stock",Stock,NASDAQ
GETY,"Getty Images Holdings, Inc. Class A Common Stock",Stock,NYSE
SPCB,"SuperCom, Ltd. - Ordinary Shares",Stock,NASDAQ
JZXN,"Jiuzi Holdings, Inc. - Ordinary Shares",Stock,NASDAQ
NTWK,NETSOL Technologies Inc. - Common Stock,Stock,NASDAQ
MCHX,"Marchex, Inc. - Class B Common Stock",Stock,NASDAQ
EXOZ,eXoZymes Inc. - Common Stock,Stock,NASDAQ
PDSB,PDS Biotechnology Corporation - Common Stock,Stock,NASDAQ
SELF,"Global Self Storage, Inc. - Common Stock",Stock,NASDAQ
NMAD,"Nomad Power Solutions, Inc. - Common Stock",Stock,NASDAQ
ELBM,Electra Battery Materials Corporation - Common Stock,Stock,NASDAQ
GENK,"GEN Restaurant Group, Inc. - Class A Common Stock",Stock,NASDAQ
OM,"Outset Medical, Inc. - Common Stock",Stock,NASDAQ
MYPS,"PLAYSTUDIOS, Inc.  - Class A Common Stock",Stock,NASDAQ
MXE,"Mexico Equity and Income Fund, Inc. (The) Common Stock",Stock,NYSE
TZOO,Travelzoo - Common Stock,Stock,NASDAQ
TELA,"TELA Bio, Inc. - Common stock",Stock,NASDAQ
MKTW,"MarketWise, Inc. - Class A Common Stock",Stock,NASDAQ
RENT,"Rent the Runway, Inc. - Class A Common Stock",Stock,NASDAQ
CAST,"FreeCast, Inc. - Class A common stock",Stock,NASDAQ
DOMH,Dominari Holdings Inc. - Common Stock,Stock,NASDAQ
IBAC,IB Acquisition Corp. - Common Stock,Stock,NASDAQ
LIDR,"AEye, Inc. - Class A Common Stock",Stock,NASDAQ
NCEW,New Century Logistics (BVI) Limited - Ordinary Shares,Stock,NASDAQ
INMB,INmune Bio Inc. - Common stock,Stock,NASDAQ
HIT,"Health In Tech, Inc. - Class A Common Stock",Stock,NASDAQ
SAIH,SAIHEAT Limited - Class A Ordinary Shares,Stock,NASDAQ
STFS,Star Fashion Culture Holdings Limited - Class A Ordinary Shares,Stock,NASDAQ
LFS,"LEIFRAS Co., Ltd. - American Depositary Shares",Stock,NASDAQ
ANVS,"Annovis Bio, Inc. Common Stock",Stock,NYSE
GRSD,Grandstand Limited - Ordinary Shares,Stock,NASDAQ
HRTX,"Heron Therapeutics, Inc.   - Common Stock",Stock,NASDAQ
NCTY,The9 Limited - American Depository Shares,Stock,NASDAQ
RPID,"Rapid Micro Biosystems, Inc. - Class A Common Stock",Stock,NASDAQ
REKR,"Rekor Systems, Inc. - Common Stock",Stock,NASDAQ
NAAS,NaaS Technology Inc. - American Depositary Shares,Stock,NASDAQ
STI,"Solidion Technology, Inc. - Common Stock",Stock,NASDAQ
APWC,"Asia Pacific Wire & Cable Corporation Limited  - Common shares, Par value .01 per share",Stock,NASDAQ
COCH,"Envoy Medical, Inc. - Class A Common Stock",Stock,NASDAQ
TOUR,Tuniu Corporation - American Depositary Shares,Stock,NASDAQ
AVD,American Vanguard Corporation Common Stock ($0.10 Par Value),Stock,NYSE
LGO,Largo Inc. - Common Shares,Stock,NASDAQ
WYY,WidePoint Corporation Common Stock,Stock,NYSE American
SGA,"Saga Communications, Inc. - Class A Common Stock",Stock,NASDAQ
CRGO,Freightos Limited - Ordinary shares,Stock,NASDAQ
ELTK,Eltek Ltd. - Ordinary Shares,Stock,NASDAQ
ACH,"Accendra Health, Inc. Common Stock",Stock,NYSE
COPR,Idaho Copper Corporation Common Stock,Stock,NYSE American
SKIL,Skillsoft Corp. Class A Common Stock,Stock,NYSE
MDXH,MDxHealth SA - Ordinary Shares,Stock,NASDAQ
ICG,Intchains Group Limited - American Depositary Shares,Stock,NASDAQ
WFCF,"Where Food Comes From, Inc. - Common Stock",Stock,NASDAQ
IMA,"ImageneBio, Inc. - Common Stock",Stock,NASDAQ
FTEK,"Fuel Tech, Inc. - Common Stock",Stock,NASDAQ
EUDA,Euda Health Holdings Limited - Ordinary Shares,Stock,NASDAQ
SDA,SunCar Technology Group Inc. - Ordinary Shares,Stock,NASDAQ
BGSF,"BGSF, Inc. Common Stock",Stock,NYSE
SCWO,374Water Inc. - common stock,Stock,NASDAQ
TPCS,TechPrecision Corporation - Common stock,Stock,NASDAQ
ACFN,"Acorn Energy, Inc. - Common Stock",Stock,NASDAQ
SER,"Serina Therapeutics, Inc. Common Stock",Stock,NYSE American
BRID,Bridgford Foods Corporation - Common Stock,Stock,NASDAQ
XTNT,"Xtant Medical Holdings, Inc. Common Stock",Stock,NYSE American
SLMT,Brera Holdings PLC - Class B Ordinary Shares,Stock,NASDAQ
JMM,Nuveen Multi-Market Income Fund (MA),Stock,NYSE
APT,"Alpha Pro Tech, Ltd. Common Stock",Stock,NYSE American
VHUB,"VenHub Global, Inc. - Common Stock",Stock,NASDAQ
FNUC,Frontier Nuclear and Minerals Inc. - Common Shares,Stock,NASDAQ
LASE,Laser Photonics Corporation - Common Stock,Stock,NASDAQ
QTEX,QTREX Quantum Ltd. - Ordinary Shares,Stock,NASDAQ
STKS,"The ONE Group Hospitality, Inc. - Common Stock",Stock,NASDAQ
VGAS,"Verde Clean Fuels, Inc. - Class A Common Stock",Stock,NASDAQ
ELOX,"Eloxx Pharmaceuticals, Inc. - Common Stock",Stock,NASDAQ
MKDW,MKDWELL Tech Inc. - Ordinary Shares,Stock,NASDAQ
SFWL,Shengfeng Development Limited - Class A Ordinary Shares,Stock,NASDAQ
DLHC,DLH Holdings Corp. - Common Stock,Stock,NASDAQ
CCIF,Carlyle Credit Income Fund Shares of Beneficial Interest,Stock,NYSE
MDAI,"Spectral AI, Inc. - Class A Common Stock",Stock,NASDAQ
SOGP,Sound Group Inc. - American Depositary Shares,Stock,NASDAQ
BKHA,Black Hawk Acquisition Corporation - Class A Ordinary Shares,Stock,NASDAQ
NXB,NextBoat Inc. Common Stcok,Stock,NYSE American
ODYS,Odysight.ai Inc. - Common Stock,Stock,NASDAQ
POCI,"Precision Optics Corporation, Inc. - Common stock",Stock,NASDAQ
VRM,"Vroom, Inc. - Common Stock",Stock,NASDAQ
NNOX,NANO-X IMAGING LTD - Ordinary Shares,Stock,NASDAQ
TACT,TransAct Technologies Incorporated - Common Stock,Stock,NASDAQ
SORA,AsiaStrategy - Ordinary Shares,Stock,NASDAQ
SNSC,SunScout Holding Limited Class A Ordinary Shares,Stock,NYSE American
RSF,RiverNorth Capital and Income Fund Common Stock,Stock,NYSE
TC,Token Cat Limited - American Depositary Shares,Stock,NASDAQ
DSWL,"Deswell Industries, Inc. - Common Shares",Stock,NASDAQ
LITS,"Lite Strategy, Inc. - Common Stock",Stock,NASDAQ
MVIS,"MicroVision, Inc. - Common Stock",Stock,NASDAQ
TCBS,"Texas Community Bancshares, Inc. - Common Stock",Stock,NASDAQ
CATO,Cato Corporation (The) Class A Common Stock,Stock,NYSE
TIL,"Instil Bio, Inc. - Common Stock",Stock,NASDAQ
IBO,"Impact BioMedical, Inc. Common Stock",Stock,NYSE American
IDN,"Intellicheck, Inc. - Common Stock",Stock,NASDAQ
SRTS,"Sensus Healthcare, Inc. - Common Stock",Stock,NASDAQ
ELTX,"Elicio Therapeutics, Inc. - Common Stock",Stock,NASDAQ
TREO,Tactical Resources Corp. - Common Shares,Stock,NASDAQ
OFS,OFS Capital Corporation - Closed End Fund,Stock,NASDAQ
KAZR,Skyline Builders Group Holding Limited - Class A Ordinary Shares,Stock,NASDAQ
PROP,Prairie Operating Co. - Common Stock,Stock,NASDAQ
PLCE,"Children's Place, Inc. (The) - Common Stock",Stock,NASDAQ
CNVS,Cineverse Corp. - Class A Common Stock,Stock,NASDAQ
YHNA,YHN Acquisition I Limited - Ordinary Shares,Stock,NASDAQ
FMY,First Trust Mortgage Income Fund Common Shares of Beneficial Interest,Stock,NYSE
TVGN,Tevogen Inc. - Common Stock,Stock,NASDAQ
ELWT,"Elauwit Connection, Inc. - Common Stock",Stock,NASDAQ
XBP,"XBP Global Holdings, Inc. - Common Stock",Stock,NASDAQ
BNAI,Brand Engagement Network Inc. - Common Stock,Stock,NASDAQ
COLA,Columbus Acquisition Corp - Ordinary Shares,Stock,NASDAQ
RYM,"RYTHM, Inc. - Common Stock",Stock,NASDAQ
BAER,"Bridger Aerospace Group Holdings, Inc. - Common Stock",Stock,NASDAQ
HOWL,"Werewolf Therapeutics, Inc. - Common Stock",Stock,NASDAQ
MATH,Metalpha Technology Holding Limited - Ordinary Shares,Stock,NASDAQ
DWTX,"Dogwood Therapeutics, Inc.  - Common Stock",Stock,NASDAQ
SPWH,"Sportsman's Warehouse Holdings, Inc. - Common Stock",Stock,NASDAQ
HGBL,Heritage Global Inc. - Common Stock,Stock,NASDAQ
MBBC,"Marathon Bancorp, Inc. - Common Stock",Stock,NASDAQ
NEPH,"Nephros, Inc. - Common Stock",Stock,NASDAQ
RDI,Reading International Inc - Class A Non-voting Common Stock,Stock,NASDAQ
SOWG,Sow Good Inc. - Common Stock,Stock,NASDAQ
CULP,"Culp, Inc. - Common Shares",Stock,NASDAQ
ATHR,"Aether Holdings, Inc. - Common Stock",Stock,NASDAQ
HAIN,"The Hain Celestial Group, Inc. - Common Stock",Stock,NASDAQ
GROV,"Grove Collaborative Holdings, Inc. Class A Common Stock",Stock,NYSE
KFFB,Kentucky First Federal Bancorp - Common Stock,Stock,NASDAQ
IZEA,"IZEA Worldwide, Inc. - Common Stock",Stock,NASDAQ
PTLE,PTL LTD - Class A Ordinary Shares,Stock,NASDAQ
AVX,Avax One Technology Ltd. - Common Shares,Stock,NASDAQ
GRCE,"Grace Therapeutics, Inc. - Common Stock",Stock,NASDAQ
LOAN,"Manhattan Bridge Capital, Inc - Common Stock",Stock,NASDAQ
QETA,Quetta Acquisition Corporation - Common Stock,Stock,NASDAQ
SMJF,SMJ International Holdings Inc. Class A Ordinary Shares,Stock,NYSE American
FTCI,"FTC Solar, Inc. - Common Stock",Stock,NASDAQ
SACH,Sachem Capital Corp. Common Shares,Stock,NYSE American
GPMT,Granite Point Mortgage Trust Inc. Common Stock,Stock,NYSE
VHC,VirnetX Holding Corp - Common Stock,Stock,NASDAQ
SCYX,"SCYNEXIS, Inc. - Common Stock",Stock,NASDAQ
MGX,"Metagenomi Therapeutics, Inc. - Common Stock",Stock,NASDAQ
TEAD,Teads Holding Co. - Common Stock,Stock,NASDAQ
SNWV,"SANUWAVE Health, Inc. - Common Stock",Stock,NASDAQ
VERU,Veru Inc. - Common Stock,Stock,NASDAQ
INDO,Indonesia Energy Corporation Limited Ordinary Shares,Stock,NYSE American
STEM,"Stem, Inc. Class A Common Stock",Stock,NYSE
RYOJ,"rYojbaba Co., Ltd. - Common Shares",Stock,NASDAQ
BRAG,Bragg Gaming Group Inc. - Common Shares,Stock,NASDAQ
AURE,Aurelion Inc.  - Class A Ordinary Shares,Stock,NASDAQ
ZBAO,Zhibao Technology Inc. - Class A Ordinary Shares,Stock,NASDAQ
AXIL,"AXIL Brands, Inc. Common Stock",Stock,NYSE American
SQNS,Sequans Communications S.A. American Depositary Shares (each representing one hundred (100) Ordinary Shares),Stock,NYSE
RIBB,Ribbon Acquisition Corp - Class A Ordinary Shares,Stock,NASDAQ
BCHT,Birchtech Corp. Common Stock,Stock,NYSE American
PRPO,"Precipio, Inc. - Common Stock",Stock,NASDAQ
PXLW,"Pixelworks, Inc. - Common Stock",Stock,NASDAQ
THCH,TH International Limited - Ordinary shares,Stock,NASDAQ
DTSQ,DT Cloud Star Acquisition Corporation - Ordinary Shares,Stock,NASDAQ
PN,PN Smart Energy Limited - Class A Ordinary Shares,Stock,NASDAQ
IXHL,Incannex Healthcare Inc. - Common Stock,Stock,NASDAQ
CMTL,Comtech Telecommunications Corp. - Common Stock,Stock,NASDAQ
SEAT,Vivid Seats Inc. - Class A common stock,Stock,NASDAQ
YSXT,"YSX Tech. Co., Ltd  - Class A Ordinary Shares",Stock,NASDAQ
BTMD,Biote Corp. - Class A common stock,Stock,NASDAQ
OMEX,"Odyssey Marine Exploration, Inc. - Common Stock",Stock,NASDAQ
NWGL,CL Workshop Group Limited - American Depositary Shares,Stock,NASDAQ
NSRX,Nasus Pharma Ltd. Ordinary Shares,Stock,NYSE American
AHMA,Ambitions Enterprise Management Co. L.L.C - Class A Ordinary Shares,Stock,NASDAQ
AIOS,AIOS Tech Inc. - Class A Common Shares,Stock,NASDAQ
GRF,"Eagle Capital Growth Fund, Inc. Common Stock",Stock,NYSE American
PHUN,"Phunware, Inc. - Common Stock",Stock,NASDAQ
GAME,"GameSquare Holdings, Inc. - Common stock",Stock,NASDAQ
SYPR,"Sypris Solutions, Inc. - Common Stock",Stock,NASDAQ
CELU,Celularity Inc. - Class A Common Stock,Stock,NASDAQ
VTIX,Virtuix Holdings Inc. - Class A Common Stock,Stock,NASDAQ
FGNX,FG Nexus Inc. - Common Stock,Stock,NASDAQ
TGE,The Generation Essentials Group Class A Ordinary Shares,Stock,NYSE
NOEM,CO2 Energy Transition Corp. - Common Stock,Stock,NASDAQ
RMCO,Royalty Management Holding Corporation - Class A Common Stock,Stock,NASDAQ
FSHP,Flag Ship Acquisition Corp. - Ordinary Shares,Stock,NASDAQ
YOUL,Youlife Group Inc. - American Depositary Shares,Stock,NASDAQ
GMHS,Gamehaus Holdings Inc. - Class A Ordinary Shares,Stock,NASDAQ
MIND,"MIND Technology, Inc. - Common Stock",Stock,NASDAQ
KG,"Kestrel Group, Ltd. - Common Stock",Stock,NASDAQ
DGNX,Diginex Limited - Ordinary Shares,Stock,NASDAQ
ZDGE,"Zedge, Inc. Class B Common Stock ",Stock,NYSE American
CIRC,"Circle8 Group, Inc. - Common Stock",Stock,NASDAQ
MLCI,Mount Logan Capital Inc. - Common Stock,Stock,NASDAQ
MAMO,Massimo Group - Common Stock,Stock,NASDAQ
NFE,New Fortress Energy Inc. - Class A Common Stock,Stock,NASDAQ
JG,Aurora Mobile Limited - American Depositary Shares,Stock,NASDAQ
AXG,Solowin Holdings - Class A Ordinary Share,Stock,NASDAQ
IMMP,Immutep Limited - American Depositary Shares,Stock,NASDAQ
EDSA,"Edesa Biotech, Inc. - Common Shares",Stock,NASDAQ
LSF,"Laird Superfood, Inc. Common Stock",Stock,NYSE American
AFJK,"Aimei Health Technology Co., Ltd - Ordinary Share",Stock,NASDAQ
WPRT,Westport Fuel Systems Inc - Common Shares,Stock,NASDAQ
ONMD,OneMedNet Corp - Class A Common Stock,Stock,NASDAQ
CRVO,CervoMed Inc. - Common Stock,Stock,NASDAQ
AERT,"Aeries Technology, Inc. - Class A Ordinary Share",Stock,NASDAQ
HOLO,MicroCloud Hologram Inc. - Ordinary Shares,Stock,NASDAQ
KOSS,Koss Corporation - Common Stock,Stock,NASDAQ
PAVM,PAVmed Inc. - Common Stock,Stock,NASDAQ
MIRA,"MIRA Pharmaceuticals, Inc. - Common Stock",Stock,NASDAQ
NCI,Neo-Concept International Group Holdings Limited - Class A Ordinary Shares,Stock,NASDAQ
XTIA,"XTI Aerospace, Inc. Common Stock  - Common Stock",Stock,NASDAQ
WAVE,Eco Wave Power Global AB (publ) - American Depositary Shares,Stock,NASDAQ
ATNM,"Actinium Pharmaceuticals, Inc. (Delaware) Common Stock",Stock,NYSE American
IPEX,Inflection Point Acquisition Corp. - Class A Ordinary Shares,Stock,NASDAQ
SNT,Senstar Technologies Corporation - Common Shares,Stock,NASDAQ
BCTX,BriaCell Therapeutics Corp. - Common Shares,Stock,NASDAQ
STRR,"Star Equity Holdings, Inc. - Common Stock",Stock,NASDAQ
SPRU,Spruce Power Holding Corporation Class A Common Stock,Stock,NYSE
STG,"Sunlands Technology Group American Depositary Shares, representing Class A ordinary shares",Stock,NYSE
XOS,"Xos, Inc. - Common Stock",Stock,NASDAQ
MLSS,"Milestone Scientific, Inc. Common Stock",Stock,NYSE American
AACG,"ATA Creativity Global - American Depositary Shares, each representing two common shares",Stock,NASDAQ
NNVC,"NanoViricides, Inc. Common Stock",Stock,NYSE American
KPTI,Karyopharm Therapeutics Inc. - Common Stock,Stock,NASDAQ
GROW,"U.S. Global Investors, Inc. - Class A Common Stock",Stock,NASDAQ
PPSI,"Pioneer Power Solutions, Inc. - Common Stock",Stock,NASDAQ
AIXC,"AIxCrypto Holdings, Inc. - Common Stock",Stock,NASDAQ
FSP,Franklin Street Properties Corp. Common Stock,Stock,NYSE American
NTIP,"Network-1 Technologies, Inc. Common Stock",Stock,NYSE American
ELUT,"Elutia, Inc. - Class A Common Stock",Stock,NASDAQ
HBIO,"Harvard Bioscience, Inc. - Common Stock",Stock,NASDAQ
MLGO,"MicroAlgo, Inc. - Ordinary Shares",Stock,NASDAQ
FLNA,"Filana Therapeutics, Inc. - Common Stock",Stock,NASDAQ
TOON,"Kartoon Studios, Inc. Common Stock",Stock,NYSE American
SLND,"Southland Holdings, Inc. Common Stock",Stock,NYSE American
QTI,"QT Imaging Holdings, Inc. - Common Stock",Stock,NASDAQ
YQ,17 Education & Technology Group Inc. - American Depositary Shares,Stock,NASDAQ
COSM,Cosmos Health Inc. - Common Stock,Stock,NASDAQ
FTFT,Future FinTech Group Inc. - Common Stock,Stock,NASDAQ
MCRB,"Seres Therapeutics, Inc. - Common Stock",Stock,NASDAQ
PFAI,Pinnacle Food Group Limited - Class A Common Shares,Stock,NASDAQ
ANGH,Anghami Inc. - Ordinary Shares,Stock,NASDAQ
BRIA,BrilliA Inc Class A Ordinary Shares,Stock,NYSE American
ACCL,Acco Group Holdings Limited - Class A Ordinary Shares,Stock,NASDAQ
ZEO,Zeo Energy Corporation - Class A Common Stock,Stock,NASDAQ
VIDA,VIDA Global Inc. Class A Common Stock,Stock,NYSE American
SRXH,SRX Global Inc. Common Stock,Stock,NYSE American
KLXE,"KLX Energy Services Holdings, Inc.  - Common Stock",Stock,NASDAQ
ALGS,"Aligos Therapeutics, Inc. - Common stock",Stock,NASDAQ
SCLX,Scilex Holding Company - Common Stock,Stock,NASDAQ
HHS,"Harte Hanks, Inc. - Common Stock",Stock,NASDAQ
ARBK,Argo Blockchain plc - American Depositary Shares,Stock,NASDAQ
CCEL,"Cryo-Cell International, Inc. Common Stock",Stock,NYSE American
DCGO,DocGo Inc. - Common Stock,Stock,NASDAQ
RMTI,"Rockwell Medical, Inc. - Common Stock",Stock,NASDAQ
EHLD,Euroholdings Ltd. - Common Stock,Stock,NASDAQ
CREX,"Creative Realities, Inc. - Common Stock",Stock,NASDAQ
BOSC,B.O.S. Better Online Solutions - Ordinary Shares,Stock,NASDAQ
BODI,"The Beachbody Company, Inc. - Class A Common Stock",Stock,NASDAQ
CNF,"CNFinance Holdings Limited American Depositary Shares, each representing two hundred (200) Ordinary Shares",Stock,NYSE
PETS,"PetMed Express, Inc. - Common Stock",Stock,NASDAQ
TAOX,Tao Synergies Inc. - Common Stock,Stock,NASDAQ
LVLU,"Lulu's Fashion Lounge Holdings, Inc. - Common Stock",Stock,NASDAQ
BHST,BioHarvest Sciences Inc. - Common Stock,Stock,NASDAQ
RDAC,Rising Dragon Acquisition Corp. - Ordinary Shares,Stock,NASDAQ
GAIA,"Gaia, Inc. - Class A Common Stock",Stock,NASDAQ
GNTA,Genenta Science S.p.A. - American Depositary Shares,Stock,NASDAQ
FIEE,"FiEE, Inc - Common Stock",Stock,NASDAQ
NSPR,InspireMD Inc. - Common Stock,Stock,NASDAQ
COHN,Cohen & Company Inc.,Stock,NYSE American
BGDE,"Big Digital Energy, Inc. - Common Stock",Stock,NASDAQ
RAVE,"Rave Restaurant Group, Inc. - Common Stock",Stock,NASDAQ
UG,"United-Guardian, Inc. - Common Stock",Stock,NASDAQ
WXM,WF International Limited - Ordinary Shares,Stock,NASDAQ
DRK,DarkHorse Technologies Inc. - Common Shares,Stock,NASDAQ
PLUT,Plutus Financial Group Limited - Ordinary Shares,Stock,NASDAQ
VTSI,"VirTra, Inc. - Common Stock",Stock,NASDAQ
CPHI,"China Pharma Holdings, Inc. Common Stock",Stock,NYSE American
VAI,Valor Energy Incorporated - Common Stock,Stock,NASDAQ
ZTG,Zenta Group Company Limited - Class A Ordinary Shares,Stock,NASDAQ
NSYS,Nortech Systems Incorporated - Common Stock,Stock,NASDAQ
LVO,"LiveOne, Inc. - Common Stock",Stock,NASDAQ
RYET,Ruanyun Edai Technology Inc. - Ordinary shares,Stock,NASDAQ
BYSI,"BeyondSpring, Inc. - Ordinary Shares",Stock,NASDAQ
CNTX,Context Therapeutics Inc. - Common Stock,Stock,NASDAQ
YI,"111, Inc. - American Depositary Shares",Stock,NASDAQ
AIFF,"Firefly Neuroscience, Inc.  - Common Stock",Stock,NASDAQ
QNCX,"Quince Therapeutics, Inc. - Common Stock",Stock,NASDAQ
JFU,9F Inc. - American Depositary Shares,Stock,NASDAQ
WKHS,"Workhorse Group, Inc. - Common Stock",Stock,NASDAQ
HERZ,"Herzfeld Credit Income Fund, Inc.  - Closed End Fund",Stock,NASDAQ
CNTY,"Century Casinos, Inc. - Common Stock",Stock,NASDAQ
LONA,"LeonaBio, Inc. - Common Stock",Stock,NASDAQ
CLPS,CLPS Incorporation - Common Stock,Stock,NASDAQ
CVV,CVD Equipment Corporation - Common Stock,Stock,NASDAQ
AEI,Alset Inc. - Common Stock,Stock,NASDAQ
ANPA,Rich Sparkle Holdings Limited - Ordinary Shares,Stock,NASDAQ
GNS,Genius Group Limited Ordinary Shares,Stock,NYSE American
EVAX,Evaxion A/S - American Depositary Share,Stock,NASDAQ
ABVC,"ABVC BioPharma, Inc. - Common Stock",Stock,NASDAQ
VIP,Vulcan Infrastructure and Power Inc. - Class A Common Stock,Stock,NASDAQ
ATYR,"aTyr Pharma, Inc. - Common Stock",Stock,NASDAQ
BRLS,Borealis Foods Inc. - Class A Common Shares,Stock,NASDAQ
RAND,Rand Capital Corporation - Closed End Fund,Stock,NASDAQ
MNY,MoneyHero Limited - Class A Ordinary Shares,Stock,NASDAQ
DAIO,Data I/O Corporation - Common Stock,Stock,NASDAQ
FLD,"Fold Holdings, Inc. - Class A Common Stock",Stock,NASDAQ
CVM,Cel-Sci Corporation Common Stock,Stock,NYSE American
SJ,Scienjoy Holding Corporation - Class A Ordinary Shares,Stock,NASDAQ
BLNE,"Beeline Holdings, Inc. - Common Stock",Stock,NASDAQ
IGC,"IGC Pharma, Inc. Common Stock",Stock,NYSE American
NTRP,"NextTrip, Inc. - Common Stock",Stock,NASDAQ
JAGU,Jaguar Uranium Corp. Class A Common Shares,Stock,NYSE American
SWAG,"Stran & Company, Inc. - Common Stock",Stock,NASDAQ
GTEC,Greenland Technologies Holding Corporation - Class A Ordinary Shares,Stock,NASDAQ
QRHC,Quest Resource Holding Corporation - Common Stock,Stock,NASDAQ
FKWL,Franklin Wireless Corp. - common stock,Stock,NASDAQ
RNAZ,"TransCode Therapeutics, Inc. - Common Stock",Stock,NASDAQ
ATCH,"AtlasClear Holdings, Inc. Common Stock",Stock,NYSE American
BBGI,"Beasley Broadcast Group, Inc. - Class A Common Stock",Stock,NASDAQ
CCG,Cheche Group Inc. - Class A Ordinary Shares,Stock,NASDAQ
KYNB,"Kyntra Bio, Inc. - Common Stock",Stock,NASDAQ
PRHI,"Presurance Holdings, Inc. - Common Stock",Stock,NASDAQ
AAME,Atlantic American Corporation - Common Stock,Stock,NASDAQ
DXLG,"Destination XL Group, Inc. - Common Stock",Stock,NASDAQ
GRAN,Grande Group Limited - Class A Ordinary Shares,Stock,NASDAQ
OPTH,Optimi Health Corp. - Common Shares,Stock,NASDAQ
REFR,Research Frontiers Incorporated - Common Stock,Stock,NASDAQ
BIRD,"Smartbird, Inc. - Class A Common Stock",Stock,NASDAQ
NOMA,NOMADAR Corp. - Class A Common Stock,Stock,NASDAQ
LFT,"Lument Finance Trust, Inc. Common Stock",Stock,NYSE
MCRP,Micropolis AI Robotics Ordinary Shares,Stock,NYSE American
BEEM,Beam Global - Common Stock,Stock,NASDAQ
CRWS,"Crown Crafts, Inc. - Common Stock",Stock,NASDAQ
TNMG,TNL Mediagene - Ordinary Shares,Stock,NASDAQ
PDC,Perpetuals.com Ltd - American Depositary Shares,Stock,NASDAQ
MDRR,"Medalist Diversified, Inc. - Common Stock",Stock,NASDAQ
USEA,United Maritime Corporation - Common Stock,Stock,NASDAQ
HKIT,Hitek Global Inc. - Class A Ordinary Share,Stock,NASDAQ
PLRZ,Polyrizon Ltd. - Ordinary Shares,Stock,NASDAQ
JOB,GEE Group Inc. Common Stock,Stock,NYSE American
AWRE,"Aware, Inc. - Common Stock",Stock,NASDAQ
ARAY,Accuray Incorporated - Common Stock,Stock,NASDAQ
MDBH,"MDB Capital Holdings, LLC - Class A common ",Stock,NASDAQ
LOCL,Local Bounti Corporation Common Stock,Stock,NYSE
QNME,"Quanome Technologies, Inc. - Common Stock",Stock,NASDAQ
AIFA,"All In FutureTech Alliance, Inc. - Common Stock",Stock,NASDAQ
ASPC,A SPAC III Acquisition Corp. - Class A Ordinary Shares,Stock,NASDAQ
PAPL,Pineapple Financial Inc. Common Stock,Stock,NYSE American
BLIV,BeLive Holdings - ordinary shares,Stock,NASDAQ
EURK,Eureka Acquisition Corp - Class A Ordinary Share,Stock,NASDAQ
DUO,Fangdd Network Group Ltd. - Class A Ordinary Shares,Stock,NASDAQ
AYTU,"Aytu BioPharma, Inc.  - Common Stock",Stock,NASDAQ
QNTM,Quantum Biopharma Ltd. - Class B Subordinate Voting Shares,Stock,NASDAQ
EONR,EON Resources Inc. Class A Common Stock,Stock,NYSE American
SST,"System1, Inc. Class A Common Stock",Stock,NYSE
BDMD,Baird Medical Investment Holdings Ltd - Ordinary Share,Stock,NASDAQ
GRDX,GridAI Technologies Corp.  - Common Stock,Stock,NASDAQ
NXPL,NextPlat Corp - Common Stock,Stock,NASDAQ
MF,MindForge Inc. - Class A Ordinary Shares,Stock,NASDAQ
LIVE,Live Ventures Incorporated - Common Stock,Stock,NASDAQ
RADX,Radiopharm Theranostics Limited - American Depositary Shares,Stock,NASDAQ
ORIO,Orion Digital Corp. - Common Shares,Stock,NASDAQ
KTCC,Key Tronic Corporation - Common Stock,Stock,NASDAQ
EHTH,"eHealth, Inc. - Common Stock",Stock,NASDAQ
BIOX,Bioceres Crop Solutions Corp. - Ordinary Shares,Stock,NASDAQ
UPC,Universe Pharmaceuticals Inc - Class A Ordinary Shares,Stock,NASDAQ
TXMD,"TherapeuticsMD, Inc. - Common Stock",Stock,NASDAQ
CHOW,ChowChow Cloud International Holdings Limited Ordinary Shares,Stock,NYSE American
JDZG,JIADE LIMITED - Class A Ordinary Shares,Stock,NASDAQ
GIFT,"Giftify, Inc. - Common Stock",Stock,NASDAQ
SKYQ,Sky Quarry Inc. - Common Stock,Stock,NASDAQ
PMEC,Primech Holdings Ltd. - Ordinary Shares,Stock,NASDAQ
CLIR,ClearSign Technologies Corporation - Common Stock,Stock,NASDAQ
IPM,Intelligent Protection Management Corp.  - Common Stock,Stock,NASDAQ
NXTC,"NextCure, Inc. - Common Stock",Stock,NASDAQ
JVA,"Coffee Holding Co., Inc. - Common Stock",Stock,NASDAQ
INLX,"Intellinetics, Inc. Common Stock",Stock,NYSE American
MRNO,Murano Global Investments PLC - Ordinary Shares,Stock,NASDAQ
TCRX,"TScan Therapeutics, Inc. - Common Stock",Stock,NASDAQ
HSCS,HeartSciences Inc. - Common Stock,Stock,NASDAQ
GPUS,"Hyperscale Data, Inc. Common Stock",Stock,NYSE American
FEDU,"Four Seasons Education (Cayman) Inc. American Depositary Shares, each ADS representing 10 ordinary shares",Stock,NYSE
BENF,Beneficient - Class A Common Stock,Stock,NASDAQ
TRSG,Tungray Technologies Inc - Class A Ordinary Shares,Stock,NASDAQ
VNTG,Vantage Corp Class A Ordinary Shares,Stock,NYSE American
COCP,"Cocrystal Pharma, Inc. - Common Stock",Stock,NASDAQ
STAK,STAK Inc. - Class A Ordinary Shares,Stock,NASDAQ
SNAL,"Snail, Inc. - Class A Common Stock",Stock,NASDAQ
LOOP,"Loop Industries, Inc. - Common Stock",Stock,NASDAQ
CKX,"CKX Lands, Inc. Common Stock",Stock,NYSE American
UTSI,UTStarcom Holdings Corp - Ordinary Shares,Stock,NASDAQ
PSHG,Performance Shipping Inc. - Common Shares,Stock,NASDAQ
WFF,WF Holding Limited - Ordinary Shares,Stock,NASDAQ
TLF,"Tandy Leather Factory, Inc. - common stock",Stock,NASDAQ
KSCP,"Knightscope, Inc. - Class A Common Stock",Stock,NASDAQ
MERC,Mercer International Inc. - Common Stock,Stock,NASDAQ
RECT,Rectitude Holdings Ltd - Ordinary Shares,Stock,NASDAQ
AZIO,"Azio AI Holdings, Inc. - Common stock",Stock,NASDAQ
RVP,"Retractable Technologies, Inc. Common Stock",Stock,NYSE American
ESLA,"Estrella Immunopharma, Inc. - Common Stock",Stock,NASDAQ
FEMY,Femasys Inc. - Common Stock,Stock,NASDAQ
CTRM,Castor Maritime Inc. - Common Shares,Stock,NASDAQ
HTCO,High-Trend International Group - Class A Ordinary Shares,Stock,NASDAQ
NYC,American Strategic Investment Co. Class A Common Stock,Stock,NYSE
GSIW,Garden Stage Limited - Class A Ordinary Shares,Stock,NASDAQ
SPPL,SIMPPLE LTD. - Ordinary Shares,Stock,NASDAQ
CFND,C1 Fund Inc. Common Stock,Stock,NYSE
BEAT,"Heartbeam, Inc. - Common Stock",Stock,NASDAQ
JSPR,"Jasper Therapeutics, Inc. - Class A Common Stock",Stock,NASDAQ
LIQT,"LiqTech International, Inc. - Common Stock",Stock,NASDAQ
BTCT,BTC Digital Ltd. - Ordinary Shares,Stock,NASDAQ
MNDO,MIND C.T.I. Ltd. - Ordinary Shares,Stock,NASDAQ
KMRK,K-Tech Solutions Company Limited - Class A Ordinary Shares,Stock,NASDAQ
FTHM,Fathom Holdings Inc. - Common Stock,Stock,NASDAQ
BESS,Bimergen Energy Corporation Common Stock,Stock,NYSE American
LFWD,Lifeward Ltd. - Ordinary Shares,Stock,NASDAQ
ESYN,EnerSyn Global Inc. - Common Stock,Stock,NASDAQ
PSQH,"PSQ Holdings, Inc. Class A Common Stock",Stock,NYSE
NEUP,Neuphoria Therapeutics Inc. - Common Stock,Stock,NASDAQ
MSGM,Motorsport Games Inc. - Class A Common Stock,Stock,NASDAQ
BCG,"Binah Capital Group, Inc. - Common Stock",Stock,NASDAQ
BMR,Beamr Imaging Ltd. - Ordinary Share,Stock,NASDAQ
BNGO,"Bionano Genomics, Inc. - Common Stock",Stock,NASDAQ
UONE,"Urban One, Inc.  - Class A Common Stock",Stock,NASDAQ
MWYN,"Marwynn Holdings, Inc. - Common stock",Stock,NASDAQ
YAAS,Youxin Technology Ltd - Class A Ordinary shares,Stock,NASDAQ
CDLX,"Cardlytics, Inc. - Common Stock",Stock,NASDAQ
MRKR,"Marker Therapeutics, Inc. - Common Stock",Stock,NASDAQ
GRNQ,Greenpro Capital Corp. - Common Stock,Stock,NASDAQ
RKTO,Rocket One Inc. - Common Stock,Stock,NASDAQ
AKTX,Akari Therapeutics Plc - American Depositary Shares,Stock,NASDAQ
ATOS,"Atossa Therapeutics, Inc. - Common Stock",Stock,NASDAQ
CCHH,CCH Holdings Ltd - Class A Ordinary Shares,Stock,NASDAQ
LGPS,LogProstyle Inc. Common Shares,Stock,NYSE American
LEDS,SemiLEDS Corporation - Common Stock,Stock,NASDAQ
TGHL,The GrowHub Limited - Class A Ordinary Shares,Stock,NASDAQ
EXYN,"Exyn Technologies, Inc. - Common Stock",Stock,NASDAQ
ACCS,ACCESS Newswire Inc. Common Stock,Stock,NYSE American
JL,J-Long Group Limited - Class A Ordinary Shares,Stock,NASDAQ
MPU,Mega Matrix Inc. Class A Ordinary Shares,Stock,NYSE American
DUKR,DUKE Robotics Corp. - Common Stock,Stock,NASDAQ
OPTT,"Ocean Power Technologies, Inc. Common Stock",Stock,NYSE American
PTN,"Palatin Technologies, Inc. - Common Stock",Stock,NASDAQ
FOXX,Foxx Development Holdings Inc. - Common Stock,Stock,NASDAQ
SKK,SKK Holdings Limited - Class A Ordinary Shares,Stock,NASDAQ
BFRI,Biofrontera Inc. - Common Stock,Stock,NASDAQ
JF,J and Friends Holdings Limited - American Depositary Shares,Stock,NASDAQ
INTZ,Intrusion Inc. - Common Stock,Stock,NASDAQ
EFOI,"Energy Focus, Inc. - Common Stock",Stock,NASDAQ
LPCN,Lipocine Inc. - Common Stock,Stock,NASDAQ
SCAG,Scage Future - American Depositary Shares,Stock,NASDAQ
FOFO,"Hang Feng Technology Innovation Co., Ltd. - Ordinary Shares",Stock,NASDAQ
MGIH,Millennium Group International Holdings Limited - Ordinary Shares,Stock,NASDAQ
MODD,"Modular Medical, Inc. - common stock",Stock,NASDAQ
EPSM,Epsium Enterprise Limited - Class A Ordinary Shares,Stock,NASDAQ
FENG,"Phoenix New Media Limited American Depositary Shares, each representing 48 Class A ordinary shares.",Stock,NYSE
DSY,Big Tree Cloud Holdings Limited - Class A Ordinary Shares,Stock,NASDAQ
IDAI,T Stamp Inc. - Class A Common Stock,Stock,NASDAQ
MSGY,Masonglory Limited - Class A Ordinary Shares,Stock,NASDAQ
LICN,Lichen International Limited - Class A Ordinary Shares,Stock,NASDAQ
UONEK,"Urban One, Inc.  - Class D Common Stock",Stock,NASDAQ
LSTA,"Lisata Therapeutics, Inc. - Common Stock",Stock,NASDAQ
NCEL,NewcelX Ltd. - Ordinary Shares,Stock,NASDAQ
CLRB,"Cellectar Biosciences, Inc. - Common Stock",Stock,NASDAQ
EDTK,Skillful Craftsman Education Technology Limited - Ordinary Share,Stock,NASDAQ
ARTW,"Art's-Way Manufacturing Co., Inc. - Common Stock",Stock,NASDAQ
TLIH,Ten-League International Holdings Limited - Ordinary Shares,Stock,NASDAQ
PRZO,ParaZero Technologies Ltd. - Ordinary Shares,Stock,NASDAQ
TVRD,"Tvardi Therapeutics, Inc. - Common Stock",Stock,NASDAQ
FABC,"Fabric.AI, Inc. - Common Stock",Stock,NASDAQ
LHAI,Linkhome Holdings Inc. - Common stock,Stock,NASDAQ
KTTA,Pasithea Therapeutics Corp. - Common Stock,Stock,NASDAQ
FUSE,Fusemachines Inc. - Common stock,Stock,NASDAQ
AHT,Ashford Hospitality Trust Inc Common Stock,Stock,NYSE
DYAI,"Dyadic International, Inc. - Common Stock",Stock,NASDAQ
MYND,"Mynd.ai, Inc. American Depositary Shares",Stock,NYSE American
ALLR,"Allarity Therapeutics, Inc. - Common stock",Stock,NASDAQ
ACTU,"Actuate Therapeutics, Inc. - Common stock",Stock,NASDAQ
ONEG,OneConstruction Group Limited - Ordinary Shares,Stock,NASDAQ
ARKR,Ark Restaurants Corp. - Common Stock,Stock,NASDAQ
OPAD,Offerpad Solutions Inc.  - Class A Common Stock,Stock,NASDAQ
UFG,Uni-Fuels Holdings Limited - Class A Ordinary Shares,Stock,NASDAQ
DOGZ,Dogness (International) Corporation - Class A Common Stock,Stock,NASDAQ
ATTT,Atlas Trinity Tech Limited - Ordinary Shares,Stock,NASDAQ
SDOT,Sadot Group Inc. - Common Stock,Stock,NASDAQ
GTIM,Good Times Restaurants Inc. - Common Stock,Stock,NASDAQ
YXT,YXT.COM GROUP HOLDING LIMITED - American Depository Shares,Stock,NASDAQ
BCDA,"BioCardia, Inc. - Common Stock",Stock,NASDAQ
PASW,"Ping An Biomedical Co., Ltd. - Class A Ordinary Shares",Stock,NASDAQ
CTXR,"Citius Pharmaceuticals, Inc. - Common Stock",Stock,NASDAQ
CMMB,Chemomab Therapeutics Ltd.  - American Depositary Shares,Stock,NASDAQ
GIGM,GigaMedia Limited - Ordinary Shares,Stock,NASDAQ
ATCX,Atlas Critical Minerals Corporation - Common Stock,Stock,NASDAQ
IHT,InnSuites Hospitality Trust Shares of Beneficial Interest,Stock,NYSE American
TMDE,TMD Energy Limited Ordinary Shares,Stock,NYSE American
PLSM,Pulsenmore Ltd. - Ordinary Shares,Stock,NASDAQ
SUNE,"SUNation Energy, Inc. - Common Stock",Stock,NASDAQ
CCM,Concord Medical Services Holdings Limited American Depositary Shares (Each represents thirty (30) Class A ordinary shares),Stock,NYSE
LTRN,Lantern Pharma Inc. - Common Stock,Stock,NASDAQ
PASG,"Passage Bio, Inc. - Common Stock",Stock,NASDAQ
NEON,Neonode Inc. - Common Stock,Stock,NASDAQ
HTOO,Fusion Fuel Green PLC - Ordinary Shares,Stock,NASDAQ
MOGU,MOGU Inc. American Depositary Shares (each  representing 25 Class A Ordinary Shares),Stock,NYSE
MOBX,"Mobix Labs, Inc. - Class A Common Stock",Stock,NASDAQ
DARE,"Dare Bioscience, Inc. - Common Stock",Stock,NASDAQ
SMSI,"Smith Micro Software, Inc. - Common Stock",Stock,NASDAQ
HODO,House of Doge Inc. - Common Stock,Stock,NASDAQ
CNSY,"Cerenome, Inc. - Common Stock",Stock,NASDAQ
BRFH,Barfresh Food Group Inc. - Common Stock,Stock,NASDAQ
ICU,SeaStar Medical Holding Corporation - Common Stock,Stock,NASDAQ
LRE,"Lead Real Estate Co., Ltd - American Depositary Shares",Stock,NASDAQ
RCT,RedCloud Holdings plc - Ordinary Shares,Stock,NASDAQ
MTEX,"Mannatech, Incorporated - Common Stock",Stock,NASDAQ
FGI,FGI Industries Ltd. - Ordinary Shares,Stock,NASDAQ
AUST,Austin Gold Corp. Common Shares,Stock,NYSE American
CJMB,Callan JMB Inc. - Common Stock,Stock,NASDAQ
WIMI,WiMi Hologram Cloud Inc. - Class B Ordinary Shares,Stock,NASDAQ
TULP,"Bloomia Holdings, Inc. - Common Stock",Stock,NASDAQ
NXXT,"NextNRG, Inc. - Common Stock",Stock,NASDAQ
ASTC,Astrotech Corporation - Common Stock,Stock,NASDAQ
COOT,Australian Oilseeds Holdings Limited - Ordinary Shares,Stock,NASDAQ
HIND,"Vyome Holdings, Inc. - Common Stock",Stock,NASDAQ
PBK,PowerBank Corporation - Common Stock,Stock,NASDAQ
DLPN,"Dolphin Entertainment, Inc. - Common Stock",Stock,NASDAQ
NUR,Nuran Wireless Inc. - Common Shares,Stock,NASDAQ
EQS,"Equus Total Return, Inc. Common Stock",Stock,NYSE
PETZ,"TDH Holdings, Inc. - Common Shares",Stock,NASDAQ
WETH,Wetouch Technology Inc. - Common Stock,Stock,NASDAQ
RGNT,Regentis Biomaterials Ltd. Ordinary Shares,Stock,NYSE American
SAGT,SAGTEC GLOBAL LIMITED - Class A Ordinary shares,Stock,NASDAQ
CTSO,Cytosorbents Corporation - Common Stock,Stock,NASDAQ
TPST,"Tempest Therapeutics, Inc. - Common Stock",Stock,NASDAQ
BIVI,BioVie Inc. - Common stock,Stock,NASDAQ
DFLI,Dragonfly Energy Holdings Corp - Common Stock,Stock,NASDAQ
UCL,uCloudlink Group Inc. - American Depositary Shares,Stock,NASDAQ
BRN,"Barnwell Industries, Inc. Common Stock",Stock,NYSE American
FRTT,Fort Technology Inc. - Common Shares,Stock,NASDAQ
ZDAI,"DirectBooking Technology Co., Ltd. - Class A Ordinary Shares",Stock,NASDAQ
SLGB,Smart Logistics Global Limited - Class A Ordinary Shares,Stock,NASDAQ
HUIZ,Huize Holding Limited - American Depositary Shares,Stock,NASDAQ
NRSN,NeuroSense Therapeutics Ltd. - Ordinary Shares,Stock,NASDAQ
EPOW,E-Power Inc. - Class A Ordinary Shares,Stock,NASDAQ
AEON,"AEON Biopharma, Inc. Class A Common Stock",Stock,NYSE American
RPGL,Republic Power Group Limited - Class A Ordinary Shares,Stock,NASDAQ
CUPR,Cuprina Holdings (Cayman) Limited - Class A Ordinary shares,Stock,NASDAQ
ALAR,Alarum Technologies Ltd. - American Depositary Shares,Stock,NASDAQ
EBON,Ebang International Holdings Inc. - Class A Ordinary Shares,Stock,NASDAQ
XCH,XCHG Limited - ADS,Stock,NASDAQ
QNRX,"Quoin Pharmaceuticals, Ltd. - American Depositary Shares",Stock,NASDAQ
CABR,"Caring Brands, Inc. - Common Stock",Stock,NASDAQ
VRME,"VerifyMe, Inc. - Common Stock",Stock,NASDAQ
AIRI,Air Industries Group Common Stock,Stock,NYSE American
BLRX,BioLineRx Ltd. - American Depositary Shares,Stock,NASDAQ
FMST,Foremost Clean Energy Ltd. - Common Shares,Stock,NASDAQ
SINT,"SiNtx Technologies, Inc. - Common Stock",Stock,NASDAQ
TURB,"Turbo Energy, S.A. - American Depositary Shares",Stock,NASDAQ
PLUR,Pluri Inc. - Common Stock,Stock,NASDAQ
GTBP,"GT Biopharma, Inc. - Common Stock",Stock,NASDAQ
ICMB,"Investcorp Credit Management BDC, Inc. - Common Stock",Stock,NASDAQ
INTS,"Intensity Therapeutics, Inc. - Common Stock",Stock,NASDAQ
ADIL,"Adial Pharmaceuticals, Inc - Common Stock",Stock,NASDAQ
BFRG,"Bullfrog AI Holdings, Inc. - Common Stock",Stock,NASDAQ
MBRX,"Moleculin Biotech, Inc. - Common Stock",Stock,NASDAQ
BNKK,"Bonk, Inc. - Common Stock",Stock,NASDAQ
GIXI,Gix Internet Ltd. - Ordinary Shares,Stock,NASDAQ
TVE,Tennessee Valley Authority,Stock,NYSE
VTGN,"Vistagen Therapeutics, Inc. - Common Stock",Stock,NASDAQ
NMTC,NeuroOne Medical Technologies Corporation - Common Stock,Stock,NASDAQ
TOMZ,"TOMI Environmental Solutions, Inc. - Common Stock",Stock,NASDAQ
BTBD,"BT Brands, Inc. - Common Stock",Stock,NASDAQ
DETX,"Liberty Defense Holdings, Ltd. - Common Shares",Stock,NASDAQ
CALC,"CalciMedica, Inc. - Common Stock",Stock,NASDAQ
ATER,"Aterian, Inc. - Common Stock",Stock,NASDAQ
CETY,"Clean Energy Technologies, Inc. - Common Stock",Stock,NASDAQ
BIOT,Instinct Bio Technical Company Holdings Inc. - Common stock,Stock,NASDAQ
OXBR,Oxbridge Re Holdings Limited - Ordinary Shares,Stock,NASDAQ
HPAI,Helport AI Limited - Ordinary Shares,Stock,NASDAQ
INAB,"IN8bio, Inc. - Common Stock",Stock,NASDAQ
BTOC,Armlogi Holding Corp. - common stock,Stock,NASDAQ
PHIO,Phio Pharmaceuticals Corp. - Common Stock,Stock,NASDAQ
RAIN,"Rain Enhancement Technologies Holdco, Inc. - Class A Common Stock",Stock,NASDAQ
ASBP,"Aspire-Lakewood Holdings, Inc. - Common Stock",Stock,NASDAQ
KPRX,"Kiora Pharmaceuticals, Inc.  - Common Stock",Stock,NASDAQ
MTEK,Maris-Tech Ltd. - ordinary shares,Stock,NASDAQ
VWAV,"VisionWave Holdings, Inc. - Common Stock",Stock,NASDAQ
FNGR,"FingerMotion, Inc. - common stock",Stock,NASDAQ
YFOR,YYForce Inc. - Class A Ordinary Shares,Stock,NASDAQ
NVNI,Nvni Group Limited - Ordinary Shares,Stock,NASDAQ
MIMI,Mint Incorporation Limited - Class A Ordinary Shares,Stock,NASDAQ
HCTI,"Healthcare Triangle, Inc. - Common Stock",Stock,NASDAQ
SCNX,"Scienture Holdings, Inc. - Common Stock",Stock,NASDAQ
GDTC,CytoMed Therapeutics Limited - Ordinary Shares,Stock,NASDAQ
DDC,DDC Enterprise Limited Class A Ordinary Shares,Stock,NYSE American
MMA,Mixed Martial Arts Group Limited Ordinary Shares,Stock,NYSE American
AEHL,Antelope Enterprise Holdings Limited - Class A Ordinary Shares,Stock,NASDAQ
EDUC,Educational Development Corporation - Common Stock,Stock,NASDAQ
SEED,Origin Agritech Limited - Ordinary Shares,Stock,NASDAQ
SMXT,Solarmax Technology Inc. - Common Stock,Stock,NASDAQ
NAII,"Natural Alternatives International, Inc. - Common Stock",Stock,NASDAQ
IRIX,IRIDEX Corporation - Common Stock,Stock,NASDAQ
CISO,"CISO Global, Inc. - Common Stock",Stock,NASDAQ
IFBD,"Infobird Co., Ltd - Ordinary Shares",Stock,NASDAQ
QH,Quhuo Limited - Class A Ordinary Shares,Stock,NASDAQ
APUS,"Apimeds Pharmaceuticals US, Inc. Common Stock",Stock,NYSE American
MTVA,MetaVia Inc.  - Common Stock,Stock,NASDAQ
MDCX,Medicus Pharma Ltd. - Common Stock,Stock,NASDAQ
CENN,Cenntro Inc. - Common Stock,Stock,NASDAQ
JBDI,JBDI Holdings Limited - Ordinary Shares,Stock,NASDAQ
TWG,Top Wealth Group Holding Limited - Class A Ordinary Shares,Stock,NASDAQ
PMI,"Picard Medical, Inc. Common Stock",Stock,NYSE American
TDIC,Dreamland Limited - Class A Ordinary Shares,Stock,NASDAQ
IQST,iQSTEL Inc. - Common Stock,Stock,NASDAQ
PRPL,"Purple Innovation, Inc. - Common Stock",Stock,NASDAQ
BANL,CBL International Limited - Class B Ordinary Shares,Stock,NASDAQ
REBN,"Reborn Coffee, Inc. - Common Stock",Stock,NASDAQ
NCPL,Netcapital Inc. - Common Stock,Stock,NASDAQ
BMRA,"Biomerica, Inc. - Common Stock",Stock,NASDAQ
GYGY,"Game Your Game, Inc. - Common Stock",Stock,NASDAQ
MSAI,"MultiSensor AI Holdings, Inc. - Common Stock",Stock,NASDAQ
CYN,Cyngn Inc. - Common stock,Stock,NASDAQ
ADVB,Advanced Biomed Inc. - Common Stock,Stock,NASDAQ
BLIN,"Bridgeline Digital, Inc. - Common Stock",Stock,NASDAQ
ENLV,Enlivex Ltd. - Ordinary Shares,Stock,NASDAQ
ARAI,Arrive AI Inc. - Common Stock,Stock,NASDAQ
HUDI,"Huadi International Group Co., Ltd. - Ordinary Shares",Stock,NASDAQ
GFAI,"Guardforce AI Co., Limited - Ordinary Shares",Stock,NASDAQ
LZMH,LZ Technology Holdings Limited - Class B Ordinary Shares,Stock,NASDAQ
INEO,INNEOVA Holdings Limited - Class A Ordinary Shares,Stock,NASDAQ
SNTI,"Senti Biosciences Holdings, Inc. - Common Stock",Stock,NASDAQ
JCTC,Jewett-Cameron Trading Company - Common Shares,Stock,NASDAQ
GLE,Global Engine Group Holding Limited - Class A Ordinary Shares,Stock,NASDAQ
GYRO,"Gyrodyne , LLC - Common Stock",Stock,NASDAQ
AZTR,Azitra Inc Common Stock,Stock,NYSE American
CLWT,Euro Tech Holdings Company Limited - Ordinary Shares,Stock,NASDAQ
TOVX,"Theriva Biologics, Inc. Common Stock",Stock,NYSE American
OST,"Ostin Technology Group Co., Ltd. - Class A Ordinary Shares",Stock,NASDAQ
AWX,Avalon Holdings Corporation Common Stock,Stock,NYSE American
MGRX,"Mangoceuticals, Inc. - Common Stock",Stock,NASDAQ
FLUX,"Flux Power Holdings, Inc. - Common Stock",Stock,NASDAQ
UPLD,"Upland Software, Inc. - Common Stock",Stock,NASDAQ
MEDS,"DataMeds AI, Inc. - Common Stock",Stock,NASDAQ
CVR,Chicago Rivet & Machine Co. Common Stock,Stock,NYSE American
AIMD,"Ainos, Inc. - Common Stock",Stock,NASDAQ
NIXX,"Nixxy, Inc. - Common Stock",Stock,NASDAQ
IOTR,iOThree Limited - Ordinary Shares,Stock,NASDAQ
FFAI,Faraday Future Intelligent Electric Inc. - Class A Common Stock,Stock,NASDAQ
CLIK,Click Holdings Limited - Ordinary Share,Stock,NASDAQ
LHSW,Lianhe Sowell International Group Ltd - Class A Ordinary Shares,Stock,NASDAQ
PLAG,Planet Green Holdings Corp. Common Stock,Stock,NYSE American
FBLG,"FibroBiologics, Inc. - Common Stock",Stock,NASDAQ
MYSE,"Myseum.AI, Inc. - Common Stock",Stock,NASDAQ
WVVI,"Willamette Valley Vineyards, Inc. - Common Stock",Stock,NASDAQ
POM,POMDOCTOR LIMITED - American Depositary Shares,Stock,NASDAQ
SOAR,"Volato Group, Inc. Class A Common Stock",Stock,NYSE American
TANH,Tantech Holdings Ltd. - Class A Common Shares,Stock,NASDAQ
SFHG,Samfine Creation Holdings Group Limited - Class A Ordinary Share,Stock,NASDAQ
VEEA,Veea Inc. - Common Stock,Stock,NASDAQ
APRE,"Aprea Therapeutics, Inc. - Common Stock",Stock,NASDAQ
INUV,"Inuvo, Inc.",Stock,NYSE American
AMS,American Shared Hospital Services Common Stock,Stock,NYSE American
IMRN,Immuron Limited - American Depositary Shares,Stock,NASDAQ
SEGG,Sports Entertainment Gaming Global Corporation  - Common Stock,Stock,NASDAQ
AQMS,"Aqua Metals, Inc. - Common Stock",Stock,NASDAQ
KNRX,KNOREX LTD. Class A Ordinary Shares,Stock,NYSE American
CLRO,"ClearOne, Inc. - Common Stock",Stock,NASDAQ
BGL,Blue Gold Limited - Class A ordinary shares,Stock,NASDAQ
KALA,"KALA BIO, Inc. - Common Stock",Stock,NASDAQ
DTSS,Datasea Intelligent Technology Ltd. - Class A Ordinary Shares,Stock,NASDAQ
BURU,"Nuburu, Inc. Common Stock",Stock,NYSE American
TPET,Trio Petroleum Corp. Common Stock,Stock,NYSE American
GCDT,Green Circle Decarbonize Technology Limited Class A Ordinary Shares,Stock,NYSE American
MSN,Emerson Radio Corporation Common Stock,Stock,NYSE American
NDRA,ENDRA Life Sciences Inc. - Common Stock,Stock,NASDAQ
YJ,Yunji Inc. - American Depository Shares,Stock,NASDAQ
LGVN,Longeveron Inc. - Class A Common stock,Stock,NASDAQ
CRMT,"America's Car-Mart, Inc. - Common Stock",Stock,NASDAQ
ALZN,"Alzamend Neuro, Inc. - Common Stock",Stock,NASDAQ
BAOS,Baosheng Media Group Holdings Limited - Ordinary shares,Stock,NASDAQ
GMM,Global Mofy AI Limited  - Class A Ordinary Shares,Stock,NASDAQ
LNAI,Lunai Bioworks Inc. - Common Stock,Stock,NASDAQ
SMX,SMX (Security Matters) Public Limited Company - Ordinary Shares,Stock,NASDAQ
TRAW,"Traws Pharma, Inc. - Common Stock",Stock,NASDAQ
ALP,Alpha Compute Corp  - Ordinary Shares,Stock,NASDAQ
LRHC,La Rosa Holdings Corp. - Common Stock,Stock,NASDAQ
WOK,WORK Medical Technology Group LTD - Class A Ordinary Shares,Stock,NASDAQ
GITS,"Global Interactive Technologies, Inc. Common Stock - Common Stock",Stock,NASDAQ
THH,TryHard Holdings Limited - Ordinary Shares,Stock,NASDAQ
GWH,"ESS Tech, Inc. Common Stock",Stock,NYSE
SNGX,"Soligenix, Inc. - Common Stock",Stock,NASDAQ
NXTT,Next Technology Holding Inc. - Ordinary Shares,Stock,NASDAQ
EDHL,Everbright Digital Holding Limited - Ordinary Shares,Stock,NASDAQ
RVSN,Rail Vision Ltd. - Ordinary Shares,Stock,NASDAQ
AMOD,"Alpha Modus Holdings, Inc. - Class A Common Stock",Stock,NASDAQ
LUCY,"Innovative Eyewear, Inc. - Common Stock",Stock,NASDAQ
ZCMD,Zhongchao Inc. - Class A Ordinary Shares,Stock,NASDAQ
VEEE,Twin Vee PowerCats Co. - Common Stock,Stock,NASDAQ
LOBO,LOBO TECHNOLOGIES LTD. - Class A Ordinary Shares,Stock,NASDAQ
JYD,Jayud Global Logistics Limited - Class A Ordinary Shares,Stock,NASDAQ
AIRE,reAlpha Tech Corp. - Common Stock,Stock,NASDAQ
CLGN,CollPlant Biotechnologies Ltd. - Ordinary Shares,Stock,NASDAQ
ICCM,IceCure Medical Ltd. - Ordinary Shares,Stock,NASDAQ
RMCF,"Rocky Mountain Chocolate Factory, Inc. - Common Stock",Stock,NASDAQ
ENSC,"Ensysce Biosciences, Inc. - Common Stock",Stock,NASDAQ
XCUR,"Exicure, Inc. - Common Stock",Stock,NASDAQ
EEIQ,EpicQuest Education Group International Limited - Common Stock,Stock,NASDAQ
IMNN,"Imunon, Inc. - Common Stock",Stock,NASDAQ
ARBB,ARB IOT Group Limited - Ordinary Shares,Stock,NASDAQ
UCAR,U Power Limited - Class A Ordinary Shares,Stock,NASDAQ
AMIX,"Autonomix Medical, Inc. - Common Stock",Stock,NASDAQ
DFNS,T3 Defense Inc. - Common Stock,Stock,NASDAQ
GXAI,Gaxos.ai Inc. - Common Stock,Stock,NASDAQ
INHD,Inno Holdings Inc. - Common Stock,Stock,NASDAQ
MTEN,Mingteng International Corporation Inc. - Class A Ordinary Shares,Stock,NASDAQ
AUID,authID Inc. - Common Stock,Stock,NASDAQ
SURG,"SurgePays, Inc. - Common Stock",Stock,NASDAQ
UK,Ucommune International Ltd  - Class A Ordinary Shares,Stock,NASDAQ
NHTC,Natural Health Trends Corp. - Common Stock,Stock,NASDAQ
REED,"Reed's, Inc. Common Stock",Stock,NYSE American
PRSO,Peraso Inc. - Common Stock,Stock,NASDAQ
XWEL,"XWELL, Inc. - Common Stock",Stock,NASDAQ
VSA,VisionSys AI Inc. - American Depositary Shares,Stock,NASDAQ
FEBO,Fenbo Holdings Limited - Class A Ordinary Shares,Stock,NASDAQ
CODX,"Co-Diagnostics, Inc. - Common Stock",Stock,NASDAQ
INM,InMed Pharmaceuticals Inc. - Common Shares,Stock,NASDAQ
JCSE,JE Cleantech Holdings Limited - Ordinary Shares,Stock,NASDAQ
ACON,"Aclarion, Inc. - Common Stock",Stock,NASDAQ
AIM,AIM ImmunoTech Inc. Common Stock,Stock,NYSE American
CURX,Curanex Pharmaceuticals Inc - Common Stock,Stock,NASDAQ
AMSS,AMASS Brands Inc. - Common Stock,Stock,NASDAQ
SKYE,"Skye Bioscience, Inc. - Common Stock",Stock,NASDAQ
DTST,Data Storage Corporation - Common Stock,Stock,NASDAQ
VNRX,VolitionRX Limited Common Stock,Stock,NYSE American
CNSP,"CNS Pharmaceuticals, Inc. - Common Stock",Stock,NASDAQ
ITOC,iTonic Holdings Ltd - Class A Ordinary Shares,Stock,NASDAQ
QCLS,"Q/C Technologies, Inc. - Common Stock",Stock,NASDAQ
ILLR,Triller Group Inc. - Common Stock,Stock,NASDAQ
CGTL,Creative Global Technology Holdings Limited - Class A Ordinary Shares,Stock,NASDAQ
SPHL,Springview Holdings Ltd - Ordinary shares,Stock,NASDAQ
CHAI,"Core AI Holdings, Inc. - Common Shares",Stock,NASDAQ
CCTG,CCSC Technology International Holdings Limited - Class A Ordinary Shares,Stock,NASDAQ
SYNX,Silynxcom Ltd. Ordinary Shares,Stock,NYSE American
SOS,SOS Limited Class A Ordinary Shares,Stock,NYSE
TKLF,"Tokyo Lifestyle Co., Ltd. - American Depositary Shares",Stock,NASDAQ
LEXX,Lexaria Bioscience Corp. - Common Stock,Stock,NASDAQ
BOLT,"Bolt Biotherapeutics, Inc. - Common Stock",Stock,NASDAQ
OBAI,"Our Bond, Inc. - Common Stock",Stock,NASDAQ
BTTC,Black Titan Corp - Ordinary Shares,Stock,NASDAQ
AMST,Amesite Inc. - Common Stock,Stock,NASDAQ
CELZ,"Creative Medical Technology Holdings, Inc. - Common Stock",Stock,NASDAQ
CNET,ZW Data Action Technologies Inc. - Common Stock,Stock,NASDAQ
WKSP,"Worksport, Ltd. - Common Stock",Stock,NASDAQ
GLXG,Galaxy Payroll Group Limited - Class A Ordinary Shares,Stock,NASDAQ
ENVB,"Enveric Biosciences, Inc.  - Common Stock",Stock,NASDAQ
VS,Versus Systems Inc. - Common Stock,Stock,NASDAQ
AUUD,Auddia Inc. - Common Stock,Stock,NASDAQ
WAFU,Wah Fu Education Group Limited - Ordinary Shares,Stock,NASDAQ
EVGN,Evogene Ltd. - Ordinary Shares,Stock,NASDAQ
CMCT,Creative Media  - Common Stock,Stock,NASDAQ
CWD,CaliberCos Inc. - Class A Common Stock,Stock,NASDAQ
YHGJ,Yunhong Green CTI Ltd. - Common Stock,Stock,NASDAQ
HXHX,Haoxin Holdings Limited - Class A Ordinary Shares,Stock,NASDAQ
YMAT,"J-Star Holding Co., Ltd. - Class A Ordinary Shares",Stock,NASDAQ
JWEL,Jowell Global Ltd. - Ordinary Shares,Stock,NASDAQ
MITQ,"Moving iMage Technologies, Inc. Common Stock",Stock,NYSE American
ELOG,Eastern International Ltd. - Ordinary Shares,Stock,NASDAQ
BQ,Boqii Holding Limited Class A Ordinary Shares,Stock,NYSE American
GAUZ,Gauzy Ltd. - Ordinary Shares,Stock,NASDAQ
BGMS,"Bio Green Med Solution, Inc. - Common Stock",Stock,NASDAQ
TWAV,"TaoWeave, Inc. - Common Stock",Stock,NASDAQ
SNOA,"Sonoma Pharmaceuticals, Inc. - Common Stock",Stock,NASDAQ
AMBO,Ambow Education Holding Ltd. American Depository Shares (each representing twenty (20) Class A Ordinary Shares),Stock,NYSE American
KRKR,36Kr Holdings Inc. - American Depositary Shares,Stock,NASDAQ
NAMI,Jinxin Technology Holding Company - American Depositary Shares,Stock,NASDAQ
NVNO,enVVeno Medical Corporation - Common Stock,Stock,NASDAQ
ILAG,Intelligent Living Application Group Inc. - Ordinary Shares,Stock,NASDAQ
GURE,"Gulf Resources, Inc. - Common Stock",Stock,NASDAQ
ORKT,Orangekloud Technology Inc. - Class A Ordinary Shares,Stock,NASDAQ
NWTG,"Newton Golf Company, Inc. - Common Stock",Stock,NASDAQ
PULM,"Pulmatrix, Inc. - Common Stock",Stock,NASDAQ
BMGL,Basel Medical Group Ltd - ordinary shares,Stock,NASDAQ
GELS,Gelteq Limited - Ordinary Shares,Stock,NASDAQ
MRM,MEDIROM Healthcare Technologies Inc. - American Depositary Share,Stock,NASDAQ
ACXP,"Acurx Pharmaceuticals, Inc. - Common Stock",Stock,NASDAQ
GP,GreenPower Motor Company Inc. - Common Shares,Stock,NASDAQ
CXAI,CXApp Inc. - Class A Common Stock,Stock,NASDAQ
SONM,"DNA X, Inc. - Common Stock",Stock,NASDAQ
KAPA,"Kairos Pharma, Ltd. Common Stock",Stock,NYSE American
RENX,RenX Enterprises Corp. - Common Stock,Stock,NASDAQ
LCFY,Locafy Limited - Ordinary Share,Stock,NASDAQ
CDIO,Cardio Diagnostics Holdings Inc. - Common stock,Stock,NASDAQ
DKI,DarkIris Inc. - Class A Ordinary Shares,Stock,NASDAQ
CRE,Cre8 Enterprise Limited - Class A Ordinary Shares,Stock,NASDAQ
HCAI,"Huachen AI Parking Management Technology Holding Co., Ltd. - Class A Ordinary Shares",Stock,NASDAQ
MEGL,Magic Empire Global Limited - Class A Ordinary Shares,Stock,NASDAQ
GDC,GD Culture Group Limited - Common Stock,Stock,NASDAQ
DRMA,"Dermata Therapeutics, Inc. - Common Stock",Stock,NASDAQ
POLA,"Polar Power, Inc. - Common Stock",Stock,NASDAQ
INBS,Intelligent Bio Solutions Inc.  - Common Stock,Stock,NASDAQ
LIMN,"Liminatus Pharma, Inc. - Class A Common Stock",Stock,NASDAQ
XBIO,"Xenetic Biosciences, Inc. - Common Stock",Stock,NASDAQ
INLF,INLIF LIMITED - Class A Ordinary shares,Stock,NASDAQ
AIDX,"20/20 Biolabs, Inc. - Common Stock",Stock,NASDAQ
HKPD,"Cellyan Biotechnology Co., Ltd  - Class A Ordinary Shares",Stock,NASDAQ
RETO,"ReTo Eco-Solutions, Inc. - Class A Shares",Stock,NASDAQ
TRIB,Trinity Biotech plc - American Depositary Shares,Stock,NASDAQ
XTLB,XTL Biopharmaceuticals Ltd. - American Depositary Shares,Stock,NASDAQ
TAOP,Taoping Inc. - Ordinary Shares,Stock,NASDAQ
SVRE,SaverOne 2014 Ltd. - American Depositary Shares,Stock,NASDAQ
NCNA,NuCana plc - American Depositary Shares,Stock,NASDAQ
POAS,Phaos Technology Holdings (Cayman) Limited Class A Ordinary Shares,Stock,NYSE American
YCBD,"cbdMD, Inc. Common Stock",Stock,NYSE American
EHGO,Eshallgo Inc. - Class A Ordinary Shares,Stock,NASDAQ
XELB,"Xcel Brands, Inc - Common Stock",Stock,NASDAQ
TOPS,"TOP Ships, Inc. Common Stock",Stock,NYSE American
PCSA,"Processa Pharmaceuticals, Inc. - Common Stock",Stock,NASDAQ
CHNR,"China Natural Resources, Inc. - Common Shares",Stock,NASDAQ
CPOP,"Pop Culture Group Co., Ltd - Class A Ordinary Shares",Stock,NASDAQ
VMAR,Vision Marine Technologies Inc. - Common Shares,Stock,NASDAQ
FAMI,"Farmmi, Inc. - Class A Ordinary Shares",Stock,NASDAQ
YDKG,Yueda Digital Holding - Class A Ordinary Share,Stock,NASDAQ
MGN,Megan Holdings Limited - Class A Ordinary Shares,Stock,NASDAQ
AQB,"AquaBounty Technologies, Inc. - Common Stock",Stock,NASDAQ
OLB,"The OLB Group, Inc. - Common Stock",Stock,NASDAQ
EZGO,EZGO Technologies Ltd. - Ordinary Shares,Stock,NASDAQ
SNTG,Sentage Holdings Inc. - Class A Ordinary Shares,Stock,NASDAQ
BIAF,"bioAffinity Technologies, Inc. - Common Stock",Stock,NASDAQ
FRSX,Foresight Autonomous Holdings Ltd. - American Depositary Shares,Stock,NASDAQ
PMCB,"PharmaCyte  Biotech, Inc. - Common Stock",Stock,NASDAQ
RMSG,Real Messenger Corporation - Ordinary Shares,Stock,NASDAQ
SGLY,Singularity Future Technology Ltd. - Common Stock,Stock,NASDAQ
HYFM,"Hydrofarm Holdings Group, Inc. - Common Stock",Stock,NASDAQ
DXST,Decent Holding Inc. - Class A Ordinary Shares,Stock,NASDAQ
CANF,"Can-Fite Biopharma Ltd American Depositary Shares, each representing two (2) Ordinary Shares",Stock,NYSE American
ADXN,Addex Therapeutics Ltd - American Depositary Shares,Stock,NASDAQ
NTCL,NETCLASS TECHNOLOGY INC - Class A Ordinary Shares,Stock,NASDAQ
WBUY,WEBUY GLOBAL LTD. - Class A Ordinary Shares,Stock,NASDAQ
NCT,Intercont (Cayman) Limited - Class A Ordinary shares,Stock,NASDAQ
MTR,Mesa Royalty Trust Common Stock,Stock,NYSE
ONCO,"Onconetix, Inc.  - Common Stock",Stock,NASDAQ
GRI,"GRI Bio, Inc. - Common Stock",Stock,NASDAQ
AEMD,"Aethlon Medical, Inc. - Common Stock",Stock,NASDAQ
XPON,"Expion Energy, Inc. - Common Stock",Stock,NASDAQ
ADGM,"Adagio Medical Holdings, Inc - Common Stock",Stock,NASDAQ
NCRA,"Nocera, Inc. - common stock",Stock,NASDAQ
UZX,Linkage Global Inc - Class A Ordinary Shares,Stock,NASDAQ
ATXG,Addentax Group Corp. - Common Stock,Stock,NASDAQ
BRNX,BrenX Ltd. - Ordinary Shares,Stock,NASDAQ
HIHO,Highway Holdings Limited - Common Stock,Stock,NASDAQ
TGL,Treasure Global Inc. - Common Stock,Stock,NASDAQ
INTJ,Intelligent Group Limited - Class A Ordinary Shares,Stock,NASDAQ
AGRZ,Agroz Inc. - Class A Ordinary Shares,Stock,NASDAQ
SXTP,"60 Degrees Pharmaceuticals, Inc. - Common Stock",Stock,NASDAQ
CVKD,"Cadrenal Therapeutics, Inc. - Common Stock",Stock,NASDAQ
KUST,"Kustom Entertainment, Inc. - Common Stock",Stock,NASDAQ
BGLC,BioNexus Gene Lab Corp - Common stock,Stock,NASDAQ
MLEC,Moolec Science SA - Ordinary Shares,Stock,NASDAQ
BOXL,Boxlight Corporation - Class A Common Stock,Stock,NASDAQ
IBG,Innovation Beverage Group Limited - Ordinary Shares,Stock,NASDAQ
ERNA,Ernexa Therapeutics Inc. - Common Stock,Stock,NASDAQ
JAGX,"Jaguar Health, Inc. - Common Stock",Stock,NASDAQ
SCKT,"Socket Mobile, Inc. - Common Stock",Stock,NASDAQ
OMH,Ohmyhome Limited - Class A Ordinary Shares,Stock,NASDAQ
LABT,Lakewood-Amedex Biotherapeutics Inc. - Common Stock,Stock,NASDAQ
MBIO,"Mustang Bio, Inc. - Common Stock",Stock,NASDAQ
EJH,E-Home Household Service Holdings Limited - Ordinary shares,Stock,NASDAQ
CHR,"Cheer Holding, Inc.  - Class A Ordinary Share",Stock,NASDAQ
NIKI,"Niki BioSolutions, Inc. - Common Stock",Stock,NASDAQ
DAIC,"CID HoldCo, Inc. - Common Stock",Stock,NASDAQ
LGCL,Lucas GC Limited - Class A Ordinary Shares,Stock,NASDAQ
PAVS,Paranovus Entertainment Technology Ltd. - Class A Ordinary Shares,Stock,NASDAQ
CYAB,"Cyabra, Inc. - Common Stock",Stock,NASDAQ
DFSC,"DEFSEC Technologies Inc. - common stock, no R/S concurrent with offering",Stock,NASDAQ
IVDA,"Iveda Solutions, Inc. - Common Stock",Stock,NASDAQ
ABTS,Abits Group Inc - Ordinary Shares,Stock,NASDAQ
NXAT,Nexus Advanced Technologies Inc. - Ordinary Shares,Stock,NASDAQ
SNES,"SenesTech, Inc. - Common Stock",Stock,NASDAQ
CDTG,CDT Environmental Technology Investment Holdings Limited - ordinary shares,Stock,NASDAQ
ELAB,PMGC Holdings Inc. - Common Stock,Stock,NASDAQ
NXL,"Nexalin Technology, Inc. - Common Stock",Stock,NASDAQ
WLDS,Wearable Devices Ltd. - Ordinary Share,Stock,NASDAQ
YYAI,AiRWA Inc. - Common Stock,Stock,NASDAQ
ICON,Icon Energy Corp. - Common stock,Stock,NASDAQ
FMFC,Kandal M Venture Limited - Class A ordinary Shares,Stock,NASDAQ
CAPS,Capstone Holding Corp. - Common Stock,Stock,NASDAQ
HCWB,HCW Biologics Inc. - Common Stock,Stock,NASDAQ
GBR,"New Concept Energy, Inc Common Stock",Stock,NYSE American
BRTX,"BioRestorative Therapies, Inc. - Common Stock",Stock,NASDAQ
JUNS,"Jupiter Neurosciences, Inc. - Common Stock",Stock,NASDAQ
CETX,Cemtrex Inc. - Common Stock,Stock,NASDAQ
REVB,"Revelation Biosciences, Inc. - Common Stock",Stock,NASDAQ
APVO,Aptevo Therapeutics Inc. - Common Stock,Stock,NASDAQ
PRFX,PRF Technologies Ltd. - Ordinary Shares,Stock,NASDAQ
TOPP,Toppoint Holdings Inc. Common Stock,Stock,NYSE American
HUBC,Hub Cyber Security Ltd. - Ordinary Shares,Stock,NASDAQ
SXTC,"China SXT Pharmaceuticals, Inc. - Class A Ordinary Shares",Stock,NASDAQ
TRNR,Interactive Strength Inc. - Common Stock,Stock,NASDAQ
SBFM,Sunshine Biopharma Inc. - Common stock,Stock,NASDAQ
HTCR,"Heartcore Enterprises, Inc. - Common Stock",Stock,NASDAQ
LXEH,"Lixiang Education Holding Co., Ltd. - American Depositary Shares",Stock,NASDAQ
GOVX,"GeoVax Labs, Inc. - Common Stock",Stock,NASDAQ
RIME,"Algorhythm Holdings, Inc. - Common Stock",Stock,NASDAQ
FCUV,Focus Universal Inc. - Common Stock,Stock,NASDAQ
ISPC,iSpecimen Inc. - Common Stock,Stock,NASDAQ
MASK,3 E Network Technology Group Ltd - Class A Ordinary Shares,Stock,NASDAQ
RBNE,Robin Energy Ltd. - Common Stock,Stock,NASDAQ
CNEY,CN Energy Group Inc. - Class A Ordinary Shares,Stock,NASDAQ
IZM,ICZOOM Group Inc. - Class A Ordinary Shares,Stock,NASDAQ
XRTX,XORTX Therapeutics Inc. - Common Shares,Stock,NASDAQ
SILO,"Silo Pharma, Inc. - Common Stock",Stock,NASDAQ
CSAI,"Cloudastructure, Inc. - Class A Common Stock",Stock,NASDAQ
RDHL,Redhill Biopharma Ltd. - American Depositary Shares,Stock,NASDAQ
SPRC,SciSparc Ltd. - Ordinary Shares,Stock,NASDAQ
MKZR,"MacKenzie Realty Capital, Inc. - Common Stock",Stock,NASDAQ
RDGT,"Ridgetech, Inc. - Ordinary Shares",Stock,NASDAQ
VIVS,"VivoSim Labs, Inc. - Common Stock",Stock,NASDAQ
IPDN,"Professional Diversity Network, Inc. - Common Stock",Stock,NASDAQ
ELPW,Elong Power Holding Limited - Class A Ordinary Shares,Stock,NASDAQ
WHLR,"Wheeler Real Estate Investment Trust, Inc. - Common Stock",Stock,NASDAQ
CLDI,"Calidi Biotherapeutics, Inc. Common Stock",Stock,NYSE American
KITT,"Nauticus Robotics, Inc. - Common stock",Stock,NASDAQ
OCG,Oriental Culture Holding LTD - Ordinary Shares,Stock,NASDAQ
VVOS,"Vivos Therapeutics, Inc. - Common Stock",Stock,NASDAQ
XAIR,"Beyond Air, Inc. - Common Stock",Stock,NASDAQ
PMAX,Powell Max Limited - Class A Ordinary Shares,Stock,NASDAQ
TCRT,"Alaunos Therapeutics, Inc. - Common Stock",Stock,NASDAQ
AGMH,AGM Group Holdings Inc. - Class A Ordinary Shares,Stock,NASDAQ
VSME,VS Media Holdings Limited - Class A Ordinary Shares,Stock,NASDAQ
LESL,"Leslie's, Inc. - Common Stock",Stock,NASDAQ
DBGI,"Digital Brands Group, Inc. - Common Stock",Stock,NASDAQ
CHSN,Chanson International Holding - Class A Ordinary Shares,Stock,NASDAQ
CMND,Clearmind Medicine Inc. - Common Shares,Stock,NASDAQ
GNPX,"Genprex, Inc. - Common Stock",Stock,NASDAQ
VBIO,"Valion Bio, Inc. - Common stock",Stock,NASDAQ
IPST,"IP Strategy Holdings, Inc. - Common Stock",Stock,NASDAQ
CIIT,"Tianci International, Inc. - Common Stock",Stock,NASDAQ
ITP,"IT Tech Packaging, Inc. Common Stock",Stock,NYSE American
JEM,707 Cayman Holdings Limited - Ordinary Shares,Stock,NASDAQ
GVH,Globavend Holdings Limited - Ord Shares,Stock,NASDAQ
PW,Power REIT (MD) Common Stock,Stock,NYSE American
BKYI,"BIO-key International, Inc. - Common Stock",Stock,NASDAQ
ARTL,"Artelo Biosciences, Inc. - Common Stock",Stock,NASDAQ
PARA,"Banzai International, Inc. - Class A Common Stock",Stock,NASDAQ
NUWE,"Nuwellis, Inc. - Common Stock",Stock,NASDAQ
PPBT,Purple Biotech Ltd. - American Depositary Shares,Stock,NASDAQ
EDBL,Edible Garden AG Incorporated - Common Stock,Stock,NASDAQ
IVF,"INVO Fertility, Inc. - Common Stock",Stock,NASDAQ
CHGA,Change Agents Corporation  - Common Stock,Stock,NASDAQ
SHPH,"Shuttle Pharmaceuticals Holdings, Inc. - common stock",Stock,NASDAQ
FLYE,"Fly-E Group, Inc. - Common Stock",Stock,NASDAQ
GSUN,Golden Sun Technology Group Limited - Class A Ordinary Shares,Stock,NASDAQ
ATPC,Agape ATP Corporation - Common Stock,Stock,NASDAQ
ONFO,Onfolio Holdings Inc. - Common Stock,Stock,NASDAQ
JTAI,Jet.AI Inc. - Common Stock,Stock,NASDAQ
BYAH,"Park Ha Biological Technology Co., Ltd. - Class A Ordinary Shares",Stock,NASDAQ
OGEN,Oragenics Inc. Common Stock,Stock,NYSE American
EZRA,"Reliance Global Group, Inc. - Common Stock",Stock,NASDAQ
KIDZ,KIDZ AI Inc. - Class B Common Stock,Stock,NASDAQ
SQFT,"Presidio Property Trust, Inc. - Class A Common Stock",Stock,NASDAQ
NXTS,Nexentis Technologies Inc. - Common Stock,Stock,NASDAQ
GNLN,"Greenlane Holdings, Inc. - Class A Common Stock",Stock,NASDAQ
TNON,"Tenon Medical, Inc. - Common Stock",Stock,NASDAQ
RAYA,Erayak Power Solution Group Inc. - Class A Ordinary Shares,Stock,NASDAQ
DCOY,Decoy Therapeutics Inc. - Common Stock,Stock,NASDAQ
RUBI,Rubico Inc. - Common Stock,Stock,NASDAQ
CRIS,"Curis, Inc. - Common Stock",Stock,NASDAQ
GWAV,"Greenwave Technology Solutions, Inc. - Common Stock",Stock,NASDAQ
SHFS,"SHF Holdings, Inc. - Class A Common Stock",Stock,NASDAQ
PWCM,"PowerCompute, Inc. - Common Stock",Stock,NASDAQ
STKH,Steakholder Foods Ltd. - American Depositary Shares,Stock,NASDAQ
VRAX,Virax Biolabs Group Limited - Ordinary Shares,Stock,NASDAQ
SMTK,"SmartKem, Inc. - Common Stock",Stock,NASDAQ
GCTK,"GlucoTrack, Inc. - Common Stock",Stock,NASDAQ
WETO,Wetour Robotics Limited - Ordinary Shares,Stock,NASDAQ
BTLN,"Brightline Interactive, Inc. - Common Stock",Stock,NASDAQ
IMTE,Integrated Media Technology Limited - Ordinary Shares,Stock,NASDAQ
IMCC,IM Cannabis Corp. - Common Shares,Stock,NASDAQ
DXF,"Eason Technology Limited American Depositary Shares (each representing sixty-thousand (60,000) Ordinary Shares)",Stock,NYSE American
NXGL,"NexGel, Inc - Common Stock",Stock,NASDAQ
YHC,LQR House Inc. - Common Stock,Stock,NASDAQ
AKAN,Akanda Corp. - Common Shares,Stock,NASDAQ
SSM,Sono Group N.V. - Ordinary Shares,Stock,NASDAQ
DLXY,Delixy Holdings Limited - Class A Ordinary Shares,Stock,NASDAQ
MNDR,Mobile-health Network Solutions - Class A Ordinary Shares,Stock,NASDAQ
SDST,Stardust Power Inc. - Common Stock,Stock,NASDAQ
LNKS,Linkers Industries Limited - Class A Ordinary Shares,Stock,NASDAQ
VIVK,"Vivakor, Inc. - Common Stock",Stock,NASDAQ
IPW,iPower Inc. - Common Stock,Stock,NASDAQ
SLXN,Silexion Therapeutics Corp - Ordinary Shares,Stock,NASDAQ
PPCB,"Propanc Biopharma, Inc. - Common Stock",Stock,NASDAQ
OLOX,Olenox Industries Inc. - Common Stock,Stock,NASDAQ
MSS,Maison Solutions Inc. - Class A Common Stock,Stock,NASDAQ
SUGP,SU Group Holdings Limited - Class A Ordinary Shares,Stock,NASDAQ
BBLG,Bone Biologics Corp - Common Stock,Stock,NASDAQ
NIVF,NewGenIvf Group Limited - Class A Ordinary Shares,Stock,NASDAQ
EDVA,"Endovia Health Sciences, Inc. Common Stock",Stock,NYSE American
PFSA,"Profusa, Inc. - Common Stock",Stock,NASDAQ
FCHL,Fitness Champs Holdings Limited - Ordinary Shares,Stock,NASDAQ
OFAL,OFA Group - Class A Ordinary Shares,Stock,NASDAQ
ZNB,Zeta Network Group - Class A Ordinary Shares,Stock,NASDAQ
GIPR,Generation Income Properties Inc. - Common stock,Stock,NASDAQ
DRCT,"Direct Digital Holdings, Inc. - Class A Common Stock",Stock,NASDAQ
SGRX,SANGRIX INC. - Class A Ordinary Shares,Stock,NASDAQ
MYSZ,"My Size, Inc. - Common Stock",Stock,NASDAQ
CDT,CDT Equity Inc. - Common Stock,Stock,NASDAQ
JZ,Jianzhi Education Technology Group Company Limited - American Depositary Shares,Stock,NASDAQ
HAO,Haoxi Health Technology Limited - Class A Ord Share,Stock,NASDAQ
VCIG,VCI Global Limited - Ordinary Share,Stock,NASDAQ
SCNI,Scinai Immunotherapeutics Ltd. - American Depositary Shares,Stock,NASDAQ
AMZE,"Amaze Holdings, Inc. Common Stock",Stock,NYSE American
BJDX,"Bluejay Diagnostics, Inc. - Common Stock",Stock,NASDAQ
XXII,"22nd Century Group, Inc - Common Stock",Stock,NASDAQ
YMT,Yimutian Inc. - American Depositary Shares; each representing 25 Class A ordinary shares,Stock,NASDAQ
NEXR,Nexera Technologies Ltd - Ordinary Shares,Stock,NASDAQ
RKDA,"Arcadia Biosciences, Inc. - Common Stock",Stock,NASDAQ
BDRX,Biodexa Pharmaceuticals plc - American Depositary Shares,Stock,NASDAQ
RCON,"Recon Technology, Ltd. - Class A Ordinary Shares",Stock,NASDAQ
VTAK,"Catheter Precision, Inc. Common Stock",Stock,NYSE American
TRUG,"TruGolf Holdings, Inc. - Class A Common Stock",Stock,NASDAQ
MI,NFT Limited Class A Ordinary Share,Stock,NYSE American
FBGL,FBS Global Limited - Ordinary Shares,Stock,NASDAQ
LGHL,Lion Group Holding Ltd. - American Depositary Share,Stock,NASDAQ
CISS,C3is Inc. - Common Stock,Stock,NASDAQ
GMEX,GMEX ROBOTICS CORPORATION - Class A Ordinary Shares,Stock,NASDAQ
AIXI,XIAO-I Corporation - American Depositary Shares,Stock,NASDAQ
FRGT,"Freight Technologies, Inc. - Ordinary Shares",Stock,NASDAQ
MTNB,"Matinas Biopharma Holdings, Inc. Common Stock",Stock,NYSE American
DCX,Digital Currency X Technology Inc. - Class A Ordinary Shares,Stock,NASDAQ
FGL,Founder Group Limited - Class A Ordinary Shares,Stock,NASDAQ
CTNT,Cheetah Net Supply Chain Service Inc. - Class A Common Stock,Stock,NASDAQ
LBGJ,Li Bang International Corporation Inc. - Class A Ordinary Shares,Stock,NASDAQ
ADBT,"Advasa Holdings, Inc. - Common stock",Stock,NASDAQ
ADRX,"ADARx Pharmaceuticals, Inc. - Common stock",Stock,NASDAQ
ASTI,"Ascent Solar Technologies, Inc - Common Stock",Stock,NASDAQ
CDZIP,"Cadiz, Inc. - Depositary Shares",Stock,NASDAQ
CHW,Calamos Global Dynamic Income Fund - Closed End Fund,Stock,NASDAQ
DPU,Top KingWin Ltd - Class A Ordinary Shares,Stock,NASDAQ
EOCN,Eocene Ltd. - Ordinary Shares,Stock,NASDAQ
GAIN,Gladstone Investment Corporation - Business Development Company,Stock,NASDAQ
GSM,Ferroglobe PLC - Ordinary Shares,Stock,NASDAQ
LILAP,Liberty Latin America Ltd. - 9.0% Fixed Rate Cumulative Perpetual Redeemable Series A Preference Shares,Stock,NASDAQ
MNSBP,"MainStreet Bancshares, Inc. - Depositary Shares",Stock,NASDAQ
MRX,Marex Group Limited - Ordinary Shares,Stock,NASDAQ
PBM,Psyence Biomedical Ltd. - Common Shares,Stock,NASDAQ
PC,Premium Catering (Holdings) Limited - Ordinary Shares,Stock,NASDAQ
RGC,Regencell Bioscience Holdings Limited - Ordinary Shares,Stock,NASDAQ
WAFDP,"WaFd, Inc. - Depositary Shares",Stock,NASDAQ
AFB,AllianceBernstein National Municipal Income Fund Inc,Stock,NYSE
AGD,abrdn Global Dynamic Dividend Fund Common Shares of Beneficial Interest,Stock,NYSE
AIB,AIB Data Centers Inc. Common Stock,Stock,NYSE American
ARL,"American Realty Investors, Inc. Common Stock",Stock,NYSE
ASR,"Grupo Aeroportuario del Sureste, S.A. de C.V. Common Stock",Stock,NYSE
AVK,Advent Convertible and Income Fund,Stock,NYSE
BDL,"Flanigan's Enterprises, Inc. Common Stock",Stock,NYSE American
BGB,Blackstone Strategic Credit 2027 Term Fund Common Shares of Beneficial Interest,Stock,NYSE
BGH,Barings Global Short Duration High Yield Fund Common Shares of Beneficial Interests,Stock,NYSE
BHK,Blackrock Core Bond Trust,Stock,NYSE
BHV,BlackRock Virginia Municipal Bond Trust,Stock,NYSE
BLX,"Bladex, Inc. Class E Common Stock",Stock,NYSE
BME,Blackrock Health Sciences Trust,Stock,NYSE
BOE,Blackrock Enhanced Global Dividend Trust Common Shares of Beneficial Interest,Stock,NYSE
BPRE,Bluerock Private Real Estate Fund Common Shares of Beneficial Interest,Stock,NYSE
BSL,Blackstone Senior Floating Rate 2027 Term Fund Common Shares of Beneficial Interest,Stock,NYSE
BST,BlackRock Science and Technology Trust Common Shares of Beneficial Interest,Stock,NYSE
BTZ,BlackRock Credit Allocation Income Trust,Stock,NYSE
BWG,BrandywineGLOBAL Global Income Opportunities Fund Inc.,Stock,NYSE
CCU,"Compania Cervecerias Unidas, S.A. Common Stock",Stock,NYSE
CCZ,Comcast Holdings ZONES,Stock,NYSE
CEE,"The Central and Eastern Europe Fund, Inc. (The) Common Stock",Stock,NYSE
CET,Central Securities Corporation Common Stock,Stock,NYSE American
CIK,"UBS Asset Management Income Fund, Inc. Common Stock",Stock,NYSE American
CMC,Commercial Metals Company Common Stock,Stock,NYSE
CYD,China Yuchai International Limited Common Stock,Stock,NYSE
DAC,Danaos Corporation Common Stock,Stock,NYSE
DBL,DoubleLine Opportunistic Credit Fund Common Shares of Beneficial Interest,Stock,NYSE
DDT,Dillard's Capital Trust I,Stock,NYSE
DHY,UBS Asset Management High Yield Credit Fund Common Stock,Stock,NYSE American
DIT,AMCON Distributing Company Common Stock,Stock,NYSE American
DSS,"DSS, Inc. Common Stock",Stock,NYSE American
EBF,"Ennis, Inc. Common Stock",Stock,NYSE
EDD,"Morgan Stanley Emerging Markets Domestic Debt Fund, Inc. Common Stock",Stock,NYSE
EDN,Empresa Distribuidora Y Comercializadora Norte S.A. (Edenor) American Depositary Shares,Stock,NYSE
EFT,Eaton Vance Floating Rate Income Trust Common Shares of Beneficial Interest,Stock,NYSE
ELC,"Entergy Louisiana, Inc. Collateral Trust Mortgage Bonds, 4.875 % Series due September 1, 2066",Stock,NYSE
EMD,Western Asset Emerging Markets Debt Fund Inc Common Stock,Stock,NYSE
EMO,ClearBridge Energy Midstream Opportunity Fund Inc. Common Stock,Stock,NYSE
EOT,Eaton Vance Municipal Income Trust EATON VANCE NATIONAL MUNICIPAL OPPORTUNITIES TRUST,Stock,NYSE
ERH,Allspring Utilities and High Income Fund Common Shares,Stock,NYSE American
ETY,"Eaton Vance Tax-Managed Diversified Equity Income Fund Common Shares of Beneficial Interest,",Stock,NYSE
EVG,Eaton Vance Short Diversified Income Fund Eaton Vance Short Duration Diversified Income Fund Common Shares of Beneficial Interest,Stock,NYSE
EVV,Eaton Vance Limited Duration Income Fund Common Shares of Beneficial Interest,Stock,NYSE American
EXG,Eaton Vance Tax-Managed Global Diversified Equity Income Fund Common Shares of Beneficial Interest,Stock,NYSE
FC,Franklin Covey Company Common Stock,Stock,NYSE
FRA,Blackrock Floating Rate Income Strategies Fund Inc  Common Stock,Stock,NYSE
FT,Franklin Universal Trust Common Stock,Stock,NYSE
FTF,Franklin Limited Duration Income Trust Common Shares of Beneficial Interest,Stock,NYSE American
FTRA,FutureCorp Space Acquisition 1 Class A Ordinary Shares,Stock,NYSE
GDO,Western Asset Global Corporate Opportunity Fund Inc. Common Stock,Stock,NYSE
GGN,"GAMCO Global Gold, Natural Resources & Income Trust",Stock,NYSE American
GGZ,Gabelli Global Small and Mid Cap Value Trust (The) Common Shares of Beneficial Interest,Stock,NYSE
GJH,Synthetic Fixed-Income Securities Inc 6.375% (STRATS) Cl A-1,Stock,NYSE
GJO,"Synthetic Fixed-Income Securities, Inc. on behalf of STRATS(SM) Trust for Wal-Mart Stores, Inc. Securities, Series 2004-5",Stock,NYSE
GJP,"Synthetic Fixed-Income Securities, Inc. on behalf of STRATS (SM) Trust for Dominion Resources, Inc. Securities, Series 2005-6, Floating Rate Structured Repackaged Asset-Backed Trust Securities (STRATS) Certificates",Stock,NYSE
GJR,"Synthetic Fixed-Income Securities, Inc. STRATS Trust for Procter&Gamble Securities, Series 2006-1",Stock,NYSE
GJS,"Goldman Sachs Group Securities STRATS Trust for Goldman Sachs Group Securities, Series 2006-2",Stock,NYSE
GJT,"Synthetic Fixed-Income Securities, Inc. Floating Rate Structured Repackaged Asset-Backed Trust Securities Certificates, Series 2006-3",Stock,NYSE
GLO,Clough Global Opportunities Fund Common Stock,Stock,NYSE American
GLQ,Clough Global Equity Fund Clough Global Equity Fund Common Shares of Beneficial Interest,Stock,NYSE American
GSL,Global Ship Lease Inc New Class A Common Shares,Stock,NYSE
HIO,"Western Asset High Income Opportunity Fund, Inc. Common Stock",Stock,NYSE
HLSQ,Tessera Defense and Homeland Security Inc. Common Stock,Stock,NYSE American
HOST,Host Digital Inc. Class A Common Stock,Stock,NYSE American
HQH,abrdn Healthcare Investors Shares of Beneficial Interest,Stock,NYSE
HQL,abrdn Life Sciences Investors Shares of Beneficial Interest,Stock,NYSE
ICL,ICL Group Ltd. Ordinary Shares,Stock,NYSE
IDT,IDT Corporation Class B Common Stock,Stock,NYSE
IGA,Voya Global Advantage and Premium Opportunity Fund Common Shares of Beneficial Interest,Stock,NYSE
IHD,Voya Emerging Markets High Income Dividend Equity Fund Common Shares,Stock,NYSE
IMO,Imperial Oil Limited Common Stock,Stock,NYSE American
IQI,Invesco Quality Municipal Income Trust Common Stock,Stock,NYSE
ITT,ITT Inc. Common Stock ,Stock,NYSE
JBK,Lehman ABS 3.50 3.50% Adjustable Corp Backed Tr Certs GS Cap I,Stock,NYSE
JCE,Nuveen Core Equity Alpha Fund Common Shares of Beneficial Interest,Stock,NYSE
JFR,Nuveen Floating Rate Income Fund Common Stock,Stock,NYSE
JHI,John Hancock Investors Trust Common Stock,Stock,NYSE
JOF,Japan Smaller Capitalization Fund Inc Common Stock,Stock,NYSE
JQC,Nuveen Credit Strategies Income Fund Shares of Beneficial Interest,Stock,NYSE
JRS,Nuveen Real Estate Income Fund Common Shares of Beneficial Interest,Stock,NYSE
KEN,Kenon Holdings Ltd. Ordinary Shares,Stock,NYSE
KTN,Structured Products Corp 8.205% CorTS 8.205% Corporate Backed Trust Securities (CorTS),Stock,NYSE
LND,Brasilagro Brazilian Agric Real Estate Co Sponsored ADR (Brazil),Stock,NYSE
LTM,"LATAM Airlines Group S.A. American Depositary Shares (each representing two thousand (2,000) shares of Common Stock)",Stock,NYSE
MCY,Mercury General Corporation Common Stock,Stock,NYSE
MGF,Aberdeen Government Markets Income Fund Common Shares of Beneficial Interest,Stock,NYSE
MHD,"Blackrock MuniHoldings Fund, Inc. Common Stock",Stock,NYSE
MIN,Aberdeen Intermediate Income Fund Common Shares of Beneficial Interest,Stock,NYSE
MMD,NYLIM MacKay DefinedTerm Muni Opportunities Fund Common Shares,Stock,NYSE
MSB,Mesabi Trust Common Stock,Stock,NYSE
MSM,"MSC Industrial Direct Company, Inc. Common Stock",Stock,NYSE
MUJ,"Blackrock MuniHoldings New Jersey Quality Fund, Inc. Common Stock",Stock,NYSE
MWG,Multi Ways Holdings Limited Class A Ordinary Shares,Stock,NYSE American
MXC,Mexco Energy Corporation Common Stock,Stock,NYSE American
MYI,"Blackrock MuniYield Quality Fund III, Inc Common Stock",Stock,NYSE
NAC,Nuveen California Quality Municipal Income Fund,Stock,NYSE
NAZ,Nuveen Arizona Quality Municipal Income Fund Common Stock,Stock,NYSE
NBB,Nuveen Taxable Municipal Income Fund Common Shares of Beneficial Interest,Stock,NYSE
NBH,Neuberger Municipal Fund Inc. Common Stock,Stock,NYSE American
NCA,Nuveen California Municipal Value Fund,Stock,NYSE
NCV,Virtus Convertible & Income Fund Common Shares of Beneficial Interest,Stock,NYSE
NHS,Neuberger High Yield Strategies Fund Inc. Common Stock,Stock,NYSE American
NL,"NLI Holdings, Inc. Common Stock",Stock,NYSE
NMI,"Nuveen Municipal Income Fund, Inc. Common Stock",Stock,NYSE
NMT,Nuveen Massachusetts Quality Municipal Income Fund Common Stock,Stock,NYSE
NNY,Nuveen New York Municipal Value Fund Common Stock,Stock,NYSE
NRP,Natural Resource Partners LP Limited Partnership,Stock,NYSE
NXP,Nuveen Select Tax Free Income Portfolio Common Stock,Stock,NYSE
ODC,Oil-Dri Corporation Of America Common Stock,Stock,NYSE
OTAI,Starlink AI Acquisition Corporation Ordinary Shares,Stock,NYSE
PCQ,PIMCO California Municipal Income Fund Common Stock,Stock,NYSE
PDT,John Hancock Premium Dividend Fund,Stock,NYSE
PHI,PLDT Inc. Sponsored ADR,Stock,NYSE
PML,Pimco Municipal Income Fund II Common Shares of Beneficial Interest,Stock,NYSE
PMO,Franklin Municipal Opportunities Trust Shares of Beneficial Interest,Stock,NYSE
PMT,PennyMac Mortgage Investment Trust Common Shares of Beneficial Interest,Stock,NYSE
PPT,Franklin Premier Income Trust Shares of Beneficial Interest,Stock,NYSE
PSUS,"Pershing Square USA, Ltd. Common Shares",Stock,NYSE
PYT,PPlus Tr GSC-2 Tr Ctf Fltg Rate,Stock,NYSE
RCG,"RENN Fund, Inc Common Stock",Stock,NYSE American
SIF,"SIFCO Industries, Inc. Common Stock",Stock,NYSE American
SJT,San Juan Basin Royalty Trust Common Stock,Stock,NYSE
SOR,"Source Capital, Inc. Cmn Shs of BI",Stock,NYSE
TEO,Telecom Argentina SA,Stock,NYSE
THM,"International Tower Hill Mines, Ltd. Ordinary Shares (Canada)",Stock,NYSE American
TVC,Tennessee Valley Authority Common Stock,Stock,NYSE
TX,"Ternium S.A. Ternium S.A. American Depositary Shares (each representing ten shares, USD1.00 par value)",Stock,NYSE
USA,Liberty All-Star Equity Fund Common Stock,Stock,NYSE
UTF,"Cohen & Steers Infrastructure Fund, Inc Common Stock",Stock,NYSE
UUU,"Universal Safety Products, Inc. Common Stock",Stock,NYSE American
VGZ,Vista Gold Corp Common Stock,Stock,NYSE American
VII,Viking Acquisition Corp. II Class A Ordinary Shares,Stock,NYSE
VKQ,Invesco Municipal Trust Common Stock,Stock,NYSE
VLT,Invesco High Income Trust II,Stock,NYSE
VMO,Invesco Municipal Opportunity Trust Common Stock,Stock,NYSE
VPV,Invesco Pennsylvania Value Municipal Income Trust Common Stock (DE),Stock,NYSE
WDS,"Woodside Energy Group Limited American Depositary Shares, each representing one Ordinary Share",Stock,NYSE
WEA,Western Asset Bond Fund Share of Beneficial Interest,Stock,NYSE
WIW,Western Asset Inflation-Linked Opportunities & Income Fund,Stock,NYSE
WMK,"Weis Markets, Inc. Common Stock",Stock,NYSE
YRD,"Yiren Digital Ltd. American Depositary Shares, each representing two ordinary shares",Stock,NYSE
VTI,Vanguard Morningstar Total Stock Market ETF,ETF,NYSE Arca
VOO,Vanguard S&P 500 ETF,ETF,NYSE Arca
IVV,iShares Core S&P 500 ETF,ETF,NYSE Arca
SPY,State Street SPDR S&P 500 ETF Trust,ETF,NYSE Arca
VXUS,Vanguard Total International Stock ETF,ETF,NASDAQ
QQQ,"Invesco QQQ Trust, Series 1",ETF,NASDAQ
BND,Vanguard Total Bond Market ETF,ETF,NASDAQ
VUG,Vanguard Morningstar Growth ETF,ETF,NYSE Arca
VEA,Vanguard FTSE Developed Markets ETF,ETF,NYSE Arca
VTV,Vanguard Morningstar Value ETF,ETF,NYSE Arca
VO,Vanguard Morningstar Mid-Cap ETF,ETF,NYSE Arca
IEFA,iShares Core MSCI EAFE ETF,ETF,Cboe BZX
VB,Vanguard Morningstar Small-Cap ETF,ETF,NYSE Arca
VGT,Vanguard Information Tech ETF,ETF,NYSE Arca
VWO,Vanguard FTSE Emerging Markets ETF,ETF,NYSE Arca
IEMG,iShares Core MSCI Emerging Markets ETF,ETF,NYSE Arca
GLD,SPDR Gold Shares,ETF,NYSE Arca
AGG,iShares Core U.S. Aggregate Bond ETF,ETF,NYSE Arca
VIG,Vanguard Div Appreciation ETF,ETF,NYSE Arca
IWF,iShares Russell 1000 Growth Fund,ETF,NYSE Arca
IJH,iShares Core S&P Mid-Cap ETF,ETF,NYSE Arca
BNDX,Vanguard Total International Bond ETF,ETF,NASDAQ
XLK,State Street Technology Select Sector SPDR ETF,ETF,NYSE Arca
SCHD,Schwab US Dividend Equity ETF,ETF,NYSE Arca
IJR,iShares Core S&P Small-Cap ETF,ETF,NYSE Arca
SGOV,iShares 0-3 Month Treasury Bond ETF,ETF,NYSE
QQQM,Invesco NASDAQ 100 ETF,ETF,NASDAQ
VT,Vanguard Total World Stock Index ETF,ETF,NYSE Arca
RSP,Invesco S&P 500 Equal Weight ETF,ETF,NYSE Arca
VYM,Vanguard High Dividend Yield ETF,ETF,NYSE Arca
VEU,Vanguard FTSE All World Ex US ETF,ETF,NYSE Arca
ITOT,iShares Core S&P Total U.S. Stock Market ETF,ETF,NYSE Arca
VXF,Vanguard Extended Market ETF,ETF,NYSE Arca
IWD,iShares Russell 1000 Value ETF,ETF,NYSE Arca
IWM,iShares Russell 2000 Index Fund,ETF,NYSE Arca
EFA,iShares MSCI EAFE ETF,ETF,NYSE Arca
IVW,iShares S&P 500 Growth ETF,ETF,NYSE Arca
VV,Vanguard Morningstar Large-Cap ETF,ETF,NYSE Arca
SCHX,Schwab U.S. Large-Cap ETF,ETF,NYSE Arca
VTIP,Vanguard Short-Term Inflation-Protected Securities Index Fund ETF Shares,ETF,NASDAQ
VCIT,Vanguard Intermediate-Term Corporate Bond ETF,ETF,NASDAQ
BSV,Vanguard Short-Term Bond ETF,ETF,NYSE Arca
VNQ,Vanguard Real Estate ETF,ETF,NYSE Arca
SCHF,Schwab International Equity ETF,ETF,NYSE Arca
VBR,Vanguard Morningstar Small-Cap Value ETF,ETF,NYSE Arca
SMH,VanEck Semiconductor ETF,ETF,NASDAQ
IAU,iShares Gold Trust Shares,ETF,NYSE Arca
SCHG,Schwab U.S. Large-Cap Growth ETF,ETF,NYSE Arca
IBIT,iShares Bitcoin Trust ETF,ETF,NASDAQ
IXUS,iShares Core MSCI Total International Stock ETF,ETF,NASDAQ
IWR,iShares Russell Mid-Cap ETF,ETF,NYSE Arca
XLF,State Street Financial Select Sector SPDR ETF,ETF,NYSE Arca
SPYG,State Street SPDR Portfolio S&P 500 Growth ETF,ETF,NYSE Arca
VONG,Vanguard Russell 1000 Growth ETF,ETF,NASDAQ
BIV,Vanguard Intermediate-Term Bond ETF,ETF,NYSE Arca
VCSH,Vanguard Short-Term Corporate Bond ETF,ETF,NASDAQ
IVE,iShares S&P 500 Value ETF,ETF,NYSE Arca
DFAC,Dimensional U.S. Core Equity 2 ETF,ETF,NYSE Arca
VTEB,Vanguard Tax-Exempt Bond ETF,ETF,NYSE Arca
IWB,iShares Russell 1000 ETF,ETF,NYSE Arca
VGIT,Vanguard Intermediate-Term Treasury ETF,ETF,NASDAQ
QUAL,iShares MSCI USA Quality Factor ETF,ETF,Cboe BZX
TLT,iShares 20+ Year Treasury Bond ETF,ETF,NASDAQ
BIL,State Street SPDR Bloomberg 1-3 Month T-Bill ETF,ETF,NYSE Arca
JEPI,JPMorgan Equity Premium Income ETF,ETF,NYSE Arca
DIA,State Street SPDR Dow Jones Industrial Average ETF Trust,ETF,NYSE Arca
MUB,iShares National Muni Bond ETF,ETF,NYSE Arca
VBK,Vanguard Morningstar Small-Cap Growth ETF,ETF,NYSE Arca
SCHB,Schwab U.S. Broad Market ETF,ETF,NYSE Arca
XLV,State Street Health Care Select Sector SPDR ETF,ETF,NYSE Arca
IUSB,iShares Core Universal USD Bond ETF,ETF,NASDAQ
DGRO,iShares Core Dividend Growth ETF,ETF,NYSE Arca
SPDW,State Street SPDR Portfolio Developed World ex-US ETF,ETF,NYSE Arca
JEPQ,JPMorgan Nasdaq Equity Premium Income ETF,ETF,NASDAQ
IEF,iShares 7-10 Year Treasury Bond ETF,ETF,NASDAQ
GOVT,iShares U.S. Treasury Bond ETF,ETF,Cboe BZX
SOXX,iShares PHLX SOX Semiconductor Sector Index Fund,ETF,NASDAQ
XLE,State Street Energy Select Sector SPDR ETF,ETF,NYSE Arca
DYNF,iShares U.S. Equity Factor Rotation Active ETF,ETF,NYSE Arca
JPST,JPMorgan Ultra-Short Income ETF,ETF,NYSE Arca
MBB,iShares MBS ETF,ETF,NASDAQ
VGSH,Vanguard Short-Term Treasury ETF,ETF,NASDAQ
VGK,Vanguard FTSEEuropean ETF,ETF,NYSE Arca
VOE,Vanguard Morningstar Mid-Cap Value ETF,ETF,NYSE Arca
CGDV,Capital Group Dividend Value ETF,ETF,NYSE Arca
SPYV,State Street SPDR Portfolio S&P 500 Value ETF,ETF,NYSE Arca
TQQQ,ProShares UltraPro QQQ,ETF,NASDAQ
SLV,iShares Silver Trust,ETF,NYSE Arca
VOT,Vanguard Morningstar Mid-Cap Growth ETF,ETF,NYSE Arca
MGK,Vanguard Morningstar Mega Cap Growth ETF,ETF,NYSE Arca
IUSG,iShares Core S&P U.S. Growth ETF,ETF,NASDAQ
ACWI,iShares MSCI ACWI ETF,ETF,NASDAQ
GLDM,SPDR Gold MiniShares Trust,ETF,NYSE Arca
IDEV,iShares Core MSCI International Developed Markets ETF,ETF,NYSE Arca
LQD,iShares iBoxx $ Investment Grade Corporate Bond ETF,ETF,NYSE Arca
XLI,State Street Industrial Select Sector SPDR ETF,ETF,NYSE Arca
EFV,iShares MSCI EAFE Value ETF,ETF,Cboe BZX
EEM,iShares MSCI Emerging Index Fund,ETF,NYSE Arca
AVUV,Avantis U.S. Small Cap Value ETF,ETF,NYSE Arca
GDX,VanEck Gold Miners ETF,ETF,NYSE Arca
JAAA,Janus Henderson AAA CLO ETF,ETF,NYSE Arca
USHY,iShares Broad USD High Yield Corporate Bond ETF,ETF,Cboe BZX
FBND,Fidelity Total Bond ETF,ETF,NYSE Arca
AVEM,Avantis Emerging Markets Equity ETF,ETF,NYSE Arca
IUSV,iShares Core S&P U.S. Value ETF,ETF,NASDAQ
EWY,iShares MSCI South Korea ETF,ETF,NYSE Arca
FNDX,Schwab Fundamental U.S. Large Company ETF,ETF,NYSE Arca
VOOG,Vanguard S&P 500 Growth ETF,ETF,NYSE Arca
MDY,State Street SPDR S&P MIDCAP 400 ETF Trust,ETF,NYSE Arca
FNDF,Schwab Fundamental International Equity ETF,ETF,NYSE Arca
DRAM,Roundhill Memory ETF,ETF,Cboe BZX
SHY,iShares 1-3 Year Treasury Bond ETF,ETF,NASDAQ
RDVY,First Trust Rising Dividend Achievers ETF,ETF,NASDAQ
CGGR,Capital Group Growth ETF,ETF,NYSE Arca
IYW,iShares U.S. Technology ETF,ETF,NYSE Arca
EMXC,iShares MSCI Emerging Markets ex China ETF,ETF,NASDAQ
MTUM,iShares MSCI USA Momentum Factor ETF,ETF,Cboe BZX
USMV,iShares MSCI USA Min Vol Factor ETF,ETF,Cboe BZX
VONV,Vanguard Russell 1000 Value ETF,ETF,NASDAQ
DVY,iShares Select Dividend ETF,ETF,NASDAQ
IGSB,iShares 1-5 Year Investment Grade Corporate Bond ETF,ETF,NASDAQ
XLY,State Street Consumer Discretionary Select Sector SPDR ETF,ETF,NYSE Arca
VYMI,Vanguard International High Dividend Yield ETF,ETF,NASDAQ
EWJ,iShares MSCI Japan Index Fund,ETF,NYSE Arca
SCHA,Schwab U.S. Small-Cap ETF,ETF,NYSE Arca
XLC,State Street Communication Services Select Sector SPDR ETF,ETF,NYSE Arca
SPMO,Invesco S&P 500 Momentum ETF,ETF,NYSE Arca
DFIV,Dimensional International Value ETF,ETF,NYSE Arca
VHT,Vanguard Health Care ETF,ETF,NYSE Arca
XLU,State Street Utilities Select Sector SPDR ETF,ETF,NYSE Arca
SDY,State Street SPDR S&P Dividend ETF,ETF,NYSE Arca
AVLV,Avantis U.S. Large Cap Value ETF,ETF,NYSE Arca
DFUS,Dimensional U.S. Equity Market ETF,ETF,NYSE Arca
FTEC,Fidelity MSCI Information Technology Index ETF,ETF,NYSE Arca
SHV,iShares 0-1 Year Treasury Bond ETF,ETF,NYSE
AVDV,Avantis International Small Cap Value ETF,ETF,NYSE Arca
OEF,iShares S&P 100 Fund,ETF,NYSE Arca
IWV,iShares Russell 3000 Fund,ETF,NYSE Arca
COWZ,Pacer US Cash Cows 100 ETF,ETF,Cboe BZX
IWP,iShares Russell Midcap Growth ETF,ETF,NYSE Arca
SOXL,Direxion Daily Semiconductor Bull 3X ETF,ETF,NYSE Arca
BBJP,JPMorgan BetaBuilders Japan ETF,ETF,Cboe BZX
AVDE,Avantis International Equity ETF,ETF,NYSE Arca
SPHQ,Invesco S&P 500 Quality ETF,ETF,NYSE Arca
USFR,WisdomTree Floating Rate Treasury Fund,ETF,NYSE Arca
IGIB,iShares 5-10 Year Investment Grade Corporate Bond ETF,ETF,NASDAQ
PULS,PGIM Ultra Short Bond ETF,ETF,NYSE Arca
SPMD,State Street SPDR Portfolio S&P 400 Mid Cap ETF,ETF,NYSE Arca
DFAI,Dimensional International Core Equity Market ETF,ETF,NYSE Arca
ESGU,iShares ESG Aware MSCI USA ETF,ETF,NASDAQ
VTWO,Vanguard Russell 2000 ETF,ETF,NASDAQ
USIG,iShares Broad USD Investment Grade Corporate Bond ETF,ETF,NASDAQ
SPEM,State Street SPDR Portfolio Emerging Markets ETF,ETF,NYSE Arca
IEI,iShares 3-7 Year Treasury Bond ETF,ETF,NASDAQ
VMBS,Vanguard Mortgage-Backed Securities ETF,ETF,NASDAQ
MINT,PIMCO Enhanced Short Maturity Active Exchange-Traded Fund,ETF,NYSE Arca
DGRW,WisdomTree U.S. Quality Dividend Growth Fund,ETF,NASDAQ
EFG,iShares MSCI EAFE Growth ETF,ETF,Cboe BZX
SPSM,State Street SPDR Portfolio S&P 600 Small Cap ETF,ETF,NYSE Arca
BINC,iShares Flexible Income Active ETF,ETF,NYSE Arca
HYG,iShares iBoxx $ High Yield Corporate Bond ETF,ETF,NYSE Arca
CIBR,First Trust NASDAQ Cybersecurity ETF,ETF,NASDAQ
SCHP,Schwab U.S. TIPS ETF,ETF,NYSE Arca
STIP,iShares 0-5 Year TIPS Bond ETF,ETF,NYSE Arca
IWY,iShares Russell Top 200 Growth ETF,ETF,NYSE Arca
IGV,iShares Expanded Tech-Software Sector ETF,ETF,Cboe BZX
DFUV,Dimensional US Marketwide Value ETF,ETF,NYSE Arca
PYLD,PIMCO Multisector Bond Active Exchange-Traded Fund,ETF,NYSE Arca
SCHV,Schwab U.S. Large-Cap Value ETF,ETF,NYSE Arca
IWS,iShares Russell Mid-Cap Value ETF,ETF,NYSE Arca
DFAS,Dimensional U.S. Small Cap ETF,ETF,NYSE Arca
HDV,iShares Core High Dividend ETF,ETF,NYSE Arca
DFIC,Dimensional International Core Equity 2 ETF,ETF,Cboe BZX
GSLC,Goldman Sachs ActiveBeta U.S. Large Cap Equity ETF,ETF,NYSE Arca
VGLT,Vanguard Long-Term Treasury ETF,ETF,NASDAQ
SCHO,Schwab Short-Term U.S. Treasury ETF,ETF,NYSE Arca
TIP,iShares TIPS Bond ETF,ETF,NYSE Arca
EMB,iShares J.P. Morgan USD Emerging Markets Bond ETF,ETF,NASDAQ
IWO,iShares Russell 2000 Growth Fund,ETF,NYSE Arca
SCHM,Schwab U.S. Mid Cap ETF,ETF,NYSE Arca
VFH,Vanguard Financials ETF,ETF,NYSE Arca
DLCU,U.S. Large Company Portfolio: ETF Class Shares,ETF,NASDAQ
JCPB,JPMorgan Core Plus Bond ETF,ETF,NYSE Arca
XLP,State Street Consumer Staples Select Sector SPDR ETF,ETF,NYSE Arca
DFAT,Dimensional U.S. Targeted Value ETF,ETF,NYSE Arca
BOXX,Alpha Architect 1-3 Month Box ETF,ETF,Cboe BZX
VSS,Vanguard FTSE All-Wld ex-US SmCp Idx ETF,ETF,NYSE Arca
AVUS,Avantis U.S. Equity ETF,ETF,NYSE Arca
IWN,iShares Russell 2000 Value ETF,ETF,NYSE Arca
QQQI,NEOS Nasdaq 100 High Income ETF,ETF,NASDAQ
IQLT,iShares MSCI Intl Quality Factor ETF,ETF,NYSE Arca
SPTM,State Street SPDR Portfolio S&P 1500 Composite Stock Market ETF,ETF,NYSE Arca
QLD,ProShares Ultra QQQ,ETF,NYSE Arca
PVAL,Putnam Focused Large Cap Value ETF,ETF,NYSE Arca
BAI,iShares A.I. Innovation and Tech Active ETF,ETF,NYSE Arca
FIMU,Fidelity Intermediate Municipal Income ETF,ETF,NASDAQ
MGV,Vanguard Morningstar Mega Cap Value ETF,ETF,NYSE Arca
FBTC,Fidelity Wise Origin Bitcoin Fund,ETF,Cboe BZX
VPL,Vanguard FTSE Pacific ETF,ETF,NYSE Arca
ITA,iShares U.S. Aerospace & Defense ETF,ETF,Cboe BZX
ESGV,Vanguard ESG U.S. Stock ETF,ETF,Cboe BZX
PAVE,Global X U.S. Infrastructure Development ETF,ETF,Cboe BZX
SCHR,Schwab Intermediate-Term U.S. Treasury ETF,ETF,NYSE Arca
AMLP,Alerian MLP ETF,ETF,NYSE Arca
VDE,Vanguard Energy ETF,ETF,NYSE Arca
SCZ,iShares MSCI EAFE Small-Cap ETF,ETF,NASDAQ
SCHE,Schwab Emerging Markets Equity ETF,ETF,NYSE Arca
DFAU,Dimensional US Core Equity Market ETF,ETF,NYSE Arca
DUHP,Dimensional US High Profitability ETF,ETF,NYSE Arca
DFAX,Dimensional World ex U.S. Core Equity 2 ETF,ETF,NYSE Arca
ACWX,iShares MSCI ACWI ex U.S. ETF,ETF,NASDAQ
PAAA,PGIM AAA CLO ETF,ETF,NYSE Arca
MOAT,VanEck Morningstar Wide Moat ETF,ETF,Cboe BZX
ESGD,iShares ESG Aware MSCI EAFE ETF,ETF,NASDAQ
SPHY,State Street SPDR Portfolio High Yield Bond ETF,ETF,NYSE Arca
VONE,Vanguard Russell 1000 ETF,ETF,NASDAQ
CGGO,Capital Group Global Growth Equity ETF,ETF,NYSE Arca
GRID,First Trust NASDAQ Clean Edge Smart Grid Infrastructure Index Fund,ETF,NASDAQ
CGUS,Capital Group Core Equity ETF,ETF,NYSE Arca
NOBL,ProShares S&P 500 Dividend Aristocrats ETF,ETF,Cboe BZX
EWT,iShares MSCI Taiwan ETF,ETF,NYSE Arca
SPYI,NEOS S&P 500 High Income ETF,ETF,Cboe BZX
PBUS,Invesco MSCI USA ETF,ETF,Cboe BZX
SUB,iShares Short-Term National Muni Bond ETF,ETF,NYSE Arca
SPIB,State Street SPDR Portfolio Intermediate Term Corporate Bond ETF,ETF,NYSE Arca
SCHI,Schwab 5-10 Year Corporate Bond ETF,ETF,NYSE Arca
SDVY,First Trust SMID Cap Rising Dividend Achievers ETF,ETF,NASDAQ
DFCF,Dimensional Core Fixed Income ETF,ETF,NYSE Arca
FENI,Fidelity Enhanced International ETF,ETF,NYSE Arca
VBIL,Vanguard 0-3 Month Treasury Bill ETF,ETF,NASDAQ
XBI,State Street SPDR S&P Biotech ETF,ETF,NYSE Arca
IAGG,iShares International Aggregate Bond Fund,ETF,Cboe BZX
BBCA,JPMorgan BetaBuilders Canada ETF,ETF,Cboe BZX
JIRE,JPMorgan International Research Enhanced Equity ETF,ETF,NYSE Arca
SCHH,Schwab U.S. REIT ETF,ETF,NYSE Arca
SPTL,State Street SPDR Portfolio Long Term Treasury ETF,ETF,NYSE Arca
XLG,Invesco S&P 500 Top 50 ETF,ETF,NYSE Arca
TLH,iShares 10-20 Year Treasury Bond ETF,ETF,NYSE Arca
VFLO,VictoryShares Free Cash Flow ETF,ETF,NASDAQ
MGC,Vanguard Morningstar Mega Cap ETF,ETF,NYSE Arca
ONEQ,Fidelity Nasdaq Composite Index ETF,ETF,NASDAQ
IJK,iShares S&P Mid-Cap 400 Growth ETF,ETF,NYSE Arca
SPTI,State Street SPDR Portfolio Intermediate Term Treasury ETF,ETF,NYSE Arca
FLOT,iShares Floating Rate Bond ETF,ETF,Cboe BZX
JPIE,JPMorgan Income ETF,ETF,NYSE Arca
SCHZ,Schwab US Aggregate Bond ETF,ETF,NYSE Arca
IGM,iShares Expanded Tech Sector ETF,ETF,NYSE Arca
SPSB,State Street SPDR Portfolio Short Term Corporate Bond ETF,ETF,NYSE Arca
BUFR,FT Vest Laddered Buffer ETF,ETF,Cboe BZX
IGF,iShares Global Infrastructure ETF,ETF,NASDAQ
IBB,iShares Biotechnology ETF,ETF,NASDAQ
FDVV,Fidelity High Dividend ETF,ETF,NYSE Arca
FNDE,Schwab Fundamental Emerging Markets Equity ETF,ETF,NYSE Arca
GBTC,Grayscale Bitcoin Trust (BTC),ETF,NYSE Arca
SPAB,State Street SPDR Portfolio Aggregate Bond ETF,ETF,NYSE Arca
VUSB,Vanguard Ultra-Short Bond ETF,ETF,Cboe BZX
AIQ,Global X Artificial Intelligence & Technology ETF,ETF,NASDAQ
DFAE,Dimensional Emerging Core Equity Market ETF,ETF,NYSE Arca
VPU,Vanguard Utilities ETF,ETF,NYSE Arca
PRF,Invesco RAFI US 1000 ETF,ETF,NYSE Arca
RWL,Invesco S&P 500 Revenue ETF,ETF,NYSE Arca
EZU,iShares MSCI Eurozone ETF,ETF,Cboe BZX
JGRO,JPMorgan Active Growth ETF,ETF,NYSE Arca
VLUE,iShares MSCI USA Value Factor ETF,ETF,Cboe BZX
IXN,iShares Global Tech ETF,ETF,NYSE Arca
GDXJ,VanEck Junior Gold Miners ETF,ETF,NYSE Arca
DFEM,Dimensional Emerging Markets Core Equity 2 ETF,ETF,NYSE Arca
VCLT,Vanguard Long-Term Corporate Bond ETF,ETF,NASDAQ
VIGI,Vanguard International Dividend Appreciation ETF,ETF,NASDAQ
AIRR,First Trust RBA American Industrial Renaissance ETF,ETF,NASDAQ
BBEU,JPMorgan BetaBuilders Europe ETF,ETF,Cboe BZX
DBEF,Xtrackers MSCI EAFE Hedged Equity ETF,ETF,NYSE Arca
IEUR,iShares Core MSCI Europe ETF,ETF,NYSE Arca
VDC,Vanguard Consumer Staples ETF,ETF,NYSE Arca
BBUS,JPMorgan BetaBuilders U.S. Equity ETF,ETF,Cboe BZX
IOO,iShares Global 100 ETF,ETF,NYSE Arca
FNDA,Schwab Fundamental U.S. Small Company ETF,ETF,NYSE Arca
SSO,ProShares Ultra S&P500,ETF,NYSE Arca
IJJ,iShares S&P Mid-Cap 400 Value ETF,ETF,NYSE Arca
XLB,State Street Materials Select Sector SPDR ETF,ETF,NYSE Arca
JMUB,JPMorgan Municipal ETF,ETF,NYSE Arca
JQUA,JPMorgan U.S. Quality Factor ETF,ETF,NYSE Arca
IDV,iShares International Select Dividend ETF,ETF,Cboe BZX
JBND,JPMorgan Active Bond ETF,ETF,NYSE
ICSH,iShares Ultra Short Duration Bond Active ETF,ETF,Cboe BZX
ETHA,iShares Ethereum Trust ETF,ETF,NASDAQ
CGCP,Capital Group Core Plus Income ETF,ETF,NYSE Arca
BOND,PIMCO Active Bond Exchange-Traded Fund Exchange-Traded Fund,ETF,NYSE
VIS,Vanguard Industrials ETF,ETF,NYSE Arca
FELC,Fidelity Enhanced Large Cap Core ETF,ETF,NYSE Arca
COPX,Global X Copper Miners ETF,ETF,NYSE Arca
TCAF,T. Rowe Price Capital Appreciation Equity ETF,ETF,NYSE Arca
CORO,iShares International Country Rotation Active ETF,ETF,NASDAQ
BLV,Vanguard Long-Term Bond ETF,ETF,NYSE Arca
DFSV,Dimensional US Small Cap Value ETF,ETF,NYSE Arca
QYLD,Global X NASDAQ 100 Covered Call ETF,ETF,NASDAQ
XLRE,State Street Real Estate Select Sector SPDR ETF,ETF,NYSE Arca
IJS,iShares S&P SmallCap 600 Value ETF,ETF,NYSE Arca
FMDE,Fidelity Enhanced Mid Cap Core ETF,ETF,NYSE Arca
URTH,iShares MSCI World ETF,ETF,NYSE Arca
IJT,iShares S&P SmallCap 600 Growth ETF,ETF,NASDAQ
FVD,First Trust VL Dividend,ETF,NYSE Arca
EWZ,iShares MSCI Brazil ETF,ETF,NYSE Arca
IAUM,iShares Gold Trust Micro Shares,ETF,NYSE Arca
FDL,First Trust Morningstar ETF,ETF,NYSE Arca
PPA,Invesco Aerospace & Defense ETF,ETF,NYSE Arca
DIVO,Amplify CWP Enhanced Dividend Income ETF,ETF,NYSE Arca
FTCS,First Trust Capital Strength ETF,ETF,NASDAQ
ICVT,iShares Convertible Bond ETF,ETF,Cboe BZX
SHYG,iShares 0-5 Year High Yield Corporate Bond ETF,ETF,NYSE Arca
SGOL,abrdn Physical Gold Shares ETF,ETF,NYSE Arca
VCRB,Vanguard Core Bond ETF,ETF,NASDAQ
CGBL,Capital Group Core Balanced ETF,ETF,NYSE Arca
SPYD,State Street SPDR Portfolio S&P 500 High Dividend ETF,ETF,NYSE Arca
GBIL,Goldman Sachs Access Treasury 0-1 Year ETF,ETF,NYSE Arca
HEFA,iShares Currency Hedged MSCI EAFE ETF,ETF,Cboe BZX
JMST,JPMorgan Ultra-Short Municipal Income ETF,ETF,NYSE Arca
DXJ,WisdomTree Japan Hedged Equity Fund,ETF,NYSE Arca
FBCG,Fidelity Blue Chip Growth ETF,ETF,Cboe BZX
GUNR,Northern Trust Morningstar Global Upstream Natural Resources ETF,ETF,NYSE Arca
XMMO,Invesco S&P MidCap Momentum ETF,ETF,NYSE Arca
DFSD,Dimensional Short-Duration Fixed Income ETF,ETF,NYSE Arca
SPTS,State Street SPDR Portfolio Short Term Treasury ETF,ETF,NYSE Arca
PDBC,Invesco Optimum Yield Diversified Commodity Strategy No K-1 ETF,ETF,NASDAQ
SHLD,Global X Defense Tech ETF,ETF,NYSE Arca
TBIL,F/m US Treasury 3 Month Bill Fund,ETF,NASDAQ
SPMB,State Street SPDR Portfolio Mortgage Backed Bond ETF,ETF,NYSE Arca
SPLV,Invesco S&P 500 Low Volatility ETF,ETF,NYSE Arca
DFLV,Dimensional US Large Cap Value ETF,ETF,NYSE Arca
JAVA,JPMorgan Active Value ETF,ETF,NYSE Arca
VOOV,Vanguard S&P 500 Value ETF,ETF,NYSE Arca
JNK,State Street SPDR Bloomberg High Yield Bond ETF,ETF,NYSE Arca
SPXL,Direxion Daily S&P 500 Bull 3X ETF,ETF,NYSE Arca
ESGE,iShares ESG Aware MSCI EM ETF,ETF,NASDAQ
BBAX,JPMorgan BetaBuilders Developed Asia Pacific-ex Japan ETF,ETF,Cboe BZX
JMTG,JPMorgan Mortgage-Backed Securities ETF,ETF,NYSE Arca
VWOB,Vanguard Emerging Markets Government Bond ETF,ETF,NASDAQ
EWC,iShares MSCI Canada Index Fund,ETF,NYSE Arca
VSGX,Vanguard ESG International Stock ETF,ETF,Cboe BZX
THRO,iShares U.S. Thematic Rotation Active ETF,ETF,NYSE Arca
KBWB,Invesco KBW Bank ETF,ETF,NASDAQ
BBIN,JPMorgan BetaBuilders International Equity ETF,ETF,Cboe BZX
CGXU,Capital Group International Focus Equity ETF,ETF,NYSE Arca
INDA,iShares MSCI India ETF,ETF,Cboe BZX
BKLN,Invesco Senior Loan ETF,ETF,NYSE Arca
BLCR,iShares Large Cap Core Active ETF,ETF,NASDAQ
JMBS,Janus Henderson Mortgage-Backed Securities ETF,ETF,NYSE Arca
TFLO,iShares Treasury Floating Rate Bond ETF,ETF,NYSE Arca
CGMU,Capital Group Municipal Income ETF,ETF,NYSE Arca
VCR,Vanguard Consumer Discretion ETF,ETF,NYSE Arca
JGLO,JPMorgan Global Select Equity ETF,ETF,NASDAQ
SMBS,Schwab Mortgage-Backed Securities ETF,ETF,NYSE Arca
DIHP,Dimensional International High Profitability ETF,ETF,Cboe BZX
FTSM,First Trust Enhanced Short Maturity ETF,ETF,NASDAQ
CGCB,Capital Group Core Bond ETF,ETF,NYSE Arca
FESM,Fidelity Enhanced Small Cap Core ETF,ETF,NYSE Arca
LMBS,First Trust Low Duration Opportunities ETF,ETF,NASDAQ
VIOO,Vanguard S&P Small-Cap 600 ETF,ETF,NYSE Arca
ARKK,ARK Innovation ETF,ETF,Cboe BZX
URA,Global X Uranium ETF,ETF,NYSE Arca
VTHR,Vanguard Russell 3000 ETF,ETF,NASDAQ
MCHI,iShares MSCI China ETF,ETF,NASDAQ
DLN,WisdomTree U.S. LargeCap Dividend Fund,ETF,NYSE Arca
GSIE,Goldman Sachs ActiveBeta International Equity ETF,ETF,NYSE Arca
JHMM,John Hancock Multifactor Mid Cap ETF,ETF,NYSE Arca
RECS,Columbia Research Enhanced Core ETF,ETF,NYSE Arca
EVTR,Eaton Vance Total Return Bond ETF,ETF,NYSE
DFIS,Dimensional International Small Cap ETF,ETF,Cboe BZX
TECL,Direxion Daily Technology Bull 3X ETF,ETF,NYSE Arca
VOX,Vanguard Communication Services  ETF,ETF,NYSE Arca
RSPT,Invesco S&P 500 Equal Weight Technology ETF,ETF,NYSE Arca
LVHI,Franklin International Low Volatility High Dividend Index ETF,ETF,Cboe BZX
IVOO,Vanguard S&P Mid-Cap 400 ETF,ETF,NYSE Arca
SCHK,Schwab 1000 Index ETF,ETF,NYSE Arca
XAR,State Street SPDR S&P Aerospace & Defense ETF,ETF,NYSE Arca
SCHC,Schwab International Small-Cap Equity ETF,ETF,NYSE Arca
BKLC,BNY Mellon US Large Cap Core Equity ETF,ETF,NYSE Arca
IALT,iShares Systematic Alternatives Active ETF,ETF,NASDAQ
CGDG,Capital Group Dividend Growers ETF,ETF,NYSE Arca
FELG,Fidelity Enhanced Large Cap Growth ETF,ETF,NYSE Arca
GPIQ,Goldman Sachs Nasdaq-100 Premium Income ETF,ETF,NASDAQ
CWB,State Street SPDR Bloomberg Convertible Securities ETF,ETF,NYSE Arca
GPIX,Goldman Sachs S&P 500 Premium Income ETF,ETF,NASDAQ
XMHQ,Invesco S&P MidCap Quality ETF,ETF,NYSE Arca
QTUM,Defiance Quantum ETF,ETF,NASDAQ
EFAV,iShares MSCI EAFE Min Vol Factor ETF,ETF,Cboe BZX
DSI,iShares ESG MSCI KLD 400 ETF,ETF,NYSE Arca
SRLN,State Street Blackstone Senior Loan ETF,ETF,NYSE Arca
UPRO,ProShares UltraPro S&P 500,ETF,NYSE Arca
CGMS,Capital Group U.S. Multi-Sector Income ETF,ETF,NYSE Arca
FDN,First Trust DJ Internet Index Fund,ETF,NYSE Arca
AKRE,Akre Focus ETF,ETF,NYSE Arca
DISV,Dimensional International Small Cap Value ETF,ETF,Cboe BZX
SIL,Global X Silver Miners ETF,ETF,NYSE Arca
QLTY,GMO U.S. Quality ETF,ETF,NYSE Arca
AIA,iShares Asia 50 ETF,ETF,NASDAQ
GNR,State Street SPDR S&P Global Natural Resources ETF,ETF,NYSE Arca
NEAR,iShares Short Duration Bond Active ETF,ETF,Cboe BZX
EMLC,VanEck J. P. Morgan EM Local Currency Bond ET,ETF,NYSE Arca
KWEB,KraneShares CSI China Internet ETF,ETF,NYSE Arca
ISTB,iShares Core 1-5 Year USD Bond ETF,ETF,NASDAQ
EAGG,iShares ESG Aware U.S. Aggregate Bond ETF,ETF,NYSE Arca
USMC,Principal U.S. Mega-Cap ETF,ETF,NASDAQ
SLYV,State Street SPDR S&P 600 Small Cap Value ETF,ETF,NYSE Arca
SLYG,State Street SPDR S&P 600 Small Cap Growth ETF,ETF,NYSE Arca
REET,iShares Global REIT ETF,ETF,NYSE Arca
XME,State Street SPDR S&P Metals & Mining ETF,ETF,NYSE Arca
SIVR,abrdn Physical Silver Shares ETF,ETF,NYSE Arca
BTC,Grayscale Bitcoin Mini Trust (BTC),ETF,NYSE Arca
SJNK,State Street SPDR Bloomberg Short Term High Yield Bond ETF,ETF,NYSE Arca
OMFL,Invesco Russell 1000 Dynamic Multifactor ETF,ETF,Cboe BZX
EAGL,Eagle Capital Select Equity ETF,ETF,NYSE Arca
HELO,JPMorgan Hedged Equity Laddered Overlay ETF,ETF,NYSE Arca
QTEC,First Trust NASDAQ-100-Technology Sector Index Fund,ETF,NASDAQ
FSEC,Fidelity Investment Grade Securitized ETF,ETF,NYSE Arca
CMF,iShares California Muni Bond ETF,ETF,NYSE Arca
IVLU,iShares MSCI Intl Value Factor ETF,ETF,NYSE Arca
USRT,iShares Core U.S. REIT ETF,ETF,NYSE Arca
BSCR,Invesco BulletShares 2027 Corporate Bond ETF,ETF,NASDAQ
JTEK,JPMorgan U.S. Tech Leaders ETF,ETF,NASDAQ
VAW,Vanguard Materials ETF,ETF,NYSE Arca
TSPA,T. Rowe Price U.S. Equity Research ETF,ETF,NYSE Arca
GRNY,Fundstrat Granny Shots US Large Cap ETF,ETF,NYSE Arca
FEZ,State Street SPDR EURO STOXX 50 ETF,ETF,NYSE Arca
TDIV,First Trust NASDAQ Technology Dividend Index Fund,ETF,NASDAQ
IDEF,iShares Defense Industrials and Tech Active ETF,ETF,NASDAQ
HGER,Harbor Commodity All-Weather Strategy ETF,ETF,NYSE
IYR,iShares U.S. Real Estate ETF,ETF,NYSE Arca
FREI,Fidelity Real Estate Income ETF,ETF,NASDAQ
HYD,VanEck High Yield Muni ETF,ETF,Cboe BZX
IDMO,Invesco S&P International Developed Momentum ETF,ETF,NYSE Arca
IYF,iShares U.S. Financial ETF,ETF,NYSE Arca
IXJ,iShares Global Healthcare ETF,ETF,NYSE Arca
MAGS,Roundhill Magnificent Seven ETF,ETF,Cboe BZX
SMLF,iShares U.S. Small-Cap Equity Factor ETF,ETF,NYSE Arca
IMTM,iShares MSCI Intl Momentum Factor ETF,ETF,NYSE Arca
EUFN,iShares MSCI Europe Financials ETF,ETF,NASDAQ
PZA,Invesco National AMT-Free Municipal Bond ETFo,ETF,NYSE Arca
FXI,iShares China Large-Cap ETF,ETF,NYSE Arca
IFRA,iShares U.S. Infrastructure ETF,ETF,Cboe BZX
DEM,WisdomTree Emerging Markets High Dividend Fund,ETF,NYSE Arca
SCMB,Schwab Municipal Bond ETF,ETF,NYSE Arca
NLR,VanEck Uranium and Nuclear ETF,ETF,NYSE Arca
EMLP,First Trust North American Energy Infrastructure Fund,ETF,NYSE Arca
EDV,Vanguard Extended Duration Treasury ETF,ETF,NYSE Arca
SILJ,Amplify Junior Silver Miners ETF,ETF,NYSE Arca
SUSA,iShares ESG Optimized MSCI USA ETF,ETF,NYSE Arca
FLJP,Franklin FTSE Japan ETF,ETF,NYSE Arca
DBMF,iMGP DBi Managed Futures Strategy ETF,ETF,NYSE Arca
IMCG,iShares Morningstar Mid-Cap Growth ETF,ETF,NYSE Arca
IBDT,iShares iBonds Dec 2028 Term Corporate ETF,ETF,NYSE Arca
MSLC,Morgan Stanley Pathway Large Cap Equity ETF,ETF,NYSE Arca
JPLD,JPMorgan Limited Duration Bond ETF,ETF,NYSE Arca
DON,WisdomTree U.S. MidCap Dividend Fund,ETF,NYSE Arca
KRE,State Street SPDR S&P Regional Banking ETF,ETF,NYSE Arca
XOP,State Street SPDR S&P Oil & Gas Exploration & Production ETF,ETF,NYSE Arca
IWX,iShares Russell Top 200 Value ETF,ETF,NYSE Arca
XT,iShares Future Exponential Technologies ETF,ETF,NASDAQ
ARTY,iShares Future AI & Tech ETF,ETF,NYSE Arca
IBDU,iShares iBonds Dec 2029 Term Corporate ETF,ETF,NYSE Arca
CALF,Pacer US Small Cap Cash Cows ETF,ETF,Cboe BZX
TOTL,State Street DoubleLine Total Return Tactical ETF,ETF,NYSE Arca
NVDL,GraniteShares 2x Long NVDA Daily ETF,ETF,NASDAQ
IBDS,iShares iBonds Dec 2027 Term Corporate ETF,ETF,NYSE Arca
MUU,Direxion Daily MU Bull 2X ETF,ETF,NASDAQ
GSY,Invesco Ultra Short Duration ETF,ETF,NYSE Arca
JIVE,JPMorgan International Value ETF,ETF,NASDAQ
BILS,State Street SPDR Bloomberg 3-12 Month T-Bill ETF,ETF,NYSE Arca
AAXJ,iShares MSCI All Country Asia ex Japan ETF,ETF,NASDAQ
IYH,iShares U.S. Healthcare ETF,ETF,NYSE Arca
TSLL,Direxion Daily TSLA Bull 2X ETF,ETF,NASDAQ
ILF,iShares Latin America 40 ETF,ETF,NYSE Arca
SMMD,iShares Russell 2500 ETF,ETF,Cboe BZX
DFGR,Dimensional Global Real Estate ETF,ETF,NYSE Arca
FV,First Trust Dorsey Wright Focus 5 ETF,ETF,NASDAQ
GVI,iShares Intermediate Government/Credit Bond ETF,ETF,Cboe BZX
EWU,iShares MSCI United Kingdom ETF,ETF,NYSE Arca
INTF,iShares International Equity Factor ETF,ETF,NYSE Arca
VNQI,Vanguard Global ex-U.S. Real Estate ETF,ETF,NASDAQ
AOR,iShares Core 60/40 Balanced Allocation ETF,ETF,NYSE Arca
FLTW,Franklin FTSE Taiwan ETF,ETF,NYSE Arca
RDVI,FT Vest Rising Dividend Achievers Target Income ETF,ETF,Cboe BZX
CGMM,Capital Group U.S. Small and Mid Cap ETF,ETF,NYSE Arca
LRGF,iShares U.S. Equity Factor ETF,ETF,NYSE Arca
MLPX,Global X MLP & Energy Infrastructure ETF,ETF,NYSE Arca
EEMV,iShares MSCI Emerging Markets Min Vol Factor ETF,ETF,Cboe BZX
FLXR,TCW Flexible Income ETF,ETF,NYSE
GCOW,Pacer Global Cash Cows Dividend ETF,ETF,Cboe BZX
HYLB,Xtrackers USD High Yield Corporate Bond ETF,ETF,NYSE Arca
DFGP,Dimensional Global Core Plus Fixed Income ETF,ETF,NASDAQ
USCA,Xtrackers MSCI USA Climate Action Equity ETF,ETF,NYSE Arca
SHM,State Street SPDR Nuveen ICE Short Term Municipal Bond ETF,ETF,NYSE Arca
BSCS,Invesco BulletShares 2028 Corporate Bond ETF,ETF,NASDAQ
DCOR,Dimensional US Core Equity 1 ETF,ETF,NYSE Arca
FHLC,Fidelity MSCI Health Care Index ETF,ETF,NYSE Arca
IHI,iShares U.S. Medical Devices ETF,ETF,NYSE Arca
BSCQ,Invesco BulletShares 2026 Corporate Bond ETF,ETF,NASDAQ
FRDM,Freedom 100 Emerging Markets ETF,ETF,Cboe BZX
BOTZ,Global X Robotics & Artificial Intelligence ETF,ETF,NASDAQ
HYMB,State Street SPDR Nuveen ICE High Yield Municipal Bond ETF,ETF,NYSE Arca
VNLA,Janus Henderson Short Duration Income ETF,ETF,NYSE Arca
SPHD,Invesco S&P 500 High Dividend Low Volatility ETF,ETF,NYSE Arca
KNG,FT Vest S&P 500 Dividend Aristocrats Target Income ETF,ETF,Cboe BZX
ACWV,iShares MSCI Global Min Vol Factor ETF,ETF,Cboe BZX
FELV,Fidelity Enhanced Large Cap Value ETF,ETF,NYSE Arca
SKYY,First Trust Cloud Computing ETF,ETF,NASDAQ
BCI,abrdn Bloomberg All Commodity Strategy K-1 Free ETF,ETF,NYSE Arca
PTLC,Pacer Trendpilot US Large Cap ETF,ETF,Cboe BZX
XYLD,Global X S&P 500 Covered Call ETF,ETF,NYSE Arca
GSUS,Goldman Sachs MarketBeta U.S. Equity ETF,ETF,Cboe BZX
IBDV,iShares iBonds Dec 2030 Term Corporate ETF,ETF,NYSE Arca
VTEC,Vanguard California Tax-Exempt Bond ETF,ETF,Cboe BZX
WTV,WisdomTree U.S. Value Fund,ETF,NYSE Arca
CGHM,Capital Group Municipal High-Income ETF,ETF,NYSE Arca
IBDR,iShares iBonds Dec 2026 Term Corporate ETF,ETF,NYSE Arca
AOA,iShares Core 80/20 Aggressive Allocation ETF,ETF,NYSE Arca
UCON,First Trust Smith Unconstrained Bond ETF,ETF,NYSE Arca
FTGC,First Trust Global Tactical Commodity Strategy Fund,ETF,NASDAQ
BULZ,MicroSectors FANG & Innovation 3x Leveraged ETN,ETF,NYSE Arca
FIXD,First Trust Smith Opportunistic Fixed Income ETF,ETF,NASDAQ
FLTR,VanEck IG Floating Rate ETF,ETF,NYSE Arca
FWD,AB Disruptors ETF,ETF,NYSE Arca
ANGL,VanEck Fallen Angel High Yield Bond ETF,ETF,NASDAQ
FNDC,Schwab Fundamental International Small Equity ETF,ETF,NYSE Arca
MUNI,PIMCO Intermediate Municipal Bond Active Exchange-Traded Fund,ETF,NYSE Arca
ILCG,iShares Morningstar Large-Cap Growth ETF,ETF,NYSE Arca
SPUS,SP Funds S&P 500 Sharia Industry Exclusions ETF,ETF,NYSE Arca
CGGE,Capital Group Global Equity ETF,ETF,NYSE Arca
BHYB,Xtrackers USD High Yield BB-B ex Financials ETF,ETF,Cboe BZX
AVSC,Avantis U.S Small Cap Equity ETF,ETF,NYSE Arca
BDYN,iShares Dynamic Equity Active ETF,ETF,NASDAQ
NULG,Nuveen ESG Large-Cap Growth ETF,ETF,Cboe BZX
NFRA,Northern Trust STOXX Global Broad Infrastructure ETF,ETF,NYSE Arca
CQQQ,Invesco China Technology ETF,ETF,NYSE Arca
FLCB,Franklin U.S. Core Bond ETF,ETF,NYSE Arca
GGOV,iShares Global Government Bond USD Hedged Active ETF,ETF,NYSE Arca
TFI,State Street SPDR Nuveen ICE Municipal Bond ETF,ETF,NYSE Arca
IYY,iShares Dow Jones U.S. ETF,ETF,NYSE Arca
HACK,Amplify Cybersecurity ETF,ETF,NYSE Arca
PXF,Invesco RAFI Developed Markets ex-U.S. ETF,ETF,NYSE Arca
SMTH,ALPS Smith Core Plus Bond ETF,ETF,NYSE Arca
CGNG,Capital Group New Geography Equity ETF,ETF,NYSE Arca
QGRW,WisdomTree U.S. Quality Growth Fund,ETF,NYSE Arca
ESML,iShares ESG Aware MSCI USA Small-Cap ETF,ETF,Cboe BZX
BITB,Bitwise Bitcoin ETF ,ETF,NYSE Arca
TMSL,T. Rowe Price Small-Mid Cap ETF,ETF,NYSE Arca
SOXQ,Invesco PHLX Semiconductor ETF,ETF,NASDAQ
XSMO,Invesco S&P SmallCap Momentum ETF,ETF,NYSE Arca
BSCT,Invesco BulletShares 2029 Corporate Bond ETF,ETF,NASDAQ
SNPE,Xtrackers S&P 500 Scored & Screened ETF,ETF,NYSE Arca
IGLB,iShares 10  Year Investment Grade Corporate Bond ETF,ETF,NYSE Arca
FLRN,State Street SPDR Bloomberg Investment Grade Floating Rate ETF,ETF,NYSE Arca
JMEE,JPMorgan Small & Mid Cap Enhanced Equity ETF,ETF,NYSE Arca
FBT,First Trust Amex Biotech Index Fund,ETF,NYSE Arca
GLTR,abrdn Physical Precious Metals Basket Shares ETF,ETF,NYSE Arca
CWI,State Street SPDR MSCI ACWI ex-US ETF,ETF,NYSE Arca
EQWL,Invesco S&P 100 Equal Weight ETF,ETF,NYSE Arca
AAAU,Goldman Sachs Physical Gold ETF Shares,ETF,Cboe BZX
USCL,iShares Climate Conscious & Transition MSCI USA ETF,ETF,NASDAQ
SECT,Main Sector Rotation ETF,ETF,Cboe BZX
BALT,Innovator Defined Wealth Shield ETF,ETF,Cboe BZX
SCYB,Schwab High Yield Bond ETF,ETF,NYSE Arca
MDYG,State Street SPDR S&P 400 Mid Cap Growth ETF,ETF,NYSE Arca
NULV,Nuveen ESG Large-Cap Value ETF,ETF,Cboe BZX
OUNZ,VanEck Merk Gold ETF,ETF,NYSE Arca
SPYX,State Street SPDR S&P 500 Fossil Fuel Reserves Free ETF,ETF,NYSE Arca
IXC,iShares Global Energy ETF,ETF,NYSE Arca
TBLL,Invesco Short Term Treasury ETF,ETF,NYSE Arca
FSTB,Fidelity Short-Term Bond ETF,ETF,NASDAQ
PRFZ,Invesco RAFI US 1500 Small-Mid ETF,ETF,NASDAQ
MDYV,State Street SPDR S&P 400 Mid Cap Value ETF,ETF,NYSE Arca
FXL,First Trust Technology AlphaDEX,ETF,NYSE Arca
IPAC,iShares Core MSCI Pacific ETF,ETF,NYSE Arca
DIVI,Franklin International Core Dividend Tilt Index ETF,ETF,NYSE Arca
PSC,Principal U.S. Small-Cap ETF,ETF,NASDAQ
BSCU,Invesco BulletShares 2030 Corporate Bond ETF,ETF,NASDAQ
ARKB,ARK 21Shares Bitcoin ETF ,ETF,Cboe BZX
FLIN,Franklin FTSE India ETF,ETF,NYSE Arca
UITB,VictoryShares Core Intermediate Bond ETF,ETF,NASDAQ
USD,ProShares Ultra Semiconductors,ETF,NYSE Arca
KOMP,State Street SPDR S&P Kensho New Economies Composite ETF,ETF,NYSE Arca
JMOM,JPMorgan U.S. Momentum Factor ETF,ETF,NYSE Arca
FTCB,First Trust Core Investment Grade ETF,ETF,NYSE Arca
SCHY,Schwab International Dividend Equity ETF,ETF,NYSE Arca
XSD,State Street SPDR S&P Semiconductor ETF,ETF,NYSE Arca
PICK,iShares MSCI Global Select Metals & Mining Producers Fund,ETF,Cboe BZX
TAGG,T. Rowe Price QM U.S. Bond ETF,ETF,NYSE Arca
IBDW,iShares iBonds Dec 2031 Term Corporate ETF,ETF,NYSE Arca
USTB,VictoryShares Short-Term Bond ETF,ETF,NASDAQ
CGSD,Capital Group Short Duration Income ETF,ETF,NYSE Arca
PABU,iShares Paris-Aligned Climate Optimized MSCI USA ETF,ETF,NASDAQ
FSMD,Fidelity Small-Mid Multifactor ETF,ETF,NYSE Arca
TDTT,Northern Trust iBoxx 3-Year Target Duration TIPS ETF,ETF,NYSE Arca
FTLS,First Trust Long/Short Equity,ETF,NYSE Arca
RING,iShares MSCI Global Gold Miners ETF,ETF,NASDAQ
FEGE,First Eagle Global Equity ETF,ETF,NYSE
HIMU,iShares High Yield Muni Active ETF,ETF,Cboe BZX
JHCR,John Hancock Core Bond ETF,ETF,NYSE Arca
CGIC,Capital Group International Core Equity ETF,ETF,NYSE Arca
QDF,Northern Trust Quality Dividend ETF,ETF,NYSE Arca
GTO,Invesco Total Return Bond ETF,ETF,NYSE Arca
APUE,ActivePassive U.S. Equity ETF,ETF,NYSE Arca
CGIE,Capital Group International Equity ETF,ETF,NYSE Arca
FTHI,First Trust BuyWrite Income ETF,ETF,NASDAQ
KLMN,Invesco MSCI North America Climate ETF,ETF,NYSE Arca
NUGO,Nuveen Growth Opportunities ETF,ETF,NYSE Arca
PWB,Invesco Large Cap Growth ETF,ETF,NYSE Arca
SLQD,iShares 0-5 Year Investment Grade Corporate Bond ETF,ETF,NASDAQ
BSVO,EA Bridgeway Omni Small-Cap Value ETF,ETF,NASDAQ
EWL,iShares MSCI Switzerland ETF,ETF,NYSE Arca
VTES,Vanguard Wellington Fund Vanguard Short-Term Tax Exempt Bond ETF,ETF,NYSE Arca
CNEQ,Alger Concentrated Equity ETF,ETF,NYSE Arca
ACIO,Aptus Collared Investment Opportunity ETF,ETF,Cboe BZX
FLMI,Franklin Dynamic Municipal Bond ETF,ETF,NYSE Arca
GUSA,Goldman Sachs MarketBeta U.S. 1000 Equity ETF,ETF,NYSE Arca
FNCL,Fidelity MSCI Financials Index ETF,ETF,NYSE Arca
MLPA,Global X MLP ETF,ETF,NYSE Arca
PSI,Invesco Semiconductors ETF,ETF,NYSE Arca
IBTH,iShares iBonds Dec 2027 Term Treasury ETF,ETF,NASDAQ
CLIP,Global X 1-3 Month T-Bill ETF,ETF,NYSE Arca
ITB,iShares U.S. Home Construction ETF,ETF,Cboe BZX
FTSL,First Trust Senior Loan Fund,ETF,NASDAQ
FAS,Direxion Financial Bull 3X ETF,ETF,NYSE Arca
DFSU,Dimensional US Sustainability Core 1 ETF,ETF,NYSE Arca
HDEF,Xtrackers MSCI EAFE High Dividend Yield Equity ETF,ETF,NYSE Arca
COWG,Pacer US Large Cap Cash Cows Growth Leaders ETF,ETF,NASDAQ
PWV,Invesco Large Cap Value ETF,ETF,NYSE Arca
EPP,iShares MSCI Pacific Ex-Japan Index Fund,ETF,NYSE Arca
PPLT,abrdn Physical Platinum Shares ETF,ETF,NYSE Arca
REMX,VanEck Rare Earth and Strategic Metals ETF,ETF,NYSE Arca
EBND,State Street SPDR Bloomberg Emerging Markets Local Bond ETF,ETF,NYSE Arca
FIDU,Fidelity MSCI Industrials Index ETF,ETF,NYSE Arca
DFNM,Dimensional National Municipal Bond ETF,ETF,NYSE Arca
CLOA,iShares AAA CLO Active ETF,ETF,NASDAQ
BKAG,BNY Mellon Core Bond ETF,ETF,NYSE Arca
DUSB,Dimensional Ultrashort Fixed Income ETF,ETF,NYSE Arca
EWP,iShares MSCI Spain ETF,ETF,NYSE Arca
FUTY,Fidelity MSCI Utilities Index ETF,ETF,NYSE Arca
SPGP,Invesco S&P 500 GARP ETF,ETF,NYSE Arca
JPHY,JPMorgan Active High Yield ETF,ETF,NYSE Arca
TILT,Northern Trust Morningstar US Market Factor Tilt ETF,ETF,Cboe BZX
BGIG,Bahl & Gaynor Income Growth ETF,ETF,NYSE Arca
IYG,iShares U.S. Financial Services ETF,ETF,NYSE Arca
HFXI,NYLIM FTSE International Equity Currency Neutral ETF,ETF,NYSE Arca
FLDR,Fidelity Low Duration Bond Factor ETF,ETF,Cboe BZX
ETH,Grayscale Ethereum Staking Mini ETF Shares,ETF,NYSE Arca
IWL,iShares Russell Top 200 ETF,ETF,NYSE Arca
URNM,Sprott Uranium Miners ETF,ETF,NYSE Arca
IYT,iShares U.S. Transportation ETF,ETF,Cboe BZX
JPIB,JPMorgan International Bond Opportunities ETF,ETF,NYSE Arca
TMF,Direxion Daily 20-Yr Treasury Bull 3x Shrs,ETF,NYSE Arca
HTRB,Hartford Total Return Bond ETF,ETF,NYSE Arca
IHDG,WisdomTree International Hedged Quality Dividend Growth Fund,ETF,NYSE Arca
ICLN,iShares Global Clean Energy ETF,ETF,NASDAQ
DES,WisdomTree U.S. SmallCap Dividend Fund,ETF,NYSE Arca
CRUX,Columbia Core Bond ETF,ETF,NYSE Arca
TCHP,T. Rowe Price Blue Chip Growth ETF,ETF,NYSE Arca
SFLR,Innovator Equity Managed Floor ETF,ETF,NYSE Arca
DFEV,Dimensional Emerging Markets Value ETF,ETF,NYSE Arca
SPBO,State Street SPDR Portfolio Corporate Bond ETF,ETF,NYSE Arca
DTCR,Global X Data Center & Digital Infrastructure ETF,ETF,NASDAQ
XSOE,WisdomTree Emerging Markets Ex-State Owned Enterprises Fund,ETF,NYSE Arca
FENY,Fidelity MSCI Energy Index ETF,ETF,NYSE Arca
BBMC,JPMorgan BetaBuilders U.S. Mid Cap Equity ETF,ETF,Cboe BZX
FLQL,Franklin U.S. Large Cap Multifactor Index ETF,ETF,Cboe BZX
EMOP,AB Emerging Markets Opportunities ETF,ETF,NYSE Arca
ITM,VanEck Intermediate Muni ETF,ETF,Cboe BZX
DSTL,Distillate U.S. Fundamental Stability & Value ETF,ETF,NYSE Arca
QGRO,American Century U.S. Quality Growth ETF,ETF,NYSE Arca
TMFC,Motley Fool 100 Index ETF,ETF,Cboe BZX
BFLX,iShares Flexible Equity Active ETF,ETF,NASDAQ
XCEM,Columbia EM Core ex-China ETF,ETF,NYSE Arca
USPX,Franklin U.S. Equity Index ETF,ETF,NYSE Arca
GSEW,Goldman Sachs Equal Weight U.S. Large Cap Equity ETF,ETF,Cboe BZX
AVIV,Avantis International Large Cap Value ETF,ETF,NYSE Arca
TIPX,State Street SPDR Bloomberg 1a??10 Year TIPS ETF,ETF,NYSE Arca
RWJ,Invesco S&P SmallCap 600 Revenue ETF,ETF,NYSE Arca
ROBO,ROBO Global Robotics and Automation Index ETF,ETF,NYSE Arca
FMB,First Trust Managed Municipal ETF,ETF,NASDAQ
ICF,iShares Select U.S. REIT ETF,ETF,Cboe BZX
EPI,WisdomTree India Earnings Fund,ETF,NYSE Arca
BUFD,FT Vest Laddered Deep Buffer ETF,ETF,Cboe BZX
CGCV,Capital Group Conservative Equity ETF,ETF,NYSE Arca
IBTG,iShares iBonds Dec 2026 Term Treasury ETF,ETF,NASDAQ
PHO,Invesco Water Resources ETF,ETF,NASDAQ
IBTI,iShares iBonds Dec 2028 Term Treasury ETF,ETF,NASDAQ
ARKG,ARK Genomic Revolution ETF,ETF,Cboe BZX
PXH,Invesco RAFI Emerging Markets ETF,ETF,NYSE Arca
OIH,VanEck Oil Services ETF,ETF,NYSE Arca
UBND,VictoryShares Core Plus Bond ETF,ETF,NASDAQ
JPEF,JPMorgan Equity Focus ETF,ETF,NASDAQ
DIVB,iShares Core Dividend ETF,ETF,Cboe BZX
WCMI,First Trust WCM International Equity ETF,ETF,NYSE Arca
XHLF,BondBloxx Bloomberg Six Month Target Duration US Treasury ETF,ETF,NYSE Arca
DUSG,U.S. Small Cap Growth Portfolio: ETF Class Shares,ETF,NASDAQ
AVIG,Avantis Core Fixed Income ETF,ETF,NYSE Arca
VIOV,Vanguard S&P Small-Cap 600 Value ETF,ETF,NYSE Arca
BKDV,BNY Mellon Dynamic Value ETF,ETF,NYSE Arca
SNXX,Tradr 2X Long SNDK Daily ETF,ETF,Cboe BZX
SQQQ,ProShares UltraPro Short QQQ,ETF,NASDAQ
EUSA,iShares MSCI USA Equal Weighted ETF,ETF,NYSE Arca
EMGF,iShares Emerging Markets Equity Factor ETF,ETF,Cboe BZX
VPLS,Vanguard Core Plus Bond ETF,ETF,NASDAQ
IYJ,iShares U.S. Industrials ETF,ETF,Cboe BZX
ARKQ,ARK Autonomous Technology & Robotics ETF,ETF,Cboe BZX
RPG,Invesco S&P 500 Pure Growth ETF,ETF,NYSE Arca
VFMO,Vanguard U.S. Momentum Factor ETF,ETF,Cboe BZX
FEOE,First Eagle Overseas Equity ETF,ETF,NYSE
USO,United States Oil Fund,ETF,NYSE Arca
VRIG,Invesco Variable Rate Investment Grade ETF,ETF,NASDAQ
BNDW,Vanguard Total World Bond ETF,ETF,NASDAQ
ETHE,Grayscale Ethereum Staking ETF Shares,ETF,NYSE Arca
XNTK,State Street SPDR NYSE Technology ETF,ETF,NYSE Arca
FIW,First Trust Water ETF,ETF,NYSE Arca
QQEW,First Trust Nasdaq-100 Select Equal Weight ETF,ETF,NASDAQ
ILOW,AB International Low Volatility Equity ETF,ETF,NYSE Arca
LCAP,Principal Capital Appreciation Select ETF,ETF,Cboe BZX
IYE,iShares U.S. Energy ETF,ETF,NYSE Arca
ICOW,Pacer Developed Markets International Cash Cows 100 ETF,ETF,Cboe BZX
RWR,State Street SPDR Dow Jones REIT ETF,ETF,NYSE Arca
VCRM,Vanguard Core Tax-Exempt Bond ETF,ETF,Cboe BZX
ARKW,ARK Next Generation Internet ETF,ETF,Cboe BZX
INCM,Franklin Income Focus ETF,ETF,NYSE Arca
HEDJ,WisdomTree Europe Hedged Equity Fund,ETF,NYSE Arca
TLTW,iShares 20+ Year Treasury Bond BuyWrite Strategy ETF,ETF,Cboe BZX
CHAT,Roundhill Generative AI & Technology ETF,ETF,NYSE Arca
JSCP,JPMorgan Short Duration Core Plus ETF,ETF,NYSE Arca
EWW,iShares MSCI Mexico ETF,ETF,NYSE Arca
EWG,iShares MSCI Germany Index Fund,ETF,NYSE Arca
IVOG,Vanguard S&P Mid-Cap 400 Growth ETF,ETF,NYSE Arca
BSCV,Invesco BulletShares 2031 Corporate Bond ETF,ETF,NASDAQ
AOM,iShares Core 40/60 Moderate Allocation ETF,ETF,NYSE Arca
DBC,Invesco DB Commodity Index Tracking Fund,ETF,NYSE Arca
HYS,PIMCO 0-5 Year High Yield Corporat Bond Index Exchange-Traded Fund,ETF,NYSE Arca
FCOM,Fidelity MSCI Communication Services Index ETF,ETF,NYSE Arca
QDPL,Pacer Metaurus US Large Cap Dividend Multiplier 400 ETF,ETF,NYSE Arca
PKW,Invesco BuyBack Achievers ETF,ETF,NASDAQ
ALLW,State Street Bridgewater All Weather ETF,ETF,NASDAQ
USVM,VictoryShares US Small Mid Cap Value Momentum ETF,ETF,NASDAQ
DFGX,Dimensional International Core Fixed Income ETF,ETF,NASDAQ
BDVL,iShares Disciplined Volatility Equity Active ETF,ETF,NASDAQ
SCCR,Schwab Core Bond ETF,ETF,NYSE Arca
DGS,WisdomTree Emerging Market SmallCap Fund,ETF,NYSE Arca
SPGM,State Street SPDR Portfolio MSCI Global Stock Market ETF,ETF,NYSE Arca
IBDX,iShares iBonds Dec 2032 Term Corporate ETF,ETF,NYSE Arca
REGL,ProShares S&P MidCap 400 Dividend Aristocrats ETF,ETF,Cboe BZX
JEMA,JPMorgan ActiveBuilders Emerging Markets Equity ETF,ETF,NASDAQ
GEM,Goldman Sachs ActiveBeta Emerging Markets Equity ETF,ETF,NYSE Arca
BAFE,Brown Advisory Flexible Equity ETF,ETF,NASDAQ
RPV,Invesco S&P 500 Pure Value ETF,ETF,NYSE Arca
BMOP,BNY Mellon Municipal Opportunities ETF,ETF,NASDAQ
DFAR,Dimensional US Real Estate ETF,ETF,NYSE Arca
VTWG,Vanguard Russell 2000 Growth ETF,ETF,NASDAQ
BUG,Global X Cybersecurity ETF,ETF,NASDAQ
BIZD,VanEck BDC Income ETF,ETF,NYSE Arca
VTC,Vanguard Total Corporate Bond ETF,ETF,NASDAQ
CSHI,NEOS Enhanced Income 1-3 Month T-Bill ETF,ETF,NYSE Arca
FLKR,Franklin FTSE South Korea ETF,ETF,NYSE Arca
IMCB,iShares Morningstar Mid-Cap ETF,ETF,NYSE Arca
FDIS,Fidelity MSCI Consumer Discretionary Index ETF,ETF,NYSE Arca
FINA,Fidelity MSCI North American Subset Index ETF,ETF,NYSE Arca
IEV,iShares Europe ETF,ETF,NYSE Arca
TOUS,T. Rowe Price International Equity ETF,ETF,NYSE Arca
DFAW,Dimensional World Equity ETF,ETF,NYSE Arca
FALN,iShares Fallen Angels USD Bond ETF,ETF,NASDAQ
IHE,iShares U.S. Pharmaceutical ETF,ETF,NYSE Arca
BKMI,BNY Mellon Municipal Intermediate ETF,ETF,NASDAQ
INFL,Horizon Kinetics Inflation Beneficiaries ETF,ETF,NYSE Arca
XOVR,ERShares Private-Public Crossover ETF,ETF,NASDAQ
DTD,WisdomTree U.S. Total Dividend Fund,ETF,NYSE Arca
BITO,ProShares Bitcoin ETF,ETF,NYSE Arca
EPS,WisdomTree U.S. LargeCap Fund,ETF,NYSE Arca
RODM,Hartford Multifactor Developed Markets (ex-US) ETF,ETF,NYSE Arca
FGD,First Trust DJ Global Select Dividend,ETF,NYSE Arca
QVML,Invesco S&P 500 QVM Multi-factor ETF,ETF,NYSE Arca
LIT,Global X Lithium & Battery Tech ETF,ETF,NYSE Arca
DFAL,Dimensional US Large Cap Core Equity Market ETF,ETF,Cboe BZX
ZROZ,PIMCO 25  Year Zero Coupon U.S. Treasury Index Exchange-Traded Fund,ETF,NYSE Arca
GSST,Goldman Sachs Ultra Short Bond ETF,ETF,Cboe BZX
HYLS,First Trust Tactical High Yield ETF,ETF,NASDAQ
KBE,State Street SPDR S&P Bank ETF,ETF,NYSE Arca
BUFQ,FT Vest Laddered Nasdaq Buffer ETF,ETF,Cboe BZX
HYDB,iShares High Yield Systematic Bond ETF,ETF,Cboe BZX
UYLD,Angel Oak UltraShort Income ETF,ETF,NASDAQ
KLMT,Invesco MSCI Global Climate 500 ETF,ETF,NYSE Arca
DHS,WisdomTree U.S. High Dividend Fund,ETF,NYSE Arca
LMUB,iShares Long-Term National Muni Bond ETF,ETF,NYSE Arca
CTA,Simplify Managed Futures Strategy ETF,ETF,NYSE Arca
SEIV,SEI Enhanced U.S. Large Cap Value Factor ETF,ETF,Cboe BZX
FEX,First Trust Large Cap Core AlphaDEX Fund,ETF,NASDAQ
VTEI,Vanguard Tax-Managed Funds Vanguard Intermediate-Term Tax-Exempt Bond ETF,ETF,Cboe BZX
CGSM,Capital Group Short Duration Municipal Income ETF,ETF,NYSE Arca
TGRT,T. Rowe Price Growth ETF,ETF,NYSE Arca
QUS,State Street SPDR MSCI USA StrategicFactors ETF,ETF,NYSE Arca
BKGI,BNY Mellon Global Infrastructure Income ETF,ETF,Cboe BZX
ASHR,Xtrackers Harvest CSI 300 China A-Shares ETF,ETF,NYSE Arca
JFLX,JPMorgan Flexible Debt ETF,ETF,NYSE Arca
FLQM,Franklin U.S. Mid Cap Multifactor Index ETF,ETF,Cboe BZX
IGOV,iShares International Treasury Bond ETF,ETF,NASDAQ
YEAR,AB Ultra Short Income ETF,ETF,NYSE Arca
JSI,Janus Henderson Securitized Income ETF,ETF,NYSE Arca
AVES,Avantis Emerging Markets Value ETF,ETF,NYSE Arca
CLOI,VanEck CLO ETF,ETF,NYSE Arca
BSCW,Invesco BulletShares 2032 Corporate Bond ETF,ETF,NASDAQ
KORU,Direxion Daily South Korea Bull 3X ETF,ETF,NYSE Arca
FSIG,First Trust Limited Duration Investment Grade Corporate ETF,ETF,NYSE Arca
CBOX,Calamos Tax-Aware Collateral ETF,ETF,Cboe BZX
RAVI,Northern Trust Ultra-Short Fixed Income ETF,ETF,NYSE Arca
TBUX,T. Rowe Price Ultra Short-Term Bond ETF,ETF,NYSE Arca
EVLN,Eaton Vance Floating-Rate ETF,ETF,NYSE Arca
DRSK,Aptus Defined Risk ETF,ETF,Cboe BZX
DDWM,WisdomTree Dynamic International Equity Fund,ETF,Cboe BZX
AGQ,ProShares Ultra Silver,ETF,NYSE Arca
RSSL,Global X Russell 2000 ETF,ETF,NYSE Arca
IGEB,iShares Investment Grade Systematic Bond ETF,ETF,Cboe BZX
IWC,iShares Microcap ETF,ETF,NYSE Arca
SEIM,SEI Enhanced U.S. Large Cap Momentum Factor ETF,ETF,Cboe BZX
IVOV,Vanguard S&P Mid-Cap 400 Value ETF,ETF,NYSE Arca
FNDB,Schwab Fundamental U.S. Broad Market ETF,ETF,NYSE Arca
USXF,iShares ESG Advanced MSCI USA ETF,ETF,NASDAQ
JBBB,Janus Henderson B-BBB CLO ETF,ETF,Cboe BZX
EVSD,Eaton Vance Short Duration Income ETF,ETF,NASDAQ
FREL,Fidelity MSCI Real Estate Index ETF,ETF,NYSE Arca
AVLC,Avantis U.S. Large Cap Equity ETF,ETF,NYSE Arca
SMIG,Bahl & Gaynor Small/Mid Cap Income Growth ETF,ETF,NYSE Arca
FJAN,FT Vest U.S. Equity Buffer ETF - January,ETF,Cboe BZX
FPX,First Trust US Equity Opportunities ETF,ETF,NYSE Arca
QQQE,Direxion NASDAQ-100 Equal Weighted Index ETF,ETF,NASDAQ
XAGG,Eaton Vance Income Opportunities ETF,ETF,NYSE Arca
CARY,Angel Oak Income ETF,ETF,NASDAQ
FMAY,FT Vest U.S. Equity Buffer ETF - May,ETF,Cboe BZX
MMIT,NYLIM MacKay Muni Intermediate ETF,ETF,NYSE Arca
NYF,iShares New York Muni Bond ETF,ETF,NYSE Arca
PWRD,TCW Transform Systems ETF,ETF,NASDAQ
CORP,PIMCO Investment Grade Corporate Bond Index Exchange-Traded Fund,ETF,NYSE Arca
EQTY,Kovitz Core Equity ETF,ETF,NYSE Arca
TDVG,T. Rowe Price Dividend Growth ETF,ETF,NYSE Arca
MTBA,Simplify MBS ETF,ETF,NYSE Arca
GDXU,MicroSectors Gold Miners 3X Leveraged ETN,ETF,NYSE Arca
VTWV,Vanguard Russell 2000 Value ETF,ETF,NASDAQ
FQAL,Fidelity Quality Factor ETF,ETF,NYSE Arca
PDP,Invesco Dorsey Wright Momentum ETF,ETF,NASDAQ
SDOG,ALPS Sector Dividend Dogs ETF,ETF,NYSE Arca
EXI,iShares Global Industrials ETF,ETF,NYSE Arca
FFEB,FT Vest U.S. Equity Buffer ETF - February,ETF,Cboe BZX
PJAN,Innovator U.S. Equity Power Buffer ETF - January,ETF,Cboe BZX
FDLO,Fidelity Low Volatility Factor ETF,ETF,NYSE Arca
FTA,First Trust Large Cap Value AlphaDEX Fund,ETF,NASDAQ
IDVO,Amplify CWP International Enhanced Dividend Income ETF,ETF,NYSE Arca
PHYL,PGIM Active High Yield Bond ETF,ETF,NYSE Arca
NUSC,Nuveen ESG Small-Cap ETF,ETF,Cboe BZX
FYC,First Trust Small Cap Growth AlphaDEX Fund,ETF,NASDAQ
FJUN,FT Vest U.S. Equity Buffer ETF - June,ETF,Cboe BZX
FSTA,Fidelity MSCI Consumer Staples Index ETF,ETF,NYSE Arca
IAI,iShares U.S. Broker-Dealers & Securities Exchanges ETF,ETF,NYSE Arca
IYK,iShares U.S. Consumer Staples ETF,ETF,NYSE Arca
RDIV,Invesco S&P Ultra Dividend Revenue ETF,ETF,NYSE Arca
PMBS,PIMCO Mortgage-Backed Securities Active Exchange-Traded Fund,ETF,NASDAQ
SOXS,Direxion Daily Semiconductor Bear 3X ETF,ETF,NYSE Arca
SQS,Sapient Quality Select ETF,ETF,NASDAQ
FYX,First Trust Small Cap Core AlphaDEX Fund,ETF,NASDAQ
MEAR,iShares Short Maturity Municipal Bond Active ETF,ETF,Cboe BZX
IBTJ,iShares iBonds Dec 2029 Term Treasury ETF,ETF,NASDAQ
PIEQ,Principal International Equity ETF,ETF,Cboe BZX
NTSX,WisdomTree U.S. Efficient Core Fund,ETF,NYSE Arca
RYLD,Global X Russell 2000 Covered Call ETF,ETF,NYSE Arca
RLY,State Street Multi-Asset Real Return ETF,ETF,NYSE Arca
BALI,iShares U.S. Large Cap Premium Income Active ETF,ETF,Cboe BZX
FNX,First Trust Mid Cap Core AlphaDEX Fund,ETF,NASDAQ
TAFI,AB Tax-Aware Short Duration Municipal ETF,ETF,NYSE Arca
FVAL,Fidelity Value Factor ETF,ETF,NYSE Arca
NVDY,YieldMax NVDA Option Income Strategy ETF,ETF,NYSE Arca
CATH,Global X S&P 500 Catholic Values ETF,ETF,NASDAQ
BKIE,BNY Mellon International Equity ETF,ETF,NYSE Arca
FETH,Fidelity Ethereum Fund,ETF,Cboe BZX
ILCV,iShares Morningstar Large-Cap  Value ETF,ETF,NYSE Arca
BUYW,Main BuyWrite ETF,ETF,Cboe BZX
LDUR,PIMCO Enhanced Low Duration Active Exchange-Traded Fund,ETF,NYSE Arca
FDT,First Trust Developed Markets Ex-US AlphaDEX Fund,ETF,NASDAQ
RAAX,VanEck Real Assets ETF,ETF,NYSE Arca
LRGC,AB US Large Cap Strategic Equities ETF,ETF,NYSE Arca
FTC,First Trust Large Cap Growth AlphaDEX Fund,ETF,NASDAQ
EWA,iShares MSCI Australia Index Fund,ETF,NYSE Arca
XHB,State Street SPDR S&P Homebuilders ETF,ETF,NYSE Arca
DBA,Invesco DB Agriculture Fund,ETF,NYSE Arca
RWK,Invesco S&P MidCap 400 Revenue ETF,ETF,NYSE Arca
FAPR,FT Vest U.S. Equity Buffer ETF - April,ETF,Cboe BZX
FTGS,First Trust Growth Strength ETF,ETF,NASDAQ
BWX,State Street SPDR Bloomberg International Treasury Bond ETF,ETF,NYSE Arca
SEIE,SEI Select International Equity ETF,ETF,NASDAQ
UNIY,WisdomTree Voya Yield Enhanced USD Universal Bond Fund,ETF,NASDAQ
NYM,AB New York Intermediate Municipal ETF,ETF,NYSE Arca
SUSB,iShares ESG Aware 1-5 Year USD Corporate Bond ETF,ETF,NASDAQ
FDEC,FT Vest U.S. Equity Buffer ETF - December,ETF,Cboe BZX
PCY,Invesco Emerging Markets Sovereign Debt ETF,ETF,NYSE Arca
IGRO,iShares International Dividend Growth ETF,ETF,Cboe BZX
ILCB,iShares Morningstar Large-Cap ETF,ETF,NYSE Arca
NBSD,Neuberger Short Duration Income ETF,ETF,NYSE Arca
CAIE,Calamos Autocallable Income ETF,ETF,NYSE Arca
IDU,iShares U.S. Utilities ETF,ETF,NYSE Arca
MGNR,American Beacon Select Funds American Beacon GLG Natural Resources ETF,ETF,NYSE Arca
SUSC,iShares ESG Aware USD Corporate Bond ETF,ETF,NASDAQ
FAUG,FT Vest U.S. Equity Buffer ETF - August,ETF,Cboe BZX
NUGT,Direxion Daily Gold Miners Index Bull 2X ETF,ETF,NYSE Arca
PJUL,Innovator U.S. Equity Power Buffer ETF - July,ETF,Cboe BZX
COMT,iShares GSCI Commodity Dynamic Roll Strategy ETF,ETF,NASDAQ
FJUL,FT Vest U.S. Equity Buffer ETF - July,ETF,Cboe BZX
DUSA,Davis Select U.S. Equity ETF,ETF,Cboe BZX
FLHY,Franklin High Yield Corporate ETF,ETF,Cboe BZX
ROM,ProShares Ultra Technology,ETF,NYSE Arca
BBRE,JPMorgan BetaBuilders MSCI U.S. REIT ETF,ETF,Cboe BZX
DVYE,iShares Emerging Markets Dividend Index Fund Exchange Traded Fund,ETF,NYSE Arca
RWO,State Street SPDR Dow Jones Global Real Estate ETF,ETF,NYSE Arca
LCTU,iShares U.S. Carbon Transition Readiness Aware Active ETF,ETF,NYSE Arca
SPLB,State Street SPDR Portfolio Long Term Corporate Bond ETF,ETF,NYSE Arca
FSEP,FT Vest U.S. Equity Buffer ETF - September,ETF,Cboe BZX
EWS,iShares MSCI Singapore ETF,ETF,NYSE Arca
FNOV,FT Vest U.S. Equity Buffer ETF - November,ETF,Cboe BZX
ISPY,ProShares S&P 500 High Income ETF,ETF,Cboe BZX
IWMI,NEOS Russell 2000 High Income ETF,ETF,Cboe BZX
PTNQ,Pacer Trendpilot 100 ETF,ETF,NASDAQ
IYZ,iShares U.S. Telecommunications ETF,ETF,Cboe BZX
IQDF,Northern Trust International Quality Dividend ETF,ETF,NYSE Arca
SDIV,Global X SuperDividend ETF,ETF,NYSE Arca
EDIV,State Street SPDR S&P Emerging Markets Dividend ETF,ETF,NYSE Arca
IHF,iShares U.S. Health Care Providers ETF,ETF,NYSE Arca
LGLV,State Street SPDR US Large Cap Low Volatility Index ETF,ETF,NYSE Arca
MFSI,MFS Active International ETF,ETF,NYSE
UTES,Virtus Reaves Utilities ETF,ETF,NYSE Arca
AVGE,Avantis All Equity Markets ETF,ETF,NYSE Arca
FTXL,First Trust Nasdaq Semiconductor ETF,ETF,NASDAQ
GOVI,Invesco Equal Weight 0-30 Year Treasury ETF,ETF,NASDAQ
IGPT,Invesco AI and Next Gen Software ETF,ETF,NYSE Arca
SUSL,iShares ESG MSCI USA Leaders ETF,ETF,NASDAQ
PWZ,Invesco California AMT-Free Municipal Bond Portfolio,ETF,NYSE Arca
EWH,iShares MSCI Hong Kong Index Fund,ETF,NYSE Arca
HODL,VanEck Bitcoin Trust ,ETF,Cboe BZX
BITX,2x Bitcoin ETF,ETF,Cboe BZX
TNA,Direxion Small Cap Bull 3X ETF,ETF,NYSE Arca
VCEB,Vanguard ESG U.S. Corporate Bond ETF,ETF,Cboe BZX
CAM,AB California Intermediate Municipal ETF,ETF,NYSE Arca
QLTA,iShares Aaa A Rated Corporate Bond ETF,ETF,NYSE Arca
SYSB,iShares Systematic Bond ETF,ETF,Cboe BZX
WINN,Harbor Long-Term Growers ETF,ETF,NYSE
IYC,iShares U.S. Consumer Discretionary ETF,ETF,NYSE Arca
DFSI,Dimensional International Sustainability Core 1 ETF,ETF,NYSE Arca
SMMU,Short Term Municipal Bond Active Exchange-Traded Fund,ETF,NYSE Arca
QQQJ,Invesco NASDAQ Next Gen 100 ETF,ETF,NASDAQ
FOCT,FT Vest U.S. Equity Buffer ETF - October,ETF,Cboe BZX
OAKM,Oakmark U.S. Large Cap ETF,ETF,NYSE Arca
IMCV,iShares Morningstar Mid-Cap Value ETF,ETF,NASDAQ
CRBN,iShares Low Carbon Optimized MSCI ACWI ETF,ETF,NYSE Arca
RSPA,Invesco S&P 500 Equal Weight Income Advantage ETF,ETF,NYSE Arca
FMAR,FT Vest U.S. Equity Buffer ETF - March,ETF,Cboe BZX
IBDY,iShares iBonds Dec 2033 Term Corporate ETF,ETF,NYSE Arca
STXF,Strive 500 ETF,ETF,NYSE
JHML,John Hancock Multifactor Large Cap ETF,ETF,NYSE Arca
PTRB,PGIM Total Return Bond ETF,ETF,NYSE Arca
PEY,Invesco High Yield Equity Dividend Achievers ETF,ETF,NASDAQ
APIE,ActivePassive International Equity ETF,ETF,NYSE Arca
CHPY,YieldMax Semiconductor Portfolio Option Income ETF,ETF,NYSE Arca
FXH,First Trust Health Care AlphaDEX,ETF,NYSE Arca
CORB,AB Core Bond ETF,ETF,NYSE Arca
EUAD,Select STOXX Europe Aerospace & Defense ETF,ETF,Cboe BZX
DFIP,Dimensional Inflation-Protected Securities ETF,ETF,NYSE Arca
VOTE,TCW Transform 500 ETF,ETF,NASDAQ
EWI,iShares MSCI Italy ETF,ETF,NYSE Arca
QLC,Northern Trust US Quality Large Cap ETF,ETF,Cboe BZX
ETHU,2x Ether ETF,ETF,Cboe BZX
FXO,First Trust Financials AlphaDEX,ETF,NYSE Arca
LGDS,JPMorgan Fundamental Data Science Large Growth ETF,ETF,NASDAQ
DGCB,Dimensional Global Credit ETF,ETF,NASDAQ
EIPI,FT Energy Income Partners Enhanced Income ETF,ETF,NYSE Arca
CERY,State Street SPDR Bloomberg Enhanced Roll Yield Commodity Strategy No K-1 ETF,ETF,NYSE Arca
IYM,iShares U.S. Basic Materials ETF,ETF,NYSE Arca
BLOK,Amplify Blockchain Technology ETF,ETF,NYSE Arca
OMAH,VistaShares Target 15 Berkshire Select Income ETF,ETF,NYSE Arca
IHAK,iShares Cybersecurity and Tech ETF,ETF,NYSE Arca
ALAI,Alger AI Enablers & Adopters ETF,ETF,NYSE Arca
DLS,WisdomTree International SmallCap Fund,ETF,NYSE Arca
VIOG,Vanguard S&P Small-Cap 600 Growth ETF,ETF,NYSE Arca
KXI,iShares Global Consumer Staples ETF,ETF,NYSE Arca
MODL,VictoryShares WestEnd U.S. Sector ETF,ETF,NASDAQ
VGUS,Vanguard Ultra-Short Treasury ETF,ETF,NASDAQ
HYGV,Northern Trust High Yield Value-Scored Bond ETF,ETF,NYSE Arca
IMFL,Invesco International Developed Dynamic Multifactor ETF,ETF,Cboe BZX
GSSC,GS ActiveBeta U.S. Small Cap Equity ETF,ETF,NYSE Arca
QEFA,State Street SPDR MSCI EAFE StrategicFactors ETF,ETF,NYSE Arca
GSID,Goldman Sachs MarketBeta International Equity ETF,ETF,Cboe BZX
IVES,Dan IVES Wedbush AI Revolution ETF,ETF,NYSE Arca
JSMD,Janus Henderson Small/Mid Cap Growth Alpha ETF,ETF,NASDAQ
XTEN,BondBloxx Bloomberg Ten Year Target Duration US Treasury ETF,ETF,NYSE Arca
BUFC,AB Conservative Buffer ETF,ETF,NASDAQ
GFLW,VictoryShares Free Cash Flow Growth ETF,ETF,NASDAQ
HAUZ,Xtrackers International Real Estate ETF,ETF,NYSE Arca
MOO,VanEck Agribusiness ETF,ETF,NYSE Arca
CGW,Invesco S&P Global Water Index ETF,ETF,NYSE Arca
TAN,Invesco Solar ETF,ETF,NYSE Arca
FTXH,First Trust Nasdaq Pharmaceuticals ETF,ETF,NASDAQ
FLSP,Franklin Systematic Style Premia ETF,ETF,NYSE Arca
BUFZ,FT Vest Laddered Moderate Buffer ETF,ETF,Cboe BZX
XLSR,State Street US Sector Rotation ETF,ETF,NYSE Arca
TDTF,Northern Trust iBoxx 5-Year Target Duration TIPS ETF,ETF,NYSE Arca
TRFK,Pacer Data and Digital Revolution ETF,ETF,NYSE Arca
ECH,iShares MSCI Chile ETF,ETF,Cboe BZX
RSPN,Invesco S&P 500 Equal Weight Industrials Portfolio,ETF,NYSE Arca
FMHI,First Trust Municipal High Income ETF,ETF,NASDAQ
JHEM,John Hancock Multifactor Emerging Markets ETF,ETF,NYSE Arca
TVAL,T. Rowe Price Value ETF,ETF,NYSE Arca
PAUG,Innovator U.S. Equity Power Buffer ETF - August,ETF,Cboe BZX
FLGV,Franklin U.S. Treasury Bond ETF,ETF,NYSE Arca
IBTK,iShares iBonds Dec 2030 Term Treasury ETF,ETF,NASDAQ
BBAG,JPMorgan BetaBuilders U.S. Aggregate Bond ETF,ETF,Cboe BZX
IDHQ,Invesco S&P International Developed Quality ETF,ETF,NYSE Arca
PPH,VanEck Pharmaceutical ETF,ETF,NASDAQ
EFIV,State Street SPDR S&P 500 ESG ETF,ETF,NYSE Arca
BSCX,Invesco BulletShares 2033 Corporate Bond ETF,ETF,NASDAQ
EMCS,Xtrackers MSCI Emerging Markets Select ETF,ETF,NYSE Arca
FTXR,First Trust Nasdaq Transportation ETF,ETF,NASDAQ
PBPH,Portfolio Building Block World Pharma and Biotech Index ETF,ETF,NASDAQ
LEND,SEI High Yield Bond & Alternative Credit ETF,ETF,NASDAQ
SPIP,State Street SPDR Portfolio TIPS ETF,ETF,NYSE Arca
SYLD,Cambria Shareholder Yield ETF,ETF,Cboe BZX
SLVP,iShares MSCI Global Silver and Metals Miners ETF,ETF,Cboe BZX
QAI,NYLIM Hedge Multi-Strategy Tracker ETF,ETF,NYSE Arca
TGRW,T. Rowe Price Growth Stock ETF,ETF,NYSE Arca
GIGB,Goldman Sachs Access Investment Grade Corporate Bond ETF,ETF,NYSE Arca
VSDB,Vanguard Short Duration Bond ETF,ETF,Cboe BZX
APCB,ActivePassive Core Bond ETF,ETF,NYSE Arca
GSG,iShares GSCI Commodity-Indexed Trust Fund,ETF,NYSE Arca
DSPY,Tema S&P 500 Historical Weight ETF Strategy,ETF,NYSE Arca
PDEC,Innovator U.S. Equity Power Buffer ETF - December,ETF,Cboe BZX
BUFF,Innovator Laddered Allocation Power Buffer ETF,ETF,Cboe BZX
ISCG,iShares Morningstar Small-Cap Growth ETF,ETF,NYSE Arca
IUS,Invesco RAFI Strategic US ETF,ETF,NASDAQ
HWO,Hotchkis & Wiley Opportunities Fund,ETF,NASDAQ
JHMD,John Hancock Multifactor Developed International ETF,ETF,NYSE Arca
CVLC,Calvert US Large-Cap Core Responsible Index ETF,ETF,NYSE Arca
VFMF,Vanguard U.S. Multifactor ETF,ETF,Cboe BZX
PJUN,Innovator U.S. Equity Power Buffer ETF - June,ETF,Cboe BZX
MSOS,AdvisorShares Pure US Cannabis ETF,ETF,NYSE Arca
FHEQ,Fidelity Hedged Equity ETF,ETF,Cboe BZX
PAPR,Innovator U.S. Equity Power Buffer ETF - April,ETF,Cboe BZX
FTQI,First Trust Nasdaq BuyWrite Income ETF,ETF,NASDAQ
SYFI,AB Short Duration High Yield ETF,ETF,NYSE Arca
POCT,Innovator U.S. Equity Power Buffer ETF - October,ETF,Cboe BZX
DMXF,iShares ESG Advanced MSCI EAFE ETF,ETF,NASDAQ
JVAL,JPMorgan U.S. Value Factor ETF,ETF,NYSE Arca
QDTE,Roundhill Nasdaq-100 0DTE Covered Call ETF Strategy ETF,ETF,Cboe BZX
VFVA,Vanguard U.S. Value Factor ETF,ETF,Cboe BZX
SECU,iShares Securitized Income Active ETF,ETF,Cboe BZX
MSTY,YieldMax MSTR Option Income Strategy ETF,ETF,NYSE Arca
AIS,VistaShares Artificial Intelligence Supercycle ETF,ETF,NYSE Arca
BILZ,PIMCO Ultra Short Government Active Exchange-Traded Fund,ETF,NYSE Arca
HLAL,Wahed FTSE USA Shariah ETF,ETF,NASDAQ
EZM,WisdomTree U.S. MidCap Fund,ETF,NYSE Arca
GWX,State Street SPDR S&P International Small Cap ETF,ETF,NYSE Arca
GII,State Street SPDR S&P Global Infrastructure ETF,ETF,NYSE Arca
NOEQ,Northern Trust US Equity ETF,ETF,NYSE Arca
VSDM,Vanguard Short Duration Tax-Exempt Bond ETF,ETF,Cboe BZX
FDD,First Trust STOXX European Select Dividend Index Fund,ETF,NYSE Arca
PFEB,Innovator U.S. Equity Power Buffer ETF - February,ETF,Cboe BZX
EYLD,Cambria Emerging Shareholder Yield ETF,ETF,Cboe BZX
KORP,American Century Diversified Corporate Bond ETF,ETF,NYSE Arca
GGLL,Direxion Daily GOOGL Bull 2X ETF,ETF,NASDAQ
LSGR,Natixis Loomis Sayles Focused Growth ETF,ETF,NYSE Arca
MLPI,NEOS MLP & Energy Infrastructure High Income ETF,ETF,Cboe BZX
AUSF,Global X Adaptive U.S. Factor ETF,ETF,NYSE Arca
SDVD,FT Vest SMID Rising Dividend Achievers Target Income ETF,ETF,Cboe BZX
XEMD,BondBloxx JP Morgan USD Emerging Markets 1-10 Year Bond ETF,ETF,Cboe BZX
FLGB,Franklin FTSE United Kingdom ETF,ETF,NYSE Arca
SPHB,Invesco S&P 500 High Beta ETF,ETF,NYSE Arca
PID,Invesco International Dividend Achievers ETF,ETF,NASDAQ
AGGY,WisdomTree Yield Enhanced U.S. Aggregate Bond Fund,ETF,NYSE Arca
ETHB,iShares Staked Ethereum Trust ETF,ETF,NASDAQ
FDV,Federated Hermes U.S. Strategic Dividend ETF,ETF,NYSE Arca
BSJR,Invesco BulletShares 2027 High Yield Corporate Bond ETF,ETF,NASDAQ
SGVT,Schwab Government Money Market ETF,ETF,NYSE Arca
AIPO,Defiance AI & Power Infrastructure ETF,ETF,NASDAQ
AMDL,GraniteShares 2x Long AMD Daily ETF,ETF,NASDAQ
BAB,Invesco Taxable Municipal Bond ETF,ETF,NYSE Arca
CLSE,Convergence Long/Short Equity ETF,ETF,Cboe BZX
FDMO,Fidelity Momentum Factor ETF,ETF,NYSE Arca
JCPI,JPMorgan Inflation Managed Bond ETF,ETF,NYSE Arca
EIS,iShares MSCI Israel ETF,ETF,NYSE Arca
TPYP,Tortoise North American Pipeline ETF,ETF,NYSE
UGL,ProShares Ultra Gold,ETF,NYSE Arca
PNOV,Innovator U.S. Equity Power Buffer ETF - November,ETF,Cboe BZX
PTL,Inspire 500 ETF,ETF,NYSE Arca
BBEM,JPMorgan BetaBuilders Emerging Markets Equity ETF,ETF,Cboe BZX
TSME,Thrivent Small-Mid Cap Equity ETF,ETF,NYSE Arca
AMJB,Alerian MLP Index ETN,ETF,NYSE Arca
EEMA,iShares MSCI Emerging Markets Asia ETF,ETF,NASDAQ
INFO,Harbor PanAgora Dynamic Large Cap Core ETF,ETF,NYSE
ISHG,iShares 1-3 Year International Treasury Bond ETF,ETF,NASDAQ
SAMT,Strategas Macro Thematic Opportunities ETF,ETF,NYSE Arca
EVMO,Eaton Vance Mortgage Opportunities ETF,ETF,NYSE Arca
FLBL,Franklin Senior Loan ETF,ETF,Cboe BZX
UDOW,ProShares UltraPro Dow30,ETF,NYSE Arca
SCHQ,Schwab Long-Term U.S. Treasury ETF,ETF,NYSE Arca
CMDT,PIMCO Commodity Strategy Active Exchange-Traded Fund,ETF,NYSE Arca
TILC,Thrivent International Large Cap ETF,ETF,NASDAQ
AVRE,Avantis Real Estate ETF,ETF,NYSE Arca
IBDZ,iShares iBonds Dec 2034 Term Corporate ETF,ETF,NYSE Arca
FLCA,Franklin FTSE Canada ETF,ETF,NYSE Arca
SCHJ,Schwab 1-5 Year Corporate Bond ETF,ETF,NYSE Arca
UFOX,Defiance Space and Connective Tech ETF,ETF,NASDAQ
DOL,WisdomTree True Developed International Fund,ETF,NYSE Arca
XONE,BondBloxx Bloomberg One Year Target Duration US Treasury ETF,ETF,NYSE Arca
QQA,Invesco QQQ Income Advantage ETF,ETF,NASDAQ
NBCR,Neuberger Core Equity ETF,ETF,NYSE Arca
LTPZ,Pimco 15  Year U.S. TIPS Index Exchange-Traded Fund,ETF,NYSE Arca
REZ,iShares Residential and Multisector Real Estate ETF,ETF,NYSE Arca
EPOL,iShares MSCI Poland ETF,ETF,NYSE Arca
AAUB,Alpha Architect US Equity 4 ETF,ETF,NASDAQ
NANR,State Street SPDR S&P North American Natural Resources ETF,ETF,NYSE Arca
EQAL,Invesco Russell 1000 Equal Weight ETF,ETF,NYSE Arca
THYF,T. Rowe Price U.S. High Yield ETF,ETF,NYSE Arca
OUSM,ALPS O'Shares U.S. Small-Cap Quality Dividend ETF,ETF,NYSE Arca
VUSE,Vident U.S. Equity Strategy ETF,ETF,NYSE Arca
SH,ProShares Short S&P500,ETF,NYSE Arca
GCOR,Goldman Sachs Access U.S. Aggregate Bond ETF,ETF,NYSE Arca
RSPH,Invesco S&P 500 Equal Weight Health Care ETF,ETF,NYSE Arca
EVSM,Eaton Vance Short Duration Municipal Income ETF,ETF,NYSE Arca
UYG,ProShares Ultra Financials,ETF,NYSE Arca
MYCH,State Street My2028 Corporate Bond ETF,ETF,NASDAQ
RGEF,Rockefeller Global Equity ETF,ETF,NYSE Arca
PRIV,State Street IG Public & Private Credit ETF,ETF,NYSE Arca
ARKF,ARK Blockchain & Fintech Innovation ETF,ETF,Cboe BZX
PMAY,Innovator U.S. Equity Power Buffer ETF - May,ETF,Cboe BZX
PSEP,Innovator U.S. Equity Power Buffer ETF - September,ETF,Cboe BZX
ARGT,Global X MSCI Argentina ETF,ETF,NYSE Arca
KOKU,Xtrackers MSCI Kokusai Equity ETF,ETF,NYSE Arca
FEM,First Trust Emerging Markets AlphaDEX Fund,ETF,NASDAQ
PCEF,Invesco CEF Income Composite ETF,ETF,NYSE Arca
BSJQ,Invesco BulletShares 2026 High Yield Corporate Bond ETF,ETF,NASDAQ
SFLO,VictoryShares Small Cap Free Cash Flow ETF,ETF,NASDAQ
CLOZ,Eldridge BBB-B CLO ETF,ETF,NYSE Arca
BGDV,Bahl & Gaynor Dividend ETF,ETF,NYSE Arca
SLVR,Sprott Silver Miners & Physical Silver ETF,ETF,NASDAQ
PFM,Invesco Dividend Achievers ETF,ETF,NASDAQ
AOK,iShares Core 30/70 Conservative Allocation ETF,ETF,NYSE Arca
AVTM,Avantis Total Equity Markets ETF,ETF,NYSE Arca
DIV,Global X Super Dividend ETF,ETF,NYSE Arca
HMOP,Hartford Municipal Opportunities ETF,ETF,NYSE Arca
DBEU,Xtrackers MSCI Europe Hedged Equity ETF,ETF,NYSE Arca
ROBT,First Trust Nasdaq Artificial Intelligence and Robotics ETF,ETF,NASDAQ
SFTY,Horizon Managed Risk ETF,ETF,Cboe BZX
QINT,American Century Quality Diversified International ETF,ETF,NYSE Arca
ZALT,Innovator U.S. Equity 10 Buffer ETF - Quarterly,ETF,Cboe BZX
TAFM,AB Tax-Aware Intermediate Municipal ETF,ETF,NYSE Arca
JDVI,John Hancock Disciplined Value International Select ETF,ETF,NYSE Arca
FXU,First Trust Utilities AlphaDEX Fund,ETF,NYSE Arca
AVMV,Avantis U.S. Mid Cap Value ETF,ETF,NYSE Arca
VLU,State Street SPDR S&P 1500 Value Tilt ETF,ETF,NYSE Arca
BRTR,iShares Total Return Active ETF,ETF,NASDAQ
SMIN,Ishares MSCI India Small Cap ETF,ETF,Cboe BZX
SFTX,Horizon International Managed Risk ETF,ETF,NYSE Arca
HEWJ,iShares Currency Hedged MSCI Japan ETF,ETF,NYSE Arca
AGIX,KraneShares Public-Private AI & Technology ETF,ETF,NASDAQ
RSMC,Rockefeller U.S. Small-Mid Cap ETF,ETF,NYSE Arca
PALL,abrdn Physical Palladium Shares ETF,ETF,NYSE Arca
DBND,DoubleLine Opportunistic Core Bond ETF,ETF,NYSE Arca
ARKX,ARK Space & Defense Innovation ETF,ETF,Cboe BZX
EWJV,iShares MSCI Japan Value ETF,ETF,NASDAQ
JETS,U.S. Global Jets ETF,ETF,NYSE Arca
MIGO,MIG Core ETF,ETF,NYSE Arca
EQL,ALPS Equal Sector Weight ETF,ETF,NYSE Arca
BSJS,Invesco BulletShares 2028 High Yield Corporate Bond ETF,ETF,NASDAQ
IGE,iShares North American Natural Resources ETF,ETF,Cboe BZX
MINO,PIMCO Municipal Income Opportunities Active Exchange-Traded Fund,ETF,NYSE Arca
FLIA,Franklin International Aggregate Bond ETF,ETF,Cboe BZX
AFLG,First Trust Active Factor Large Cap ETF,ETF,NYSE Arca
TFLR,T. Rowe Price Floating Rate ETF,ETF,NYSE Arca
SKOR,Northern Trust Credit-Scored US Corporate Bond ETF,ETF,NASDAQ
FDRR,Fidelity Dividend ETF for Rising Rates,ETF,NYSE Arca
IBHF,iShares iBonds 2026 Term High Yield and Income ETF,ETF,Cboe BZX
AVNM,Avantis All International Markets Equity ETF,ETF,NYSE Arca
NUKZ,Range Nuclear Renaissance Index ETF,ETF,NYSE Arca
EWD,iShares MSCI Sweden ETF,ETF,NYSE Arca
QQH,HCM Defender 100 Index ETF,ETF,NYSE Arca
CPER,United States Copper Index Fund ETV,ETF,NYSE Arca
ROUS,Hartford Multifactor U.S. Equity ETF,ETF,NYSE Arca
QDVO,Amplify CWP Growth & Income ETF,ETF,NYSE Arca
XBIL,US Treasury 6 Month Bill ETF,ETF,NASDAQ
GSPY,Gotham Enhanced 500 ETF,ETF,NYSE Arca
ULTY,YieldMax Ultra Option Income Strategy ETF,ETF,NYSE Arca
PMAR,Innovator U.S. Equity Power Buffer ETF - March,ETF,Cboe BZX
OUSA,ALPS O'Shares U.S. Quality Dividend ETF,ETF,NYSE Arca
DFSB,Dimensional Global Sustainability Fixed Income ETF,ETF,NYSE Arca
BBSC,JPMorgan BetaBuilders U.S. Small Cap Equity ETF,ETF,Cboe BZX
YYY,Amplify CEF High Income ETF,ETF,NYSE Arca
XMLV,Invesco S&P MidCap Low Volatility ETF,ETF,NYSE Arca
SPEU,State Street SPDR Portfolio Europe ETF,ETF,NYSE Arca
CDC,VictoryShares US EQ Income Enhanced Volatility Wtd ETF,ETF,NASDAQ
NUDM,Nuveen ESG International Developed Markets Equity ETF,ETF,Cboe BZX
HEGD,Swan Hedged Equity US Large Cap ETF,ETF,Cboe BZX
SEIQ,SEI Enhanced U.S. Large Cap Quality Factor ETF,ETF,Cboe BZX
BITW,Common Shares of Beneficial Interest,ETF,NYSE Arca
SCO,ProShares UltraShort Bloomberg Crude Oil,ETF,NYSE Arca
MISL,First Trust Indxx Aerospace & Defense ETF,ETF,NYSE Arca
FXR,First Trust Industrials AlphaDEX,ETF,NYSE Arca
SGDM,Sprott Gold Miners ETF,ETF,NYSE Arca
PMMF,iShares Prime Money Market ETF,ETF,NYSE
DBJP,Xtrackers MSCI Japan Hedged Equity ETF,ETF,NYSE Arca
JHSC,John Hancock Multifactor Small Cap ETF,ETF,NYSE Arca
DFCA,Dimensional California Municipal Bond ETF,ETF,NYSE Arca
VOLT,Tema Electrification ETF,ETF,NASDAQ
SMRI,Bushido Capital US Equity ETF,ETF,NASDAQ
LEMB,iShares J.P. Morgan EM Local Currency Bond,ETF,NYSE Arca
FLRT,Pacer Aristotle Pacific Floating Rate High Income ETF,ETF,NYSE Arca
IQDG,WisdomTree International Quality Dividend Growth Fund,ETF,Cboe BZX
SMDV,ProShares Russell 2000 Dividend Growers ETF,ETF,Cboe BZX
TIH,The Investment House ETF,ETF,NASDAQ
EES,WisdomTree U.S. SmallCap Fund,ETF,NYSE Arca
QJUN,FT Vest Nasdaq-100 Buffer ETF - June,ETF,Cboe BZX
FYLD,Cambria Foreign Shareholder Yield ETF,ETF,Cboe BZX
XCHG,AB US Equity ETF,ETF,NYSE Arca
WTAI,WisdomTree Artificial Intelligence and Innovation Fund,ETF,Cboe BZX
PIZ,Invesco Dorsey Wright Developed Markets Momentum ETF,ETF,NASDAQ
MSSM,Morgan Stanley Pathway Small-Mid Cap Equity ETF,ETF,NYSE Arca
GTOP,Goldman Sachs Technology Opportunities ETF,ETF,NASDAQ
EUSB,iShares ESG Advanced Universal USD Bond ETF,ETF,NYSE Arca
DMBS,DoubleLine Mortgage ETF,ETF,NYSE Arca
JUSA,JPMorgan U.S. Research Enhanced Large Cap ETF,ETF,NYSE Arca
IBTL,iShares iBonds Dec 2031 Term Treasury ETF,ETF,NASDAQ
QDEC,FT Vest Nasdaq-100 Buffer ETF - December,ETF,Cboe BZX
IETC,iShares U.S. Tech Independence Focused ETF,ETF,Cboe BZX
FEPI,REX FANG & Innovation Equity Premium Income ETF,ETF,NASDAQ
IXG,iShares Global Financial ETF,ETF,NYSE Arca
ISCV,iShares Morningstar Small-Cap Value ETF,ETF,NYSE Arca
EWX,State Street SPDR S&P Emerging Markets Small Cap ETF,ETF,NYSE Arca
TLTD,Northern Trust Morningstar Developed Markets ex-US Factor Tilt ETF,ETF,NYSE Arca
EBI,Longview Advantage ETF,ETF,NASDAQ
SFY,SoFi Select 500 ETF,ETF,NYSE Arca
DWM,WisdomTree International Equity Fund,ETF,NYSE Arca
GMOI,GMO International Value ETF,ETF,NYSE Arca
ISCF,iShares International Small-Cap Equity Factor ETF,ETF,NYSE Arca
TAXF,American Century Diversified Municipal Bond ETF,ETF,NYSE Arca
TSLY,YieldMax TSLA Option Income Strategy ETF,ETF,NYSE Arca
XVV,iShares ESG Select Screened S&P 500 ETF,ETF,Cboe BZX
BRES,Burney U.S. Equity Select ETF,ETF,NASDAQ
ONEY,State Street SPDR Russell 1000 Yield Focus ETF,ETF,NYSE Arca
KAT,Scharf ETF,ETF,NASDAQ
MLN,VanEck Long Muni ETF,ETF,Cboe BZX
RAM,Roundhill T-REX 2X Long DRAM Daily Target ETF,ETF,Cboe BZX
FCG,First Trust Natural Gas ETF,ETF,NYSE Arca
CMDY,iShares Bloomberg Roll Select Commodity Strategy ETF,ETF,NYSE Arca
GQGU,GQG US Equity ETF,ETF,NYSE Arca
SDCI,USCF SummerHaven Dynamic Commodity Strategy No K-1 Fund,ETF,NYSE Arca
CAOS,Alpha Architect Tail Risk ETF,ETF,Cboe BZX
LSVD,LSV Disciplined Value ETF,ETF,NYSE Arca
SEEM,SEI Select Emerging Markets Equity ETF,ETF,NASDAQ
IBMQ,iShares iBonds Dec 2028 Term Muni Bond ETF,ETF,Cboe BZX
NPFE,NPF Core Equity ETF,ETF,Cboe BZX
TOPT,iShares Top 20 U.S. Stocks ETF,ETF,NYSE Arca
IBMP,iShares iBonds Dec 2027 Term Muni Bond ETF,ETF,Cboe BZX
DTH,WisdomTree International High Dividend Fund,ETF,NYSE Arca
TUSI,Touchstone Ultra Short Income ETF,ETF,Cboe BZX
SPSK,SP Funds Dow Jones Global Sukuk ETF,ETF,NYSE Arca
OSCV,Opus Small Cap Value ETF,ETF,Cboe BZX
AVSF,Avantis Short-Term Fixed Income ETF,ETF,NYSE Arca
BKMC,BNY Mellon US Mid Cap Core Equity ETF,ETF,NYSE Arca
EFAA,Invesco MSCI EAFE Income Advantage ETF,ETF,NYSE Arca
RAA,SMI 3Fourteen REAL Asset Allocation ETF,ETF,NASDAQ
QSPT,FT Vest Nasdaq-100 Buffer ETF - September,ETF,Cboe BZX
YINN,Direxion Daily FTSE China Bull 3X ETF,ETF,NYSE Arca
GXUS,Goldman Sachs MarketBeta Total International Equity ETF,ETF,NYSE Arca
CTEF,Castellan Targeted Equity ETF,ETF,Cboe BZX
EMHY,iShares J.P. Morgan EM High Yield Bond ETF,ETF,Cboe BZX
DFSE,Dimensional Emerging Markets Sustainability Core 1 ETF,ETF,NYSE Arca
FIGB,Fidelity Investment Grade Bond ETF,ETF,NYSE Arca
IAT,iShares U.S. Regional Banks ETF,ETF,NYSE Arca
FIIG,First Trust Intermediate Duration Investment Grade Corporate ETF,ETF,NYSE Arca
DGT,State Street SPDR Global Dow ETF,ETF,NYSE Arca
KSA,iShares MSCI Saudi Arabia ETF,ETF,NYSE Arca
XSVM,Invesco S&P SmallCap Value with Momentum ETF,ETF,NYSE Arca
FIVA,Fidelity International Value Factor ETF,ETF,NYSE Arca
PSQ,ProShares Short QQQ,ETF,NYSE Arca
HNDL,Strategy Shares Nasdaq 7HANDL Index ETF,ETF,NASDAQ
AGZ,iShares  Agency Bond ETF,ETF,NYSE Arca
FISR,State Street Fixed Income Sector Rotation ETF,ETF,NYSE Arca
HYGH,iShares Interest Rate Hedged High Yield Bond ETF,ETF,NYSE Arca
SETM,Sprott Critical Materials ETF,ETF,NASDAQ
MULL,GraniteShares 2x Long MU Daily ETF,ETF,NASDAQ
LGOV,First Trust Long Duration Opportunities ETF,ETF,NYSE Arca
EWN,iShares MSCI Netherlands Index Fund,ETF,NYSE Arca
QVAL,Alpha Architect U.S. Quantitative Value ETF,ETF,NASDAQ
EMEQ,Nomura Focused Emerging Markets Equity ETF,ETF,NASDAQ
RSPG,Invesco S&P 500 Equal Weight Energy ETF,ETF,NYSE Arca
FSMB,First Trust Short Duration Managed Municipal ETF,ETF,NYSE Arca
CONL,GraniteShares 2x Long COIN Daily ETF,ETF,NASDAQ
PCS,PGIM Corporate Bond 0-5 Year ETF,ETF,Cboe BZX
BBHY,JPMorgan BetaBuilders USD High Yield Corporate Bond ETF,ETF,Cboe BZX
IEO,iShares U.S. Oil & Gas Exploration & Production ETF,ETF,Cboe BZX
BNO,"United States Brent Oil Fund, LP ETV",ETF,NYSE Arca
FTRB,Federated Hermes Total Return Bond ETF,ETF,NYSE Arca
LVHD,Franklin U.S. Low Volatility High Dividend Index ETF,ETF,NASDAQ
FMAT,Fidelity MSCI Materials Index ETF,ETF,NYSE Arca
FPAG,FPA Global Equity ETF,ETF,Cboe BZX
FLCG,Federated Hermes MDT Large Cap Growth ETF,ETF,NYSE Arca
QDEF,Northern Trust Quality Dividend Defensive ETF,ETF,NYSE Arca
AQEC,AQE Core ETF,ETF,Cboe BZX
BRNY,Burney U.S. Factor Rotation ETF,ETF,NASDAQ
SCEC,Sterling Capital Enhanced Core Bond ETF,ETF,Cboe BZX
IGLD,FT Vest Gold Strategy Target Income ETF,ETF,Cboe BZX
YLD,Principal Active High Yield ETF,ETF,NYSE Arca
FDHY,Fidelity Enhanced High Yield ETF,ETF,NYSE Arca
PSFF,Pacer Swan SOS Fund of Funds ETF,ETF,Cboe BZX
FNGS,"MicroSectors FANG  ETNs due January 8, 2038",ETF,NYSE Arca
SIXH,ETC 6 Meridian Hedged Equity Index Option ETF,ETF,NYSE Arca
LONZ,PIMCO Senior Loan Active Exchange-Traded Fund,ETF,NYSE Arca
ROCY,JPMorgan Equity Premium Yield ETF,ETF,NASDAQ
DWLD,Davis Select Worldwide ETF,ETF,Cboe BZX
MFSV,MFS Active Value ETF,ETF,NYSE
FDEM,Fidelity Emerging Markets Multifactor ETF,ETF,Cboe BZX
KIE,State Street SPDR S&P Insurance ETF,ETF,NYSE Arca
HCMT,Direxion HCM Tactical Enhanced US ETF,ETF,NYSE Arca
BSCY,Invesco BulletShares 2034 Corporate Bond ETF,ETF,NASDAQ
XTL,State Street SPDR S&P Telecom ETF,ETF,NYSE Arca
MSFU,Direxion Daily MSFT Bull 2X ETF,ETF,NASDAQ
SEIS,SEI Select Small Cap ETF,ETF,NASDAQ
ELM,Elm Market Navigator ETF,ETF,NYSE Arca
IAUI,NEOS Gold High Income ETF,ETF,Cboe BZX
BSJT,Invesco BulletShares 2029 High Yield Corporate Bond ETF,ETF,NASDAQ
MUST,Columbia Multi-Sector Municipal Income ETF,ETF,NYSE Arca
LGH,HCM Defender 500 Index ETF,ETF,NYSE Arca
ILTB,iShares Core 10  Year USD Bond ETF,ETF,NYSE Arca
QMAR,FT Vest Nasdaq-100 Buffer ETF - March,ETF,Cboe BZX
JPSE,JPMorgan Diversified Return U.S. Small Cap Equity ETF,ETF,NYSE Arca
HEZU,iShares Currency Hedged MSCI Eurozone ETF,ETF,NYSE Arca
AGGH,Simplify Aggregate Bond ETF,ETF,NYSE Arca
GVAL,Cambria Global Value ETF,ETF,Cboe BZX
USSG,Xtrackers MSCI USA Selection Equity ETF,ETF,NYSE Arca
BKUI,BNY Mellon Ultra Short Income ETF,ETF,NYSE Arca
BLUX,Bluemonte Dynamic Total Market ETF,ETF,NYSE Arca
XPH,State Street SPDR S&P Pharmaceuticals ETF,ETF,NYSE Arca
TNGY,Tortoise Energy ETF,ETF,NYSE
WWJD,Inspire International ETF,ETF,NYSE Arca
FLBR,Franklin FTSE Brazil ETF,ETF,NYSE Arca
EIPX,FT Energy Income Partners Strategy ETF,ETF,NYSE Arca
XBB,BondBloxx BB-Rated USD High Yield Corporate Bond ETF,ETF,NYSE Arca
RPAR,RPAR Risk Parity ETF,ETF,NYSE Arca
SSUS,Day Hagan Smart Sector ETF,ETF,NYSE Arca
FAD,First Trust Multi Cap Growth AlphaDEX Fund,ETF,NASDAQ
HYBL,State Street Blackstone High Income ETF,ETF,Cboe BZX
UNG,United States Natural Gas Fund LP,ETF,NYSE Arca
DXUV,Dimensional US Vector Equity ETF,ETF,NYSE Arca
FLUD,Franklin Ultra Short Bond ETF,ETF,NYSE Arca
EZA,iShares MSCI South Africa Index Fund,ETF,NYSE Arca
ACLO,TCW AAA CLO ETF,ETF,NYSE
FNY,First Trust Mid Cap Growth AlphaDEX Fund,ETF,NASDAQ
DDM,ProShares Ultra Dow30,ETF,NYSE Arca
TDVI,FT Vest Technology Dividend Target Income ETF,ETF,Cboe BZX
IDOG,ALPS International Sector Dividend Dogs ETF,ETF,NYSE Arca
CSRE,Cohen & Steers Real Estate Active ETF,ETF,NYSE Arca
TOTR,T. Rowe Price Total Return ETF,ETF,NYSE Arca
LABU,Direxion Daily S&P Biotech Bull 3X ETF,ETF,NYSE Arca
JUST,Goldman Sachs JUST U.S. Large Cap Equity ETF,ETF,NYSE Arca
GVIP,Goldman Sachs Hedge Industry VIP ETF,ETF,NYSE Arca
NXTG,First Trust Indxx NextG ETF,ETF,NASDAQ
VSLU,Applied Finance Valuation Large Cap ETF,ETF,NYSE Arca
EPU,iShares MSCI Peru and Global Exposure ETF,ETF,NYSE Arca
IPKW,Invesco International BuyBack Achievers ETF,ETF,NASDAQ
TSMX,Direxion Daily TSM Bull 2X ETF,ETF,NASDAQ
IBTM,iShares iBonds Dec 2032 Term Treasury ETF,ETF,NASDAQ
ICLO,Invesco AAA CLO Floating Rate Note ETF,ETF,Cboe BZX
JNUG,Direxion Daily Junior Gold Miners Index Bull 2X ETF,ETF,NYSE Arca
SPYU,"MAX S&P 500 4X Leveraged ETNs due October 30, 2043",ETF,NYSE Arca
PTF,Invesco Dorsey Wright Technology Momentum ETF,ETF,NASDAQ
TXUE,Thornburg International Equity ETF,ETF,NASDAQ
LQDH,iShares Interest Rate Hedged Corporate Bond ETF,ETF,NYSE Arca
QCLN,First Trust NASDAQ Clean Edge Green Energy Index Fund,ETF,NASDAQ
UFO,Procure Space ETF,ETF,NASDAQ
FLCO,Franklin Investment Grade Corporate ETF,ETF,NYSE Arca
INMU,iShares Intermediate Muni Income Active ETF,ETF,NYSE Arca
IBMO,iShares iBonds Dec 2026 Term Muni Bond ETF,ETF,Cboe BZX
INDY,iShares India 50 ETF,ETF,NASDAQ
MSTU,T-Rex 2X Long MSTR Daily Target ETF,ETF,Cboe BZX
PNQI,Invesco Nasdaq Internet ETF,ETF,NASDAQ
MFSB,MFS Active Core Plus Bond ETF,ETF,NYSE
SCIO,First Trust Structured Credit Income Opportunities ETF,ETF,NYSE Arca
ENFR,Alerian Energy Infrastructure ETF,ETF,NYSE Arca
SIXA,ETC 6 Meridian Mega Cap Equity ETF,ETF,NYSE Arca
CFA,VictoryShares US 500 Volatility Wtd ETF,ETF,NASDAQ
DFVX,Dimensional US Large Cap Vector ETF,ETF,NYSE Arca
REM,iShares Mortgage Real Estate ETF,ETF,Cboe BZX
FEP,First Trust Europe AlphaDEX Fund,ETF,NASDAQ
BINV,Brandes International ETF,ETF,Cboe BZX
GJUN,FT Vest U.S. Equity Moderate Buffer ETF - June,ETF,Cboe BZX
STPZ,PIMCO 1-5 Year U.S. TIPS Index Exchange-Traded Fund,ETF,NYSE Arca
ABFL,Abacus FCF Leaders ETF,ETF,Cboe BZX
BBHL,BBH Select Large Cap ETF,ETF,NYSE Arca
NVDU,Direxion Daily NVDA Bull 2X ETF,ETF,NASDAQ
PJP,Invesco Pharmaceuticals ETF,ETF,NYSE Arca
VGSR,Vert Global Sustainable Real Estate ETF,ETF,NASDAQ
NBOS,Neuberger Option Strategy ETF,ETF,NYSE Arca
SVOL,Simplify Volatility Premium ETF,ETF,NYSE Arca
DWX,State Street SPDR S&P International Dividend ETF,ETF,NYSE Arca
RSST,Return Stacked U.S. Stocks & Managed Futures ETF,ETF,Cboe BZX
GBND,Goldman Sachs Core Bond ETF,ETF,NYSE Arca
STOT,State Street DoubleLine Short Duration Total Return Tactical ETF,ETF,Cboe BZX
WTPI,WisdomTree Equity Premium Income Fund,ETF,NYSE Arca
IBHG,iShares iBonds 2027 Term High Yield and Income ETF,ETF,Cboe BZX
CSM,ProShares Large Cap Core Plus,ETF,Cboe BZX
UMI,USCF Midstream Energy Income Fund ETF,ETF,NYSE Arca
BASG,Brown Advisory Sustainable Growth ETF,ETF,NASDAQ
PCI,PGIM Corporate Bond 5-10 Year ETF,ETF,Cboe BZX
RSPU,Invesco S&P 500 Equal Weight Utilities ETF,ETF,NYSE Arca
VBND,Vident U.S. Bond Strategy ETF,ETF,NYSE Arca
IDUB,Aptus International Enhanced Yield ETF,ETF,Cboe BZX
ROCQ,JPMorgan Nasdaq Equity Premium Yield ETF,ETF,NASDAQ
TUA,Simplify Short Term Treasury Futures Strategy ETF,ETF,NYSE Arca
VNM,VanEck Vietnam ETF,ETF,Cboe BZX
NUMV,Nuveen ESG Mid-Cap Value ETF,ETF,Cboe BZX
RSSB,Return Stacked Global Stocks & Bonds ETF,ETF,Cboe BZX
HYEM,VanEck Emerging Markets High Yield Bond ETF,ETF,NYSE Arca
JIG,JPMorgan International Growth ETF,ETF,NYSE Arca
TAOZ,Thornburg American Opportunities Fund,ETF,NASDAQ
NAIL,Direxion Daily Homebuilders & Supplies Bull 3X ETF,ETF,NYSE Arca
GRPM,Invesco S&P MidCap 400 GARP ETF,ETF,NYSE Arca
IDGT,iShares U.S. Digital Infrastructure and Real Estate ETF,ETF,NYSE Arca
ULST,State Street Ultra Short Term Bond ETF,ETF,NYSE Arca
XMVM,Invesco S&P MidCap Value with Momentum ETF,ETF,NYSE Arca
GMAY,FT Vest U.S. Equity Moderate Buffer ETF - May,ETF,Cboe BZX
BITU,ProShares Ultra Bitcoin ETF,ETF,NYSE Arca
EFAX,State Street SPDR MSCI EAFE Fossil Fuel Reserves Free ETF,ETF,NYSE Arca
DJD,Invesco Dow Jones Industrial Average Dividend ETF,ETF,NYSE Arca
VFQY,Vanguard U.S. Quality Factor ETF,ETF,Cboe BZX
IBHI,iShares iBonds 2029 Term High Yield and Income ETF,ETF,Cboe BZX
IAK,iShares U.S. Insurance ETF,ETF,NYSE Arca
NBCM,Neuberger Commodity Strategy ETF,ETF,NYSE Arca
AAEQ,Alpha Architect US Equity 2 ETF,ETF,NASDAQ
XSW,State Street SPDR S&P Software & Services ETF,ETF,NYSE Arca
ICOP,iShares Copper and Metals Mining ETF,ETF,NASDAQ
BUCK,Simplify Treasury Option Income ETF,ETF,NYSE Arca
QFLR,Innovator Nasdaq-100 Managed Floor ETF,ETF,NYSE Arca
BGRN,iShares USD Green Bond ETF,ETF,NASDAQ
PLTU,Direxion Daily PLTR Bull 2X ETF,ETF,NASDAQ
TECB,iShares U.S. Tech Breakthrough Multisector ETF,ETF,NYSE Arca
HAPI,Harbor Human Capital Factor US Large Cap ETF,ETF,NYSE Arca
AAUS,Alpha Architect US Equity ETF,ETF,NASDAQ
EIDO,iShares MSCI Indonesia ETF,ETF,NYSE Arca
NTSI,WisdomTree International Efficient Core Fund,ETF,NYSE Arca
BIBL,Inspire 100 ETF,ETF,NYSE Arca
DNL,WisdomTree Global ex-U.S. Quality Growth Fund,ETF,NYSE Arca
MUNY,Vanguard New York Tax-Exempt Bond ETF,ETF,Cboe BZX
AVMC,Avantis U.S. Mid Cap Equity ETF,ETF,NYSE Arca
IBD,Inspire Corporate Bond ETF,ETF,NYSE Arca
CVIE,Calvert International Responsible Index ETF,ETF,NYSE Arca
CALI,iShares Short-Term California Muni Active ETF,ETF,NASDAQ
AMZA,InfraCap MLP ETF,ETF,NYSE Arca
UTWO,US Treasury 2 Year Note ETF,ETF,NASDAQ
BRIE,MFS Blended Research International Equity ETF,ETF,NYSE
NUBD,Nuveen ESG U.S. Aggregate Bond ETF,ETF,NYSE Arca
NFLT,Virtus Newfleet Multi-Sector Bond ETF,ETF,NYSE Arca
CXSE,WisdomTree China ex-State-Owned Enterprises Fund,ETF,NASDAQ
TCPB,Thrivent Core Plus Bond ETF,ETF,NYSE Arca
DJAN,FT Vest U.S. Equity Deep Buffer ETF - January,ETF,Cboe BZX
AVSU,Avantis Responsible U.S. Equity ETF,ETF,NYSE Arca
PSCT,Invesco S&P SmallCap Information Technology ETF,ETF,NASDAQ
BDBT,Bluemonte Core Bond ETF,ETF,NYSE Arca
DFNL,Davis Select Financial ETF,ETF,Cboe BZX
KCE,State Street SPDR S&P Capital Markets ETF,ETF,NYSE Arca
EDGF,3EDGE Dynamic Fixed Income ETF,ETF,NYSE Arca
GDE,WisdomTree Efficient Gold Plus Equity Strategy Fund,ETF,Cboe BZX
DJUL,FT Vest U.S. Equity Deep Buffer ETF - July,ETF,Cboe BZX
IBMR,iShares iBonds Dec 2029 Term Muni Bond ETF,ETF,Cboe BZX
SPTB,State Street SPDR Portfolio Treasury ETF,ETF,NYSE Arca
MMIN,NYLIM MacKay Muni Insured ETF,ETF,NYSE Arca
GGUS,Goldman Sachs MarketBeta Russell 1000 Growth Equity ETF,ETF,NYSE Arca
JPME,JPMorgan Diversified Return U.S. Mid Cap Equity ETF,ETF,NYSE Arca
CSMD,Congress SMid Growth ETF,ETF,NYSE Arca
BUXX,Strive Enhanced Income Short Maturity ETF,ETF,NYSE
GXC,State Street SPDR S&P China ETF,ETF,NYSE Arca
WIP,State Street SPDR FTSE International Government Inflation-Protected Bond ETF,ETF,NYSE Arca
PAPI,Parametric Equity Premium Income ETF,ETF,NYSE Arca
TEQI,T. Rowe Price Equity Income ETF,ETF,NYSE Arca
JPRE,JPMorgan Realty Income ETF,ETF,NYSE Arca
JPUS,JPMorgan Diversified Return U.S. Equity ETF,ETF,NYSE Arca
CCNR,ALPS/CoreCommodity Natural Resources ETF,ETF,NASDAQ
PBE,Invesco Biotechnology & Genome ETF,ETF,NYSE Arca
PBOG,Portfolio Building Block Integrated Oil and Gas and Exploration and Production Index ETF,ETF,NASDAQ
GEME,Pacific North of South EM Equity Active ETF,ETF,NASDAQ
CMBS,iShares CMBS Bond ETF,ETF,NYSE Arca
METU,Direxion Daily META Bull 2X ETF,ETF,NASDAQ
BBH,VanEck Biotech ETF,ETF,NASDAQ
MFDX,PIMCO RAFI Dynamic Multi-Factor International Equity ETF,ETF,NYSE Arca
FGDL,Franklin Responsibly Sourced Gold ETF,ETF,NYSE Arca
IXP,iShares Global Comm Services ETF,ETF,NYSE Arca
BUFM,AB Moderate Buffer ETF,ETF,NASDAQ
BBLU,EA Bridgeway Blue Chip ETF,ETF,NYSE Arca
DMAR,FT Vest U.S. Equity Deep Buffer ETF - March,ETF,Cboe BZX
DCRE,DoubleLine Commercial Real Estate Debt ETF,ETF,NYSE Arca
PBEU,Portfolio Building Block European Banks Index ETF,ETF,NASDAQ
IBTO,iShares iBonds Dec 2033 Term Treasury ETF,ETF,NASDAQ
AVGV,Avantis All Equity Markets Value ETF,ETF,NYSE Arca
IBND,State Street SPDR Bloomberg International Corporate Bond ETF,ETF,NYSE Arca
VIDI,Vident International Equity Strategy ETF,ETF,NYSE Arca
RMOP,Rockefeller Opportunistic Municipal Bond ETF,ETF,NYSE Arca
SHYD,VanEck Short High Yield Muni ETF,ETF,Cboe BZX
IBHH,iShares iBonds 2028 Term High Yield and Income ETF,ETF,Cboe BZX
AVXC,Avantis Emerging Markets ex-China Equity ETF,ETF,NASDAQ
JEMB,Janus Henderson Emerging Markets Debt Hard Currency ETF,ETF,NYSE Arca
MAYW,AllianzIM U.S. Large Cap Buffer20 May ETF,ETF,Cboe BZX
BRRR,Coinshares Bitcoin ETF,ETF,NASDAQ
DEHP,Dimensional Emerging Markets High Profitability ETF,ETF,NYSE Arca
FLTB,Fidelity Limited Term Bond ETF,ETF,NYSE Arca
VFMV,Vanguard U.S. Minimum Volatility ETF,ETF,Cboe BZX
GMUB,Goldman Sachs Municipal Income ETF,ETF,NYSE Arca
TDI,Touchstone Dynamic International ETF,ETF,NASDAQ
CRAK,VanEck Oil Refiners ETF,ETF,NYSE Arca
ZAP,Global X U.S. Electrification ETF,ETF,NASDAQ
HEDG,Equable Shares Hedged Equity ETF,ETF,NYSE Arca
THNQ,ROBO Global Artificial Intelligence ETF,ETF,NYSE Arca
TTEQ,T. Rowe Price Technology ETF,ETF,NASDAQ
BYLD,iShares Yield Optimized Bond ETF,ETF,NYSE Arca
FXY,Invesco CurrencyShares Japanese Yen Trust,ETF,NYSE Arca
ANGU,SEI Ang Research Enhanced U.S. Large Cap ETF,ETF,NASDAQ
LRND,NYLIM U.S. Large Cap R&D Leaders ETF,ETF,NASDAQ
DFEB,FT Vest U.S. Equity Deep Buffer ETF - February,ETF,Cboe BZX
TOAO,Twin Oak Active Opportunities III ETF,ETF,Cboe BZX
NCIQ,Hashdex Nasdaq CME Crypto Index ETF,ETF,NASDAQ
AIPI,REX AI Equity Premium Income ETF,ETF,NASDAQ
BCD,abrdn Bloomberg All Commodity Longer Dated Strategy K-1 Free ETF,ETF,NYSE Arca
DDEC,FT Vest U.S. Equity Deep Buffer ETF - December,ETF,Cboe BZX
BITQ,Bitwise Crypto Industry Innovators ETF,ETF,NYSE Arca
SIZE,iShares MSCI USA Size Factor ETF,ETF,NYSE Arca
GJAN,FT Vest U.S. Equity Moderate Buffer ETF - January,ETF,Cboe BZX
SLVO,"ETRACS Silver Shares Covered Call ETNs due April 21, 2033",ETF,NASDAQ
CEFS,Saba Opportunistically Hedged Closed-End Funds ETF,ETF,Cboe BZX
CPAI,Counterpoint Quantitative Equity ETF,ETF,NYSE
ATFV,Alger 35 ETF,ETF,NYSE Arca
UCO,ProShares Ultra Bloomberg Crude Oil,ETF,NYSE Arca
DFJ,WisdomTree Japan SmallCap Fund,ETF,NYSE Arca
DDLS,WisdomTree Dynamic International SmallCap Equity Fund,ETF,Cboe BZX
GNMA,iShares GNMA Bond ETF,ETF,NASDAQ
GMF,State Street SPDR S&P Emerging Asia Pacific ETF,ETF,NYSE Arca
EZBC,Franklin Templeton Digital Holdings Trust Shares of Franklin Bitcoin ETF,ETF,Cboe BZX
CEMB,iShares J.P. Morgan EM Corporate Bond ETF,ETF,Cboe BZX
MDIV,Multi-Asset Diversified Income Index Fund,ETF,NASDAQ
NVDX,T-Rex 2X Long NVIDIA Daily Target ETF,ETF,Cboe BZX
OSEA,Harbor International Compounders ETF,ETF,NYSE Arca
BINT,Bluemonte Global Equity ETF,ETF,NYSE Arca
EELV,Invesco S&P Emerging Markets Low Volatility ETF,ETF,NYSE Arca
QVMM,Invesco S&P MidCap 400 QVM Multi-factor ETF,ETF,NYSE Arca
BKMS,BNY Mellon Municipal Short Duration ETF,ETF,NASDAQ
GDEC,FT Vest U.S. Equity Moderate Buffer ETF - December,ETF,Cboe BZX
OVL,Overlay Shares Large Cap Equity ETF,ETF,Cboe BZX
AIVL,WisdomTree U.S. AI Enhanced Value Fund,ETF,NYSE Arca
KHPI,Kensington Hedged Premium Income ETF,ETF,Cboe BZX
EUV,Corgi Lithography & Semiconductor Photonics ETF,ETF,Cboe BZX
QMOM,Alpha Architect U.S. Quantitative Momentum ETF,ETF,NASDAQ
BASV,Brown Advisory Sustainable Value ETF,ETF,NASDAQ
SBAR,Simplify Barrier Income ETF,ETF,NYSE Arca
PEJ,Invesco Leisure and Entertainment ETF,ETF,NYSE Arca
APLU,Allspring Core Plus ETF,ETF,NYSE Arca
NUEM,Nuveen ESG Emerging Markets Equity ETF,ETF,Cboe BZX
BNDY,Horizon Core Bond ETF,ETF,Cboe BZX
XJH,iShares ESG Select Screened S&P Mid-Cap ETF,ETF,Cboe BZX
KSTR,KraneShares China Technology & Semiconductor STAR 50 Index ETF,ETF,NYSE Arca
FDG,American Century Focused Dynamic Growth ETF,ETF,NYSE Arca
COPY,"Tweedy, Browne Insider + Value ETF",ETF,NYSE Arca
DAUG,FT Vest U.S. Equity Deep Buffer ETF - August,ETF,Cboe BZX
BBHM,BBH Select Mid Cap ETF,ETF,NYSE Arca
FLDB,Fidelity Low Duration Bond ETF,ETF,NASDAQ
DUBS,Aptus Large Cap Enhanced Yield ETF,ETF,Cboe BZX
BIDD,iShares International Dividend Active ETF,ETF,NYSE Arca
GVUS,Goldman Sachs MarketBeta Russell 1000 Value Equity ETF,ETF,NYSE Arca
CFO,VictoryShares US 500 Enhanced Volatility Wtd ETF,ETF,NASDAQ
BAPR,Innovator U.S. Equity Buffer ETF - April,ETF,Cboe BZX
DWAS,Invesco Dorsey Wright SmallCap Momentum ETF,ETF,NASDAQ
RUNN,Running Oak Efficient Growth ETF,ETF,NASDAQ
IBCA,iShares iBonds Dec 2035 Term Corporate ETF,ETF,NYSE Arca
GDLC,Grayscale CoinDesk Crypto 5 ETF,ETF,NYSE Arca
KBWD,Invesco KBW High Dividend Yield Financial ETF,ETF,NASDAQ
GQRE,Northern Trust Global Quality Real Estate ETF,ETF,NYSE Arca
KMLM,KraneShares Mount Lucas Managed Futures Index Strategy ETF,ETF,NYSE Arca
BOIL,ProShares Ultra Bloomberg Natural Gas,ETF,NYSE Arca
GJUL,FT Vest U.S. Equity Moderate Buffer ETF - July,ETF,Cboe BZX
HCRB,Hartford Core Bond ETF,ETF,Cboe BZX
BTCO,Invesco Galaxy Bitcoin ETF ,ETF,Cboe BZX
IQQQ,ProShares Nasdaq-100 High Income ETF,ETF,NASDAQ
CDL,VictoryShares US Large Cap High Div Volatility Wtd ETF,ETF,NASDAQ
DGRS,WisdomTree U.S. SmallCap Quality Dividend Growth Fund,ETF,NASDAQ
DNOV,FT Vest U.S. Equity Deep Buffer ETF - November,ETF,Cboe BZX
FXN,First Trust Energy AlphaDEX Fund,ETF,NYSE Arca
NUMG,Nuveen ESG Mid-Cap Growth ETF,ETF,Cboe BZX
CPLB,NYLIM MacKay Core Plus Bond ETF,ETF,NYSE Arca
GMAR,FT Vest U.S. Equity Moderate Buffer ETF - March,ETF,Cboe BZX
JPEM,JPMorgan Diversified Return Emerging Markets Equity ETF,ETF,NYSE Arca
XES,State Street SPDR S&P Oil & Gas Equipment & Services ETF,ETF,NYSE Arca
FXZ,First Trust Materials AlphaDEX Fund,ETF,NYSE Arca
EVUS,iShares ESG Aware MSCI USA Value ETF,ETF,Cboe BZX
DIAL,Columbia Diversified Fixed Income Allocation ETF,ETF,NYSE Arca
URNJ,Sprott Junior Uranium Miners ETF,ETF,NASDAQ
DOCT,FT Vest U.S. Equity Deep Buffer ETF - October,ETF,Cboe BZX
IEZ,iShares U.S. Oil Equipment & Services ETF,ETF,NYSE Arca
USCI,United States Commodity Index Fund ETV,ETF,NYSE Arca
PLTY,YieldMax PLTR Option Income Strategy ETF,ETF,NYSE Arca
XSVN,BondBloxx Bloomberg Seven Year Target Duration US Treasury ETF,ETF,NYSE Arca
FIDI,Fidelity International High Dividend ETF,ETF,NYSE Arca
MXI,iShares Global Materials ETF,ETF,NYSE Arca
OAIM,OneAscent International Equity ETF,ETF,NYSE Arca
GAUG,FT Vest U.S. Equity Moderate Buffer ETF - August,ETF,Cboe BZX
JMSI,JPMorgan Sustainable Municipal Income ETF,ETF,NYSE Arca
TBFG,The Brinsmere Fund Growth ETF,ETF,NYSE Arca
PTMC,Pacer Trendpilot US Mid Cap ETF,ETF,Cboe BZX
FXF,Invesco CurrencyShares Swiss Franc Trust,ETF,NYSE Arca
CAML,Congress Large Cap Growth ETF,ETF,NYSE Arca
YMAX,YieldMax Universe Fund of Option Income ETFs,ETF,NYSE Arca
LRGE,ClearBridge Large Cap Growth Select ETF,ETF,NASDAQ
PBW,Invesco WilderHill Clean Energy ETF,ETF,NYSE Arca
CLOU,Global X Cloud Computing ETF,ETF,NASDAQ
FEMB,First Trust Emerging Markets Local Currency Bond ETF,ETF,NASDAQ
SIXD,AllianzIM U.S. Large Cap 6 Month Buffer10 Jun/Dec ETF,ETF,Cboe BZX
FLV,American Century Focused Large Cap Value ETF,ETF,NYSE Arca
GFEB,FT Vest U.S. Equity Moderate Buffer ETF - February,ETF,Cboe BZX
BMNU,T-REX 2X Long BMNR Daily Target ETF,ETF,Cboe BZX
PBP,Invesco S&P 500 BuyWrite ETF,ETF,Cboe BZX
PTIR,GraniteShares 2x Long PLTR Daily ETF,ETF,NASDAQ
SPXU,ProShares UltraPro Short S&P500,ETF,NYSE Arca
QQQH,NEOS Nasdaq-100 Hedged Equity Income ETF,ETF,NASDAQ
AGOX,Adaptive Alpha Opportunities ETF,ETF,NYSE Arca
MFSG,MFS Active Growth ETF,ETF,NYSE
DMAY,FT Vest U.S. Equity Deep Buffer ETF - May,ETF,Cboe BZX
TPSC,Timothy Plan US Small Cap Core ETF,ETF,NYSE Arca
AMDY,Yieldmax AMD Option Income Strategy ETF,ETF,NYSE Arca
ZECP,Zacks Earnings Consistent Portfolio ETF,ETF,Cboe BZX
EEMS,iShares MSCI Emerging Markets Small Cap ETF,ETF,NYSE Arca
JUNW,AllianzIM U.S. Large Cap Buffer20 Jun ETF,ETF,Cboe BZX
JUCY,Aptus Enhanced Yield ETF,ETF,Cboe BZX
DRIV,Global X Autonomous & Electric Vehicles ETF,ETF,NASDAQ
PINK,Simplify Health Care ETF,ETF,NYSE Arca
AGEM,abrdn Emerging Markets Dividend Active ETF,ETF,NASDAQ
SGDJ,Sprott Junior Gold Miners ETF,ETF,NYSE Arca
FXE,Invesco CurrencyShares Euro Currency Trust,ETF,NYSE Arca
PRN,Invesco Dorsey Wright Industrials Momentum ETF,ETF,NASDAQ
JPIN,JPMorgan Diversified Return International Equity ETF,ETF,NYSE Arca
JSML,Janus Henderson Small Cap Growth Alpha ETF,ETF,NASDAQ
CONY,YieldMax COIN Option Income Strategy ETF,ETF,NYSE Arca
WCLD,WisdomTree Cloud Computing Fund,ETF,NASDAQ
VTEL,Vanguard Long-Term Tax-Exempt Bond ETF,ETF,Cboe BZX
SDS,ProShares UltraShort S&P500,ETF,NYSE Arca
PIT,VanEck Commodity Strategy ETF,ETF,Cboe BZX
TPHD,Timothy Plan High Dividend Stock ETF,ETF,NYSE Arca
DBB,Invesco DB Base Metals Fund,ETF,NYSE Arca
PDN,Invesco RAFI Developed Markets ex-U.S. Small-Mid ETF,ETF,NYSE Arca
AAUA,Alpha Architect US Equity 3 ETF,ETF,Cboe BZX
FSCC,Federated Hermes MDT Small Cap Core ETF,ETF,NYSE Arca
WEAT,Teucrium Wheat Fund ETV,ETF,NYSE Arca
MVLL,GraniteShares 2x Long MRVL Daily ETF,ETF,NASDAQ
MORT,VanEck Mortgage REIT Income ETF,ETF,NYSE Arca
XRT,State Street SPDR S&P Retail ETF,ETF,NYSE Arca
TBFC,The Brinsmere Fund  Conservative ETF,ETF,NYSE Arca
CDX,Simplify High Yield ETF,ETF,NYSE Arca
XTN,State Street SPDR S&P Transportation ETF,ETF,NYSE Arca
VALQ,American Century U.S. Quality Value ETF,ETF,NYSE Arca
GUSE,Goldman Sachs Enhanced U.S. Equity ETF,ETF,NASDAQ
AVSD,Avantis Responsible International Equity ETF,ETF,NYSE Arca
GRIN,VictoryShares International Free Cash Flow Growth ETF,ETF,NASDAQ
USSE,Segall Bryant & Hamill Trust Segall Bryant & Hamill Select Equity ETF,ETF,NYSE Arca
BSMR,Invesco BulletShares 2027 Municipal Bond ETF,ETF,NASDAQ
RGLO,Russell Investments Global Equity ETF,ETF,NASDAQ
TLTE,Northern Trust Morningstar Emerging Markets Factor Tilt ETF,ETF,NYSE Arca
PICB,Invesco International Corporate Bond ETF,ETF,NYSE Arca
BJUL,Innovator U.S. Equity Buffer ETF - July,ETF,Cboe BZX
DAPP,VanEck Digital Transformation ETF,ETF,NASDAQ
DSEP,FT Vest U.S. Equity Deep Buffer ETF - September,ETF,Cboe BZX
DJUN,FT Vest U.S. Equity Deep Buffer ETF - June,ETF,Cboe BZX
ORR,Militia Long/Short Equity ETF,ETF,NASDAQ
TMFG,Motley Fool Global Opportunities ETF,ETF,Cboe BZX
GTOC,Invesco Core Fixed Income ETF,ETF,Cboe BZX
NJAN,Innovator Growth-100 Power Buffer ETF - January,ETF,Cboe BZX
AVDS,Avantis International Small Cap Equity ETF,ETF,NYSE Arca
HAWX,iShares Currency Hedged MSCI ACWI ex U.S. ETF,ETF,NYSE Arca
BLUC,Bluemonte Large Cap Core ETF,ETF,NYSE Arca
FCOR,Fidelity Corporate Bond ETF,ETF,NYSE Arca
FOXY,Simplify Currency Strategy ETF,ETF,NYSE Arca
FFUT,Fidelity Managed Futures ETF,ETF,NASDAQ
JANW,AllianzIM U.S. Large Cap Buffer20 Jan ETF,ETF,Cboe BZX
RONB,Baron First Principles ETF,ETF,NYSE
SRVR,Pacer Data & Infrastructure Real Estate ETF,ETF,NYSE Arca
REVS,Columbia Research Enhanced Value ETF,ETF,NYSE Arca
BLCV,iShares Large Cap Value Active ETF,ETF,NYSE Arca
BJAN,Innovator U.S. Equity Buffer ETF - January,ETF,Cboe BZX
UIVM,VictoryShares International Value Momentum ETF,ETF,NASDAQ
FFOG,Franklin Focused Growth ETF,ETF,Cboe BZX
ONEZ,TrueShares Seasonality Laddered Buffered ETF,ETF,Cboe BZX
BENJ,Horizon Landmark ETF,ETF,NYSE Arca
XFIV,BondBloxx Bloomberg Five Year Target Duration US Treasury ETF,ETF,NYSE Arca
CGIB,Capital Group International Bond ETF (USD-Hedged),ETF,NYSE Arca
ZCSH,The Zcash ETF Shares,ETF,NYSE Arca
THD,iShares MSCI Thailand ETF,ETF,NYSE Arca
RFG,Invesco S&P MidCap 400 Pure Growth ETF,ETF,NYSE Arca
IQSM,NYLIM Candriam U.S. Mid Cap Equity ETF,ETF,NYSE Arca
LALT,First Trust Multi-Strategy Alternative ETF,ETF,NYSE Arca
GREK,Global X MSCI Greece ETF,ETF,NYSE Arca
IGHG,ProShares Investment Grade-Interest Rate Hedged,ETF,Cboe BZX
GSEP,FT Vest U.S. Equity Moderate Buffer ETF - September,ETF,Cboe BZX
IVVW,iShares S&P 500 BuyWrite ETF,ETF,Cboe BZX
XRPC,Canary XRP ETF,ETF,NASDAQ
ESN,Essential 40 Stock ETF,ETF,NASDAQ
XDTE,Roundhill S&P 500 0DTE Covered Call Strategy ETF,ETF,Cboe BZX
CARK,CastleArk Large Growth ETF,ETF,NYSE Arca
ISVL,iShares International Developed Small Cap Value Factor ETF,ETF,Cboe BZX
SPXS,Direxion Daily S&P 500 Bear 3X ETF,ETF,NYSE Arca
ISMD,Inspire Small/Mid Cap ETF,ETF,NYSE Arca
CAIQ,Calamos Nasdaq Autocallable Income ETF,ETF,NASDAQ
EWQ,iShares MSCI France Index Fund,ETF,NYSE Arca
HYFI,AB High Yield ETF,ETF,NYSE Arca
RFV,Invesco S&P MidCap 400 Pure Value ETF,ETF,NYSE Arca
AVUQ,Avantis U.S. Quality ETF,ETF,NASDAQ
PKB,Invesco Building & Construction ETF,ETF,NYSE Arca
WQTM,WisdomTree Quantum Computing Fund,ETF,Cboe BZX
IDLV,Invesco S&P International Developed Low Volatility ETF,ETF,NYSE Arca
IBMS,iShares iBonds Dec 2030 Term Muni Bond ETF,ETF,Cboe BZX
FLCH,Franklin FTSE China ETF,ETF,NYSE Arca
PABD,iShares Paris-Aligned Climate Optimized MSCI World ex USA ETF,ETF,NASDAQ
BUFB,Innovator Laddered Allocation Buffer ETF,ETF,Cboe BZX
DFEN,Direxion Daily Aerospace & Defense Bull 3X ETF,ETF,NYSE Arca
KOID,KraneShares Global Humanoid Robotics and Physical AI Index ETF,ETF,NASDAQ
SHE,State Street SPDR MSCI USA Gender Diversity ETF,ETF,NYSE Arca
EQIN,Columbia U.S. Equity Income ETF,ETF,NYSE Arca
BGIA,Baillie Gifford International Alpha ETF,ETF,NASDAQ
BUFG,FT Vest Buffered Allocation Growth ETF,ETF,Cboe BZX
AQLT,iShares MSCI Global Quality Factor ETF,ETF,Cboe BZX
DPST,Direxion Daily Regional Banks Bull 3X ETF,ETF,NYSE Arca
TURF,T. Rowe Price Natural Resources ETF,ETF,NASDAQ
SMOT,VanEck Morningstar SMID Moat ETF,ETF,Cboe BZX
TDAQ,TappAlpha Innovation 100 Growth & Daily Income ETF,ETF,Cboe BZX
XCCC,BondBloxx CCC-Rated USD High Yield Corporate Bond ETF,ETF,NYSE Arca
IQSU,NYLIM Candriam U.S. Large Cap Equity ETF,ETF,NYSE Arca
PDBA,Invesco Agriculture Commodity Strategy No K-1 ETF,ETF,NASDAQ
GOVZ,iShares 25  Year Treasury STRIPS Bond ETF,ETF,Cboe BZX
RISR,FolioBeyond Alternative Income and Interest Rate Hedge ETF,ETF,NYSE Arca
EDOW,First Trust Dow 30 Equal Weight ETF,ETF,NYSE Arca
BUSA,Brandes U.S. Value ETF,ETF,Cboe BZX
EWM,iShares MSCI Malaysia Index Fund,ETF,NYSE Arca
TSPY,TappAlpha S&P 500 Growth & Daily Income ETF,ETF,NASDAQ
ILDR,First Trust Innovation Leaders ETF,ETF,NYSE Arca
BSCZ,Invesco BulletShares 2035 Corporate Bond ETF,ETF,NASDAQ
BSMS,Invesco BulletShares 2028 Municipal Bond ETF,ETF,NASDAQ
INTW,GraniteShares 2x Long INTC Daily ETF,ETF,NASDAQ
GDXY,YieldMax Gold Miners Option Income Strategy ETF,ETF,NYSE Arca
KJAN,Innovator U.S. Small Cap Power Buffer ETF - January,ETF,Cboe BZX
OCTW,AllianzIM U.S. Large Cap Buffer20 Oct ETF,ETF,Cboe BZX
HAP,VanEck Natural Resources ETF,ETF,NYSE Arca
DAPR,FT Vest U.S. Equity Deep Buffer ETF - April,ETF,Cboe BZX
DBAW,Xtrackers MSCI All World ex US Hedged Equity ETF,ETF,NYSE Arca
CGUI,Capital Group Ultra Short Income ETF,ETF,NYSE Arca
CLOX,Eldridge AAA CLO ETF,ETF,NYSE Arca
MRSK,Toews Agility Shares Managed Risk ETF,ETF,NYSE Arca
HYBB,iShares BB Rated Corporate Bond ETF,ETF,NYSE Arca
LQDW,iShares Investment Grade Corporate Bond BuyWrite Strategy ETF,ETF,Cboe BZX
IMF,Invesco Managed Futures Strategy ETF,ETF,Cboe BZX
URTY,ProShares UltraPro Russell2000,ETF,NYSE Arca
CAFX,Congress Intermediate Bond ETF,ETF,NYSE Arca
GAL,State Street Global Allocation ETF,ETF,NYSE Arca
BSJU,Invesco BulletShares 2030 High Yield Corporate Bond ETF,ETF,NASDAQ
IWLG,NYLIM Winslow Large Cap Growth ETF,ETF,NYSE Arca
SMB,VanEck Short Muni ETF,ETF,Cboe BZX
PBDC,Putnam BDC Income ETF,ETF,NYSE Arca
LYTE,Roundhill Photonics & Optics ETF,ETF,Cboe BZX
FTSD,Franklin Short Duration U.S. Government ETF,ETF,NYSE Arca
VGHY,Vanguard High-Yield Active ETF,ETF,Cboe BZX
EMHC,State Street SPDR Bloomberg Emerging Markets USD Bond ETF,ETF,NYSE Arca
ECON,Columbia Research Enhanced Emerging Economies ETF,ETF,NYSE Arca
KBWY,Invesco KBW Premium Yield Equity REIT ETF,ETF,NASDAQ
VMSB,Voya Multi-Sector Income ETF,ETF,NYSE Arca
XQQI,NEOS Boosted Nasdaq-100 High Income ETF,ETF,NASDAQ
TPLC,Timothy Plan US Large/Mid Cap Core ETF,ETF,NYSE Arca
SPCH,Leverage Shares 2X Long SPCX Daily ETF,ETF,Cboe BZX
IYRI,NEOS Real Estate High Income ETF,ETF,Cboe BZX
RSPF,Invesco S&P 500 Equal Weight Financial ETF,ETF,NYSE Arca
DRLL,Strive U.S. Energy ETF,ETF,NYSE
RSPD,Invesco S&P 500 Equal Weight Consumer Discretionary ETF,ETF,NYSE Arca
OBIL,US Treasury 12 Month Bill ETF,ETF,NASDAQ
XSHQ,Invesco S&P SmallCap Quality ETF,ETF,Cboe BZX
TCAL,T. Rowe Price Capital Appreciation Premium Income ETF,ETF,NYSE Arca
DEXC,Dimensional Emerging Markets ex China Core Equity ETF,ETF,NYSE Arca
BCPL,BNY Mellon Core Plus ETF,ETF,NYSE Arca
USOI,"ETRACS Crude Oil Shares Covered Call ETNs due April 24, 2037",ETF,NASDAQ
BGGG,Baillie Gifford Long Term Global Growth ETF,ETF,NASDAQ
DIVN,Horizon Dividend Income ETF,ETF,Cboe BZX
DIVZ,Polen Dividend Income ETF,ETF,NYSE Arca
ADME,Aptus Drawdown Managed Equity ETF,ETF,Cboe BZX
USDX,SGI Enhanced Core ETF,ETF,NASDAQ
TACK,Fairlead Tactical Sector ETF,ETF,NYSE Arca
COPP,Sprott Copper Miners ETF,ETF,NASDAQ
GCC,WisdomTree EnhancedContinuous Commodity Index Fund,ETF,NYSE Arca
ONEV,State Street SPDR Russell 1000 Low Volatility Focus ETF,ETF,NYSE Arca
RZV,Invesco S&P SmallCap 600 Pure Value ETF,ETF,NYSE Arca
UAE,iShares MSCI UAE ETF,ETF,NASDAQ
HEQT,Simplify Hedged Equity ETF,ETF,NYSE Arca
JSTC,Adasina Social Justice All Cap Global ETF,ETF,NYSE Arca
AFIF,Anfield Universal Fixed Income ETF,ETF,Cboe BZX
AFOS,ARS Focused Opportunity Strategy ETF,ETF,NASDAQ
DEUS,Xtrackers Russell US Multifactor ETF,ETF,NYSE Arca
BTAL,AGF U.S. Market Neutral Anti-Beta Fund,ETF,NYSE Arca
CPAG,F/m Compoundr U.S. Aggregate Bond ETF,ETF,NASDAQ
USNZ,Xtrackers Net Zero Pathway Paris Aligned US Equity ETF,ETF,NYSE Arca
JXI,iShares Global Utilities ETF,ETF,NYSE Arca
MDST,Westwood Salient Enhanced Midstream Income ETF,ETF,NYSE
GARY,Mango Growth ETF,ETF,NASDAQ
UUP,Invesco DB USD Index Bullish Fund ETF,ETF,NYSE Arca
UJUL,Innovator U.S. Equity Ultra Buffer ETF - July,ETF,Cboe BZX
BRSV,EA Bridgeway Select Small-Cap Value ETF,ETF,Cboe BZX
MFUS,PIMCO RAFI Dynamic Multi-Factor U.S. Equity ETF,ETF,NYSE Arca
OPPE,WisdomTree European Opportunities Fund,ETF,NYSE Arca
TBT,ProShares UltraShort Lehman 20  Year Treasury,ETF,NYSE Arca
QLTI,GMO International Quality ETF,ETF,NYSE Arca
SPXT,ProShares S&P 500 Ex-Technology ETF,ETF,NYSE Arca
LCTD,iShares World ex U.S. Carbon Transition Readiness Aware Active ETF,ETF,NYSE Arca
GNOV,FT Vest U.S. Equity Moderate Buffer ETF - November,ETF,Cboe BZX
FLRG,Fidelity U.S. Multifactor ETF,ETF,NYSE Arca
YMAG,YieldMax Magnificent 7 Fund of Option Income ETFs,ETF,NYSE Arca
LRGG,Nomura Focused Large Growth ETF,ETF,NYSE Arca
UMMA,Wahed Dow Jones Islamic World ETF,ETF,NASDAQ
SIO,Touchstone Strategic Income ETF,ETF,NYSE Arca
FTXO,First Trust Nasdaq Bank ETF,ETF,NASDAQ
GAPR,FT Vest U.S. Equity Moderate Buffer ETF - April,ETF,Cboe BZX
WAGN,Pabrai Wagons ETF,ETF,NYSE Arca
HYTR,Counterpoint High Yield Trend ETF,ETF,NYSE
HYZD,WisdomTree Interest Rate Hedged High Yield Bond Fund,ETF,NASDAQ
PSQO,Palmer Square Credit Opportunities ETF,ETF,NYSE Arca
JMHI,JPMorgan High Yield Municipal ETF,ETF,NYSE Arca
FTMA,Franklin Massachusetts Municipal Income ETF,ETF,NYSE Arca
TMVE,Thrivent Mid Cap Value ETF,ETF,NYSE Arca
FPXI,First Trust International Equity Opportunities ETF,ETF,NASDAQ
BLOX,Nicholas Crypto Income ETF,ETF,NYSE Arca
BVAL,Bluemonte Large Cap Value ETF,ETF,NYSE Arca
UVXY,ProShares Ultra VIX Short Term Futures ETF,ETF,Cboe BZX
IBTP,iShares iBonds Dec 2034 Term Treasury ETF,ETF,NASDAQ
SDSI,American Century Short Duration Strategic Income ETF,ETF,NASDAQ
BWZ,State Street SPDR Bloomberg Short Term International Treasury Bond ETF,ETF,NYSE Arca
BOCT,Innovator U.S. Equity Buffer ETF - October,ETF,Cboe BZX
BSMT,Invesco BulletShares 2029 Municipal Bond ETF,ETF,NASDAQ
BLGR,Bluemonte Large Cap Growth ETF,ETF,NYSE Arca
DINT,Davis Select International ETF,ETF,Cboe BZX
HEEM,iShares Currency Hedged MSCI Emerging Markets ETF,ETF,Cboe BZX
WDIV,State Street SPDR S&P Global Dividend ETF,ETF,NYSE Arca
NANC,Subversive Congressional Democrats Trading ETF,ETF,Cboe BZX
INCE,Franklin Income Equity Focus ETF,ETF,NYSE Arca
SPUU,Direxion Daily S&P 500 Bull 2X ETF,ETF,NYSE Arca
IFLO,VictoryShares International Free Cash Flow ETF,ETF,NASDAQ
FDTX,Fidelity Disruptive Technology ETF,ETF,NASDAQ
FDEV,Fidelity International Multifactor ETF,ETF,Cboe BZX
SMMV,iShares MSCI USA Small-Cap Min Vol Factor ETF,ETF,Cboe BZX
JAJL,Innovator Equity Defined Protection ETF - 6mo Jan/Jul,ETF,Cboe BZX
XBOX,Roundhill Ultra Short Duration No Dividend Target ETF,ETF,Cboe BZX
EVIM,Eaton Vance Intermediate Municipal Income ETF,ETF,NYSE Arca
TAXX,BondBloxx IR+M Tax-Aware Short Duration ETF,ETF,NYSE Arca
FTMN,Franklin Minnesota Municipal Income ETF,ETF,NYSE Arca
ISCB,iShares Morningstar Small-Cap ETF,ETF,NYSE Arca
OPPJ,WisdomTree Japan Opportunities Fund,ETF,NASDAQ
TOV,JLens 500 Jewish Advocacy U.S. ETF,ETF,NYSE Arca
AAAA,Amplius Aggressive Asset Allocation ETF,ETF,Cboe BZX
HTAB,Hartford Schroders Tax-Aware Bond ETF,ETF,NYSE Arca
AMZU,Direxion Daily AMZN Bull 2X ETF,ETF,NASDAQ
ROE,Astoria US Equal Weight Quality Kings ETF,ETF,NASDAQ
KBWP,Invesco KBW Property & Casualty Insurance ETF,ETF,NASDAQ
BSMU,Invesco BulletShares 2030 Municipal Bond ETF,ETF,NASDAQ
FCPI,Fidelity Stocks for Inflation ETF,ETF,Cboe BZX
USMF,WisdomTree U.S. Multifactor Fund,ETF,Cboe BZX
HECA,Hedgeye Capital Allocation ETF,ETF,NYSE Arca
TBG,TBG Dividend Focus ETF,ETF,NYSE Arca
QTOP,iShares Nasdaq Top 30 Stocks ETF,ETF,NASDAQ
TRTY,Cambria Trinity ETF,ETF,Cboe BZX
OMFS,Invesco Russell 2000 Dynamic Multifactor ETF,ETF,Cboe BZX
JHCP,John Hancock Core Plus Bond ETF,ETF,NYSE Arca
GQI,Natixis Gateway Quality Income ETF,ETF,NYSE Arca
GTIP,Goldman Sachs Access Inflation Protected USD Bond ETF,ETF,Cboe BZX
HOLA,JPMorgan International Hedged Equity Laddered Overlay ETF,ETF,NYSE Arca
USDU,WisdomTree Bloomberg U.S. Dollar Bullish Fund,ETF,NYSE Arca
GSC,Goldman Sachs Small Cap Equity ETF,ETF,NYSE Arca
FMTM,MarketDesk Focused U.S. Momentum ETF,ETF,NASDAQ
BKCH,Global X Blockchain ETF,ETF,NASDAQ
TDV,ProShares S&P Technology Dividend Aristocrats ETF,ETF,Cboe BZX
MSTX,Defiance Daily Target 2x Long MSTR ETF,ETF,NASDAQ
FRWD,Nomura Transformational Technologies ETF,ETF,NASDAQ
PATN,Pacer Nasdaq International Patent Leaders ETF,ETF,NASDAQ
SNDU,T-REX 2X Long SNDK Daily Target ETF,ETF,Cboe BZX
IVOL,Quadratic Interest Rate Volatility and Inflation Hedge ETF,ETF,NYSE Arca
IMTB,iShares Core 5-10 Year USD Bond ETF,ETF,NYSE Arca
ETHW,Bitwise Ethereum ETF ,ETF,NYSE Arca
SMIZ,Zacks Small/Mid Cap ETF,ETF,NYSE Arca
IQSI,NYLIM Candriam International Equity ETF,ETF,NYSE Arca
NJUL,Innovator Growth-100 Power Buffer ETF - July,ETF,Cboe BZX
VGMS,Vanguard Multi-Sector Income Bond ETF,ETF,Cboe BZX
PIO,Invesco Global Water ETF,ETF,NASDAQ
FMF,First Trust Managed Futures Strategy Fund,ETF,NYSE Arca
QID,ProShares UltraShort QQQ,ETF,NYSE Arca
TRFM,AAM Transformers ETF,ETF,NYSE Arca
WOOD,iShares Global Timber & Forestry ETF,ETF,NASDAQ
CVSB,Calvert Ultra-Short Investment Grade ETF,ETF,NYSE Arca
TPIF,Timothy Plan International ETF,ETF,NYSE Arca
EMBX,VanEck Emerging Markets Bond ETF,ETF,NYSE Arca
PTH,Invesco Dorsey Wright Healthcare Momentum ETF,ETF,NASDAQ
VEXC,Vanguard Emerging Markets Ex-China ETF,ETF,NYSE Arca
ELCV,Strategy Shares Eventide High Dividend ETF,ETF,NYSE Arca
BSMQ,Invesco BulletShares 2026 Municipal Bond ETF,ETF,NASDAQ
BAUG,Innovator U.S. Equity Buffer ETF - August,ETF,Cboe BZX
OACP,OneAscent Core Plus Bond ETF,ETF,NYSE Arca
OPTZ,Optimize Strategy Index ETF,ETF,NASDAQ
UTEN,US Treasury 10 Year Note ETF,ETF,NASDAQ
SHYL,Xtrackers Short Duration High Yield Bond ETF,ETF,NYSE Arca
FDM,First Trust DJ Select MicroCap ETF,ETF,NYSE Arca
SGVA,F/m Accumulator Ultrashort Treasury Fund,ETF,NASDAQ
FDIG,Fidelity Crypto Industry and Digital Payments ETF,ETF,NASDAQ
GOCT,FT Vest U.S. Equity Moderate Buffer ETF - October,ETF,Cboe BZX
OALC,OneAscent Large Cap Core ETF,ETF,NYSE Arca
FXD,First Trust Cons. Discret. AlphaDEX,ETF,NYSE Arca
ULVM,VictoryShares US Value Momentum ETF,ETF,NASDAQ
BFEB,Innovator U.S. Equity Buffer ETF - February,ETF,Cboe BZX
SELV,SEI Enhanced Low Volatility U.S. Large Cap ETF,ETF,Cboe BZX
RWX,State Street SPDR Dow Jones International Real Estate ETF,ETF,NYSE Arca
EFNL,iShares MSCI Finland ETF,ETF,Cboe BZX
IJAN,Innovator International Developed Power Buffer ETF January,ETF,NYSE Arca
SCJ,iShares MSCI Japan Sm Cap,ETF,NYSE Arca
FJP,First Trust Japan AlphaDEX Fund,ETF,NASDAQ
LQTI,FT Vest Investment Grade & Target Income ETF,ETF,NYSE Arca
SNTH,MRP SynthEquity ETF,ETF,NYSE Arca
WTMF,WisdomTree Managed Futures Strategy Fund,ETF,NYSE Arca
FCTE,SMI 3Fourteen Full-Cycle Trend ETF,ETF,NASDAQ
BJUN,Innovator U.S. Equity Buffer ETF - June,ETF,Cboe BZX
TMB,Thornburg Multi Sector Bond ETF,ETF,NASDAQ
FMUB,Fidelity Municipal Bond Opportunities ETF,ETF,NASDAQ
GPZ,VanEck Alternative Asset Manager ETF,ETF,NYSE Arca
SCUS,Schwab Ultra-Short Income ETF,ETF,NYSE Arca
EMQQ,EMQQ The Emerging Markets Internet ETF,ETF,NYSE Arca
HSCZ,iShares Currency Hedged MSCI EAFE Small-Cap ETF,ETF,NYSE Arca
CSB,VictoryShares US Small Cap High Div Volatility Wtd ETF,ETF,NASDAQ
RXI,iShares Global Consumer Discretionary ETF,ETF,NYSE Arca
GVLU,Gotham 1000 Value ETF,ETF,NYSE Arca
IJUL,Innovator International Developed Power Buffer ETF  July,ETF,NYSE Arca
UJAN,Innovator U.S. Equity Ultra Buffer ETF - January,ETF,Cboe BZX
IDNA,iShares Genomics Immunology and Healthcare ETF,ETF,NYSE Arca
SVXY,ProShares Short VIX Short Term Futures ETF,ETF,Cboe BZX
ETHT,ProShares Ultra Ether ETF,ETF,NYSE Arca
SMLV,State Street SPDR US Small Cap Low Volatility Index ETF,ETF,NYSE Arca
MNA,NYLIM Merger Arbitrage ETF,ETF,NYSE Arca
UEVM,VictoryShares Emerging Markets Value Momentum ETF,ETF,NASDAQ
FYEE,Fidelity Yield Enhanced Equity ETF,ETF,Cboe BZX
MPRO,Monarch ProCap Index ETF,ETF,Cboe BZX
ESPO,VanEck Video Gaming and eSports ETF,ETF,NASDAQ
LDRX,SGI Enhanced Market Leaders ETF,ETF,NASDAQ
NOWL,GraniteShares 2x Long NOW Daily ETF,ETF,NASDAQ
FUMB,First Trust Ultra Short Duration Municipal ETF,ETF,NYSE Arca
PIE,Invesco Dorsey Wright Emerging Markets Momentum ETF,ETF,NASDAQ
SEIX,Virtus Seix Senior Loan ETF,ETF,NYSE Arca
JULW,AllianzIM U.S. Large Cap Buffer20 Jul ETF,ETF,Cboe BZX
BUFP,PGIM Laddered S&P 500 Buffer 12 ETF,ETF,Cboe BZX
NBIE,Neuberger International Core Equity ETF,ETF,NYSE Arca
AESR,Anfield U.S. Equity Sector Rotation ETF,ETF,Cboe BZX
XSLV,Invesco S&P SmallCap Low Volatility ETF,ETF,NYSE Arca
ERX,Direxion Energy Bull 2X ETF,ETF,NYSE Arca
SMHX,VanEck Fabless Semiconductor ETF,ETF,NASDAQ
QVMS,Invesco S&P SmallCap 600 QVM Multi-factor ETF,ETF,NYSE Arca
RSPS,Invesco S&P 500 Equal Weight Consumer Staples ETF,ETF,NYSE Arca
FDLS,Inspire Fidelis Multi Factor ETF,ETF,NYSE Arca
DBO,Invesco DB Oil Fund,ETF,NYSE Arca
TMAT,Main Thematic Innovation ETF,ETF,Cboe BZX
XTWO,BondBloxx Bloomberg Two Year Target Duration US Treasury ETF,ETF,NYSE Arca
EMBD,Global X Emerging Markets Bond ETF,ETF,NYSE Arca
PSP,Invesco Global Listed Private Equity ETF,ETF,NYSE Arca
BKFI,BNY Mellon Active Core Bond ETF,ETF,NYSE Arca
TOK,iShares MSCI Kokusai ETF,ETF,NYSE Arca
XTWY,BondBloxx Bloomberg Twenty Year Target Duration US Treasury ETF,ETF,NYSE Arca
HBTA,Horizon Expedition Plus ETF,ETF,NYSE Arca
APMU,ActivePassive Intermediate Municipal Bond ETF,ETF,NYSE Arca
QHY,WisdomTree U.S. High Yield Corporate Bond Fund,ETF,Cboe BZX
RTH,VanEck Retail ETF,ETF,NASDAQ
UDEC,Innovator U.S. Equity Ultra Buffer ETF - December,ETF,Cboe BZX
INTL,Main International ETF,ETF,Cboe BZX
PY,Principal Value ETF,ETF,NASDAQ
FEMS,First Trust Emerging Markets Small Cap AlphaDEX Fund,ETF,NASDAQ
UWM,ProShares Ultra Russell2000,ETF,NYSE Arca
EVSB,Eaton Vance Ultra-Short Income ETF,ETF,NYSE Arca
FAN,First Trust Global Wind Energy ETF,ETF,NYSE Arca
MBSF,Regan Floating Rate MBS ETF,ETF,NYSE Arca
IBTQ,iShares iBonds Dec 2035 Term Treasury ETF,ETF,NASDAQ
TSPX,Twin Oak Active Opportunities ETF,ETF,Cboe BZX
ASTX,Tradr 2X Long ASTS Daily ETF,ETF,Cboe BZX
DSCO,DoubleLine Securitized Credit ETF,ETF,NYSE Arca
CAPE,DoubleLine Shiller CAPE U.S. Equities ETF,ETF,NYSE Arca
IGBH,iShares Interest Rate Hedged Long-Term Corporate Bond ETF,ETF,NYSE Arca
FMAG,Fidelity Magellan ETF,ETF,Cboe BZX
JOET,Virtus Terranova U.S. Quality Momentum ETF,ETF,NYSE Arca
GUSH,Direxion Daily S&P Oil & Gas Exp. & Prod. Bull 2X ETF,ETF,NYSE Arca
BEDY,BNY Mellon Enhanced Dividend and Income ETF,ETF,NASDAQ
BCHP,Principal Focused Blue Chip ETF,ETF,Cboe BZX
SCNM,Sterling Capital National Municipal Bond ETF,ETF,Cboe BZX
UAUG,Innovator U.S. Equity Ultra Buffer ETF - August,ETF,Cboe BZX
SBIO,ALPS Medical Breakthroughs ETF,ETF,NYSE Arca
SCEP,Sterling Capital Hedged Equity Premium Income ETF,ETF,Cboe BZX
WGMI,CoinShares Bitcoin Mining and Digital Power ETF,ETF,NASDAQ
GDIV,Harbor Dividend Growth Leaders ETF,ETF,NYSE
MAYT,AllianzIM U.S. Large Cap Buffer10 May ETF,ETF,Cboe BZX
DBP,Invesco DB Precious Metals Fund,ETF,NYSE Arca
GTEK,Goldman Sachs Future Tech Leaders Equity ETF,ETF,NYSE Arca
OILK,ProShares K-1 Free Crude Oil ETF,ETF,Cboe BZX
BMAY,Innovator U.S. Equity Buffer ETF - May,ETF,Cboe BZX
ORCX,Defiance Daily Target 2X Long ORCL ETF,ETF,NASDAQ
AMZY,YieldMax AMZN Option Income Strategy ETF,ETF,NYSE Arca
BFOR,Barron's 400 ETF,ETF,NYSE Arca
FFOX,FundX Future Fund Opportunities ETF,ETF,NYSE Arca
TZA,Direxion Small Cap Bear 3X ETF,ETF,NYSE Arca
BCTK,Baron Technology ETF,ETF,NASDAQ
SPUC,Simplify US Equity Income ETF,ETF,NYSE Arca
PBTP,Invesco 0-5 Yr US TIPS ETF,ETF,Cboe BZX
SPDN,Direxion Daily S&P 500 Bear 1X ETF,ETF,NYSE Arca
SPTE,SP Funds S&P Global Technology ETF,ETF,NYSE Arca
FNK,First Trust Mid Cap Value AlphaDEX Fund,ETF,NASDAQ
KJUL,Innovator U.S. Small Cap Power Buffer ETF - July,ETF,Cboe BZX
VTP,Vanguard Total Inflation-Protected Securities ETF,ETF,NYSE Arca
FXG,First Trust Cons. Staples AlphaDEX,ETF,NYSE Arca
IFV,First Trust Dorsey Wright International Focus 5 ETF,ETF,NASDAQ
YOKE,YOKE Core ETF,ETF,NASDAQ
INCO,Columbia India Consumer ETF,ETF,NYSE Arca
TFGZ,Thornburg Focus Growth Fund,ETF,NASDAQ
TCAI,Tortoise AI Infrastructure ETF,ETF,NYSE
GOOY,YieldMax GOOGL Option Income Strategy ETF,ETF,NYSE Arca
PSDM,PGIM Short Duration Multi-Sector Bond ETF,ETF,Cboe BZX
GIGL,Goldman Sachs Corporate Bond ETF,ETF,NYSE Arca
SRET,Global X SuperDividend REIT ETF,ETF,NASDAQ
FIXT,TCW Core Plus Bond ETF,ETF,NYSE
DECW,AllianzIM U.S. Large Cap Buffer20 Dec ETF,ETF,Cboe BZX
UFEB,Innovator U.S. Equity Ultra Buffer ETF - February,ETF,Cboe BZX
FLAU,Franklin FTSE Australia ETF,ETF,NYSE Arca
SCMC,Sterling Capital Multi-Strategy Income ETF,ETF,Cboe BZX
SHOC,Strive U.S. Semiconductor ETF,ETF,NYSE
DAX,Global X DAX Germany ETF,ETF,NASDAQ
TUSB,Thrivent Ultra Short Bond ETF,ETF,NYSE Arca
LDRT,iShares iBonds 1-5 Year Treasury Ladder ETF,ETF,NYSE Arca
CNYA,iShares MSCI China A ETF,ETF,Cboe BZX
PGHY,Invesco Global ex-US High Yield Corporate Bond ETF,ETF,NYSE Arca
IVAL,Alpha Architect International Quantitative Value ETF,ETF,NASDAQ
NOCT,Innovator Growth-100 Power Buffer ETF- October,ETF,Cboe BZX
TUR,iShares MSCI Turkey ETF,ETF,NASDAQ
ECOW,Pacer Emerging Markets Cash Cows 100 ETF,ETF,NASDAQ
STOX,Horizon Core Equity ETF,ETF,Cboe BZX
METV,Roundhill Ball Metaverse ETF,ETF,NYSE Arca
CSD,Invesco S&P Spin-Off ETF,ETF,NYSE Arca
HYBI,NEOS Enhanced Income Credit Select ETF,ETF,NASDAQ
SPWO,SP Funds S&P World (ex-US) ETF,ETF,NYSE Arca
SLNZ,TCW Senior Loan ETF,ETF,NYSE
MQQQ,Tradr 2X Long Innovation 100 Monthly ETF,ETF,NASDAQ
DXIV,Dimensional International Vector Equity ETF,ETF,NYSE Arca
STCE,Schwab Crypto Thematic Natural Language Processing ETF,ETF,NYSE Arca
AVSE,Avantis Responsible Emerging Markets Equity ETF,ETF,NYSE Arca
SRHQ,SRH U.S. Quality GARP ETF,ETF,NYSE Arca
GDMN,WisdomTree Efficient Gold Plus Gold Miners Strategy Fund,ETF,Cboe BZX
XMPT,VanEck CEF Muni Income ETF,ETF,Cboe BZX
VSDA,VictoryShares Dividend Accelerator ETF,ETF,NASDAQ
AINP,Allspring Income Plus ETF,ETF,NYSE Arca
FCAL,First Trust California Municipal High income ETF,ETF,NASDAQ
PBFR,PGIM Laddered S&P 500 Buffer 20 ETF,ETF,Cboe BZX
COM,Direxion Auspice Broad Commodity Strategy ETF,ETF,NYSE Arca
ASLV,Allspring Special Large Value ETF,ETF,NYSE Arca
FBOT,Fidelity Disruptive Automation ETF,ETF,NASDAQ
EWZS,iShares MSCI Brazil Small-Cap ETF,ETF,NASDAQ
BSEP,Innovator U.S. Equity Buffer ETF - September,ETF,Cboe BZX
GOAU,US Global GO Gold and Precious Metal Miners ETF,ETF,NYSE Arca
EMNT,PIMCO Enhanced Short Maturity Active ESG Exchange-Traded Fund,ETF,NYSE Arca
KAPR,Innovator U.S. Small Cap Power Buffer ETF - April,ETF,Cboe BZX
BSMW,Invesco BulletShares 2032 Municipal Bond ETF,ETF,NASDAQ
BDEC,Innovator U.S. Equity Buffer ETF - December,ETF,Cboe BZX
AVL,Direxion Daily AVGO Bull 2X ETF,ETF,NASDAQ
SPRX,Spear Alpha ETF,ETF,NASDAQ
XJR,iShares ESG Select Screened S&P Small-Cap ETF,ETF,Cboe BZX
GLOF,iShares Global Equity Factor ETF,ETF,NYSE Arca
LOUP,Innovator Deepwater Frontier Tech ETF,ETF,NYSE Arca
VIXY,VIX Short-Term Futures ETF,ETF,Cboe BZX
COLO,Global X MSCI Colombia ETF,ETF,NYSE Arca
XHS,State Street SPDR S&P Health Care Services ETF,ETF,NYSE Arca
SGLC,SGI U.S. Large Cap Core ETF,ETF,NYSE Arca
PGRO,Putnam Focused Large Cap Growth ETF,ETF,NYSE Arca
RNIN,Bushido Capital US SMID Cap Equity ETF,ETF,NASDAQ
SPRE,SP Funds S&P Global REIT Sharia ETF,ETF,NYSE Arca
AAOX,Tradr 2X Long AAOI Daily ETF,ETF,Cboe BZX
SVAL,iShares US Small Cap Value Factor ETF,ETF,Cboe BZX
AFMC,First Trust Active Factor Mid Cap ETF,ETF,NYSE Arca
CANC,Tema Oncology ETF,ETF,NASDAQ
NAPR,Innovator Growth-100 Power Buffer ETF - April,ETF,Cboe BZX
PALC,Pacer Lunt Large Cap Multi-Factor Alternator ETF,ETF,NYSE Arca
GEQ,Cambria Global EW 2 ETF,ETF,NASDAQ
FAAR,First Trust Alternative Absolute Return Strategy ETF,ETF,NASDAQ
FICS,First Trust International Developed Capital Strength ETF,ETF,NASDAQ
PSQA,Palmer Square CLO Senior Debt ETF,ETF,NYSE Arca
IBIE,iShares iBonds Oct 2028 Term TIPS ETF,ETF,NYSE Arca
PCMM,BondBloxx Private Credit CLO ETF,ETF,NASDAQ
EWO,iShares MSCI Austria ETF,ETF,NYSE Arca
LITX,Tradr 2X Long LITE Daily ETF,ETF,Cboe BZX
SNSR,Global X Internet of Things ETF,ETF,NASDAQ
BMAR,Innovator U.S. Equity Buffer ETF - March,ETF,Cboe BZX
VTG,Vanguard Total Treasury ETF,ETF,NYSE Arca
THIR,THOR Index Rotation ETF,ETF,NYSE
TRUT,VanEck Technology TruSector ETF,ETF,NASDAQ
HIDV,AB US High Dividend ETF,ETF,NYSE Arca
FLJH,Franklin FTSE Japan Hedged ETF,ETF,NYSE Arca
HYHG,ProShares High Yield Interest Rate Hedged,ETF,Cboe BZX
SIXL,ETC 6 Meridian Low Beta Equity ETF,ETF,NYSE Arca
LOWV,AB US Low Volatility Equity ETF,ETF,NYSE Arca
JHMB,John Hancock Mortgage-Backed Securities ETF,ETF,NYSE Arca
XDEC,FT Vest U.S. Equity Enhance & Moderate Buffer ETF - December,ETF,Cboe BZX
BEEX,The Beehive ETF,ETF,NASDAQ
CPLS,AB Core Plus Bond ETF,ETF,NASDAQ
APRW,AllianzIM U.S. Large Cap Buffer20 Apr ETF,ETF,Cboe BZX
TAXE,Intermediate Municipal Income ETF,ETF,NASDAQ
IG,Principal Investment Grade Corporate Active ETF,ETF,Cboe BZX
FFLX,First Trust Flexible Income ETF,ETF,NYSE Arca
IAPR,Innovator International Developed Power Buffer ETF  April,ETF,NYSE Arca
HFGO,Hartford Large Cap Growth ETF,ETF,Cboe BZX
EJUL,Innovator Emerging Markets Power Buffer ETF July,ETF,NYSE Arca
PLTM,GraniteShares Platinum Shares ETF,ETF,NYSE Arca
BNOV,Innovator U.S. Equity Buffer ETF - November,ETF,Cboe BZX
TMV,Direxion Daily 20-Year Treasury Bear 3X,ETF,NYSE Arca
CSEN,Cohen & Steers Future of Energy Active ETF,ETF,NASDAQ
QQMG,Invesco ESG NASDAQ 100 ETF,ETF,NASDAQ
SBND,Columbia Short Duration Bond ETF,ETF,NYSE Arca
AFIX,Allspring Broad Market Core Bond ETF,ETF,NYSE Arca
JIII,Janus Henderson Income ETF,ETF,NYSE Arca
IDVZ,Polen International Dividend Income Fund,ETF,Cboe BZX
GHYG,iShares US & Intl High Yield Corp Bond ETF,ETF,Cboe BZX
GDMA,Gadsden Dynamic Multi-Asset ETF,ETF,Cboe BZX
FEBW,AllianzIM U.S. Large Cap Buffer20 Feb ETF,ETF,Cboe BZX
CWEB,Direxion Daily CSI China Internet Index Bull 2X ETF,ETF,NYSE Arca
MSTB,LHA Market State Tactical Beta ETF,ETF,Cboe BZX
GINN,Goldman Sachs Innovate Equity ETF,ETF,NYSE Arca
BAGX,EA Bridgeway Aggressive Investors ETF,ETF,Cboe BZX
ITWO,ProShares Russell 2000 High Income ETF,ETF,Cboe BZX
SOLT,2x Solana ETF,ETF,NASDAQ
NZAC,State Street SPDR MSCI ACWI Climate Paris Aligned ETF,ETF,NASDAQ
NIHI,NEOS MSCI EAFE High Income ETF,ETF,Cboe BZX
FYT,First Trust Small Cap Value AlphaDEX Fund,ETF,NASDAQ
GBUG,Sprott Active Gold & Silver Miners ETF,ETF,NASDAQ
NBIL,GraniteShares 2x Long NBIS Daily ETF,ETF,NASDAQ
FRI,First Trust S&P REIT Index Fund,ETF,NYSE Arca
ELFY,ALPS Electrification Infrastructure ETF,ETF,NASDAQ
JEDI,Defiance Drone and Modern Warfare ETF,ETF,NYSE Arca
HYXF,iShares ESG Advanced High Yield Corporate Bond ETF,ETF,NASDAQ
YNOT,Horizon Digital Frontier ETF,ETF,NASDAQ
QALT,SEI DBi Multi-Strategy Alternative ETF,ETF,NASDAQ
MAMB,Monarch Ambassador Income Index ETF,ETF,Cboe BZX
ETHO,Amplify Etho Climate Leadership U.S. ETF,ETF,NYSE Arca
CTIF,Castellan Targeted Income ETF,ETF,Cboe BZX
EDEN,iShares MSCI Denmark ETF,ETF,Cboe BZX
ROKT,State Street SPDR S&P Kensho Final Frontiers ETF,ETF,NYSE Arca
WAMA,WisdomTree US Adaptive Moving Average Fund,ETF,NASDAQ
ZJUL,Innovator Equity Defined Protection ETF - 1 Yr July,ETF,Cboe BZX
UTHY,US Treasury 30 Year Bond ETF,ETF,NASDAQ
CSHP,iShares Dynamic Short-Term Active ETF,ETF,NYSE Arca
DJIA,Global X Dow 30 Covered Call ETF,ETF,NYSE Arca
AVGX,Defiance Daily Target 2X Long AVGO ETF,ETF,NASDAQ
SDFI,AB Short Duration Income ETF,ETF,NYSE Arca
BSMV,Invesco BulletShares 2031 Municipal Bond ETF,ETF,NASDAQ
BNDI,NEOS Enhanced Income Aggregate Bond ETF,ETF,NYSE Arca
USEW,Cambria US EW ETF,ETF,Cboe BZX
FAB,First Trust Multi Cap Value AlphaDEX Fund,ETF,NASDAQ
LEXI,Alexis Practical Tactical ETF,ETF,NASDAQ
RSPM,Invesco S&P 500 Equal Weight Materials ETF,ETF,NYSE Arca
GMMF,iShares Government Money Market ETF,ETF,NYSE
BUFS,FT Vest Laddered Small Cap Moderate Buffer ETF,ETF,Cboe BZX
UJUN,Innovator U.S. Equity Ultra Buffer ETF - June,ETF,Cboe BZX
FBCV,Fidelity Blue Chip Value ETF,ETF,Cboe BZX
FEMR,Fidelity Enhanced Emerging Markets ETF,ETF,NYSE Arca
QQQY,Defiance Nasdaq 100 Weekly Distribution ETF,ETF,NASDAQ
SPBU,AllianzIM Buffer15 Uncapped Allocation ETF,ETF,Cboe BZX
CNRG,State Street SPDR S&P Kensho Clean Power ETF,ETF,NYSE Arca
PBD,Invesco Global Clean Energy ETF,ETF,NYSE Arca
CLOB,VanEck AA-BB CLO ETF,ETF,NYSE Arca
GRNB,VanEck Green Bond ETF,ETF,NYSE Arca
EEMX,State Street SPDR MSCI Emerging Markets Fossil Fuel Reserves Free ETF,ETF,NYSE Arca
GCAL,Goldman Sachs Dynamic California Municipal Income ETF,ETF,NYSE Arca
RDTE,Roundhill Russell 2000 0DTE Covered Call Strategy ETF,ETF,Cboe BZX
SEPI,Shelton Equity Premium Income ETF,ETF,NYSE Arca
PTIN,Pacer Trendpilot International ETF,ETF,NYSE Arca
MVFG,Monarch Volume Factor Global Unconstrained Index ETF,ETF,Cboe BZX
NDAA,Ned Davis Research 360 Dynamic Allocation ETF,ETF,NASDAQ
NBDS,Neuberger Disrupters ETF,ETF,NYSE Arca
XMAG,Defiance Large Cap ex-Mag 7 ETF,ETF,NASDAQ
PSCH,Invesco S&P SmallCap Health Care ETF,ETF,NASDAQ
VEGN,US Vegan Climate ETF,ETF,Cboe BZX
PSCI,Invesco S&P SmallCap Industrials ETF,ETF,NASDAQ
QLV,Northern Trust US Quality Low Volatility ETF,ETF,NYSE Arca
EMMF,WisdomTree Emerging Markets Multifactor Fund,ETF,NYSE Arca
PSH,PGIM Short Duration High Yield ETF,ETF,Cboe BZX
WEEK,Roundhill Weekly T-Bill ETF,ETF,Cboe BZX
XCOR,FundX ETF,ETF,NYSE Arca
CZA,Invesco Zacks Mid-Cap ETF,ETF,NYSE Arca
UVIX,2x Long VIX Futures ETF,ETF,Cboe BZX
COPJ,Sprott Junior Copper Miners ETF,ETF,NASDAQ
BSMC,Brandes U.S. Small-Mid Cap Value ETF,ETF,Cboe BZX
MSMR,McElhenny Sheffield Managed Risk ETF,ETF,Cboe BZX
CURE,Direxion Daily Healthcare Bull 3X ETF,ETF,NYSE Arca
IEUS,iShares MSCI Europe Small-Cap ETF,ETF,NASDAQ
FBL,GraniteShares 2x Long META Daily ETF,ETF,NASDAQ
CSTK,Invesco Comstock Contrarian Equity ETF,ETF,Cboe BZX
TOGA,Managed Portfolio Series Tremblant Global ETF,ETF,NYSE Arca
GTOQ,Invesco High Yield Systematic Bond ETF,ETF,NASDAQ
PRCS,Parnassus Core Select ETF,ETF,NYSE
EMKT,Lazard Emerging Markets Opportunities ETF,ETF,NYSE Arca
XHE,State Street SPDR S&P Health Care Equipment ETF,ETF,NYSE Arca
ASCE,Allspring SMID Core ETF,ETF,NYSE Arca
EDC,Direxion Emerging Markets Bull 3X ETF,ETF,NYSE Arca
IBHJ,iShares iBonds 2030 Term High Yield and Income ETF,ETF,Cboe BZX
IPAY,Amplify Digital Payments ETF,ETF,NYSE Arca
UOCT,Innovator U.S. Equity Ultra Buffer ETF - October,ETF,Cboe BZX
TSCV,Thrivent Small Cap Value ETF,ETF,NYSE Arca
FMUN,Fidelity Systematic Municipal Bond Index ETF,ETF,NASDAQ
LST,Leuthold Select Industries ETF,ETF,NYSE Arca
CHGX,Stance Sustainable Beta ETF,ETF,NASDAQ
ADPV,Adaptiv Select ETF,ETF,NYSE Arca
LPRE,Long Pond Real Estate Select ETF,ETF,NYSE Arca
CRCG,Leverage Shares 2X Long CRCL Daily ETF,ETF,NASDAQ
PFIX,Simplify Interest Rate Hedge ETF,ETF,NYSE Arca
HYPG,Grayscale Hyperliquid Staking ETF,ETF,NASDAQ
QWLD,State Street SPDR MSCI World StrategicFactors ETF,ETF,NYSE Arca
TSLT,T-REX 2X Long Tesla Daily Target ETF,ETF,Cboe BZX
GSEU,Goldman Sachs ActiveBeta Europe Equity ETF,ETF,NYSE Arca
GLDI,"ETRACS Gold Shares Covered Call ETNs due February 2, 2033",ETF,NASDAQ
EALT,Innovator U.S. Equity 5 to 15 Buffer ETF - Quarterly,ETF,Cboe BZX
EDGH,3EDGE Dynamic Hard Assets ETF,ETF,NYSE Arca
NJUN,Innovator Growth-100 Power Buffer ETF - June,ETF,Cboe BZX
POWA,Invesco Bloomberg Pricing Power ETF,ETF,NYSE Arca
SDG,iShares MSCI Global Sustainable Development Goals ETF,ETF,NASDAQ
SKUU,GraniteShares 2x Long SK Hynix Daily ETF,ETF,NASDAQ
YLDE,Franklin ClearBridge Enhanced Income ETF,ETF,NASDAQ
GSGO,Goldman Sachs Growth Opportunities ETF,ETF,NASDAQ
HAPS,Harbor Human Capital Factor US Small Cap ETF,ETF,NYSE Arca
IVVM,iShares Large Cap Moderate Quarterly Laddered ETF,ETF,Cboe BZX
BBBS,BondBloxx BBB Rated 1-5 Year Corporate Bond ETF,ETF,NYSE Arca
FINX,Global X FinTech ETF,ETF,NASDAQ
FAI,First Trust Bloomberg Artificial Intelligence ETF,ETF,NYSE Arca
OCIO,ClearShares OCIO ETF,ETF,NYSE Arca
TOLZ,ProShares DJ Brookfield Global Infrastructure ETF,ETF,NYSE Arca
XAIX,Xtrackers Artificial Intelligence and Big Data ETF,ETF,NASDAQ
MGMT,Ballast Small/Mid Cap ETF,ETF,NYSE Arca
SLX,VanEck Steel ETF,ETF,NYSE Arca
FTNJ,Franklin New Jersey Municipal Income ETF,ETF,NYSE Arca
FID,First Trust S&P International Dividend Aristocrats ETF,ETF,NASDAQ
BBBI,BondBloxx BBB Rated 5-10 Year Corporate Bond ETF,ETF,NYSE Arca
GIND,Goldman Sachs India Equity ETF,ETF,NASDAQ
BTCW,WisdomTree Bitcoin Fund ,ETF,Cboe BZX
QYLG,Global X Nasdaq 100 Covered Call & Growth ETF,ETF,NASDAQ
AVMU,Avantis Core Municipal Fixed Income ETF,ETF,NYSE Arca
RAFE,PIMCO RAFI ESG U.S. ETF,ETF,NYSE Arca
BNDC,Northern Trust Core Bond ETF,ETF,NYSE Arca
GKAT,Scharf Global Opportunity ETF,ETF,NASDAQ
XTRE,BondBloxx Bloomberg Three Year Target Duration US Treasury ETF,ETF,NYSE Arca
QBUF,Innovator Nasdaq-100 10 Buffer ETF Quarterly,ETF,NASDAQ
AAPU,Direxion Daily AAPL Bull 2X ETF,ETF,NASDAQ
IOCT,Innovator International Developed Power Buffer ETF - October,ETF,NYSE Arca
EWK,iShares MSCI Belgium ETF,ETF,NYSE Arca
XPAY,Roundhill S&P 500 Target 20 Managed Distribution ETF,ETF,NYSE Arca
AFDM,First Trust Active Factor International ETF,ETF,NASDAQ
DFE,WisdomTree Europe SmallCap Dividend Fund,ETF,NYSE Arca
YDEC,FT Vest International Equity Moderate Buffer ETF - December,ETF,Cboe BZX
BKHY,BNY Mellon High Yield ETF,ETF,NYSE Arca
BLST,Bluemonte Short Term Bond ETF,ETF,NYSE Arca
FTXN,First Trust Nasdaq Oil & Gas ETF,ETF,NASDAQ
TSEC,Touchstone Securitized Income ETF,ETF,NYSE Arca
QGRD,Horizon Nasdaq-100 Defined Risk ETF,ETF,NASDAQ
BLES,Inspire Global Hope ETF,ETF,NYSE Arca
GXIG,Global X Investment Grade Corporate Bond ETF,ETF,NYSE Arca
DIM,WisdomTree International MidCap Dividend Fund,ETF,NYSE Arca
MINV,Matthews Asia Innovators Active ETF,ETF,NYSE Arca
EMXF,iShares ESG Advanced MSCI EM ETF,ETF,NASDAQ
PFDE,Pathfinder Disciplined US Equity ETF,ETF,NASDAQ
SECR,NYLIM MacKay Securitized Income ETF,ETF,NYSE Arca
GLRY,Inspire Growth ETF,ETF,NYSE Arca
CORN,Teucrium Corn Fund ETV,ETF,NYSE Arca
BLTD,Bluemonte Long Term Bond ETF,ETF,NYSE Arca
TAXI,Northern Trust Intermediate Tax-Exempt Bond ETF,ETF,NASDAQ
LDSF,First Trust Low Duration Strategic Focus ETF,ETF,NASDAQ
HTUS,Hull Tactical US ETF,ETF,Cboe BZX
MAXJ,iShares Large Cap Max Buffer Jun ETF,ETF,Cboe BZX
GQQQ,Astoria US Quality Growth Kings ETF,ETF,NASDAQ
BUFY,FT Vest Laddered International Moderate Buffer ETF,ETF,Cboe BZX
SDOW,UltraPro Short Dow30,ETF,NYSE Arca
BEX,Tradr 2X Long BE Daily ETF,ETF,Cboe BZX
NEBX,Tradr 2X Long NBIS Daily ETF,ETF,Cboe BZX
YMAR,FT Vest International Equity Moderate Buffer ETF - March,ETF,Cboe BZX
DEW,WisdomTree Global High Dividend Fund,ETF,NYSE Arca
KNCT,Invesco Next Gen Connectivity ETF,ETF,NYSE Arca
BRIF,FIS Bright Portfolios Focused Equity ETF,ETF,NYSE Arca
FEBT,AllianzIM U.S. Large Cap Buffer10 Feb ETF,ETF,Cboe BZX
SPYT,Defiance S&P 500 Target Income ETF,ETF,NYSE Arca
SMCX,Defiance Daily Target 2X Long SMCI ETF,ETF,NASDAQ
ZJUN,Innovator Equity Defined Protection ETF - 1 Yr June,ETF,Cboe BZX
SEPU,AllianzIM U.S. Equity Buffer15 Uncapped Sep ETF,ETF,Cboe BZX
UAPR,Innovator U.S. Equity Ultra Buffer ETF - April,ETF,Cboe BZX
PPI,Astoria Real Assets ETF,ETF,NASDAQ
TFPN,Blueprint Chesapeake Multi-Asset Trend ETF,ETF,NYSE Arca
SHDG,Soundwatch Hedged Equity ETF,ETF,Cboe BZX
MMTM,State Street SPDR S&P 1500 Momentum Tilt ETF,ETF,NYSE Arca
BUFT,FT Vest Buffered Allocation Defensive ETF,ETF,Cboe BZX
KCSH,KraneShares Sustainable Ultra Short Duration Index ETF,ETF,NYSE Arca
EDGU,3EDGE Dynamic US Equity ETF,ETF,NYSE Arca
ISRA,VanEck Israel ETF,ETF,NYSE Arca
EFFI,Harbor Osmosis International Resource Efficient ETF,ETF,NYSE Arca
GSOL,Grayscale Solana Staking ETF,ETF,NYSE Arca
VSMV,VictoryShares US Multi-Factor Minimum Volatility ETF,ETF,NASDAQ
MFEM,PIMCO RAFI Dynamic Multi-Factor Emerging Markets Equity ETF,ETF,NYSE Arca
VIXM,VIX Mid-Term Futures ETF,ETF,Cboe BZX
SWAN,Amplify BlackSwan Growth & Treasury Core ETF,ETF,NYSE Arca
IMOM,Alpha Architect International Quantitative Momentum ETF,ETF,NASDAQ
EGGY,NestYield Dynamic Income ETF,ETF,NYSE Arca
ENDW,Cambria Endowment Style ETF,ETF,NASDAQ
XBCI,NEOS Boosted Bitcoin High Income ETF,ETF,NASDAQ
MBBA,iShares Mortgage-Backed Securities Active ETF,ETF,Cboe BZX
RINT,Russell Investments International Developed Equity ETF,ETF,NASDAQ
COMB,GraniteShares Bloomberg Commodity Broad Strategy No K-1 ETF,ETF,NYSE Arca
NUSB,Nuveen Ultra Short Income ETF,ETF,NASDAQ
BAIV,Brown Advisory International Value Select ETF,ETF,NASDAQ
ZAUG,Innovator Equity Defined Protection ETF - 1 Yr August,ETF,Cboe BZX
VEGI,iShares MSCI Agriculture Producers ETF,ETF,NYSE Arca
FRGN,Horizon International Equity ETF,ETF,NYSE Arca
ACVF,American Conservative Values ETF,ETF,NYSE Arca
TOS,Twin Oak Strategic Solutions ETF,ETF,Cboe BZX
RKLX,Defiance Daily Target 2X Long RKLB ETF,ETF,NASDAQ
NCLO,Nuveen AA-BBB CLO ETF,ETF,NYSE Arca
XMAR,FT Vest U.S. Equity Enhance & Moderate Buffer ETF - March,ETF,Cboe BZX
MBS,Angel Oak Mortgage-Backed Securities ETF,ETF,NASDAQ
MBOX,Freedom Day Dividend ETF,ETF,NYSE Arca
DDFL,Innovator Equity Dual Directional 15 Buffer ETF - July,ETF,Cboe BZX
NFXL,Direxion Daily NFLX Bull 2X ETF,ETF,NASDAQ
QQXT,First Trust NASDAQ-100 Ex-Technology Sector Index Fund,ETF,NASDAQ
TOXR,21Shares XRP ETF,ETF,Cboe BZX
RBIL,F/m Ultrashort Treasury Inflation-Protected Security (TIPS) ETF,ETF,NASDAQ
BCUS,Bancreek U.S. Large Cap ETF,ETF,NYSE Arca
SBIT,ProShares UltraShort Bitcoin ETF,ETF,NYSE Arca
RSBT,Return Stacked Bonds & Managed Futures ETF,ETF,Cboe BZX
ZFEB,Innovator Equity Defined Protection ETF - 1 Yr February,ETF,Cboe BZX
GCPB,Goldman Sachs Core Plus Bond ETF,ETF,NYSE
IBIG,iShares iBonds Oct 2030 Term TIPS ETF,ETF,NYSE Arca
GINC,Goldman Sachs Income ETF,ETF,NYSE Arca
SCDV,Bahl & Gaynor Small Cap Dividend ETF,ETF,NYSE Arca
SIXJ,AllianzIM U.S. Large Cap 6 Month Buffer10 Jan/Jul ETF,ETF,Cboe BZX
KGLD,Kurv Gold Enhanced Income ETF,ETF,Cboe BZX
IDRV,iShares Self-Driving EV and Tech ETF,ETF,NYSE Arca
KNRG,Simplify Kayne Anderson Energy and Infrastructure Credit ETF,ETF,NYSE Arca
SMCY,YieldMax SMCI Option Income Strategy ETF,ETF,NYSE Arca
AHLT,AHL Trend ETF,ETF,NYSE Arca
STXG,Strive 1000 Growth ETF,ETF,NYSE
HFGM,Unlimited HFGM Global Macro ETF,ETF,NYSE
MSSS,Monarch Select Subsector Index ETF,ETF,Cboe BZX
OOSP,Obra Opportunistic Structured Products ETF,ETF,NYSE Arca
FITE,State Street SPDR S&P Kensho Future Security ETF,ETF,NYSE Arca
DGRE,WisdomTree Emerging Markets Quality Dividend Growth Fund,ETF,NASDAQ
DABS,DoubleLine Asset-Backed Securities ETF,ETF,NYSE Arca
SWP,SWP Growth & Income ETF,ETF,NASDAQ
QMMY,FT Vest Nasdaq-100 Moderate Buffer ETF - May,ETF,Cboe BZX
MVV,ProShares Ultra MidCap400,ETF,NYSE Arca
EJAN,Innovator Emerging Markets Power Buffer ETF January,ETF,NYSE Arca
SIHY,Harbor Ares Systematic High Yield ETF,ETF,NYSE Arca
EPHE,iShares MSCI Philippines ETF,ETF,NYSE Arca
SVIX,-1x Short VIX Futures ETF,ETF,Cboe BZX
DDFZ,Innovator Equity Dual Directional 15 Buffer ETF - June,ETF,Cboe BZX
TAIL,Cambria Tail Risk ETF,ETF,Cboe BZX
FRTY,Alger Mid Cap 40 ETF,ETF,NYSE Arca
CPSL,Calamos Laddered S&P 500 Structured Alt Protection ETF,ETF,Cboe BZX
UCRD,VictoryShares Corporate Bond ETF,ETF,NASDAQ
DEFR,Aptus Deferred Income ETF,ETF,Cboe BZX
PJFV,PGIM Jennison Focused Value ETF,ETF,NYSE Arca
EFFE,Harbor Osmosis Emerging Markets Resource Efficient ETF,ETF,NYSE Arca
UDIV,Franklin U.S. Core Dividend Tilt Index ETF,ETF,NYSE Arca
XXRP,Teucrium 2x Long Daily XRP ETF,ETF,NYSE Arca
MOOD,Relative Sentiment Tactical Allocation ETF,ETF,NASDAQ
BRHY,iShares High Yield Active ETF,ETF,NASDAQ
UGA,United States Gasoline Fund LP,ETF,NYSE Arca
ORCU,Direxion Daily ORCL Bull 2X ETF,ETF,NASDAQ
IPO,Renaissance IPO ETF,ETF,NYSE Arca
USEP,Innovator U.S. Equity Ultra Buffer ETF - September,ETF,Cboe BZX
BFRZ,Innovator Equity Managed 100 Buffer ETF,ETF,NYSE Arca
DSMC,Distillate Small/Mid Cash Flow ETF,ETF,NYSE
FSYD,Fidelity Sustainable High Yield ETF,ETF,NYSE Arca
STXE,Strive Emerging Markets Ex-China ETF,ETF,NYSE
YJUN,FT Vest International Equity Moderate Buffer ETF - June,ETF,Cboe BZX
TAXS,Northern Trust Short-Term Tax-Exempt Bond ETF,ETF,NASDAQ
RVER,Trenchless Fund ETF,ETF,NYSE Arca
ABEQ,Absolute Select Value ETF,ETF,NYSE Arca
GEW,Cambria Global EW ETF,ETF,NASDAQ
LGDX,Intech S&P Large Cap Diversified Alpha ETF,ETF,NYSE Arca
FCLD,Fidelity Cloud Computing ETF,ETF,Cboe BZX
IONX,Defiance Daily Target 2X Long IONQ ETF,ETF,NASDAQ
AGZD,WisdomTree Interest Rate Hedged U.S. Aggregate Bond Fund,ETF,NASDAQ
UMAR,Innovator U.S. Equity Ultra Buffer ETF - March,ETF,Cboe BZX
KBA,KraneShares Bosera MSCI China A 50 Connect Index ETF,ETF,NYSE Arca
PHEQ,Parametric Hedged Equity ETF,ETF,NYSE Arca
CGVV,Capital Group U.S. Large Value ETF,ETF,NYSE Arca
HOOW,Roundhill HOOD WeeklyPay ETF,ETF,Cboe BZX
SIXS,ETC 6 Meridian Small Cap Equity ETF,ETF,NYSE Arca
CRTC,Xtrackers US National Critical Technologies ETF,ETF,NYSE Arca
GHYB,Goldman Sachs Access High Yield Corporate Bond ETF,ETF,NYSE Arca
ELD,WisdomTree Emerging Markets Local Debt Fund,ETF,NYSE Arca
PLTW,Roundhill PLTR WeeklyPay ETF,ETF,Cboe BZX
CVGD,CresAlta Global Dividend ETF,ETF,NYSE Arca
BUFI,AB International Buffer ETF,ETF,NASDAQ
LGRO,Level Four Large Cap Growth Active ETF,ETF,NASDAQ
YBTC,Roundhill Bitcoin Covered Call Strategy ETF,ETF,Cboe BZX
RVNU,Xtrackers Municipal Infrastructure Revenue Bond Active ETF,ETF,NYSE Arca
PAYM,TrueShares S&P Autocallable Defensive Income ETF,ETF,Cboe BZX
ONOF,Global X Adaptive U.S. Risk Management ETF,ETF,NYSE Arca
BUL,Pacer US Cash Cows Growth ETF,ETF,NYSE Arca
IBMT,iShares iBonds Dec 2031 Term Muni Bond ETF,ETF,Cboe BZX
PZT,Invesco New York AMT-Free Municipal Bond ETF,ETF,NYSE Arca
UMAY,Innovator U.S. Equity Ultra Buffer ETF - May,ETF,Cboe BZX
SMOX,Horizon Small/Mid Cap Core Equity ETF,ETF,NYSE Arca
NEMD,Neuberger Emerging Markets Debt Hard Currency ETF,ETF,NYSE Arca
BSSX,Invesco BulletShares 2033 Municipal Bond ETF,ETF,NASDAQ
PJFG,PGIM Jennison Focused Growth ETF,ETF,NYSE Arca
MKOR,Matthews Korea Active ETF,ETF,NYSE Arca
DLLL,GraniteShares 2x Long DELL Daily ETF,ETF,NASDAQ
FLCV,Federated Hermes MDT Large Cap Value ETF,ETF,NYSE Arca
XJUN,FT Vest U.S. Equity Enhance & Moderate Buffer ETF - June,ETF,Cboe BZX
TLG,Touchstone Large Company Growth ETF,ETF,NASDAQ
JABS,Janus Henderson Asset-Backed Securities ETF,ETF,NYSE Arca
JPXN,iShares JPX-Nikkei 400 ETF,ETF,NYSE Arca
SMCO,Hilton Small-MidCap Opportunity ETF,ETF,NASDAQ
GSEE,Goldman Sachs MarketBeta Emerging Markets Equity ETF,ETF,Cboe BZX
SSPC,Leverage Shares 2X Short SPCX Daily ETF,ETF,Cboe BZX
GXPT,Global X PureCap MSCI Information Technology ETF,ETF,NYSE Arca
GOEX,Global X Gold Explorers ETF,ETF,NYSE Arca
BSMY,Invesco BulletShares 2034 Municipal Bond ETF,ETF,NASDAQ
HIDE,Alpha Architect High Inflation and Deflation ETF,ETF,NASDAQ
WCBR,WisdomTree Cybersecurity Fund,ETF,NASDAQ
ESG,Northern Trust STOXX US ESG Select ETF,ETF,Cboe BZX
SPVM,Invesco S&P 500 Value with Momentum ETF,ETF,NYSE Arca
XSEP,FT Vest U.S. Equity Enhance & Moderate Buffer ETF - September,ETF,Cboe BZX
DMAX,iShares Large Cap Max Buffer Dec ETF,ETF,Cboe BZX
MTRA,Invesco International Growth Focus ETF,ETF,Cboe BZX
IZRL,ARK Israel Innovative Technology ETF,ETF,Cboe BZX
AIFD,TCW Artificial Intelligence ETF,ETF,NASDAQ
CGV,Conductor Global Equity Value ETF,ETF,NYSE
KRBN,KraneShares Global Carbon Strategy ETF,ETF,NYSE Arca
NHYM,Nuveen High Yield Municipal Income ETF,ETF,NYSE Arca
SPYA,Twin Oak Endure ETF,ETF,Cboe BZX
BABX,GraniteShares 2x Long BABA Daily ETF,ETF,NASDAQ
AIVC,Amplify Bloomberg AI Equal Weight ETF,ETF,NYSE Arca
SMOG,VanEck Low Carbon Energy ETF,ETF,NYSE Arca
KEMX,KraneShares MSCI Emerging Markets ex China Index ETF,ETF,NYSE Arca
ERTH,Invesco MSCI Sustainable Future ETF,ETF,NYSE Arca
IVVB,iShares Large Cap Deep Quarterly Laddered ETF,ETF,Cboe BZX
BKCI,BNY Mellon Concentrated International ETF,ETF,NYSE Arca
PSTP,Innovator Power Buffer Step-Up Strategy ETF,ETF,NYSE Arca
FLCC,Federated Hermes MDT Large Cap Core ETF,ETF,NYSE Arca
OKLL,Defiance Daily Target 2x Long OKLO ETF,ETF,NASDAQ
MRNY,YieldMax MRNA Option Income Strategy ETF,ETF,NYSE Arca
GPTY,YieldMax AI & Tech Portfolio Option Income ETF,ETF,NYSE Arca
RZG,Invesco S&P SmallCap 600 Pure Growth ETF,ETF,NYSE Arca
BNDP,Vanguard Core-Plus Bond Index ETF,ETF,NASDAQ
OAEM,OneAscent Emerging Markets ETF,ETF,NYSE Arca
ECML,Euclidean Fundamental Value ETF,ETF,NYSE Arca
SSPY,Stratified LargeCap Index ETF,ETF,NYSE Arca
CWS,AdvisorShares Focused Equity ETF,ETF,NYSE Arca
KOCT,Innovator U.S. Small Cap Power Buffer ETF - October,ETF,Cboe BZX
GLNK,Grayscale Chainlink Trust ETF,ETF,NYSE Arca
LEGR,First Trust Indxx Innovative Transaction & Process ETF,ETF,NASDAQ
FTRI,First Trust Indxx Global Natural Resources Income ETF,ETF,NASDAQ
FOTO,Tuttle Capital Pure Play Photonics ETF,ETF,Cboe BZX
IBID,iShares iBonds Oct 2027 Term TIPS ETF,ETF,NYSE Arca
MVFD,Monarch Volume Factor Dividend Tree Index ETF,ETF,Cboe BZX
SEPZ,TrueShares Structured Outcome (September) ETF,ETF,Cboe BZX
SFEB,FT Vest U.S. Small Cap Moderate Buffer ETF - February,ETF,Cboe BZX
CGHY,Capital Group High Yield Bond ETF,ETF,NYSE Arca
SMDX,Intech S&P Small-Mid Cap Diversified Alpha ETF,ETF,NYSE Arca
EDGI,3EDGE Dynamic International Equity ETF,ETF,NYSE Arca
FEUS,Northern Trust ESG & Climate US Large Cap Core ETF,ETF,NYSE Arca
AFSM,First Trust Active Factor Small Cap ETF,ETF,NYSE Arca
BATT,Amplify Lithium & Battery Technology ETF,ETF,NYSE Arca
FNGG,Direxion Daily NYSE FANG+ Bull 2X ETF,ETF,NYSE Arca
BAMG,Brookstone Growth Stock ETF,ETF,Cboe BZX
DECT,AllianzIM U.S. Large Cap Buffer10 Dec ETF,ETF,Cboe BZX
TSMY,YieldMax TSM Option Income Strategy ETF,ETF,NYSE Arca
XBAP,Innovator U.S. Equity Accelerated 9 Buffer ETF - April,ETF,Cboe BZX
FTHF,First Trust Emerging Markets Human Flourishing ETF,ETF,NYSE Arca
ETHV,VanEck Ethereum ETF,ETF,Cboe BZX
HGRO,Hedgeye Quality Growth ETF,ETF,NYSE Arca
IBUY,Amplify Online Retail ETF,ETF,NYSE Arca
IYLD,iShares Morningstar Multi-Asset Income ETF,ETF,Cboe BZX
NBJP,Neuberger Japan Equity ETF,ETF,NYSE Arca
LFSC,F/m Emerald Life Sciences Innovation ETF,ETF,NASDAQ
QCAP,FT Vest Nasdaq-100 Conservative Buffer ETF - April,ETF,Cboe BZX
KQQQ,Kurv Technology Titans Select ETF,ETF,NASDAQ
INEQ,Columbia International Equity Income ETF,ETF,NYSE Arca
LSAF,LeaderShares AlphaFactor US Core Equity ETF,ETF,NYSE Arca
PFRL,PGIM Floating Rate Income ETF,ETF,NYSE Arca
CVY,Invesco Zacks Multi-Asset Income ETF,ETF,NYSE Arca
AVEE,Avantis Emerging Markets Small Cap Equity ETF,ETF,NYSE Arca
FIAX,Nicholas Fixed Income Alternative ETF,ETF,NYSE Arca
BUSM,EA Bridgeway Ultra-Small Company Market ETF,ETF,Cboe BZX
YSEP,FT Vest International Equity Buffer ETF - September,ETF,Cboe BZX
AXTX,Tradr 2X Long AXTI Daily ETF,ETF,Cboe BZX
RJDI,RJ Eagle GCM Dividend Select Income ETF,ETF,NYSE Arca
PUSH,PGIM Ultra Short Municipal Bond ETF,ETF,NYSE Arca
KEAT,Keating Active ETF,ETF,NASDAQ
LVIG,Longview Advantage Fixed Income ETF,ETF,NASDAQ
AUGW,AllianzIM U.S. Large Cap Buffer20 Aug ETF,ETF,Cboe BZX
PFIG,Invesco Fundamental Investment Grade Corporate Bond  ETF,ETF,NYSE Arca
AMDW,Roundhill AMD WeeklyPay ETF,ETF,Cboe BZX
VETZ,Academy Veteran Bond ETF,ETF,NYSE Arca
FEUZ,First Trust Eurozone AlphaDEX ETF,ETF,NASDAQ
REMG,Russell Investments Emerging Markets Equity ETF,ETF,NASDAQ
ZSEP,Innovator Equity Defined Protection ETF - 1 Yr September,ETF,Cboe BZX
TRIO,MC Trio Equity Buffered ETF,ETF,Cboe BZX
HIPS,GraniteShares HIPS US High Income ETF,ETF,NYSE Arca
KSPY,KraneShares Hedgeye Hedged Equity Index ETF,ETF,NYSE Arca
BITI,ProShares Short Bitcoin ETF,ETF,NYSE Arca
DWUS,AdvisorShares Dorsey Wright FSM US Core ETF,ETF,NASDAQ
KOLD,ProShares UltraShort Bloomberg Natural Gas,ETF,NYSE Arca
USAI,Pacer American Energy Infrastructure ETF,ETF,NYSE Arca
SHNY,"MicroSectors Gold 3X Leveraged ETNs due January 29, 2043",ETF,NYSE Arca
BSJV,Invesco BulletShares 2031 High Yield Corporate Bond ETF,ETF,NASDAQ
KCCA,KraneShares California Carbon Allowance Strategy ETF,ETF,NYSE Arca
DUST,Direxion Daily Gold Miners Index Bear 2X ETF,ETF,NYSE Arca
AIEQ,Amplify AI Powered Equity ETF,ETF,NYSE Arca
BKCG,BNY Mellon Concentrated Growth ETF,ETF,NYSE Arca
GDXD,MicroSectors Gold Miners -3X Inverse Leveraged ETNs,ETF,NYSE Arca
TPZ,Tortoise Electrification Infrastructure ETF,ETF,NYSE
SNDG,Leverage Shares 2X Long SNDK Daily ETF,ETF,Cboe BZX
SOLZ,Solana ETF,ETF,NASDAQ
SIXO,AllianzIM U.S. Large Cap 6 Month Buffer10 Apr/Oct ETF,ETF,Cboe BZX
FLEE,Franklin FTSE Europe ETF,ETF,NYSE Arca
ICAP,Infrastructure Capital Equity Income ETF,ETF,NYSE Arca
UPGD,Invesco Bloomberg Analyst Rating Improvers ETF,ETF,NYSE Arca
CHPX,Global X AI Semiconductor & Quantum ETF,ETF,NASDAQ
STXT,Strive Total Return Bond ETF,ETF,NYSE
TMFM,Motley Fool Mid-Cap Growth ETF,ETF,Cboe BZX
FMCX,FM Focus Equity ETF,ETF,NYSE Arca
BWET,Breakwave Tanker Shipping ETF,ETF,NYSE Arca
ITAN,Sparkline Intangible Value ETF,ETF,NYSE Arca
KSLV,Kurv Silver Enhanced Income ETF,ETF,Cboe BZX
BLDX,Impax Global Sustainable Infrastructure ETF,ETF,NYSE Arca
MJ,Amplify Alternative Harvest ETF,ETF,NYSE Arca
HOOY,YieldMax HOOD Option Income Strategy ETF,ETF,NYSE Arca
JUNT,AllianzIM U.S. Large Cap Buffer10 Jun ETF,ETF,Cboe BZX
AOHY,Angel Oak High Yield Opportunities ETF,ETF,NASDAQ
NFTY,First Trust India Nifty 50 Equal Weight ETF,ETF,NASDAQ
ACSI,American Customer Satisfaction ETF,ETF,Cboe BZX
SAUG,FT Vest U.S. Small Cap Moderate Buffer ETF - August,ETF,Cboe BZX
IBIF,iShares iBonds Oct 2029 Term TIPS ETF,ETF,NYSE Arca
BBP,Virtus Biotech ETF,ETF,NYSE Arca
SPYC,Simplify US Equity PLUS Convexity ETF,ETF,NYSE Arca
SNDQ,Tradr 2X Short SNDK Daily ETF,ETF,Cboe BZX
NVII,REX NVDA Growth & Income ETF,ETF,Cboe BZX
TBF,ProShares Short 20+ Year Treasury,ETF,NYSE Arca
CPTL,Global X Morningstar Capital Allocation Leaders ETF,ETF,NASDAQ
NUHY,Nuveen ESG High Yield Corporate Bond ETF,ETF,NYSE Arca
BAMV,Brookstone Value Stock ETF,ETF,Cboe BZX
AMID,Argent Mid Cap ETF,ETF,NASDAQ
TJUL,Innovator Equity Defined Protection ETF - 2 Yr to July 2027,ETF,Cboe BZX
DRNZ,REX Drone ETF,ETF,NASDAQ
NBSM,Neuberger Small-Mid Cap ETF,ETF,NYSE Arca
OPER,ETF ClearShares Ultra-Short Maturity ETF,ETF,NYSE Arca
TLCI,Touchstone International Equity ETF,ETF,NYSE Arca
IBUF,Innovator International Developed 10 Buffer ETF - Quarterly,ETF,NYSE Arca
GROZ,Zacks Focus Growth ETF,ETF,Cboe BZX
FPA,First Trust Asia Pacific Ex-Japan AlphaDEX Fund,ETF,NASDAQ
HDUS,Hartford Disciplined US Equity ETF,ETF,NYSE Arca
LVDS,JPMorgan Fundamental Data Science Large Value ETF,ETF,NASDAQ
CRWG,Leverage Shares 2X Long CRWV Daily ETF,ETF,NASDAQ
CHIQ,Global X MSCI China Consumer Discretionary ETF,ETF,NYSE Arca
AGRW,Allspring LT Large Growth ETF,ETF,NYSE Arca
ITDC,iShares LifePath Target Date 2035 ETF,ETF,NYSE Arca
SNOV,FT Vest U.S. Small Cap Moderate Buffer ETF - November,ETF,Cboe BZX
ESGG,Northern Trust STOXX Global ESG Select ETF,ETF,Cboe BZX
CEPI,REX Crypto Equity Premium Income ETF,ETF,NASDAQ
CNXT,VanEck ChiNext Innovators ETF,ETF,NYSE Arca
IQDY,Northern Trust International Quality Dividend Dynamic ETF,ETF,NYSE Arca
ITEQ,Amplify BlueStar Israel Technology ETF,ETF,NYSE Arca
XSPI,NEOS Boosted S&P 500 High Income ETF,ETF,NASDAQ
GXPC,Global X PureCap MSCI Communication Services ETF,ETF,NYSE Arca
BILT,iShares Infrastructure Active ETF,ETF,Cboe BZX
ZJAN,Innovator Equity Defined Protection ETF - 1 Yr January,ETF,Cboe BZX
INDS,Pacer Industrial Real Estate ETF,ETF,NYSE Arca
NFRX,Harrison Street Infrastructure Active ETF,ETF,NASDAQ
RWM,ProShares Short Russell2000,ETF,NYSE Arca
KDEF,PLUS Korea Defense Industry Index ETF,ETF,NYSE Arca
SMAY,FT Vest U.S. Small Cap Moderate Buffer ETF - May,ETF,Cboe BZX
HYGW,iShares High Yield Corporate Bond BuyWrite Strategy ETF,ETF,Cboe BZX
IQHI,NYLIM MacKay High Income ETF,ETF,NYSE Arca
VABS,Virtus Newfleet ABS/MBS ETF,ETF,NYSE Arca
ZMAR,Innovator Equity Defined Protection ETF - 1 Yr March,ETF,Cboe BZX
ROAM,Hartford Multifactor Emerging Markets ETF,ETF,NYSE Arca
AVOS,Avos Global Equities ETF,ETF,NASDAQ
IMAR,Innovator International Developed Power Buffer ETF  March,ETF,NYSE Arca
CSNR,Cohen & Steers Natural Resources Active ETF,ETF,NYSE Arca
ITDD,iShares LifePath Target Date 2040 ETF,ETF,NYSE Arca
GLWG,Leverage Shares 2X Long GLW Daily ETF,ETF,NASDAQ
CRPT,First Trust SkyBridge Crypto Industry and Digital Economy ETF,ETF,NYSE Arca
GIAX,Nicholas Global Equity and Income ETF,ETF,NYSE Arca
FVC,First Trust Dorsey Wright Dynamic Focus 5 ETF,ETF,NASDAQ
PSCE,Invesco S&P SmallCap Energy ETF,ETF,NASDAQ
ATTR,Arin Tactical Tail Risk ETF,ETF,Cboe BZX
FLLA,Franklin FTSE Latin America ETF,ETF,NYSE Arca
KURE,KraneShares MSCI All China Health Care Index ETF,ETF,NYSE Arca
BLUI,Bluemonte Diversified Income ETF,ETF,NYSE Arca
FDIF,Fidelity Disruptors ETF,ETF,NASDAQ
ACES,ALPS Clean Energy ETF,ETF,NYSE Arca
RIET,Hoya Capital High Dividend Yield ETF,ETF,NYSE Arca
DBEM,Xtrackers MSCI Emerging Markets Hedged Equity ETF,ETF,NYSE Arca
OVLH,Overlay Shares Hedged Large Cap Equity ETF,ETF,Cboe BZX
BGCG,Baillie Gifford International Concentrated Growth ETF,ETF,NASDAQ
ZDEK,Innovator Equity Defined Protection ETF - 1 Yr December,ETF,Cboe BZX
AFK,VanEck Africa Index ETF,ETF,NYSE Arca
DMX,DoubleLine Multi-Sector Income ETF,ETF,NYSE Arca
DYTA,SGI Dynamic Tactical ETF,ETF,NASDAQ
EOCT,Innovator Emerging Markets Power Buffer ETF - October,ETF,NYSE Arca
JHDG,John Hancock Hedged Equity ETF,ETF,NYSE Arca
OGIG,ALPS O'Shares Global Internet Giants ETF,ETF,NYSE Arca
MSFO,YieldMax MSFT Option Income Strategy ETF,ETF,NYSE Arca
MRVU,Direxion Daily MRVL Bull 2X ETF,ETF,NASDAQ
HERD,Pacer Cash Cows Fund of Funds ETF,ETF,NASDAQ
CVMC,Calvert US Mid-Cap Core Responsible Index ETF,ETF,NYSE Arca
HYSD,Columbia Short Duration High Yield ETF,ETF,NYSE Arca
XRPI,Volatility Shares Trust XRP ETF,ETF,NASDAQ
KAMO,Kensington Credit Opportunities ETF,ETF,Cboe BZX
CHPS,Xtrackers Semiconductor Select Equity ETF,ETF,NASDAQ
GMOV,GMO US Value ETF,ETF,NYSE Arca
MARM,FT Vest U.S. Equity Max Buffer ETF - March,ETF,Cboe BZX
DDFA,Innovator Equity Dual Directional 15 Buffer ETF - April,ETF,Cboe BZX
DBE,Invesco DB Energy Fund,ETF,NYSE Arca
GINX,SGI Enhanced Global Income ETF,ETF,NASDAQ
LCLG,Logan Capital Large Cap Growth ETF,ETF,NYSE Arca
IBGA,iShares iBonds Dec 2044 Term Treasury ETF,ETF,NASDAQ
UNOV,Innovator U.S. Equity Ultra Buffer ETF - November,ETF,Cboe BZX
OWNS,Quaker Investment Trust CCM Affordable Housing MBS ETF,ETF,NYSE Arca
SPDV,AAM S&P 500 High Dividend Value ETF,ETF,NYSE Arca
MAGY,Roundhill Magnificent Seven Covered Call ETF,ETF,Cboe BZX
TDSC,ETC Cabana Target Drawdown 10 ETF,ETF,NASDAQ
WEEI,Westwood Salient Enhanced Energy Income ETF,ETF,NASDAQ
BMVP,Invesco Bloomberg MVP Multi-factor ETF,ETF,NYSE Arca
GENT,Genter Capital Taxable Quality Intermediate ETF,ETF,NYSE Arca
ZOCT,Innovator Equity Defined Protection ETF - 1 Yr October,ETF,Cboe BZX
MID,American Century Mid Cap Growth Impact ETF,ETF,NYSE Arca
AOTG,AOT Growth and Innovation ETF,ETF,NASDAQ
TOAK,Manager Directed Portfolios Twin Oak Short Horizon Absolute Return ETF,ETF,NYSE Arca
VBCB,Vanguard Target Maturity 2028 Corporate Bond ETF,ETF,NASDAQ
ACEP,ARS Core Equity Portfolio ETF,ETF,NASDAQ
ROBN,T-Rex 2X Long HOOD Daily Target ETF,ETF,Cboe BZX
MFSM,MFS Active Intermediate Muni Bond ETF,ETF,NYSE
FCVT,First Trust SSI Strategic Convertible Securities ETF,ETF,NASDAQ
SPD,Simplify US Equity PLUS Downside Convexity ETF,ETF,NYSE Arca
JOYT,JPMorgan Equity and Options Total Return ETF,ETF,NASDAQ
ASEA,Global X FTSE Southeast Asia ETF,ETF,NYSE Arca
IBOT,VanEck Robotics ETF,ETF,NASDAQ
HYDR,Global X Hydrogen ETF,ETF,NASDAQ
DRIP,Direxion Daily S&P Oil & Gas Exp. & Prod. Bear 2X ETF,ETF,NYSE Arca
UDN,Invesco DB USD Index Bearish ETF,ETF,NYSE Arca
YANG,Direxion Daily FTSE China Bear 3X ETF,ETF,NYSE Arca
EAPR,Innovator Emerging Markets Power Buffer ETF April,ETF,NYSE Arca
WTBN,WisdomTree Bianco Total Return Fund,ETF,NASDAQ
ARB,AltShares Merger Arbitrage ETF,ETF,NYSE Arca
ZNOV,Innovator Equity Defined Protection ETF - 1 Yr November,ETF,Cboe BZX
INTM,Invesco Intermediate Municipal ETF,ETF,Cboe BZX
DALI,First Trust Dorsey Wright DALI Equity ETF,ETF,NASDAQ
CBRG,Leverage Shares 2X Long CBRS Daily ETF,ETF,Cboe BZX
PCPI,PIMCO Inflation PLUS Active Exchange-Traded Fund,ETF,NASDAQ
AAAP,Pacer Barings CLO Market Flex ETF,ETF,NASDAQ
SEPW,AllianzIM U.S. Large Cap Buffer20 Sep ETF,ETF,Cboe BZX
PSMO,Pacer Swan SOS Moderate (October) ETF,ETF,Cboe BZX
LODI,AAM SLC Low Duration Income ETF,ETF,NYSE Arca
BIB,ProShares Ultra Nasdaq Biotechnology,ETF,NASDAQ
RCGE,RockCreek Global Equality ETF,ETF,NASDAQ
PBSC,Pacer Barings Secured Credit Flex ETF,ETF,NASDAQ
MGOV,First Trust Intermediate Government Opportunities ETF,ETF,NYSE Arca
FDCF,Fidelity Disruptive Communications ETF,ETF,NASDAQ
BRZU,Direxion Daily Brazil Bull 2X ETF,ETF,NYSE Arca
CCOM,Simplify Chinese Commodities Strategy No K-1 ETF,ETF,NYSE Arca
QABA,First Trust NASDAQ ABA Community Bank Index Fund,ETF,NASDAQ
WEBL,Direxion Daily Dow Jones Internet Bull 3X ETF,ETF,NYSE Arca
FAAA,Fidelity AAA CLO ETF,ETF,NASDAQ
QCJL,FT Vest Nasdaq-100 Conservative Buffer ETF - July,ETF,Cboe BZX
PSMJ,Pacer Swan SOS Moderate (July) ETF,ETF,Cboe BZX
NATO,Themes Transatlantic Defense ETF,ETF,NASDAQ
NEHI,NEOS Ethereum High Income ETF,ETF,Cboe BZX
EVX,VanEck Environmental Services ETF,ETF,NYSE Arca
FGM,First Trust Germany AlphaDEX Fund,ETF,NASDAQ
GSJY,Goldman Sachs ActiveBeta Japan Equity ETF,ETF,NYSE Arca
WLDR,Simplify Affinity World Leaders Equity ETF,ETF,Cboe BZX
BAMD,Brookstone Dividend Stock ETF,ETF,Cboe BZX
EXUS,Nomura Focused International Core ETF,ETF,NASDAQ
PXE,Invesco Energy Exploration & Production ETF,ETF,NYSE Arca
DDFO,Innovator Equity Dual Directional 15 Buffer ETF - October,ETF,Cboe BZX
FFND,One Global ETF,ETF,NYSE Arca
EMCB,WisdomTree Emerging Markets Corporate Bond Fund,ETF,NASDAQ
HISF,First Trust High Income Strategic Focus ETF,ETF,NASDAQ
NUAG,Nuveen Enhanced Yield U.S. Aggregate Bond ETF,ETF,NYSE Arca
PAB,PGIM Active Aggregate Bond ETF,ETF,NYSE Arca
JHCB,John Hancock Corporate Bond ETF,ETF,NYSE Arca
BNDS,Infrastructure Capital Bond Income ETF,ETF,NYSE Arca
BOAT,SonicShares Global Shipping ETF,ETF,NYSE Arca
DDFD,Innovator Equity Dual Directional 15 Buffer ETF - December,ETF,Cboe BZX
APPX,Tradr 2X Long APP Daily ETF,ETF,NASDAQ
PIFI,ClearShares Piton Intermediate Fixed Income ETF,ETF,NYSE Arca
JHHY,John Hancock High Yield ETF,ETF,NYSE Arca
RSPR,Invesco S&P 500 Equal Weight Real Estate ETF,ETF,NYSE Arca
CLSM,ETC Cabana Target Leading Sector Moderate ETF,ETF,NASDAQ
ILS,Brookmont Catastrophic Bond ETF,ETF,Other
FRNW,Fidelity Clean Energy ETF,ETF,Cboe BZX
APLY,YieldMax AAPL Option Income Strategy ETF,ETF,NYSE Arca
IWMY,Defiance R2000 Weekly Distribution ETF,ETF,NYSE Arca
NVBW,AllianzIM U.S. Large Cap Buffer20 Nov ETF,ETF,Cboe BZX
NORW,Global X MSCI Norway ETF,ETF,NYSE Arca
IBBQ,Invesco Nasdaq Biotechnology ETF,ETF,NASDAQ
RBUF,Innovator U.S. Small Cap 10 Buffer ETF - Quarterly,ETF,Cboe BZX
WDCX,Tradr 2X Long WDC Daily ETF,ETF,Cboe BZX
FXA,Invesco CurrencyShares Australian Dollar Trust,ETF,NYSE Arca
AGGA,EA Astoria Beacon Dynamic Core US Fixed Income ETF,ETF,NASDAQ
BUZZ,VanEck Social Sentiment ETF,ETF,NYSE Arca
KLIP,KraneShares KWEB Covered Call Strategy ETF,ETF,NYSE Arca
RXL,ProShares Ultra Health Care,ETF,NYSE Arca
MILN,Global X Millennial Consumer ETF,ETF,NASDAQ
ITDE,iShares LifePath Target Date 2045 ETF,ETF,NYSE Arca
CVSM,CresAlta Small and Mid-Cap ETF,ETF,NYSE Arca
JPMB,JPMorgan USD Emerging Markets Sovereign Bond ETF,ETF,NYSE Arca
CHAU,Direxion Daily CSI 300 China A Share Bull 2X ETF,ETF,NYSE Arca
TRSY,Xtrackers US 0-1 Year Treasury ETF,ETF,Cboe BZX
DOG,ProShares Short Dow30,ETF,NYSE Arca
FAZ,Direxion Financial Bear 3X ETF,ETF,NYSE Arca
RSSY,Return Stacked U.S. Stocks & Futures Yield ETF,ETF,Cboe BZX
AJUL,Innovator Equity Defined Protection ETF - 2 Yr to July 2026,ETF,Cboe BZX
LOEV,Harding Loevner International Developed Markets Select Equity ETF,ETF,NYSE Arca
PSMD,Pacer Swan SOS Moderate (January) ETF,ETF,Cboe BZX
RFLR,Innovator U.S. Small Cap Managed Floor ETF,ETF,NYSE Arca
DIEM,Franklin Emerging Market Core Dividend Tilt Index ETF,ETF,NYSE Arca
HUMN,Roundhill Humanoid Robotics ETF,ETF,Cboe BZX
JUNP,PGIM S&P 500 Buffer 12 ETF - June,ETF,Cboe BZX
HYTI,FT Vest High Yield & Target Income ETF,ETF,NYSE Arca
OASC,OneAscent Enhanced Small and Mid Cap ETF,ETF,NYSE Arca
AGNG,Global X Aging Population ETF,ETF,NASDAQ
GLIN,VanEck India Growth Leaders ETF,ETF,NYSE Arca
BCIL,Bancreek International Large Cap ETF,ETF,NYSE Arca
XBJA,Innovator U.S. Equity Accelerated 9 Buffer ETF - January,ETF,Cboe BZX
VEGA,AdvisorShares STAR Global Buy-Write ETF,ETF,NYSE Arca
GOP,Subversive Congressional Republicans Trading ETF,ETF,Cboe BZX
DWAW,AdvisorShares Dorsey Wright FSM All Cap World ETF,ETF,NASDAQ
MAVF,Matrix Advisors Value ETF,ETF,NYSE Arca
PBJ,Invesco Food & Beverage ETF,ETF,NYSE Arca
NMAR,Innovator Growth-100 Power Buffer ETF - March,ETF,Cboe BZX
BKEM,BNY Mellon Emerging Markets Equity ETF,ETF,NYSE Arca
JANB,Aptus January Buffer ETF,ETF,Cboe BZX
SKHX,Leverage Shares 2X Long SK Hynix Daily ETF,ETF,Cboe BZX
GLL,ProShares UltraShort Gold,ETF,NYSE Arca
GNOM,Global X Genomics & Biotechnology ETF,ETF,NASDAQ
PRMR,PeakShares RMR Prime Equity ETF,ETF,NASDAQ
VUSV,Vanguard Wellington U.S. Value Active ETF,ETF,Cboe BZX
METL,Sprott Active Metals & Miners ETF,ETF,NASDAQ
IBIK,iShares iBonds Oct 2034 Term TIPS ETF,ETF,NYSE Arca
PSMR,Pacer Swan SOS Moderate (April) ETF,ETF,Cboe BZX
PRXV,Praxis Impact Large Cap Value ETF,ETF,NYSE Arca
PCLG,Polen Focus Growth ETF,ETF,NYSE Arca
LFGY,YieldMax Crypto Industry & Tech Portfolio Option Income ETF,ETF,NYSE Arca
STNC,Hennessy Sustainable ETF,ETF,NASDAQ
ENOR,iShares MSCI Norway ETF,ETF,Cboe BZX
LDRC,iShares iBonds 1-5 Year Corporate Ladder ETF,ETF,NYSE Arca
ITDF,iShares LifePath Target Date 2050 ETF,ETF,NYSE Arca
SOVF,Sovereign's Capital Flourish Fund,ETF,NYSE Arca
PBQQ,PGIM Laddered Nasdaq-100 Buffer 12 ETF,ETF,NASDAQ
PFOE,Pathfinder Focused Opportunities ETF,ETF,NASDAQ
NVD,GraniteShares 2x Short NVDA Daily ETF,ETF,NASDAQ
MMCA,NYLIM MacKay California Muni Intermediate ETF,ETF,NYSE Arca
PGJ,Invesco Golden Dragon China ETF,ETF,NASDAQ
YALL,Truth Social God Bless America ETF,ETF,NYSE Arca
BKSE,BNY Mellon US Small Cap Core Equity ETF,ETF,NYSE Arca
PRXG,Praxis Impact Large Cap Growth ETF,ETF,NYSE Arca
MBSD,Northern Trust Disciplined Duration MBS ETF,ETF,NYSE Arca
DDTL,Innovator Equity Dual Directional 10 Buffer ETF - July,ETF,Cboe BZX
AIMS,Acuitas Small Cap Active ETF,ETF,NASDAQ
THY,Toews Agility Shares Dynamic Tactical Income ETF,ETF,NYSE Arca
SMAX,iShares Large Cap Max Buffer Sep ETF,ETF,Cboe BZX
TIPZ,PIMCO Broad U.S. TIPS Index Exchange-Traded Fund,ETF,NYSE Arca
AVMA,Avantis Moderate Allocation ETF,ETF,NYSE Arca
XRPT,Volatility Shares Trust XRP 2X ETF,ETF,NASDAQ
IQM,Franklin Intelligent Machines ETF,ETF,Cboe BZX
ALTL,Pacer Lunt Large Cap Alternator ETF,ETF,NYSE Arca
RDFI,Rareview Dynamic Fixed Income ETF,ETF,Cboe BZX
FTCE,First Trust New Constructs Core Earnings Leaders ETF,ETF,NYSE Arca
JGRW,Jensen Quality Growth ETF,ETF,NYSE Arca
DOGG,FT Vest DJIA Dogs 10 Target Income ETF,ETF,Cboe BZX
SOCL,Global X Social Media ETF,ETF,NASDAQ
FBY,YieldMax META Option Income Strategy ETF,ETF,NYSE Arca
SPBX,AllianzIM 6 Month Buffer10 Allocation ETF,ETF,Cboe BZX
VAMO,Cambria Value and Momentum ETF,ETF,Cboe BZX
DDSQ,Innovator Equity Dual Directional 5 Buffer ETF - Quarterly,ETF,Cboe BZX
SURI,Simplify Propel Opportunities ETF,ETF,NYSE Arca
TSLQ,Tradr 2X Short TSLA Daily ETF,ETF,NASDAQ
SPXE,ProShares S&P 500 Ex-Energy ETF,ETF,NYSE Arca
SPBW,AllianzIM Buffer20 Allocation ETF,ETF,Cboe BZX
STXK,Strive Small-Cap ETF,ETF,NYSE
JPY,Lazard Japanese Equity ETF,ETF,NASDAQ
NUMI,Nuveen Municipal Income ETF,ETF,NYSE Arca
MARW,AllianzIM U.S. Large Cap Buffer20 Mar ETF,ETF,Cboe BZX
RSJN,FT Vest U.S. Equity Equal Weight Buffer ETF - June,ETF,NYSE Arca
FLMX,Franklin FTSE Mexico ETF,ETF,NYSE Arca
PTBD,Pacer Trendpilot US Bond ETF,ETF,NYSE Arca
IBLC,iShares Blockchain and Tech ETF,ETF,NYSE Arca
GDXW,Roundhill Gold Miners WeeklyPay ETF,ETF,Cboe BZX
FEDM,Northern Trust ESG & Climate Developed Markets ex-US Core ETF,ETF,NYSE Arca
FCUS,Pinnacle Focused Opportunities ETF,ETF,NYSE Arca
HBDC,Hilton BDC Corporate Bond ETF,ETF,NASDAQ
BCLO,iShares BBB-B CLO Active ETF,ETF,NASDAQ
ENZL,iShares MSCI New Zealand ETF,ETF,NASDAQ
DIG,ProShares Ultra Energy,ETF,NYSE Arca
AFEM,First Trust Active Factor Emerging Markets ETF,ETF,NASDAQ
CATF,American Century California Municipal Bond ETF,ETF,NYSE Arca
PSL,Invesco Dorsey Wright Consumer Staples Momentum ETF,ETF,NASDAQ
XDIV,Roundhill S&P 500 No Dividend Target ETF,ETF,Cboe BZX
MMSD,NYLIM MacKay Muni Short Duration ETF,ETF,NYSE Arca
FCEF,First Trust Income Opportunities ETF,ETF,NASDAQ
GXRP,Grayscale XRP Trust ETF,ETF,NYSE Arca
QCJA,FT Vest Nasdaq-100 Conservative Buffer ETF - January,ETF,Cboe BZX
ZMAY,Innovator Equity Defined Protection ETF - 1 Yr May,ETF,Cboe BZX
EXPN,Horizon Expansion Leaders ETF,ETF,Cboe BZX
NFEB,Innovator Growth-100 Power Buffer ETF - February,ETF,Cboe BZX
FLSW,Franklin FTSE Switzerland ETF,ETF,NYSE Arca
RFDA,ALPS Dynamic US Dividend Advantage ETF,ETF,NYSE Arca
XUDV,Franklin U.S. Dividend Booster Index ETF,ETF,NYSE Arca
IJUN,Innovator International Developed Power Buffer ETF June,ETF,NYSE Arca
FLCE,Frontier Asset U.S. Large Cap Equity ETF,ETF,NYSE Arca
ITDB,iShares LifePath Target Date 2030 ETF,ETF,NYSE Arca
OILU,MicroSectors Oil & Gas Exp. & Prod. 3x Leveraged ETN,ETF,NYSE Arca
QXQ,SGI Enhanced Nasdaq-100 ETF,ETF,NASDAQ
FLXN,Horizon Flexible Income ETF,ETF,Cboe BZX
ZSL,ProShares UltraShort Silver,ETF,NYSE Arca
CNBS,Amplify Seymour Cannabis ETF,ETF,NYSE Arca
EINC,VanEck Energy Income ETF,ETF,NYSE Arca
LABD,Direxion Daily S&P Biotech Bear 3X ETF,ETF,NYSE Arca
XV,Simplify Target 15 Distribution ETF,ETF,NYSE Arca
XC,WisdomTree True Emerging Markets Fund,ETF,NYSE Arca
EGGQ,NestYield Visionary ETF,ETF,NASDAQ
RUSC,Russell Investments U.S. Small Cap Equity ETF,ETF,NASDAQ
SAGP,Strategas Global Policy Opportunities ETF,ETF,NYSE Arca
ASCI,abrdn International Small Cap Active ETF,ETF,NASDAQ
STXV,Strive 1000 Value ETF,ETF,NYSE
NNOV,Innovator Growth-100 Power Buffer ETF - November,ETF,Cboe BZX
KARS,KraneShares Electric Vehicles and Future Mobility Index ETF,ETF,NYSE Arca
FINT,Frontier Asset Total International Equity ETF,ETF,NYSE Arca
IFGL,iShares International Developed Real Estate ETF,ETF,NASDAQ
QMAG,FT Vest Nasdaq-100 Moderate Buffer ETF - August,ETF,Cboe BZX
PBL,PGIM Portfolio Ballast ETF,ETF,Cboe BZX
SPXN,ProShares S&P 500 Ex-Financials ETF,ETF,NYSE Arca
JULU,AllianzIM U.S. Equity Buffer15 Uncapped Jul ETF,ETF,Cboe BZX
TSEL,Touchstone Sands Capital US Select Growth ETF,ETF,NASDAQ
CWVX,Tradr 2X Long CRWV Daily ETF,ETF,Cboe BZX
TSLR,GraniteShares 2x Long TSLA Daily ETF,ETF,NASDAQ
XDSQ,Innovator U.S. Equity Accelerated ETF - Quarterly,ETF,Cboe BZX
EIRL,iShares MSCI Ireland ETF,ETF,NYSE Arca
VCHY,Vanguard U.S. High-Yield Corporate Bond Index ETF,ETF,Cboe BZX
JANU,AllianzIM U.S. Equity Buffer15 Uncapped Jan ETF,ETF,Cboe BZX
BITA,iShares Bitcoin Premium Income ETF,ETF,NASDAQ
INKM,State Street Income Allocation ETF,ETF,NYSE Arca
PRAY,FIS Christian Stock Fund,ETF,NYSE Arca
HIBL,Direxion Daily S&P 500 High Beta Bull 3X ETF,ETF,NYSE Arca
HECO,State Street Galaxy Hedged Digital Asset Ecosystem ETF,ETF,NASDAQ
TMFE,Motley Fool Capital Efficiency 100 Index ETF,ETF,Cboe BZX
QARP,Xtrackers Russell 1000 US Quality at a Reasonable Price ETF ETF,ETF,NYSE Arca
AQLG,HCM Large Cap Growth ETF,ETF,NASDAQ
IBIH,iShares iBonds Oct 2031 Term TIPS ETF,ETF,NYSE Arca
FTWO,Strive Natural Resources and Security ETF,ETF,NYSE
GOOW,Roundhill GOOGL WeeklyPay ETF,ETF,Cboe BZX
NRGU,"MicroSectors U.S. Big Oil 3 Leveraged ETNs due February 17, 2045",ETF,NYSE Arca
DTEC,ALPS Disruptive Technologies ETF,ETF,NYSE Arca
WLTG,WealthTrust DBS Long Term Growth ETF,ETF,NYSE
AVNV,Avantis All International Markets Value ETF,ETF,NYSE Arca
NSIV,North Square Disciplined Value ETF,ETF,NYSE Arca
MSTZ,T-Rex 2X Inverse MSTR Daily Target ETF,ETF,Cboe BZX
SKHU,ProShares Ultra SK hynix,ETF,NYSE Arca
XBJL,Innovator U.S. Equity Accelerated 9 Buffer ETF - July,ETF,Cboe BZX
HTEC,ROBO Global Healthcare Technology and Innovation ETF,ETF,NYSE Arca
GAA,Cambria Global Asset Allocation ETF,ETF,Cboe BZX
XB,BondBloxx B-Rated USD High Yield Corporate Bond ETF,ETF,NYSE Arca
REXC,Sprott Rare Earths Ex-China ETF,ETF,NASDAQ
MNVT,Moonvest ETF,ETF,NASDAQ
DDFY,Innovator Equity Dual Directional 15 Buffer ETF - May,ETF,Cboe BZX
DBEZ,Xtrackers MSCI Eurozone Hedged Equity ETF,ETF,NYSE Arca
MOTI,VanEck Morningstar International Moat ETF,ETF,Cboe BZX
RSSX,Return Stacked U.S. Stocks & Gold/Bitcoin ETF,ETF,Cboe BZX
DDFN,Innovator Equity Dual Directional 15 Buffer ETF - November,ETF,Cboe BZX
NBFC,Neuberger Flexible Credit Income ETF,ETF,NYSE Arca
BKF,iShares MSCI BIC ETF,ETF,NYSE Arca
SRTY,ProShares UltraPro Short Russell2000,ETF,NYSE Arca
NULC,Nuveen ESG Large-Cap ETF,ETF,Cboe BZX
FTOH,Franklin Ohio Municipal Income ETF,ETF,NYSE Arca
DDIV,First Trust Dorsey Wright Momentum & Dividend ETF,ETF,NASDAQ
DHDG,FT Vest U.S. Equity Quarterly 2.5 to 15 Buffer ETF,ETF,Cboe BZX
IBHK,iShares iBonds 2031 Term High Yield and Income ETF,ETF,Cboe BZX
NACP,Impact Shares NAACP Minority Empowerment ETF,ETF,NYSE Arca
RSEE,Rareview Systematic Equity ETF,ETF,Cboe BZX
DDFJ,Innovator Equity Dual Directional 15 Buffer ETF - January,ETF,Cboe BZX
CRDU,Tradr 2X Long CRDO Daily ETF,ETF,Cboe BZX
STBF,Performance Trust Short Term Bond ETF,ETF,Cboe BZX
IBIC,iShares iBonds Oct 2026 Term TIPS ETF,ETF,NYSE Arca
FFTY,CapForce IBD 50 ETF,ETF,NYSE Arca
PYZ,Invesco Dorsey Wright Basic Materials Momentum ETF,ETF,NASDAQ
OBTC,Osprey Bitcoin Trust,ETF,NASDAQ
MTGP,WisdomTree Mortgage Plus Bond Fund,ETF,NYSE Arca
RSPE,Invesco ESG S&P 500 Equal Weight ETF,ETF,NYSE Arca
MVPA,Miller Value Partners Appreciation ETF,ETF,NYSE
GMOM,Cambria Global Momentum ETF,ETF,Cboe BZX
KDEC,Innovator U.S. Small Cap Power Buffer ETF - December,ETF,Cboe BZX
RSIT,Return Stacked International Stocks & Managed Futures ETF,ETF,Cboe BZX
MMAX,iShares Large Cap Max Buffer Mar ETF,ETF,Cboe BZX
SMOM,Symmetry Panoramic Sector Momentum ETF,ETF,NASDAQ
QQQU,Direxion Daily Magnificent 7 Bull 2X ETF,ETF,NYSE Arca
PXJ,Invesco Oil & Gas Services ETF,ETF,NYSE Arca
XOCT,FT Vest U.S. Equity Enhance & Moderate Buffer ETF - October,ETF,Cboe BZX
ARP,PMV Adaptive Risk Parity ETF,ETF,NYSE Arca
AAPR,Innovator Equity Defined Protection ETF - 2 Yr to April 2028,ETF,Cboe BZX
FLEU,Franklin FTSE Eurozone ETF,ETF,NYSE Arca
GTR,WisdomTree Target Range Fund,ETF,NASDAQ
EVHY,Eaton Vance High Yield ETF,ETF,NYSE Arca
AVRY,Avory Foundational ETF,ETF,Cboe BZX
PCL,PGIM Corporate Bond 10+ Year ETF,ETF,Cboe BZX
DVYA,iShares Asia / Pacific Dividend 30 Index Fund Exchange Traded Fund,ETF,NYSE Arca
MMKT,Texas Capital Government Money Market ETF,ETF,NYSE
CRMG,Leverage Shares 2X Long CRM Daily ETF,ETF,NASDAQ
DVOL,First Trust Dorsey Wright Momentum & Low Volatility ETF,ETF,NASDAQ
DSTX,Distillate International Fundamental Stability & Value ETF,ETF,NYSE
NBIG,Leverage Shares 2X Long NBIS Daily ETF,ETF,NASDAQ
WIMA,WisdomTree International Adaptive Moving Average Fund,ETF,NASDAQ
TISC,Thrivent International Small Cap ETF,ETF,NASDAQ
QBER,TrueShares Quarterly Bear Hedge ETF,ETF,Cboe BZX
RISN,Inspire Capital Appreciation ETF,ETF,NYSE Arca
TEND,iShares Large Cap 10% Target Buffer Dec ETF,ETF,Cboe BZX
MSFL,GraniteShares 2x Long MSFT Daily ETF,ETF,NASDAQ
FHDG,FT Vest U.S. Equity Quarterly Dynamic Buffer ETF,ETF,Cboe BZX
AMAX,Adaptive Hedged Multi-Asset Income ETF,ETF,NYSE Arca
PBJL,PGIM S&P 500 Buffer 20 ETF - July,ETF,Cboe BZX
XSHD,Invesco S&P SmallCap High Dividend Low Volatility ETF,ETF,Cboe BZX
HYSA,BondBloxx High Yield Income ETF,ETF,NYSE Arca
GXPS,Global X PureCap MSCI Consumer Staples ETF,ETF,NYSE Arca
FLMB,Franklin Municipal Green Bond ETF,ETF,NYSE Arca
LQDI,iShares Inflation Hedged Corporate Bond ETF,ETF,Cboe BZX
DHLX,Diamond Hill Large Cap Concentrated ETF,ETF,NYSE Arca
APOC,Innovator Equity Defined Protection ETF - 6mo Apr/Oct,ETF,Cboe BZX
DVAL,BrandywineGLOBAL-Dynamic US Large Cap Value ETF,ETF,NASDAQ
XITK,State Street SPDR FactSet Innovative Technology ETF,ETF,NYSE Arca
PAYR,Federated Hermes Enhanced Income ETF,ETF,Cboe BZX
EUDG,WisdomTree Europe Quality Dividend Growth Fund,ETF,NYSE Arca
GLOW,VictoryShares WestEnd Global Equity ETF,ETF,NASDAQ
EETH,ProShares Ether ETF,ETF,NYSE Arca
HYP,Golden Eagle Dynamic Hypergrowth ETF,ETF,NASDAQ
FMCE,FM Compounders Equity ETF,ETF,NYSE Arca
LCF,Touchstone US Large Cap Focused ETF,ETF,Cboe BZX
SNOY,YieldMax SNOW Option Income Strategy ETF,ETF,NYSE Arca
LCR,Leuthold Core ETF,ETF,NYSE Arca
CAMX,Cambiar Aggressive Value ETF,ETF,NYSE Arca
AMUU,Direxion Daily AMD Bull 2X ETF,ETF,NASDAQ
SPCT,Liberty One Spectrum ETF,ETF,NASDAQ
NODE,VanEck Onchain Economy ETF,ETF,Cboe BZX
DEMZ,Democratic Large Cap Core ETF,ETF,NASDAQ
WDTE,Defiance S&P 500 Weekly Distribution ETF,ETF,NYSE Arca
IBAT,iShares Energy Storage & Materials ETF,ETF,NASDAQ
MIDU,Direxion Mid Cap Bull 3X ETF,ETF,NYSE Arca
DLFE,FT Vest U.S. Equity Dual Directional Buffer ETF - February,ETF,Cboe BZX
KWT,iShares MSCI Kuwait ETF,ETF,Cboe BZX
KNGZ,First Trust S&P 500 Diversified Dividend Aristocrats ETF,ETF,NASDAQ
TAFL,AB Tax-Aware Long Municipal ETF,ETF,NYSE Arca
HOOG,Leverage Shares 2X Long HOOD Daily ETF,ETF,NASDAQ
QBTX,Tradr 2X Long QBTS Daily ETF,ETF,Cboe BZX
ZAPR,Innovator Equity Defined Protection ETF - 1 Yr April,ETF,Cboe BZX
NAUG,Innovator Growth-100 Power Buffer ETF - August,ETF,Cboe BZX
PSTR,PeakShares Sector Rotation ETF,ETF,NASDAQ
JUNM,FT Vest U.S. Equity Max Buffer ETF - June,ETF,Cboe BZX
KAUG,Innovator US Small Cap Power Buffer ETF - August,ETF,Cboe BZX
FXC,Invesco CurrencyShares Canadian Dollar Trust,ETF,NYSE Arca
SYZ,Lazard US Systematic Small Cap Equity ETF,ETF,NASDAQ
PIPE,Invesco SteelPath MLP & Energy Infrastructure ETF,ETF,Cboe BZX
STXD,Strive 1000 Dividend Growth ETF,ETF,NYSE
LENS,Sarmaya Thematic ETF,ETF,Cboe BZX
BAMU,Brookstone Ultra-Short Bond ETF,ETF,Cboe BZX
USOY,Defiance Oil Enhanced Options Income ETF,ETF,NASDAQ
WNTR,YieldMax MSTR Short Option Income Strategy ETF,ETF,NYSE Arca
WRTH,Worth Charting Options Income ETF,ETF,NASDAQ
CGGG,Capital Group U.S. Large Growth ETF,ETF,NYSE Arca
FDRS,Founder-Led ETF,ETF,NASDAQ
FCSH,Federated Hermes Short Duration Corporate ETF,ETF,NYSE Arca
QVOY,Q3 Active Rotation ETF,ETF,Cboe BZX
XDQQ,Innovator Growth Accelerated ETF - Quarterly,ETF,Cboe BZX
TECS,Direxion Technology Bear 3X ETF,ETF,NYSE Arca
LSAT,LeaderShares AlphaFactor Tactical Focused ETF,ETF,NYSE Arca
MSOX,AdvisorShares MSOS Daily Leveraged ETF,ETF,NYSE Arca
ECNS,iShares MSCI China Small-Cap ETF,ETF,NYSE Arca
BFLB,BufferLABS US Equity Dynamic Buffer ETF,ETF,Cboe BZX
FXB,Invesco CurrencyShares British Pound Sterling Trust,ETF,NYSE Arca
MFUT,Cambria Chesapeake Pure Trend ETF,ETF,Cboe BZX
PBJA,PGIM S&P 500 Buffer 20 ETF - January,ETF,Cboe BZX
TYA,Simplify Intermediate Term Treasury Futures Strategy ETF,ETF,Cboe BZX
NDOW,Anydrus Advantage ETF,ETF,Cboe BZX
EFAS,Global X MSCI SuperDividend EAFE ETF,ETF,NASDAQ
MAGG,Madison Aggregate Bond ETF,ETF,NYSE Arca
WBIY,WBI Power Factor High Dividend ETF,ETF,NYSE
AAA,Alternative Access First Priority CLO Bond ETF,ETF,NYSE Arca
TAXT,Northern Trust Tax-Exempt Bond ETF,ETF,NASDAQ
MDPL,Monarch Dividend Plus Index ETF,ETF,Cboe BZX
HARD,Simplify Commodities Strategy No K-1 ETF,ETF,NYSE Arca
EFAD,ProShares MSCI EAFE Dividend Growers ETF,ETF,Cboe BZX
CRWL,GraniteShares 2x Long CRWD Daily ETF,ETF,NASDAQ
GRW,TCW Durable Growth ETF,ETF,NASDAQ
BSMZ,Invesco BulletShares 2035 Municipal Bond ETF,ETF,NASDAQ
HERO,Global X Video Games & Esports ETF,ETF,NASDAQ
HIGH,Simplify Enhanced Income ETF,ETF,NYSE Arca
ISEP,Innovator International Developed Power Buffer ETF  September,ETF,NYSE Arca
SOXY,YieldMax Target 12 Semiconductor Option Income ETF,ETF,NYSE Arca
IONL,GraniteShares 2x Long IONQ Daily ETF,ETF,NASDAQ
UBT,ProShares Ultra 20+ Year Treasury,ETF,NYSE Arca
DYNB,Hartford Dynamic Bond ETF,ETF,NASDAQ
CEFA,Global X S&P Catholic Values Developed ex-U.S. ETF,ETF,NASDAQ
SIXZ,AllianzIM U.S. Large Cap 6 Month Buffer10 May/Nov ETF,ETF,Cboe BZX
FFEM,Fidelity Fundamental Emerging Markets ETF,ETF,Cboe BZX
OZEM,Roundhill GLP-1 & Weight Loss ETF,ETF,NASDAQ
SNK,GraniteShares 2x Short SpaceX Daily ETF,ETF,Cboe BZX
ISMF,iShares Managed Futures Active ETF,ETF,Cboe BZX
XBOC,Innovator U.S. Equity Accelerated 9 Buffer ETF - October,ETF,Cboe BZX
LINT,Direxion Daily INTC Bull 2X ETF,ETF,NASDAQ
SXQG,ETC 6 Meridian Quality Growth ETF,ETF,NYSE Arca
QCOC,FT Vest Nasdaq-100 Conservative Buffer ETF - October,ETF,Cboe BZX
MAGX,Roundhill Daily 2X Long Magnificent Seven ETF,ETF,Cboe BZX
TRUC,VanEck Communication Services TruSector ETF,ETF,NASDAQ
TRND,Pacer Trendpilot Fund of Funds ETF,ETF,NYSE Arca
DEED,First Trust Securitized Plus ETF,ETF,NYSE Arca
YETH,Roundhill Ether Covered Call Strategy ETF,ETF,Cboe BZX
HYDW,Xtrackers Low Beta High Yield Bond ETF,ETF,NYSE Arca
AIVI,WisdomTree International AI Enhanced Value Fund,ETF,NYSE Arca
UNHG,Leverage Shares 2X Long UNH Daily ETF,ETF,NASDAQ
PRNT,3D Printing (The) ETF,ETF,Cboe BZX
RIGS,ALPS Strategic Income Fund,ETF,NYSE Arca
GURU,Global X Guru Index ETF,ETF,NYSE Arca
SEMG,Suncoast Select Growth ETF,ETF,NYSE Arca
DIVL,Madison Dividend Value ETF,ETF,NYSE Arca
NDEC,Innovator Growth-100 Power Buffer ETF - December,ETF,Cboe BZX
BOTT,Themes Humanoid Robotics ETF,ETF,NASDAQ
EASY,Liberty One Defensive Dividend Growth ETF,ETF,NASDAQ
AHYB,American Century Select High Yield ETF,ETF,NYSE Arca
PHDG,Invesco S&P 500 Downside Hedged ETF,ETF,NYSE Arca
WSGE,Warren Street Global Equity ETF,ETF,NASDAQ
ITDG,iShares LifePath Target Date 2055 ETF,ETF,NYSE Arca
JANT,AllianzIM U.S. Large Cap Buffer10 Jan ETF,ETF,Cboe BZX
TSYY,GraniteShares YieldBOOST TSLA ETF,ETF,NASDAQ
XYLG,Global X S&P 500 Covered Call & Growth ETF,ETF,NYSE Arca
IWFG,NYLIM Winslow Focused Large Cap Growth ETF,ETF,NYSE Arca
KWIN,KraneShares Wahed Alternative Income Index ETF,ETF,NYSE Arca
TRUD,VanEck Consumer Discretionary TruSector ETF,ETF,NASDAQ
BUFH,FT Vest Laddered Max Buffer ETF,ETF,Cboe BZX
EMCR,Xtrackers Emerging Markets Carbon Reduction and Climate Improvers ETF,ETF,NYSE Arca
QEMM,State Street SPDR MSCI Emerging Markets StrategicFactors ETF,ETF,NYSE Arca
NELS,Nelson Select ETF,ETF,Cboe BZX
OVF,Overlay Shares Foreign Equity ETF,ETF,Cboe BZX
NSIG,North Square Growth Opportunities ETF,ETF,NYSE Arca
LABX,Tradr 2X Long ALAB Daily ETF,ETF,Cboe BZX
PSCW,Pacer Swan SOS Conservative (April) ETF,ETF,Cboe BZX
TDAX,TDAQ Lift ETF,ETF,Cboe BZX
OVT,Overlay Shares Short Term Bond ETF,ETF,Cboe BZX
ONLN,ProShares Online Retail ETF,ETF,NYSE Arca
RACK,VanEck Data Center Supply Chain ETF,ETF,Cboe BZX
RAUS,RACWI US ETF,ETF,NASDAQ
GUMI,Goldman Sachs Ultra Short Municipal Income ETF,ETF,NYSE Arca
KJUN,Innovator U.S. Small Cap Power Buffer ETF - June,ETF,Cboe BZX
PSFD,Pacer Swan SOS Flex (January) ETF,ETF,Cboe BZX
MSTW,Roundhill MSTR WeeklyPay ETF,ETF,Cboe BZX
PJIO,PGIM Jennison Focused International Equity ETF,ETF,NYSE Arca
FSCS,First Trust SMID Capital Strength ETF,ETF,NASDAQ
KOOL,North Shore Equity Rotation ETF,ETF,NYSE Arca
EMEM,Sophus Capital Emerging Market ETF,ETF,NASDAQ
NIKL,Sprott Nickel Miners ETF,ETF,NASDAQ
RTRE,Rareview Total Return Bond ETF,ETF,Cboe BZX
MADE,iShares U.S. Manufacturing ETF,ETF,NYSE Arca
HTAX,Nomura National High-Yield Municipal Bond ETF,ETF,NYSE Arca
SOFX,Defiance Daily Target 2X Long SOFI ETF,ETF,NASDAQ
NDIA,Global X India Active ETF,ETF,NYSE Arca
QAT,iShares MSCI Qatar ETF,ETF,NASDAQ
IRTR,iShares LifePath Retirement ETF,ETF,NYSE Arca
NUDV,Nuveen ESG Dividend ETF,ETF,Cboe BZX
LCO,LOGIQ Contrarian Opportunities ETF,ETF,NYSE Arca
DYFI,IDX Dynamic Fixed Income ETF,ETF,NASDAQ
TSLS,Direxion Daily TSLA Bear 1X ETF,ETF,NASDAQ
UPAR,UPAR Ultra Risk Parity ETF,ETF,NYSE Arca
LQDB,iShares BBB Rated Corporate Bond ETF,ETF,NYSE Arca
IREX,Tradr 2X Long IREN Daily ETF,ETF,Cboe BZX
WOMN,Impact Shares Women's Empowerment ETF,ETF,NYSE Arca
BSTP,Innovator Buffer Step-Up Strategy ETF,ETF,NYSE Arca
DIVP,Cullen Enhanced Equity Income ETF,ETF,NYSE Arca
NMAY,Innovator Growth-100 Power Buffer ETF - May,ETF,Cboe BZX
COAL,Range Global Coal Index ETF,ETF,NYSE Arca
QBSF,AllianzIM U.S. Equity Buffer15 ETF,ETF,Cboe BZX
THTA,SoFi Enhanced Yield ETF,ETF,NYSE Arca
DDFF,Innovator Equity Dual Directional 15 Buffer ETF - February,ETF,Cboe BZX
TOLL,Tema Monopolies and Oligopolies ETF,ETF,Cboe BZX
FLAX,Franklin FTSE Asia ex Japan ETF,ETF,NYSE Arca
TMSF,T. Rowe Price Multi-Sector Income ETF,ETF,NASDAQ
JULT,AllianzIM U.S. Large Cap Buffer10 Jul ETF,ETF,Cboe BZX
CPSM,Calamos S&P 500 Structured Alt Protection ETF  May,ETF,NYSE Arca
PSR,Invesco Active U.S. Real Estate Fund,ETF,NYSE Arca
IFEB,Innovator International Developed Power Buffer ETF  February,ETF,NYSE Arca
EVYM,Eaton Vance High Income Municipal ETF,ETF,NASDAQ
QCML,GraniteShares 2x Long QCOM Daily ETF,ETF,NASDAQ
TMFS,Motley Fool Small-Cap Growth ETF,ETF,Cboe BZX
PFI,Invesco Dorsey Wright Financial Momentum ETF,ETF,NASDAQ
CANE,Teucrium Sugar Fund ETV,ETF,NYSE Arca
PVEX,TrueShares ConVex Protect ETF,ETF,Cboe BZX
OCTU,AllianzIM U.S. Equity Buffer15 Uncapped Oct ETF,ETF,Cboe BZX
ARMG,Leverage Shares 2X Long ARM Daily ETF,ETF,NASDAQ
EGGS,NestYield Total Return Guard ETF,ETF,NYSE Arca
EMC,Global X Emerging Markets Great Consumer ETF,ETF,NYSE Arca
EHLS,Even Herd Long Short ETF,ETF,NASDAQ
ABIG,Argent Large Cap ETF,ETF,NASDAQ
IWMW,iShares Russell 2000 BuyWrite ETF,ETF,Cboe BZX
EMM,Global X Emerging Markets ex-China ETF,ETF,NYSE Arca
PBJN,PGIM S&P 500 Buffer 20 ETF - June,ETF,Cboe BZX
RSPC,Invesco S&P 500 Equal Weight Communication Services ETF,ETF,NYSE Arca
KWH,GMO Power Infrastructure ETF,ETF,NYSE Arca
TEKY,Lazard Next Gen Technologies ETF,ETF,NASDAQ
FDIV,MarketDesk Focused U.S. Dividend ETF,ETF,NASDAQ
SURE,AdvisorShares Insider Advantage ETF,ETF,NYSE Arca
XNOV,FT Vest U.S. Equity Enhance & Moderate Buffer ETF - November,ETF,Cboe BZX
HUSV,First Trust Horizon Managed Volatility Domestic ETF,ETF,NYSE Arca
QFF,Qualivian Focus Fund ETF,ETF,NASDAQ
QLVD,Northern Trust Developed Markets ex-US Quality Low Volatility ETF,ETF,NYSE Arca
HIMZ,Defiance Daily Target 2X Long HIMS ETF,ETF,NASDAQ
MNBD,ALPS BBH Intermediate Municipal Bond ETF,ETF,NYSE Arca
SEMY,GraniteShares YieldBOOST Semiconductor ETF,ETF,NASDAQ
FCTR,First Trust Lunt U.S. Factor Rotation ETF,ETF,Cboe BZX
DEEF,Xtrackers FTSE Developed ex US Multifactor ETF,ETF,NYSE Arca
IBIJ,iShares iBonds Oct 2033 Term TIPS ETF,ETF,NYSE Arca
TBLU,Tortoise Global Water ETF,ETF,NYSE
NCLD,Roundhill Neocloud ETF,ETF,NASDAQ
INDL,Direxion Daily MSCI India Bull 2X ETF,ETF,NYSE Arca
CBLS,Clough Hedged Equity ETF,ETF,NYSE Arca
REIT,ALPS Active REIT ETF,ETF,NASDAQ
OCTT,AllianzIM U.S. Large Cap Buffer10 Oct ETF,ETF,Cboe BZX
RSBY,Return Stacked Bonds & Futures Yield ETF,ETF,Cboe BZX
BAMB,Brookstone Intermediate Bond ETF,ETF,Cboe BZX
ABI,VictoryShares Pioneer Asset-Based Income ETF,ETF,NASDAQ
NTSE,WisdomTree Emerging Markets Efficient Core Fund,ETF,NYSE Arca
THLV,THOR Equal Weight Low Volatility ETF,ETF,NYSE
VBCA,Vanguard Target Maturity 2027 Corporate Bond ETF,ETF,NASDAQ
TYLD,Cambria Tactical Yield ETF,ETF,Cboe BZX
KTEC,KraneShares Hang Seng TECH Index ETF,ETF,NYSE Arca
PSIL,AdvisorShares Psychedelics ETF,ETF,NYSE Arca
HRTS,Tema Heart & Health ETF,ETF,NASDAQ
VBCC,Vanguard Target Maturity 2029 Corporate Bond ETF,ETF,NASDAQ
IAUG,Innovator International Developed Power Buffer ETF  August,ETF,NYSE Arca
FFGX,Fidelity Fundamental Global ex-U.S. ETF,ETF,Cboe BZX
AGQI,First Trust Active Global Quality Income ETF,ETF,NYSE Arca
PXI,Invesco Dorsey Wright Energy Momentum ETF,ETF,NASDAQ
NCPB,Nuveen Core Plus Bond ETF,ETF,NASDAQ
THMZ,Lazard Equity Megatrends ETF,ETF,NASDAQ
ADIV,Guinness Atkinson Asia Pacific Dividend Builder ETF,ETF,NYSE Arca
ARLU,AllianzIM U.S. Equity Buffer15 Uncapped Apr ETF,ETF,Cboe BZX
GXPD,Global X PureCap MSCI Consumer Discretionary ETF,ETF,NYSE Arca
AMUN,abrdn Ultra Short Municipal Income Active ETF,ETF,NASDAQ
BBSB,JPMorgan BetaBuilders U.S. Treasury Bond 1-3 Year ETF,ETF,Cboe BZX
URE,ProShares Ultra Real Estate,ETF,NYSE Arca
FHYS,Federated Hermes Short Duration High Yield ETF,ETF,NYSE Arca
RDTL,GraniteShares 2x Long RDDT Daily ETF,ETF,NASDAQ
NBTR,Neuberger Total Return Bond ETF,ETF,NYSE Arca
NETL,Colterpoint Net Lease Real Estate ETF,ETF,NYSE Arca
BLDG,Cambria Global Real Estate ETF,ETF,Cboe BZX
MEM,Matthews Emerging Markets Equity Active ETF,ETF,NYSE Arca
SQMX,FT Vest U.S. Equity Quarterly Max Buffer ETF,ETF,Cboe BZX
MEMX,Matthews Emerging Markets ex China Active ETF,ETF,NYSE Arca
BGLD,FT Vest Gold Strategy Quarterly Buffer ETF,ETF,Cboe BZX
DVND,Touchstone Dividend Select ETF,ETF,NYSE Arca
HBR,Canary HBAR ETF,ETF,NASDAQ
IBII,iShares iBonds Oct 2032 Term TIPS ETF,ETF,NYSE Arca
PEXL,Pacer US Export Leaders ETF,ETF,NYSE Arca
SPCU,Defiance Daily Target 2X Long SPCX ETF,ETF,Cboe BZX
TLDR,The Laddered T-Bill ETF,ETF,Cboe BZX
BBIB,JPMorgan BetaBuilders U.S. Treasury Bond 3-10 Year ETF,ETF,Cboe BZX
PAMC,Pacer Lunt MidCap Multi-Factor Alternator ETF,ETF,NYSE Arca
BRLN,iShares Floating Rate Loan Active ETF,ETF,Cboe BZX
VBCD,Vanguard Target Maturity 2030 Corporate Bond ETF,ETF,NASDAQ
CDIG,City Different Investments Global Equity ETF,ETF,NASDAQ
GABF,Gabelli ETFs Trust Gabelli Financial Services Opportunities ETF,ETF,NYSE Arca
IMAY,Innovator International Developed Power Buffer ETF - May,ETF,NYSE Arca
QQQA,ProShares Nasdaq-100 Dorsey Wright Momentum ETF,ETF,NASDAQ
ROSC,Hartford Multifactor Small Cap ETF,ETF,NYSE Arca
MYLD,Cambria Micro and SmallCap Shareholder Yield ETF,ETF,Cboe BZX
BTGD,STKd 100% Bitcoin & 100% Gold ETF,ETF,NASDAQ
ETHD,ProShares UltraShort Ether ETF,ETF,NYSE Arca
PSFJ,Pacer Swan SOS Flex (July) ETF,ETF,Cboe BZX
DRUP,GraniteShares Nasdaq Select Disruptors ETF,ETF,NYSE Arca
QSIG,WisdomTree U.S. Short Term Corporate Bond Fund,ETF,Cboe BZX
EZET,Franklin Ethereum ETF,ETF,Cboe BZX
XUSP,Innovator Uncapped Accelerated U.S. Equity ETF,ETF,Cboe BZX
XIJN,FT Vest U.S. Equity Buffer & Premium Income ETF - June,ETF,Cboe BZX
FFIU,UVA Unconstrained Medium-Term Fixed Income ETF,ETF,NYSE Arca
NXTE,AXS Green Alpha ETF,ETF,NYSE Arca
CCUP,T-REX 2X Long CRCL Daily Target ETF,ETF,Cboe BZX
LOHA,Roundhill HALO ETF,ETF,Cboe BZX
ASIA,Matthews Pacific Tiger Active ETF,ETF,NYSE Arca
RSBA,Return Stacked Bonds & Merger Arbitrage ETF,ETF,Cboe BZX
BBCB,JPMorgan BetaBuilders USD Investment Grade Corporate Bond ETF,ETF,Cboe BZX
HYIN,WisdomTree Private Credit and Alternative Income Fund,ETF,Cboe BZX
FEBU,AllianzIM U.S. Equity Buffer15 Uncapped Feb ETF,ETF,Cboe BZX
SRHR,SRH REIT Covered Call ETF,ETF,NYSE Arca
DECU,AllianzIM U.S. Equity Buffer15 Uncapped Dec ETF,ETF,Cboe BZX
PUI,Invesco Dorsey Wright Utilities Momentum ETF,ETF,NASDAQ
DUKZ,Ocean Park Diversified Income ETF,ETF,NYSE Arca
MINN,Mairs & Power Minnesota Municipal Bond ETF,ETF,Cboe BZX
FGSM,Frontier Asset Global Small Cap Equity ETF,ETF,NYSE Arca
SDEM,Global X MSCI SuperDividend Emerging Markets ETF,ETF,NYSE Arca
MMSC,First Trust Multi-Manager Small Cap Opportunities ETF,ETF,NYSE Arca
FMED,Fidelity Disruptive Medicine ETF,ETF,NASDAQ
IFED,ETRACS IFED Invest with the Fed TR Index ETN,ETF,NYSE Arca
ARCM,Arrow Reserve Capital Management ETF,ETF,Cboe BZX
QLDY,Defiance Nasdaq 100 LightningSpread Income ETF,ETF,NASDAQ
ACSG,American Century Small Cap Growth Insights ETF,ETF,Cboe BZX
SIXF,AllianzIM U.S. Large Cap 6 Month Buffer10 Feb/Aug ETF,ETF,Cboe BZX
HDGE,Ranger Equity Bear Bear ETF,ETF,NYSE Arca
VBCE,Vanguard Target Maturity 2031 Corporate Bond ETF,ETF,NASDAQ
GOOX,T-Rex 2X Long Alphabet Daily Target ETF,ETF,Cboe BZX
HQGO,Hartford US Quality Growth ETF,ETF,NASDAQ
NBET,Neuberger Energy Transition & Infrastructure ETF,ETF,NYSE Arca
BETZ,Roundhill Sports Betting & iGaming ETF,ETF,NYSE Arca
TRBF,Angel Oak Total Return ETF,ETF,NASDAQ
BSJW,Invesco BulletShares 2032 High Yield Corporate Bond ETF,ETF,NASDAQ
BBC,Virtus Biotech Clinical Trials ETF,ETF,NYSE Arca
BCFN,Baron Financials ETF,ETF,NASDAQ
MYCF,State Street My2026 Corporate Bond ETF,ETF,NASDAQ
PMIO,PGIM Municipal Income Opportunities ETF,ETF,NYSE Arca
EURL,Direxion Daily FTSE Europe Bull 3X ETF,ETF,NYSE Arca
VMAX,Hartford US Value ETF,ETF,Cboe BZX
VEMY,Virtus Stone Harbor Emerging Markets High Yield Bond ETF,ETF,NYSE Arca
TDSB,ETC Cabana Target Beta ETF,ETF,NASDAQ
CHYG,Corgi 0-5 Year High Yield Corporate Bond ETF,ETF,Cboe BZX
XFLX,FundX Flexible ETF,ETF,NYSE Arca
JANP,PGIM S&P 500 Buffer 12 ETF - January,ETF,Cboe BZX
CBSE,Clough Select Equity ETF,ETF,NYSE Arca
PLGI,PL Growth and Income ETF,ETF,Cboe BZX
KGRN,KraneShares MSCI China Clean Technology Index ETF,ETF,NYSE Arca
XRMI,Global X S&P 500 Risk Managed Income ETF,ETF,NYSE Arca
TSMU,GraniteShares 2x Long TSM Daily ETF,ETF,NASDAQ
SMU,Tradr 2X Long SMR Daily ETF,ETF,Cboe BZX
BCEM,Baron Emerging Markets Select ETF,ETF,NYSE
BAMA,Brookstone Active ETF,ETF,Cboe BZX
CNAV,Mohr Company Nav ETF,ETF,Cboe BZX
QQQT,Defiance Nasdaq 100 Income Target ETF,ETF,NASDAQ
CPSJ,Calamos S&P 500 Structured Alt Protection ETF  July,ETF,NYSE Arca
AOCT,Innovator Equity Defined Protection ETF - 2 Yr to October 2026,ETF,Cboe BZX
XRLX,FundX Conservative ETF,ETF,NYSE Arca
AIOO,AllianzIM U.S. Equity Buffer100 Protection ETF,ETF,Cboe BZX
NQLT,Neuberger Quality Select ETF,ETF,NYSE Arca
KMAY,Innovator U.S. Small Cap Power Buffer ETF - May,ETF,Cboe BZX
MYCJ,State Street My2030 Corporate Bond ETF,ETF,NASDAQ
PLTZ,Defiance Daily Target 2x Short PLTR ETF,ETF,NASDAQ
EMSC,Sophus Capital Emerging Market Small Cap ETF,ETF,NASDAQ
MSTI,Madison Short Term Strategic Income ETF,ETF,NYSE Arca
QVOL,Infrastructure Capital Nasdaq Option Income ETF,ETF,NASDAQ
ALTY,Global X Alternative Income ETF,ETF,NASDAQ
DECM,FT Vest U.S. Equity Max Buffer ETF - December,ETF,Cboe BZX
JFLI,JPMorgan Flexible Income ETF,ETF,NYSE Arca
KYLD,Kurv High Income ETF,ETF,Cboe BZX
JELM,Janus Henderson Equity Linked Moderate Income ETF,ETF,Cboe BZX
DVLU,First Trust Dorsey Wright Momentum & Value ETF,ETF,NASDAQ
NMB,Simplify National Muni Bond ETF,ETF,NYSE Arca
SPIN,State Street US Equity Premium Income ETF,ETF,Cboe BZX
FEIG,Northern Trust ESG & Climate Investment Grade Corporate Core ETF,ETF,NYSE Arca
OARK,YieldMax Innovation Option Income Strategy ETF,ETF,NYSE Arca
RHRX,RH Tactical Rotation ETF,ETF,NYSE Arca
PBOC,PGIM S&P 500 Buffer 20 ETF - October,ETF,Cboe BZX
CARZ,First Trust S-Network Future Vehicles & Technology ETF,ETF,NASDAQ
HYUP,Xtrackers High Beta High Yield Bond ETF,ETF,NYSE Arca
AVGG,Leverage Shares 2X Long AVGO Daily ETF,ETF,NASDAQ
LOTI,Liberty One Tactical Income ETF,ETF,NASDAQ
CNQQ,Rayliant-ChinaAMC Transformative China Tech ETF,ETF,NASDAQ
XIDV,Franklin International Dividend Booster Index ETF,ETF,NYSE Arca
OVB,Overlay Shares Core Bond ETF,ETF,Cboe BZX
SIXP,AllianzIM U.S. Large Cap 6 Month Buffer10 Mar/Sep ETF,ETF,Cboe BZX
GSIB,Themes Global Systemically Important Banks ETF,ETF,NASDAQ
DUSL,Direxion Daily Industrials Bull 3X ETF,ETF,NYSE Arca
CPSA,Calamos S&P 500 Structured Alt Protection ETF  August,ETF,NYSE Arca
FDFF,Fidelity Disruptive Finance ETF,ETF,NASDAQ
DDFM,Innovator Equity Dual Directional 15 Buffer ETF - March,ETF,Cboe BZX
PSCQ,Pacer Swan SOS Conservative (October) ETF,ETF,Cboe BZX
SHAG,WisdomTree Yield Enhanced U.S. Short-Term Aggregate Bond Fund,ETF,Cboe BZX
DXD,ProShares UltraShort Dow30,ETF,NYSE Arca
THMR,THOR AdaptiveRisk Dynamic ETF,ETF,NYSE
GLIX,Lazard Listed Infrastructure ETF,ETF,NYSE Arca
JULB,Aptus July Buffer ETF,ETF,Cboe BZX
FLQS,Franklin U.S. Small Cap Multifactor Index ETF,ETF,Cboe BZX
QMFE,FT Vest Nasdaq-100 Moderate Buffer ETF - February,ETF,Cboe BZX
APRT,AllianzIM U.S. Large Cap Buffer10 Apr ETF,ETF,Cboe BZX
TWM,ProShares UltraShort Russell2000,ETF,NYSE Arca
MARS,Roundhill Space & Technology ETF,ETF,Cboe BZX
CCSO,Carbon Collective Climate Solutions U.S. Equity ETF,ETF,NASDAQ
PSCX,Pacer Swan SOS Conservative (January) ETF,ETF,Cboe BZX
AVGW,Roundhill AVGO WeeklyPay ETF,ETF,Cboe BZX
CVAR,Cultivar ETF,ETF,Cboe BZX
BAMO,Brookstone Opportunities ETF,ETF,Cboe BZX
TENM,iShares Large Cap 10% Target Buffer Mar ETF,ETF,Cboe BZX
FMET,Fidelity Metaverse ETF,ETF,NASDAQ
MDLV,Morgan Dempsey Large Cap Value ETF,ETF,Cboe BZX
SOYB,Teucrium Soybean Fund ETV,ETF,NYSE Arca
BMNG,Leverage Shares 2X Long BMNR Daily ETF,ETF,NASDAQ
ZHOG,F/m Opportunistic Income ETF,ETF,NASDAQ
CPSD,Calamos S&P 500 Structured Alt Protection ETF December,ETF,NYSE Arca
QMNV,FT Vest Nasdaq-100 Moderate Buffer ETF - November,ETF,Cboe BZX
SSXU,Day Hagan Smart Sector International ETF,ETF,NYSE Arca
INQQ,INQQ The India Internet ETF,ETF,NYSE Arca
EART,Global X Rare Earth & Critical Materials ETF,ETF,NASDAQ
FEBM,FT Vest U.S. Equity Max Buffer ETF - February,ETF,Cboe BZX
YBIT,YieldMax Bitcoin Option Income Strategy ETF,ETF,NYSE Arca
CAFG,Pacer US Small Cap Cash Cows Growth Leaders ETF,ETF,NASDAQ
APLX,Tradr 2X Long APLD Daily ETF,ETF,Cboe BZX
GGME,Invesco Next Gen Media and Gaming ETF,ETF,NYSE Arca
SPLS,PIMCO US Stocks PLUS Active Bond Exchange-Traded Fund,ETF,Cboe BZX
OCTB,Aptus October Buffer ETF,ETF,Cboe BZX
SJB,ProShares Short High Yield,ETF,NYSE Arca
EMSF,Matthews Emerging Markets Sustainable Future Active ETF,ETF,NYSE Arca
VRTL,GraniteShares 2x Long VRT Daily ETF,ETF,NASDAQ
DARP,Grizzle Growth ETF,ETF,NYSE Arca
KNOV,Innovator U.S. Small Cap Power Buffer ETF - November,ETF,Cboe BZX
TSCM,TimesSquare Quality Mid Cap Growth ETF,ETF,NASDAQ
RILA,Indexperts Gorilla Aggressive Growth ETF,ETF,NYSE Arca
OVM,Overlay Shares Municipal Bond ETF,ETF,Cboe BZX
BIGY,YieldMax Target 12 Big 50 Option Income ETF,ETF,NYSE Arca
TCHI,iShares MSCI China Multisector Tech ETF,ETF,NASDAQ
GCAD,Gabelli Commercial Aerospace and Defense ETF,ETF,NYSE Arca
USL,United States 12 Month Oil,ETF,NYSE Arca
BNKU,"MicroSectors U.S. Big Banks 3 Leveraged ETNs due February 17, 2045",ETF,NYSE Arca
CPNJ,Calamos Nasdaq - 100 Structured Alt Protection ETF -June,ETF,NYSE Arca
AUGM,FT Vest U.S. Equity Max Buffer ETF - August,ETF,Cboe BZX
QQQG,Pacer Nasdaq 100 Top 50 Cash Cows Growth Leaders ETF,ETF,NASDAQ
RIFR,Russell Investments Global Infrastructure ETF,ETF,NASDAQ
MAYU,AllianzIM U.S. Equity Buffer15 Uncapped May ETF,ETF,Cboe BZX
TIER,T. Rowe Price International Equity Research ETF,ETF,NYSE Arca
DAK,Dakota Active Equity ETF,ETF,NASDAQ
ACVT,Advent Convertible Bond ETF,ETF,NYSE Arca
COIW,Roundhill COIN WeeklyPay ETF,ETF,Cboe BZX
KNO,AXS Knowledge Leaders ETF,ETF,NYSE Arca
JHMU,John Hancock Dynamic Municipal Bond ETF,ETF,NYSE Arca
RGTX,Defiance Daily Target 2X Long RGTI ETF,ETF,NASDAQ
MEDI,Harbor Health Care ETF,ETF,NYSE Arca
AUGZ,TrueShares Structured Outcome (August) ETF,ETF,Cboe BZX
EWUS,iShares MSCI United Kingdom Small Cap ETF,ETF,Cboe BZX
IHY,VanEck International High Yield Bond ETF,ETF,NYSE Arca
KMID,Virtus KAR Mid-Cap ETF,ETF,NYSE Arca
FDIQ,Invesco Bloomberg Financial Data Providers ETF,ETF,NASDAQ
COWS,Amplify Cash Flow Dividend Leaders ETF,ETF,NASDAQ
BAMY,Brookstone Yield ETF,ETF,Cboe BZX
AIYY,YieldMax AI Option Income Strategy ETF,ETF,NYSE Arca
BDGS,Bridges Capital Tactical ETF,ETF,NASDAQ
NVDG,Leverage Shares 2X Long NVDA Daily ETF,ETF,NASDAQ
FFLS,The Future Fund Long/Short ETF,ETF,NYSE Arca
VBCF,Vanguard Target Maturity 2032 Corporate Bond ETF,ETF,NASDAQ
WEEL,Peerless Option Income Wheel ETF,ETF,NYSE Arca
RFIX,Simplify Bond Bull ETF,ETF,NYSE Arca
LITP,Sprott Lithium Miners ETF,ETF,NASDAQ
ITDH,iShares LifePath Target Date 2060 ETF,ETF,NYSE Arca
NIXT,Research Affiliates Deletions ETF,ETF,NASDAQ
DCMT,DoubleLine Commodity Strategy ETF,ETF,NYSE Arca
UTSL,Direxion Daily Utilities Bull 3X ETF,ETF,NYSE Arca
AJAN,Innovator Equity Defined Protection ETF - 2 Yr to January 2028,ETF,Cboe BZX
SPYH,NEOS S&P 500 Hedged Equity Income ETF,ETF,Cboe BZX
GVLE,Goldman Sachs Value Opportunities ETF,ETF,NASDAQ
QQWZ,Pacer Cash COWZ 100-Nasdaq 100 Rotator ETF,ETF,NASDAQ
XOMO,YieldMax XOM Option Income Strategy ETF,ETF,NYSE Arca
OCTZ,TrueShares Structured Outcome (October) ETF,ETF,Cboe BZX
SPAX,T-REX 2X Long SPCX Daily Target ETF,ETF,NYSE Arca
DDFS,Innovator Equity Dual Directional 15 Buffer ETF - September,ETF,Cboe BZX
RBLD,First Trust Alerian US NextGen Infrastructure ETF,ETF,NYSE Arca
MRAL,GraniteShares 2x Long MARA Daily ETF,ETF,NASDAQ
XJUL,FT Vest U.S. Equity Enhance & Moderate Buffer ETF - July,ETF,Cboe BZX
CVRT,Calamos Convertible Equity Alternative ETF,ETF,NYSE Arca
CEFZ,RiverNorth Active Income ETF,ETF,Cboe BZX
SKHL,Direxion Daily SK Hynix Bull 2X ETF,ETF,NYSE Arca
SFYF,SoFi Social 50 ETF,ETF,NYSE Arca
MYCG,State Street My2027 Corporate Bond ETF,ETF,NASDAQ
KVLE,KraneShares Value Line Dynamic Dividend Equity Index ETF,ETF,NYSE Arca
ZTRE,F/m 3-Year Investment Grade Corporate Bond ETF,ETF,NASDAQ
BEMB,iShares J.P. Morgan Broad USD Emerging Markets Bond ETF,ETF,Cboe BZX
QIS,Simplify Multi-QIS Alternative ETF,ETF,NYSE Arca
OTAX,Optimal Tax Managed Equity ETF,ETF,NYSE
IBIL,iShares iBonds Oct 2035 Term TIPS ETF,ETF,NYSE Arca
NXTI,Simplify Next Intangible Core Index ETF,ETF,Cboe BZX
GMNY,Goldman Sachs Dynamic New York Municipal Income ETF,ETF,NYSE Arca
CFIT,Cambria Fixed Income Trend ETF,ETF,Cboe BZX
DRN,Direxion Daily Real Estate Bull 3X ETF,ETF,NYSE Arca
NSI,National Security Emerging Markets Index ETF,ETF,NASDAQ
QTAC,Q3 All-Season Tactical Advantage ETF,ETF,Cboe BZX
TENJ,iShares Large Cap 10% Target Buffer Jun ETF,ETF,Cboe BZX
SMCL,GraniteShares 2x Long SMCI Daily ETF,ETF,NASDAQ
KFEB,Innovator U.S. Small Cap Power Buffer ETF - February,ETF,Cboe BZX
TEK,iShares Technology Opportunities Active ETF,ETF,NYSE Arca
IDEC,Innovator International Developed Power Buffer ETF  December,ETF,NYSE Arca
UYM,ProShares Ultra Materials,ETF,NYSE Arca
BCGS,Bancreek Global Select ETF,ETF,NYSE Arca
GHTA,Goose Hollow Tactical Allocation ETF,ETF,Cboe BZX
SDTY,YieldMax S&P 500 0DTE Covered Call Strategy ETF,ETF,NASDAQ
TILL,Teucrium Agricultural Strategy No K-1 ETF,ETF,NYSE Arca
JNEU,AllianzIM U.S. Equity Buffer15 Uncapped June ETF,ETF,Cboe BZX
SPXV,ProShares S&P 500 Ex-Health Care ETF,ETF,NYSE Arca
PSCJ,Pacer Swan SOS Conservative (July) ETF,ETF,Cboe BZX
LLYX,Defiance Daily Target 2X Long LLY ETF,ETF,NYSE Arca
AUGU,AllianzIM U.S. Equity Buffer15 Uncapped Aug ETF,ETF,Cboe BZX
SEMI,Columbia Select Technology ETF,ETF,NYSE Arca
AAPW,Roundhill AAPL WeeklyPay ETF,ETF,Cboe BZX
TAXM,BondBloxx IR+M Tax-Aware ETF for Massachusetts Residents,ETF,NYSE Arca
IGCB,TCW Corporate Bond ETF,ETF,NYSE
IBX,Tradr 2X Long IBM Daily ETF,ETF,Cboe BZX
JANZ,TrueShares Structured Outcome (January) ETF,ETF,Cboe BZX
ERY,Direxion Daily Energy Bear 2X ETF,ETF,NYSE Arca
FLN,First Trust Latin America AlphaDEX Fund,ETF,NASDAQ
GAEM,Simplify Gamma Emerging Market Bond ETF,ETF,NYSE Arca
ORBX,Global X Space Tech ETF,ETF,NASDAQ
EBUF,Innovator Emerging Markets 10 Buffer ETF - Quarterly,ETF,NYSE Arca
BRKU,Direxion Daily BRKB Bull 2X ETF,ETF,NASDAQ
DIVS,Guinness Atkinson Dividend Builder ETF,ETF,NYSE Arca
BEG,Leverage Shares 2x Long BE Daily ETF,ETF,NASDAQ
SQLV,Royce Quant Small-Cap Quality Value ETF,ETF,NASDAQ
IBGM,iShares iBonds Dec 2056 Term Treasury ETF,ETF,NASDAQ
MARO,YieldMax MARA Option Income Strategy ETF,ETF,NYSE Arca
LRNZ,"TrueShares Technology, AI & Deep Learning ETF",ETF,Cboe BZX
FCBD,Frontier Asset Core Bond ETF,ETF,NYSE Arca
AMZZ,GraniteShares 2x Long AMZN Daily ETF,ETF,NASDAQ
EMDM,First Trust Bloomberg Emerging Market Democracies ETF,ETF,NYSE Arca
XJAN,FT Vest U.S. Equity Enhance & Moderate Buffer ETF - January,ETF,Cboe BZX
PBAU,PGIM S&P 500 Buffer 20 ETF - August,ETF,Cboe BZX
SPBC,Simplify US Equity PLUS Bitcoin Strategy ETF,ETF,NASDAQ
PBFB,PGIM S&P 500 Buffer 20 ETF - February,ETF,Cboe BZX
NJNK,Columbia U.S. High Yield ETF,ETF,NYSE Arca
GAMR,Amplify Video Game Leaders ETF,ETF,NYSE Arca
MATE,Man Active Trend Enhanced ETF,ETF,NASDAQ
FLGR,Franklin FTSE Germany ETF,ETF,NYSE Arca
DHSB,Day Hagan Smart Buffer ETF,ETF,NYSE Arca
MSTQ,LHA Market State Tactical Q ETF,ETF,Cboe BZX
FTDS,First Trust Dividend Strength ETF,ETF,NASDAQ
CPRJ,Calamos Russell 2000 Structured Alt Protection ETF  July,ETF,NYSE Arca
TXS,Texas Capital Texas Equity Index ETF,ETF,Other
QIDX,Indexperts Quality Earnings Focused ETF,ETF,NYSE Arca
HWGV,Hotchkis & Wiley Global Value Fund,ETF,NASDAQ
MYCI,State Street My2029 Corporate Bond ETF,ETF,NASDAQ
THEQ,T. Rowe Price Hedged Equity ETF,ETF,NYSE Arca
XPND,First Trust Expanded Technology ETF,ETF,NYSE Arca
FXED,Sound Enhanced Fixed Income ETF,ETF,NYSE
NVTX,Tradr 2X Long NVTS Daily ETF,ETF,Cboe BZX
ADBG,Leverage Shares 2X Long ADBE Daily ETF,ETF,NASDAQ
PSCC,Invesco S&P SmallCap Consumer Staples ETF,ETF,NASDAQ
NFLY,YieldMax NFLX Option Income Strategy ETF,ETF,NYSE Arca
YGLD,Simplify Gold Strategy ETF,ETF,NYSE Arca
GLDB,IDX Alternative FIAT ETF,ETF,NASDAQ
AGGS,Harbor Disciplined Bond ETF,ETF,NYSE Arca
OVS,Overlay Shares Small Cap Equity ETF,ETF,Cboe BZX
QDTY,YieldMax Nasdaq 100 0DTE Covered Call Strategy ETF,ETF,NASDAQ
MAYM,FT Vest U.S. Equity Max Buffer ETF - May,ETF,Cboe BZX
DYLD,LeaderShares Dynamic Yield ETF,ETF,NYSE Arca
LDDR,LifeX 2035 Income Bucket ETF,ETF,Cboe BZX
AADR,AdvisorShares Dorsey Wright ADR ETF,ETF,NASDAQ
AZTD,Aztlan Global Stock Selection DM SMID ETF,ETF,NYSE Arca
JULZ,TrueShares Structured Outcome (July) ETF,ETF,Cboe BZX
MUSE,TCW Multisector Credit Income ETF,ETF,NYSE
DURA,VanEck Durable High Dividend ETF,ETF,Cboe BZX
FTBD,Fidelity Tactical Bond ETF,ETF,NYSE Arca
RJMI,RJ Eagle Municipal Income ETF,ETF,NYSE Arca
EET,ProShares Ultra MSCI Emerging Markets,ETF,NYSE Arca
HFND,Unlimited HFND Multi-Strategy Return Tracker ETF,ETF,NYSE
JDST,Direxion Daily Junior Gold Miners Index Bear 2X ETF,ETF,NYSE Arca
GYLD,Arrow Dow Jones Global Yield ETF ETF,ETF,NYSE
SARK,Tradr 1X Short Innovation Daily ETF,ETF,NASDAQ
PSFO,Pacer Swan SOS Flex (October) ETF,ETF,Cboe BZX
LRCU,Tradr 2X Long LRCX Daily ETF,ETF,Cboe BZX
KCOP,Kurv Copper & Mining Enhanced Income ETF,ETF,Cboe BZX
TEMT,Tradr 2X Long TEM Daily ETF,ETF,Cboe BZX
INOV,Innovator International Developed Power Buffer ETF  November,ETF,NYSE Arca
SSG,ProShares UltraShort Semiconductors,ETF,NYSE Arca
PTEU,Pacer TrendpilotTM European Index ETF,ETF,Cboe BZX
FMNY,First Trust New York Municipal High Income ETF,ETF,NYSE Arca
SLDR,Global X Short-Term Treasury Ladder ETF,ETF,NYSE Arca
PBMY,PGIM S&P 500 Buffer 20 ETF - May,ETF,Cboe BZX
TGLR,Wedbush LAFFER TENGLER New Era Value ETF,ETF,NYSE Arca
DFVE,DoubleLine Fortune 500 Equal Weight ETF,ETF,NYSE Arca
WAR,U.S. Global Technology and Aerospace & Defense ETF,ETF,NYSE Arca
IDX,VanEck Indonesia Index ETF,ETF,NYSE Arca
AWAY,Amplify Travel Tech ETF,ETF,NYSE Arca
STEN,iShares Large Cap 10% Target Buffer Sep ETF,ETF,Cboe BZX
NRES,Xtrackers RREEF Global Natural Resources ETF,ETF,NASDAQ
TSLG,Leverage Shares 2X Long TSLA Daily ETF,ETF,NASDAQ
OEFA,ALPS O'Shares International Developed Quality Dividend ETF,ETF,NYSE Arca
NOVZ,TrueShares Structured Outcome (November) ETF,ETF,Cboe BZX
URAA,Direxion Daily Uranium Industry Bull 2X ETF,ETF,NYSE Arca
PBDE,PGIM S&P 500 Buffer 20 ETF - December,ETF,Cboe BZX
FDAT,Tactical Advantage ETF,ETF,NYSE Arca
LLDR,Global X Long-Term Treasury Ladder ETF,ETF,NYSE Arca
BRCE,MFS Blended Research Core Equity ETF,ETF,NYSE
FKU,First Trust United Kingdom AlphaDEX Fund,ETF,NASDAQ
DECZ,TrueShares Structured Outcome (December) ETF,ETF,Cboe BZX
ISWN,Amplify BlackSwan ISWN ETF,ETF,NYSE Arca
JANM,FT Vest U.S. Equity Max Buffer ETF - January,ETF,Cboe BZX
CCFE,Concourse Capital Focused Equity ETF,ETF,NASDAQ
NUSA,Nuveen ESG 1-5 Year U.S. Aggregate Bond ETF,ETF,NYSE Arca
FSZ,First Trust Switzerland AlphaDEX Fund,ETF,NASDAQ
INRO,iShares U.S. Industry Rotation Active ETF,ETF,NASDAQ
VGVT,Vanguard Government Securities Active ETF,ETF,NYSE Arca
BCSM,Baron SMID Cap ETF,ETF,NYSE
WCME,First Trust WCM Developing World Equity ETF,ETF,NYSE Arca
FDNI,First Trust Dow Jones International Internet ETF,ETF,NASDAQ
PALU,Direxion Daily PANW Bull 2X ETF,ETF,NASDAQ
JULP,PGIM S&P 500 Buffer 12 ETF - July,ETF,Cboe BZX
PBAP,PGIM S&P 500 Buffer 20 ETF - April,ETF,Cboe BZX
NBIZ,Tradr 2X Short NBIS Daily ETF,ETF,Cboe BZX
MMID,MFS Active Mid Cap ETF,ETF,NYSE
HEMI,Hartford Equity Premium Income ETF,ETF,Cboe BZX
CCEF,Calamos CEF Income & Arbitrage ETF,ETF,NYSE Arca
BTCL,T-Rex 2X Long Bitcoin Daily Target ETF,ETF,Cboe BZX
NFLU,T-Rex 2X Long NFLX Daily Target ETF,ETF,Cboe BZX
MAXI,Simplify Bitcoin Strategy ETF,ETF,NASDAQ
VNAM,Global X MSCI Vietnam ETF,ETF,NYSE Arca
BESF,Bastion Energy ETF,ETF,Cboe BZX
XYZY,YieldMax XYZ Option Income Strategy ETF,ETF,NYSE Arca
XISE,FT Vest U.S. Equity Buffer & Premium Income ETF - September,ETF,Cboe BZX
PBNV,PGIM S&P 500 Buffer 20 ETF - November,ETF,Cboe BZX
YOLO,AdvisorShares Pure Cannabis ETF,ETF,NYSE Arca
RSSE,FT Vest U.S. Equity Equal Weight Buffer ETF  September,ETF,NYSE Arca
PBMR,PGIM S&P 500 Buffer 20 ETF - March,ETF,Cboe BZX
BREM,iShares Emerging Markets Bond Active ETF,ETF,NASDAQ
AMZW,Roundhill AMZN WeeklyPay ETF,ETF,Cboe BZX
SPAL,GraniteShares 2x Long SpaceX Daily ETF,ETF,Cboe BZX
WARP,VanEck Space ETF,ETF,NASDAQ
GEMD,Goldman Sachs Access Emerging Markets USD Bond ETF,ETF,Cboe BZX
ZHDG,ZEGA Buy and Hedge ETF,ETF,NYSE Arca
CPRY,Calamos Russell 2000 Structured Alt Protection ETF January,ETF,NYSE Arca
NVOX,Defiance Daily Target 2X Long NVO ETF,ETF,NYSE Arca
AUGT,AllianzIM U.S. Large Cap Buffer10 Aug ETF,ETF,Cboe BZX
CPSF,Calamos S&P 500 Structured Alt Protection ETF February,ETF,NYSE Arca
CAAA,First Trust AAA CMBS ETF,ETF,NYSE Arca
RAAA,Reckoner Yield Enhanced AAA CLO ETF,ETF,NYSE Arca
FBDC,FT Confluence BDC & Specialty Finance Income ETF,ETF,NYSE Arca
TMFX,Motley Fool Next Index ETF,ETF,Cboe BZX
BSR,Beacon Unified Catalyst ETF,ETF,NYSE Arca
DDTN,Innovator Equity Dual Directional 10 Buffer ETF - November,ETF,Cboe BZX
WTIU,MicroSectors Energy 3X Leveraged ETNs,ETF,NYSE Arca
TXXI,BondBloxx IR+M Tax-Aware Intermediate Duration ETF,ETF,NYSE Arca
BWQG,BWM Quality Growth ETF,ETF,Cboe BZX
HYNX,T-REX 2X Long SKHY Daily Target ETF,ETF,NYSE Arca
HOMZ,Hoya Capital Housing ETF,ETF,NYSE Arca
ASHS,Xtrackers Harvest CSI 500 China A-Shares Small Cap ETF,ETF,NYSE Arca
BDRY,Breakwave Dry Bulk Shipping ETF,ETF,NYSE Arca
MARU,AllianzIM U.S. Equity Buffer15 Uncapped Mar ETF,ETF,Cboe BZX
DWMF,WisdomTree International Multifactor Fund,ETF,NYSE Arca
ZMUN,F/m Ultrashort Tax-Free Municipal ETF,ETF,NASDAQ
QPUX,Defiance 2X Daily Long Pure Quantum ETF,ETF,NASDAQ
NURE,Nuveen Short-Term REIT ETF,ETF,Cboe BZX
NVBU,AllianzIM U.S. Equity Buffer15 Uncapped Nov ETF,ETF,Cboe BZX
PLTD,Direxion Daily PLTR Bear 1X ETF,ETF,NASDAQ
EQRR,ProShares Equities for Rising Rates ETF,ETF,NASDAQ
MSFW,Roundhill MSFT WeeklyPay ETF,ETF,Cboe BZX
LOGO,Alpha Brands Consumption Leaders ETF,ETF,NASDAQ
LKOR,Northern Trust Credit-Scored US Long Corporate Bond ETF,ETF,Cboe BZX
DDTY,Innovator Equity Dual Directional 10 Buffer ETF - May,ETF,Cboe BZX
CPSR,Calamos S&P 500 Structured Alt Protection ETF - March,ETF,NYSE Arca
PAWZ,ProShares Pet Care ETF,ETF,Cboe BZX
VUSG,Vanguard Wellington U.S. Growth Active ETF,ETF,Cboe BZX
SPIT,F/m Emerald Special Situations ETF,ETF,NASDAQ
DDFG,Innovator Equity Dual Directional 15 Buffer ETF - August,ETF,Cboe BZX
LDEM,iShares ESG MSCI EM Leaders ETF,ETF,NASDAQ
TUG,STF Tactical Growth ETF,ETF,NASDAQ
BBLB,JPMorgan BetaBuilders U.S. Treasury Bond 20+ Year ETF,ETF,Cboe BZX
MARZ,TrueShares Structured Outcome (March) ETF,ETF,Cboe BZX
SEPT,AllianzIM U.S. Large Cap Buffer10 Sep ETF,ETF,Cboe BZX
SIFI,Harbor Ares Systematic Multi-Sector Income ETF,ETF,NYSE Arca
AAPD,Direxion Daily AAPL Bear 1X ETF,ETF,NASDAQ
JPFP,JPMorgan Managed Futures Plus ETF,ETF,NASDAQ
NSEP,Innovator Growth-100 Power Buffer ETF - September,ETF,Cboe BZX
NRSH,Aztlan North America Nearshoring Stock Selection ETF,ETF,NYSE Arca
APRZ,TrueShares Structured Outcome (April) ETF,ETF,Cboe BZX
QBIG,Invesco Top QQQ ETF,ETF,NASDAQ
TOPC,iShares S&P 500 3% Capped ETF,ETF,NYSE Arca
FLOW,Global X U.S. Cash Flow Kings 100 ETF,ETF,NYSE Arca
NITE,The Nightview Fund NITE,ETF,NYSE Arca
GFGF,Guru Favorite Stocks ETF,ETF,NASDAQ
AUSM,Allspring Ultra Short Municipal ETF,ETF,NYSE Arca
FOPC,Frontier Asset Opportunistic Credit ETF,ETF,NYSE Arca
CPST,Calamos S&P 500 Structured Alt Protection ETF  September,ETF,NYSE Arca
WBIG,WBI BullBear Yield 3000 ETF,ETF,NYSE Arca
EUO,ProShares UltraShort Euro,ETF,NYSE Arca
SPDF,Defender Risk Adaptive 500 ETF,ETF,Cboe BZX
FUSI,American Century Ultrashort Income ETF,ETF,NYSE Arca
NOVP,PGIM S&P 500 Buffer 12 ETF - November,ETF,Cboe BZX
ZIG,The Acquirers Fund,ETF,NYSE Arca
VDG,Vanguard Developed Markets ex-US Growth Index ETF,ETF,Cboe BZX
PQJA,PGIM Nasdaq-100 Buffer 12 ETF - January,ETF,NASDAQ
SCSB,Sterling Capital Short Duration Bond ETF,ETF,Cboe BZX
RFFC,ALPS Active Equity Opportunity ETF,ETF,NYSE Arca
APRJ,Innovator Premium Income 30 Barrier ETF - April,ETF,Cboe BZX
KMAR,Innovator U.S. Small Cap Power Buffer ETF - March,ETF,Cboe BZX
FEBZ,TrueShares Structured Outcome (February) ETF,ETF,Cboe BZX
MAYZ,TrueShares Structured Outcome (May) ETF,ETF,Cboe BZX
CPSN,Calamos S&P 500 Structured Alt Protection ETF November,ETF,NYSE Arca
MVPL,Miller Value Partners Leverage ETF,ETF,NYSE Arca
GIEQ,Goldman Sachs Data Enhanced International Equity ETF,ETF,NASDAQ
PEMX,Putnam Emerging Markets ex-China ETF,ETF,NYSE Arca
QPX,AdvisorShares Q Dynamic Growth ETF,ETF,NYSE Arca
TJAN,Innovator Equity Defined Protection ETF - 2 Yr to January 2027,ETF,Cboe BZX
RMME,Rareview Government Money Market ETF,ETF,Cboe BZX
FSGS,First Trust SMID Growth Strength ETF,ETF,NASDAQ
SAMM,Strategas Macro Momentum ETF,ETF,NYSE Arca
FCA,First Trust China AlphaDEX Fund,ETF,NASDAQ
TSII,REX TSLA Growth & Income ETF,ETF,Cboe BZX
TMED,T. Rowe Price Health Care ETF,ETF,NASDAQ
VDIG,Vanguard Wellington Dividend Growth Active ETF,ETF,Cboe BZX
OBND,State Street Loomis Sayles Opportunistic Bond ETF,ETF,Cboe BZX
ASMG,Leverage Shares 2X Long ASML Daily ETF,ETF,NASDAQ
JADE,JPMorgan Active Developing Markets Equity ETF,ETF,NYSE Arca
CVRD,Madison Covered Call ETF,ETF,NYSE Arca
TSMG,Leverage Shares 2X Long TSM Daily ETF,ETF,NASDAQ
DDTZ,Innovator Equity Dual Directional 10 Buffer ETF - June,ETF,Cboe BZX
CUT,Invesco MSCI Global Timber ETF,ETF,NYSE Arca
HELX,Franklin Genomic Advancements ETF,ETF,Cboe BZX
VSHY,Virtus Newfleet Short Duration High Yield Bond ETF,ETF,NYSE Arca
OCTM,FT Vest U.S. Equity Max Buffer ETF - October,ETF,Cboe BZX
FIAT,YieldMax Short COIN Option Income Strategy ETF,ETF,NYSE Arca
VDV,Vanguard Developed Markets ex-US Value Index ETF,ETF,Cboe BZX
GENM,Genter Capital Municipal Quality Intermediate ETF,ETF,NYSE Arca
RDWU,T-REX 2X Long RDW Daily Target ETF,ETF,Cboe BZX
MAGA,Truth Social America First ETF,ETF,NYSE Arca
FCLO,Fidelity CLO ETF,ETF,NASDAQ
PBSE,PGIM S&P 500 Buffer 20 ETF - September,ETF,Cboe BZX
RDTY,YieldMax R2000 0DTE Covered Strategy ETF,ETF,NASDAQ
HEAL,Global X HealthTech ETF,ETF,NASDAQ
RSDE,FT Vest U.S. Equity Equal Weight Buffer ETF - December,ETF,NYSE Arca
YCL,ProShares Ultra Yen,ETF,NYSE Arca
WUGI,AXS Esoterica NextG Economy ETF,ETF,Cboe BZX
GK,AdvisorShares Gerber Kawasaki ETF,ETF,NYSE Arca
CRDT,Simplify Opportunistic Income ETF,ETF,NYSE Arca
DDTG,Innovator Equity Dual Directional 10 Buffer ETF - August,ETF,Cboe BZX
AVGU,GraniteShares 2x Long AVGO Daily ETF,ETF,NASDAQ
MART,AllianzIM U.S. Large Cap Buffer10 Mar ETF,ETF,Cboe BZX
ISTM,iShares Strategic Metals ETF,ETF,NASDAQ
JUNZ,TrueShares Structured Outcome (June) ETF,ETF,Cboe BZX
PVI,Invesco Floating Rate Municipal Income ETF,ETF,NYSE Arca
ONEO,State Street SPDR Russell 1000 Momentum Focus ETF,ETF,NYSE Arca
DECP,PGIM S&P 500 Buffer 12 ETF - December,ETF,Cboe BZX
EMPB,Efficient Market Portfolio Plus ETF,ETF,NYSE Arca
XNAV,FundX Aggressive ETF,ETF,NYSE Arca
SEPM,FT Vest U.S. Equity Max Buffer ETF - September,ETF,Cboe BZX
GTPE,Goldman Sachs MSCI World Private Equity Return Tracker ETF,ETF,NASDAQ
WBIL,WBI BullBear Quality 3000 ETF,ETF,NYSE Arca
JULM,FT Vest U.S. Equity Max Buffer ETF - July,ETF,Cboe BZX
QDIV,Global X S&P 500 Quality Dividend ETF,ETF,NYSE Arca
UFIV,US Treasury 5 Year Note ETF,ETF,NASDAQ
HEQQ,JPMorgan Nasdaq Hedged Equity Laddered Overlay ETF,ETF,NASDAQ
NVBT,AllianzIM U.S. Large Cap Buffer10 Nov ETF,ETF,Cboe BZX
EGUS,iShares ESG Aware MSCI USA Growth ETF,ETF,Cboe BZX
PLTG,Leverage Shares 2X Long PLTR Daily ETF,ETF,NASDAQ
PSCF,Invesco S&P SmallCap Financials ETF,ETF,NASDAQ
VPC,Virtus Private Credit Strategy ETF,ETF,NYSE Arca
RCTR,First Trust Bloomberg Nuclear Power ETF,ETF,NYSE Arca
SNAV,Mohr Sector Nav ETF,ETF,Cboe BZX
ASMF,Virtus AlphaSimplex Managed Futures ETF,ETF,NYSE Arca
NDIV,Amplify Energy & Natural Resources Covered Call ETF,ETF,NYSE Arca
EDOG,ALPS Emerging Sector Dividend Dogs ETF,ETF,NYSE Arca
UMDD,UltraPro MidCap400,ETF,NYSE Arca
IBGC,iShares iBonds Dec 2046 Term Treasury ETF,ETF,NASDAQ
QQQD,Direxion Daily Magnificent 7 Bear 1X ETF,ETF,NYSE Arca
APRP,PGIM S&P 500 Buffer 12 ETF - April,ETF,Cboe BZX
XIMR,FT Vest U.S. Equity Buffer & Premium Income ETF - March,ETF,Cboe BZX
NVYY,GraniteShares YieldBOOST NVDA ETF,ETF,NASDAQ
XAPR,FT Vest U.S. Equity Enhance & Moderate Buffer ETF - April,ETF,Cboe BZX
OCTP,PGIM S&P 500 Buffer 12 ETF - October,ETF,Cboe BZX
MUD,Direxion Daily MU Bear 1X ETF,ETF,NASDAQ
ONDL,Defiance Daily Target 2X Long ONDS ETF,ETF,Cboe BZX
MNZL,Manzil Russell Halal USA Broad Market ETF,ETF,NASDAQ
ZTEN,F/m 10-Year Investment Grade Corporate Bond ETF,ETF,NASDAQ
PEPS,Parametric Equity Plus ETF,ETF,NASDAQ
XFEB,FT Vest U.S. Equity Enhance & Moderate Buffer ETF - February,ETF,Cboe BZX
DIVY,Sound Equity Dividend Income ETF,ETF,NYSE
DUG,ProShares UltraShort Energy,ETF,NYSE Arca
PQAP,PGIM Nasdaq-100 Buffer 12 ETF - April,ETF,NASDAQ
ITDI,iShares LifePath Target Date 2065 ETF,ETF,NYSE Arca
AMA,Defiance Daily Target 2X Long AMAT ETF,ETF,NASDAQ
EZRO,AlphaDroid Defensive Sector Rotation ETF,ETF,NASDAQ
AUGP,PGIM S&P 500 Buffer 12 ETF - August,ETF,Cboe BZX
OTGL,OTG Latin America ETF,ETF,NASDAQ
OGSP,Obra High Grade Structured Products ETF,ETF,NYSE Arca
ONEH,TrueShares Equity Hedge ETF,ETF,Cboe BZX
CLCG,Crossmark Large Cap Growth ETF,ETF,NYSE Arca
UXI,ProShares Ultra Industrials,ETF,NYSE Arca
IBHL,iShares iBonds 2032 Term High Yield and Income ETF,ETF,Cboe BZX
MMK,State Street Prime Money Market ETF,ETF,NYSE
LFEQ,VanEck Long/Flat Trend ETF,ETF,NYSE Arca
EFO,ProShares Ultra MSCI EAFE,ETF,NYSE Arca
HYBX,TCW High Yield Bond ETF,ETF,NYSE
PSET,Principal Quality ETF,ETF,NASDAQ
RMNY,Rockefeller New York Municipal Bond ETF,ETF,NYSE Arca
ARKY,ARK Active Autocallable Income ETF,ETF,Cboe BZX
URAN,Themes Uranium & Nuclear ETF,ETF,Cboe BZX
MAYP,PGIM S&P 500 Buffer 12 ETF - May,ETF,Cboe BZX
PAYH,TrueShares S&P Autocallable High Income ETF,ETF,Cboe BZX
WISE,Themes Generative Artificial Intelligence ETF,ETF,NASDAQ
CPSU,Calamos S&P 500 Structured Alt Protection ETF June,ETF,NYSE Arca
SAA,ProShares Ultra SmallCap600,ETF,NYSE Arca
QNXT,iShares Nasdaq-100 ex Top 30 ETF,ETF,NASDAQ
ACGO,Hartford Alpha Capture Growth ETF,ETF,Cboe BZX
CRWU,T-REX 2X Long CRWV Daily Target ETF,ETF,Cboe BZX
QQUP,ProShares Ultra QQQ Mega,ETF,NASDAQ
DEEP,Acquirers Small and Micro Deep Value ETF,ETF,NYSE Arca
PRVS,Parnassus Value Select ETF,ETF,NYSE
MLPD,Global X MLP & Energy Infrastructure Covered Call ETF,ETF,NYSE Arca
SSFI,Day Hagan Smart Sector Fixed Income ETF,ETF,NYSE Arca
NOVM,FT Vest U.S. Equity Max Buffer ETF - November,ETF,Cboe BZX
TYD,Direxion Daily 10-Yr Treasury Bull 3x Shrs,ETF,NYSE Arca
EBIZ,Global X E-commerce ETF,ETF,NASDAQ
GEVX,Tradr 2X Long GEV Daily ETF,ETF,Cboe BZX
JLVP,JPMorgan U.S. Large Cap Value Plus ETF,ETF,NASDAQ
CPSY,Calamos S&P 500 Structured Alt Protection ETF January,ETF,NYSE Arca
IVSS,Applied Finance IVS US SMID ETF,ETF,NASDAQ
CCOR,Core Alternative ETF,ETF,NYSE Arca
OILD,MicroSectors Oil & Gas Exp. & Prod. -3x Inverse Leveraged ETN,ETF,NYSE Arca
JHAI,Janus Henderson Global Artificial Intelligence ETF,ETF,NASDAQ
EYEG,AB Corporate Bond ETF,ETF,NASDAQ
BYRE,Principal Real Estate Active Opportunities ETF,ETF,NYSE Arca
DDTO,Innovator Equity Dual Directional 10 Buffer ETF - October,ETF,Cboe BZX
KMEM,Kurv Memory Select ETF,ETF,Cboe BZX
CPSO,Calamos S&P 500 Structured Alt Protection ETF - October,ETF,NYSE Arca
YCS,ProShares UltraShort Yen New,ETF,NYSE Arca
QTJL,Innovator Growth Accelerated Plus ETF - July,ETF,Cboe BZX
MRCP,PGIM S&P 500 Buffer 12 ETF - March,ETF,Cboe BZX
JPSV,JPMorgan Active Small Cap Value ETF,ETF,NYSE Arca
THYM,T. Rowe Price High Income Municipal ETF,ETF,NASDAQ
TGLB,T. Rowe Price Global Equity ETF,ETF,NYSE Arca
LNOK,Defiance Daily Target 2X Long NOK ETF,ETF,Cboe BZX
QBSV,AllianzIM U.S Equity Buffer5 ETF,ETF,Cboe BZX
FEBP,PGIM S&P 500 Buffer 12 ETF - February,ETF,Cboe BZX
IREG,Leverage Shares 2X Long IREN Daily ETF,ETF,NASDAQ
MYCK,State Street My2031 Corporate Bond ETF,ETF,NASDAQ
MBND,State Street Nuveen Municipal Bond ETF,ETF,Cboe BZX
CCSB,Carbon Collective Short Duration Green Bond ETF,ETF,NASDAQ
SEPP,PGIM S&P 500 Buffer 12 ETF - September,ETF,Cboe BZX
AAVM,Alpha Architect Global Factor Equity ETF,ETF,NASDAQ
AUMI,Themes Gold Miners ETF,ETF,NASDAQ
LCOW,Pacer S&P 500 Quality FCF Aristocrats ETF,ETF,Cboe BZX
ROMO,Strategy Shares Newfound/ReSolve Robust Momentum ETF,ETF,Cboe BZX
GOOP,Kurv Yield Premium Strategy Google (GOOGL) ETF,ETF,Cboe BZX
IIGD,Invesco Investment Grade Defensive ETF,ETF,NYSE Arca
BREE,MFS Blended Research Emerging Markets Equity ETF,ETF,NYSE
HBMX,Tuttle Capital Concentrated Memory Stack ETF,ETF,Cboe BZX
DRV,Direxion Daily Real Estate Bear 3X ETF,ETF,NYSE Arca
CBON,VanEck China Bond ETF,ETF,NYSE Arca
CPRO,Calamos Russell 2000 Structured Alt Protection ETF - October,ETF,NYSE Arca
FTKI,First Trust Small Cap BuyWrite Income ETF,ETF,NYSE Arca
SMHC,VanEck China Semiconductor ETF,ETF,NASDAQ
NGHT,Nicholas Bitcoin and Treasuries AfterDark ETF,ETF,NASDAQ
KEMQ,KraneShares Public-Private Emerging Markets Internet and Technology ETF,ETF,NYSE Arca
RNRG,Global X Renewable Energy Producers ETF,ETF,NASDAQ
JAPN,Horizon Kinetics Japan Owner Operator ETF,ETF,NASDAQ
TLTP,Amplify TLT U.S. Treasury 12% Option Income ETF,ETF,Cboe BZX
PSFM,Pacer Swan SOS Flex (April) ETF,ETF,Cboe BZX
XAUG,FT Vest U.S. Equity Enhance & Moderate Buffer ETF - August,ETF,Cboe BZX
EEMO,Invesco S&P Emerging Markets Momentum ETF,ETF,NYSE Arca
BITS,Global X Blockchain & Bitcoin Strategy ETF,ETF,NASDAQ
FUSD,Federated Hermes Ultrashort Bond ETF,ETF,Cboe BZX
TAX,Cambria Tax Aware ETF,ETF,NASDAQ
PQJL,PGIM Nasdaq-100 Buffer 12 ETF - July,ETF,NASDAQ
QTJA,Innovator Growth Accelerated Plus ETF - January,ETF,Cboe BZX
LUNL,Defiance Daily Target 2X Long LUNR ETF,ETF,Cboe BZX
PQOC,PGIM Nasdaq-100 Buffer 12 ETF - October,ETF,NASDAQ
APRH,Innovator Premium Income 20 Barrier ETF - April,ETF,Cboe BZX
SHUS,Stratified LargeCap Hedged ETF,ETF,NYSE Arca
CTEC,Global X ClimateTech ETF,ETF,NASDAQ
HFMF,Unlimited HFMF Managed Futures ETF,ETF,NYSE
BABO,YieldMax BABA Option Income Strategy ETF,ETF,NYSE Arca
GSUI,Grayscale Sui Staking ETF,ETF,NYSE Arca
ALIL,Argent Focused Small Cap ETF,ETF,NASDAQ
BMSI,BNY Mellon Muti-Sector Income ETF,ETF,Cboe BZX
FBUF,Fidelity Dynamic Buffered Equity ETF,ETF,Cboe BZX
RETL,Direxion Daily Retail Bull 3X ETF,ETF,NYSE Arca
BALQ,iShares Nasdaq Premium Income Active ETF,ETF,NASDAQ
PWS,Pacer WealthShield ETF,ETF,Cboe BZX
CBTJ,Calamos Bitcoin 80 Series Structured Alt Protection ETF - January,ETF,Cboe BZX
PPTY,U.S. Diversified Real Estate ETF,ETF,NYSE Arca
SMHU,MicroSectors 3x Long Semiconductor ETNs,ETF,Cboe BZX
APRB,Aptus April Buffer ETF,ETF,Cboe BZX
PCPP,Porter & Company Porter Portfolio Index ETF,ETF,Cboe BZX
FDRV,Fidelity Electric Vehicles and Future Transportation ETF,ETF,Cboe BZX
AAOG,Leverage Shares 2X Long AAOI Daily ETF,ETF,Cboe BZX
PINC,PGIM Securitized Income ETF,ETF,Cboe BZX
CBTO,Calamos Bitcoin 80 Series Structured Alt Protection ETF - October,ETF,Cboe BZX
SCUB,Sterling Capital Ultra Short Bond ETF,ETF,Cboe BZX
MSFX,T-Rex 2X Long Microsoft Daily Target ETF,ETF,Cboe BZX
BCDF,Horizon Kinetics Blockchain Development ETF,ETF,NYSE Arca
NMBL,NovaTide Flexible Allocation ETF,ETF,NYSE Arca
LDRI,iShares iBonds 1-5 Year TIPS Ladder ETF,ETF,NYSE Arca
PSCD,Invesco S&P SmallCap Consumer Discretionary ETF,ETF,NASDAQ
TSLZ,T-Rex 2X Inverse Tesla Daily Target ETF,ETF,Cboe BZX
UBOT,"Direxion Daily Robotics, Artificial Intelligence & Automation Index Bull 2X ETF",ETF,NYSE Arca
KSEP,Innovator U.S. Small Cap Power Buffer ETF - September,ETF,Cboe BZX
AIBU,Direxion Daily AI and Big Data Bull 2X ETF,ETF,NYSE Arca
JANI,AllianzIM International Equity Buffer15 Uncapped Jan ETF,ETF,Cboe BZX
GOLI,Defiance Gold Enhanced Options Income ETF,ETF,NASDAQ
VSOL,VanEck Solana ETF,ETF,NASDAQ
WTIP,WisdomTree Inflation Plus Fund,ETF,NASDAQ
BGFI,BNY Mellon Global Fixed Income ETF,ETF,Cboe BZX
DDNQ,Innovator Growth-100 Dual Directional 5 Buffer ETF - Quarterly,ETF,Cboe BZX
BEMD,BNY Mellon Emerging Markets Debt ETF,ETF,Cboe BZX
CPSP,Calamos S&P 500 Structured Alt Protection ETF - April,ETF,NYSE Arca
FTBI,First Trust Balanced Income ETF,ETF,NYSE Arca
JMID,Janus Henderson Mid Cap Growth Alpha ETF,ETF,NASDAQ
DIVD,Altrius Global Dividend ETF,ETF,NASDAQ
NUIF,Nuveen US Infrastructure ETF,ETF,NASDAQ
BTCZ,T-Rex 2X Inverse Bitcoin Daily Target ETF,ETF,Cboe BZX
THOR,Thornburg Premium Income Builder ETF,ETF,NYSE Arca
WBIF,WBI BullBear Value 3000 ETF,ETF,NYSE Arca
SNTQ,MRP SynthEquity Nasdaq 100 ETF,ETF,Cboe BZX
PYPY,YieldMax PYPL Option Income Strategy ETF,ETF,NYSE Arca
INVG,GMO Systematic Investment Grade Credit ETF,ETF,NYSE Arca
TMNS,T. Rowe Price Short Municipal Income ETF,ETF,NASDAQ
MST,Defiance Leveraged Long + Income MSTR ETF,ETF,NASDAQ
ROPE,Coastal Compass 100 ETF,ETF,NYSE Arca
GPT,Intelligent Alpha Atlas ETF,ETF,NASDAQ
DUKH,Ocean Park High Income ETF,ETF,NASDAQ
KONG,Formidable Fortress ETF,ETF,Cboe BZX
XTAP,Innovator U.S. Equity Accelerated Plus ETF - April,ETF,Cboe BZX
ONDG,Leverage Shares 2X Long ONDS Daily ETF,ETF,NASDAQ
ARMW,Roundhill ARM WeeklyPay ETF,ETF,Cboe BZX
BDVG,IMGP Berkshire Dividend Growth ETF,ETF,NYSE Arca
METW,Roundhill META WeeklyPay ETF,ETF,Cboe BZX
FUTG,Leverage Shares 2x Long FUTU Daily ETF,ETF,NASDAQ
LDRH,iShares iBonds 1-5 Year High Yield and Income Ladder ETF,ETF,NYSE Arca
DRGN,Themes China Generative Artificial Intelligence ETF,ETF,Cboe BZX
AVGB,Avantis Credit ETF,ETF,NASDAQ
TWOX,iShares Large Cap Accelerated Outcome ETF,ETF,Cboe BZX
XOEF,iShares S&P 500 ex S&P 100 ETF,ETF,NYSE Arca
DDTD,Innovator Equity Dual Directional 10 Buffer ETF - December,ETF,Cboe BZX
XIDE,FT Vest U.S. Equity Buffer & Premium Income  ETF - December,ETF,Cboe BZX
PILL,Direxion Daily Pharmaceutical & Medical Bull 3X ETF,ETF,NYSE Arca
USLN,iShares Broad USD Floating Rate Loan ETF,ETF,Cboe BZX
SMHD,MicroSectors -3x Short Semiconductor ETNs,ETF,Cboe BZX
BSJX,Invesco BulletShares 2033 High Yield Corporate Bond ETF,ETF,NASDAQ
USSH,WisdomTree 1-3 Year Laddered Treasury Fund,ETF,NASDAQ
JXX,Janus Henderson Transformational Growth ETF,ETF,Cboe BZX
QQQS,Invesco NASDAQ Future Gen 200 ETF,ETF,NASDAQ
MCH,Matthews China Active ETF,ETF,NYSE Arca
QUBX,Tradr 2X Long QUBT Daily ETF,ETF,Cboe BZX
QCMU,Direxion Daily QCOM Bull 2X ETF,ETF,NASDAQ
TARK,Tradr 2X Long Innovation ETF,ETF,NASDAQ
QTAP,Innovator Growth Accelerated Plus ETF - April,ETF,Cboe BZX
MEMS,Matthews Emerging Markets Discovery Active ETF,ETF,NASDAQ
UBRL,GraniteShares 2x Long UBER Daily ETF,ETF,NASDAQ
YFFI,Indexperts Yield Focused Fixed Income ETF,ETF,NYSE Arca
DTAN,Sparkline International Intangible Value ETF,ETF,NYSE Arca
HDG,ProShares Hedge Replication ETF,ETF,NYSE Arca
CPNQ,Calamos Nasdaq-100 Structured Alt Protection ETF December,ETF,NYSE Arca
PEZ,Invesco Dorsey Wright Consumer Cyclicals Momentum ETF,ETF,NASDAQ
TMNL,T. Rowe Price Long Municipal Income ETF,ETF,NASDAQ
QETH,Invesco Galaxy Ethereum ETF,ETF,Cboe BZX
UXOC,FT Vest U.S. Equity Uncapped Accelerator ETF - October,ETF,Cboe BZX
ENHI,iShares Enhanced International Active ETF,ETF,NASDAQ
QUSA,VistaShares Target 15 USA Quality Income ETF,ETF,NYSE Arca
TAGS,Teucrium Agricultural Fund ETV,ETF,NYSE Arca
BUYB,ProShares S&P 500 Buyback Aristocrats ETF,ETF,NYSE Arca
AMDG,Leverage Shares 2X Long AMD Daily ETF,ETF,NASDAQ
WDRN,"WisdomTree Physical AI, Humanoids and Drones Fund",ETF,Cboe BZX
FMQQ,FMQQ The Next Frontier Internet ETF,ETF,NYSE Arca
AMOM,QRAFT AI-Enhanced U.S. Large Cap Momentum ETF,ETF,NYSE Arca
ACSV,American Century Small Cap Value Insights ETF,ETF,Cboe BZX
AMDD,Direxion Daily AMD Bear 1X ETF,ETF,NASDAQ
AMAU,Leverage Shares 2X Long AMAT Daily ETF,ETF,Cboe BZX
BRF,VanEck Brazil Small-Cap ETF,ETF,NYSE Arca
TKNZ,T. Rowe Price Active Crypto ETF,ETF,NYSE Arca
PCHI,Polen High Income ETF,ETF,NYSE Arca
FPAA,FPA Global Allocation ETF,ETF,Cboe BZX
AQWA,Global X Clean Water ETF,ETF,NASDAQ
MIG,VanEck Moody's Analytics IG Corporate Bond ETF,ETF,Cboe BZX
SUIS,Canary Staked SUI ETF,ETF,NASDAQ
CPNS,Calamos Nasdaq-100 Structured Alt Protection ETF  September,ETF,NYSE Arca
MUSQ,MUSQ Global Music Industry Index ETF,ETF,NYSE Arca
CVNY,YieldMax CVNA Option Income Strategy ETF,ETF,NYSE Arca
CANQ,Calamos Nasdaq Equity & Income ETF,ETF,NASDAQ
QEW,Invesco QQQ Equal Weight ETF,ETF,NASDAQ
SK,Corgi SK hynix 2x Daily ETF,ETF,Cboe BZX
PSCM,Invesco S&P SmallCap Materials ETF,ETF,NASDAQ
MFLX,First Trust Flexible Municipal High Income ETF,ETF,NASDAQ
TBX,ProShares Short 7 10 Year Treasury,ETF,NYSE Arca
ULTI,REX IncomeMax Option Strategy ETF,ETF,NASDAQ
DRAI,Draco Evolution AI ETF,ETF,NYSE Arca
APXM,FT Vest U.S. Equity Max Buffer ETF - April,ETF,Cboe BZX
EUIG,iShares Euro Investment Grade Corporate Bond USD Hedged ETF,ETF,Cboe BZX
GGM,GGM Macro Alignment ETF,ETF,NYSE Arca
CORD,T-REX 2X Inverse CRWV Daily Target ETF,ETF,Cboe BZX
RWIN,Rayliant NxtGen Multifactor International Equity ETF,ETF,NASDAQ
UPSX,Tradr 2X Long UPST Daily ETF,ETF,Cboe BZX
DDTS,Innovator Equity Dual Directional 10 Buffer ETF - September,ETF,Cboe BZX
BWTG,Brendan Wood TopGun Index ETF,ETF,Cboe BZX
DFII,FT Vest Bitcoin Strategy & Target Income ETF,ETF,NYSE Arca
COHH,Leverage Shares 2X Long COHR Daily ETF,ETF,Cboe BZX
YLDY,Horizon High Income ETF,ETF,Cboe BZX
NVDD,Direxion Daily NVDA Bear 1X ETF,ETF,NASDAQ
WANT,Direxion Daily Consumer Discretionary Bull 3X ETF,ETF,NYSE Arca
BOEU,Direxion Daily BA Bull 2X ETF,ETF,NASDAQ
WDAF,WisdomTree Asia Defense Fund,ETF,NASDAQ
HIBS,Direxion Daily S&P 500 High Beta Bear 3X ETF,ETF,NYSE Arca
SPCM,Tradr 2X Long SpaceX Daily ETF,ETF,Cboe BZX
DLNV,FT Vest U.S. Equity Dual Directional Buffer ETF - November,ETF,Cboe BZX
XTJA,Innovator U.S. Equity Accelerated Plus ETF - January,ETF,Cboe BZX
SNOU,T-REX 2X Long SNOW Daily Target ETF,ETF,Cboe BZX
NEWZ,StockSnips AI-Powered Sentiment US All Cap ETF,ETF,NASDAQ
MCHS,Matthews China Innovators Active ETF,ETF,NASDAQ
RSMV,Relative Strength Managed Volatility Strategy ETF,ETF,NYSE Arca
ASEC,American Century Securitized Credit ETF,ETF,NASDAQ
WDE,Principal Securitized Debt ETF,ETF,Cboe BZX
SCAP,Infrastructure Capital Small Cap Income ETF,ETF,NYSE Arca
PCLO,VIRTUS SEIX AAA Private Credit CLO ETF,ETF,NYSE Arca
JELH,Janus Henderson Equity Linked High Income ETF,ETF,Cboe BZX
FORH,Formidable ETF,ETF,Cboe BZX
PJFM,PGIM Jennison Focused Mid-Cap ETF,ETF,Cboe BZX
DDXX,Defined Duration 20 ETF,ETF,Cboe BZX
DECO,State Street Galaxy Digital Asset Ecosystem ETF,ETF,NASDAQ
SCLZ,Swan Enhanced Dividend Income ETF,ETF,Cboe BZX
WULX,Tradr 2X Long WULF Daily ETF,ETF,Cboe BZX
FFDI,Fidelity Fundamental Developed International ETF,ETF,Cboe BZX
GDOC,Goldman Sachs Future Health Care Equity ETF,ETF,NYSE Arca
DRAL,Defiance Daily Target 2X Long DRAM ETF,ETF,Cboe BZX
STXL,Defiance Daily Target 2x Long STX ETF,ETF,Cboe BZX
IBTR,iShares iBonds Dec 2036 Term Treasury ETF,ETF,NASDAQ
NVDQ,T-Rex 2X Inverse NVIDIA Daily Target ETF,ETF,Cboe BZX
XMAY,FT Vest U.S. Equity Enhance & Moderate Buffer ETF - May,ETF,Cboe BZX
MILK,Pacer US Cash Cows Bond ETF,ETF,Cboe BZX
TFNS,T. Rowe Price Financials ETF,ETF,NASDAQ
MBSX,Regan Fixed Rate MBS ETF,ETF,NYSE Arca
SROI,Calamos Antetokounmpo Global Sustainable Equities ETF,ETF,NYSE Arca
RMCA,Rockefeller California Municipal Bond ETF,ETF,NYSE Arca
QSIX,Pacer Metaurus Nasdaq 100 Dividend Multiplier 600 ETF,ETF,NASDAQ
HFEQ,Unlimited HFEQ Equity Long/Short ETF,ETF,NYSE
CDEI,"Calvert US Large-Cap Diversity, Equity and Inclusion Index ETF",ETF,NYSE Arca
DDV,Defined Duration 5 ETF,ETF,Cboe BZX
TEXN,iShares Texas Equity ETF,ETF,NASDAQ
FFLV,Fidelity Fundamental Large Cap Value ETF,ETF,Cboe BZX
VRAI,Virtus Real Asset Income ETF,ETF,NYSE Arca
OCTJ,Innovator Premium Income 30 Barrier ETF - October,ETF,Cboe BZX
TMAR,FT Vest Emerging Markets Buffer ETF - March,ETF,Cboe BZX
LBAY,Leatherback Long/Short Alternative Yield ETF,ETF,NYSE Arca
HAIL,State Street SPDR S&P Kensho Smart Mobility ETF,ETF,NYSE Arca
HCOW,Amplify COWS Covered Call ETF,ETF,NASDAQ
CSCL,Direxion Daily CSCO Bull 2X ETF,ETF,NASDAQ
TNXT,T. Rowe Price Innovation Leaders ETF,ETF,NASDAQ
FTXG,First Trust Nasdaq Food & Beverage ETF,ETF,NASDAQ
AMZP,Kurv Yield Premium Strategy Amazon (AMZN) ETF,ETF,Cboe BZX
NBCE,Neuberger China Equity ETF,ETF,NYSE Arca
CBXJ,Calamos Bitcoin 90 Series Structured Alt Protection ETF - January,ETF,Cboe BZX
DLMY,FT Vest U.S. Equity Dual Directional Buffer ETF - May,ETF,Cboe BZX
MOTG,VanEck Morningstar Global Wide Moat ETF,ETF,Cboe BZX
OCTH,Innovator Premium Income 20 Barrier ETF - October,ETF,Cboe BZX
EDZ,Direxion Emerging Markets Bear 3X ETF,ETF,NYSE Arca
INDE,Matthews India Active ETF,ETF,NYSE Arca
COYY,GraniteShares YieldBOOST COIN ETF,ETF,NASDAQ
CBOJ,Calamos Bitcoin Structured Alt Protection ETF - January,ETF,Cboe BZX
TSDD,GraniteShares 2x Short TSLA Daily ETF,ETF,NASDAQ
DDTF,Innovator Equity Dual Directional 10 Buffer ETF - February,ETF,Cboe BZX
ZTWO,F/m 2-Year Investment Grade Corporate Bond ETF,ETF,NASDAQ
MEXX,Direxion Daily MSCI Mexico Bull 3X ETF,ETF,NYSE Arca
RINF,ProShares Inflation Expectations ETF,ETF,NYSE Arca
DDTJ,Innovator Equity Dual Directional 10 Buffer ETF - January,ETF,Cboe BZX
BNDD,Quadratic Deflation ETF,ETF,NYSE Arca
CEW,WisdomTree Emerging Currency Strategy Fund,ETF,NYSE Arca
GENZ,VanEck Digital Native Economy ETF,ETF,NASDAQ
IVEP,Dan IVES Wedbush AI Power & Infrastructure ETF,ETF,NYSE Arca
EVLU,iShares MSCI Emerging Markets Value Factor ETF,ETF,Cboe BZX
VBCJ,Vanguard Target Maturity 2036 Corporate Bond ETF,ETF,NASDAQ
RTAI,Rareview Tax Advantaged Income ETF,ETF,Cboe BZX
QTOC,Innovator Growth Accelerated Plus ETF - October,ETF,Cboe BZX
TSLP,Kurv Yield Premium Strategy Tesla (TSLA) ETF,ETF,Cboe BZX
DVGR,DAC 3D Dividend Growth ETF,ETF,NASDAQ
GLDW,Roundhill Gold WeeklyPay ETF,ETF,Cboe BZX
IBMU,iShares iBonds Dec 2032 Term Muni Bond ETF,ETF,Cboe BZX
MPLY,Monopoly ETF,ETF,Cboe BZX
ELIL,Direxion Daily LLY Bull 2X ETF,ETF,NASDAQ
HDMV,First Trust Horizon Managed Volatility Developed International ETF,ETF,NYSE Arca
TPOR,Direxion Daily Transportation Bull 3X ETF,ETF,NYSE Arca
SKDD,GraniteShares 2x Short SK Hynix Daily ETF,ETF,NASDAQ
UJB,ProShares Ultra High Yield ETF,ETF,NYSE Arca
WTLS,WisdomTree Efficient Long/Short U.S. Equity Fund,ETF,Cboe BZX
QIG,WisdomTree U.S. Corporate Bond Fund,ETF,Cboe BZX
VUS,Virtus US Dividend ETF,ETF,NYSE Arca
RW,Rainwater Equity ETF,ETF,NYSE Arca
RJVI,RJ Eagle Vertical Income ETF,ETF,NYSE Arca
USAF,Atlas America Fund,ETF,NASDAQ
TSYX,TSPY Lift ETF,ETF,NASDAQ
RNEM,Emerging Markets Equity Select ETF,ETF,NASDAQ
OWNB,Bitwise Bitcoin Standard Corporations ETF,ETF,NYSE Arca
QLVE,Northern Trust Emerging Markets Quality Low Volatility ETF,ETF,NYSE Arca
RULE,Adaptive Core ETF,ETF,Cboe BZX
SPUT,Innovator Equity Premium Income - Daily PutWrite ETF,ETF,NYSE Arca
SPCG,Tradr 2X Short SpaceX Daily ETF,ETF,Cboe BZX
GLXU,T-REX 2X Long GLXY Daily Target ETF,ETF,Cboe BZX
MEDX,Horizon Kinetics Medical ETF,ETF,NASDAQ
JULH,Innovator Premium Income 20 Barrier ETF - July,ETF,Cboe BZX
CLCV,Crossmark Large Cap Value ETF,ETF,NYSE Arca
EZPZ,Franklin Crypto Index ETF,ETF,Cboe BZX
BUFX,FT Vest Laddered Enhance & Moderate Buffer ETF,ETF,Cboe BZX
XTJL,Innovator U.S. Equity Accelerated Plus ETF - July,ETF,Cboe BZX
BRKC,YieldMax BRK.B Option Income Strategy ETF,ETF,NYSE Arca
TTT,ProShares UltraPro Short 20 Year Treasury,ETF,NYSE Arca
SEA,U.S. Global Sea to Sky Cargo ETF,ETF,NYSE Arca
JOBX,Tradr 2X Long JOBY Daily ETF,ETF,Cboe BZX
SHRY,First Trust Bloomberg Shareholder Yield ETF,ETF,NASDAQ
VDI,Virtus International Dividend ETF,ETF,NYSE Arca
XTOC,Innovator U.S. Equity Accelerated Plus ETF - October,ETF,Cboe BZX
BUYO,KraneShares Man Buyout Beta Index ETF,ETF,NYSE Arca
FEAC,Fidelity Enhanced U.S. All-Cap Equity ETF,ETF,NYSE Arca
GMEU,T-REX 2X Long GME Daily Target ETF,ETF,Cboe BZX
LSEQ,Harbor Long-Short Equity ETF,ETF,NYSE Arca
LCDS,JPMorgan Fundamental Data Science Large Core ETF,ETF,NASDAQ
TLTI,NEOS Enhanced Income 20+ Year Treasury Bond ETF,ETF,Cboe BZX
UNL,United States 12 Month Natural Gas Fund,ETF,NYSE Arca
BTF,CoinShares Bitcoin and Ether ETF,ETF,NASDAQ
IBHM,iShares iBonds 2033 Term High Yield and Income ETF,ETF,Cboe BZX
BHDG,Nicholas Bitcoin Tail ETF,ETF,NASDAQ
BITC,Bitwise Trendwise Bitcoin and Treasuries Rotation Strategy ETF,ETF,NYSE Arca
CEGX,Tradr 2X Long CEG Daily ETF,ETF,Cboe BZX
TDEC,FT Vest Emerging Markets Buffer ETF - December,ETF,Cboe BZX
AAPB,GraniteShares 2x Long AAPL Daily ETF,ETF,NASDAQ
DQJN,FT Vest Nasdaq-100 Dual Directional Buffer ETF - June,ETF,Cboe BZX
BTCC,Grayscale Bitcoin High Income ETF,ETF,NYSE Arca
FPRO,Fidelity Real Estate Investment ETF,ETF,Cboe BZX
TACU,T. Rowe Price Active Core U.S. Equity ETF,ETF,NYSE Arca
NVDS,Tradr 1.5X Short NVDA Daily ETF,ETF,NASDAQ
JLQD,Janus Henderson Corporate Bond ETF,ETF,NYSE Arca
ITDJ,iShares LifePath Target Date 2070 ETF,ETF,NYSE Arca
TSEP,FT Vest Emerging Market Buffer ETF - September,ETF,Cboe BZX
DGIN,VanEck Digital India ETF,ETF,NYSE Arca
PSCU,Invesco S&P SmallCap Utilities & Communication Services ETF,ETF,NASDAQ
FOWF,Pacer Solactive Whitney Future of Warfare ETF,ETF,Cboe BZX
ZTOP,F/m High Yield 100 ETF,ETF,NASDAQ
MRGR,ProShares Merger ETF,ETF,Cboe BZX
ETU,T-Rex 2X Long Ether Daily Target ETF,ETF,Cboe BZX
WABF,Western Asset Bond ETF,ETF,NASDAQ
TESL,Simplify Volt TSLA Revolution ETF,ETF,NYSE Arca
BOXA,Alpha Architect Aggregate Bond ETF,ETF,Cboe BZX
CLSX,Tradr 2X Long CLSK Daily ETF,ETF,Cboe BZX
KHYB,KraneShares Asia Pacific High Income USD Bond ETF,ETF,NYSE Arca
BULD,Pacer BlueStar Engineering the Future ETF,ETF,NASDAQ
ILIT,iShares Lithium Miners and Producers ETF,ETF,NASDAQ
DANA,Dana Limited Volatility ETF,ETF,NYSE Arca
BOUT,CapForce IBD Breakout Opportunities ETF,ETF,NYSE Arca
NRGD,"MicroSectors U.S. Big Oil -3 Inverse Leveraged ETNs due February 17, 2045",ETF,NYSE Arca
CQTM,Corgi Quantum Computing ETF,ETF,Cboe BZX
TIME,Clockwise U.S. Core Equity ETF,ETF,NYSE Arca
WTRE,WisdomTree New Economy Real Estate Fund,ETF,NYSE Arca
NERD,Roundhill Video Games ETF,ETF,Cboe BZX
HIS,Humilis US Focused Opportunities ETF,ETF,NASDAQ
TEKX,State Street Galaxy Transformative Tech Accelerators ETF,ETF,NASDAQ
LOPP,Gabelli Love Our Planet & People ETF Gabelli Love Our Planet & People ETF,ETF,NYSE Arca
DDTA,Innovator Equity Dual Directional 10 Buffer ETF - April,ETF,Cboe BZX
UUPP,Principal CLO ETF,ETF,Cboe BZX
TYLG,Global X Information Technology Covered Call & Growth ETF,ETF,NYSE Arca
CIFU,T-REX 2X Long CIFR Daily Target ETF,ETF,Cboe BZX
FTAG,First Trust Indxx Global Agriculture ETF,ETF,NASDAQ
HOOX,Defiance Daily Target 2X Long HOOD ETF,ETF,NASDAQ
JCHI,JPMorgan Active China ETF,ETF,NYSE Arca
LTTI,FT Vest 20+ Year Treasury & Target Income ETF,ETF,NYSE Arca
CPNM,Calamos Nasdaq-100 Structured Alt Protection ETF - March,ETF,NYSE Arca
NBGX,Neuberger Growth ETF,ETF,NYSE Arca
RFCI,ALPS Dynamic Core Income ETF,ETF,NYSE Arca
RIOX,Defiance Daily Target 2X Long RIOT ETF,ETF,NYSE Arca
YQQQ,YieldMax Short N100 Option Income Strategy ETF,ETF,NASDAQ
TPLS,Thornburg Core Plus Bond ETF,ETF,NASDAQ
BRKW,Roundhill BRKB WeeklyPay ETF,ETF,Cboe BZX
POEL,Defiance Daily Target 2X Long POET ETF,ETF,Cboe BZX
ARWG,Archer Growth ETF,ETF,Cboe BZX
QRMI,Global X NASDAQ 100 Risk Managed Income ETF,ETF,NASDAQ
BSJY,Invesco BulletShares 2034 High Yield Corporate Bond ETF,ETF,NASDAQ
QTUP,Defiance Long Pure Quantum ETF,ETF,Cboe BZX
MYMI,State Street My2029 Municipal Bond ETF,ETF,NASDAQ
TLTX,Global X Treasury Bond Enhanced Income ETF,ETF,Cboe BZX
CRSH,YieldMax Short TSLA Option Income Strategy ETF,ETF,NYSE Arca
MSTP,GraniteShares 2x Long MSTR Daily ETF,ETF,NASDAQ
UST,ProShares Ultra 7-10 Year Treasury,ETF,NYSE Arca
FLXI,Invesco Flexible Income ETF,ETF,Cboe BZX
DTRE,First Trust Alerian Disruptive Technology Real Estate ETF,ETF,NYSE Arca
UPW,ProShares Ultra Utilities,ETF,NYSE Arca
DULL,"MicroSectors Gold -3X Inverse Leveraged ETNs due January 29, 2043",ETF,NYSE Arca
SRS,ProShares UltraShort Real Estate,ETF,NYSE Arca
IMTG,Invesco Agency MBS ETF,ETF,Cboe BZX
KPDD,KraneShares 2x Long PDD Daily ETF,ETF,NASDAQ
TSUI,21Shares Sui Staking ETF,ETF,NASDAQ
QBF,Innovator Uncapped Bitcoin 20 Floor ETF - Quarterly,ETF,Cboe BZX
SOEZ,Franklin Solana ETF,ETF,NYSE Arca
OILT,Texas Capital Texas Oil Index ETF,ETF,Other
JANJ,Innovator Premium Income 30 Barrier ETF - January,ETF,Cboe BZX
FDTS,First Trust Developed Markets ex-US Small Cap AlphaDEX Fund,ETF,NASDAQ
SNPG,Xtrackers S&P 500 Growth Scored & Screened ETF,ETF,Cboe BZX
SMLL,Harbor Active Small Cap ETF,ETF,NYSE Arca
STXX,Tradr 2X Long STX Daily ETF,ETF,Cboe BZX
EZJ,ProShares Ultra MSCI Japan,ETF,NYSE Arca
UPV,ProShares Ultra FTSE Europe,ETF,NYSE Arca
VNSE,Natixis Vaughan Nelson Select ETF,ETF,NYSE Arca
NVIT,YieldMax NVDA Performance & Distribution Target 25 ETF,ETF,Cboe BZX
USGG,Leverage Shares 2X Long USAR Daily ETF,ETF,NASDAQ
COPA,Themes Copper Miners ETF,ETF,Cboe BZX
JULJ,Innovator Premium Income 30 Barrier ETF - July,ETF,Cboe BZX
JANH,Innovator Premium Income 20 Barrier ETF - January,ETF,Cboe BZX
SMST,Defiance Daily Target 2x Short MSTR ETF,ETF,NASDAQ
QQQP,Tradr 2X Long Innovation 100 Quarterly ETF,ETF,NASDAQ
ERET,iShares Environmentally Aware Real Estate ETF,ETF,NASDAQ
LQID,Kurv Enhanced Short Maturity ETF,ETF,Cboe BZX
BFIX,Build Bond Innovation ETF,ETF,NYSE Arca
TOCT,Innovator Equity Defined Protection ETF - 2 Yr to October 2027,ETF,Cboe BZX
GOU,GraniteShares 2x Long GOOGL Daily ETF,ETF,NASDAQ
MKAM,MKAM ETF,ETF,NASDAQ
CAS,Simplify China A Shares PLUS Income ETF,ETF,NYSE Arca
BMED,iShares Health Innovation Active ETF,ETF,NYSE Arca
HVAC,AdvisorShares HVAC and Industrials ETF,ETF,NYSE Arca
DLAG,FT Vest U.S. Equity Dual Directional Buffer ETF - August,ETF,Cboe BZX
BITY,Amplify Bitcoin 2% Monthly Option Income ETF,ETF,Cboe BZX
ION,ProShares S&P Global Core Battery Metals ETF,ETF,NYSE Arca
FPAS,FPA Short Duration Government ETF,ETF,Cboe BZX
DUKQ,Ocean Park Domestic ETF,ETF,NYSE Arca
VBCG,Vanguard Target Maturity 2033 Corporate Bond ETF,ETF,NASDAQ
TINY,ProShares Nanotechnology ETF,ETF,NYSE Arca
SDCP,Virtus Newfleet Short Duration Core Plus Bond ETF,ETF,NYSE Arca
DDTM,Innovator Equity Dual Directional 10 Buffer ETF - March,ETF,Cboe BZX
CPRA,Calamos Russell 2000 Structured Alt Protection ETF - April,ETF,NYSE Arca
CPXR,USCF Daily Target 2X Copper Index ETF,ETF,NYSE Arca
QQHG,Invesco QQQ Hedged Advantage ETF,ETF,NASDAQ
UUUG,Leverage Shares 2X Long UUUU Daily ETF,ETF,NASDAQ
AGMI,Themes Silver Miners ETF,ETF,NASDAQ
PRAE,PlanRock Equity Plus Alternatives ETF,ETF,NYSE Arca
VAVX,VanEck Avalanche ETF,ETF,NASDAQ
FARX,Frontier Asset Absolute Return ETF,ETF,NYSE Arca
EVNT,AltShares Event-Driven ETF,ETF,NYSE Arca
CSEX,Tradr 2X Long CLS Daily ETF,ETF,Cboe BZX
KLAG,Leverage Shares 2x Long KLAC Daily ETF,ETF,NASDAQ
JDIV,JPMorgan Dividend Leaders ETF,ETF,NYSE Arca
SEF,ProShares Short Financials,ETF,NYSE Arca
SPDG,State Street SPDR Portfolio S&P Sector Neutral Dividend ETF,ETF,NYSE Arca
EMIF,iShares Emerging Markets Infrastructure ETF,ETF,NASDAQ
TEMX,Touchstone Sands Capital Emerging Markets ex-China Growth ETF,ETF,Cboe BZX
CONI,GraniteShares 2x Short COIN Daily ETF,ETF,NASDAQ
AVIE,Avantis Inflation Focused Equity ETF,ETF,NYSE Arca
MFMO,Motley Fool Momentum Factor ETF,ETF,NASDAQ
TMGN,TappAlpha Cboe Magnificent 10 Growth & Daily Income ETF,ETF,Cboe BZX
WCEO,Hypatia Women CEO ETF,ETF,NYSE Arca
FIGG,Leverage Shares 2x Long FIG Daily ETF,ETF,NASDAQ
PWER,Nomura Energy Transition ETF,ETF,NYSE Arca
DJTU,T-REX 2X Long DJT Daily Target ETF,ETF,Cboe BZX
WMTI,REX WMT Growth & Income ETF,ETF,Cboe BZX
EQLT,iShares MSCI Emerging Markets Quality Factor ETF,ETF,Cboe BZX
MEMA,Man Active Emerging Markets Alternative ETF,ETF,NASDAQ
ABCS,Alpha Blue Capital US Small-Mid Cap Dynamic ETF,ETF,NASDAQ
ASMU,Direxion Daily ASML Bull 2X ETF,ETF,NASDAQ
MUYY,GraniteShares YieldBOOST MU ETF,ETF,NASDAQ
RVNL,GraniteShares 2x Long RIVN Daily ETF,ETF,NASDAQ
LJAN,Innovator Premium Income 15 Buffer ETF - January,ETF,Cboe BZX
BKLG,BNY Mellon US Large Cap Equity Growth ETF,ETF,NYSE Arca
MYMJ,State Street My2030 Municipal Bond ETF,ETF,NASDAQ
ARIA,ARIA Opportunities ETF,ETF,NYSE Arca
SHRT,Gotham Short Strategies ETF,ETF,NYSE Arca
MVRL,ETRACS Monthly Pay 1.5X Leveraged Mortgage REIT ETN,ETF,NYSE Arca
EUM,ProShares Short MSCI Emerging Markets,ETF,NYSE Arca
MSFD,Direxion Daily MSFT Bear 1X ETF,ETF,NASDAQ
QSML,WisdomTree U.S. SmallCap Quality Growth Fund,ETF,NASDAQ
MYCL,State Street My2032 Corporate Bond ETF,ETF,NASDAQ
XRPM,Amplify XRP 3% Monthly Option Income ETF,ETF,Cboe BZX
MSFY,Kurv Yield Premium Strategy Microsoft (MSFT) ETF,ETF,Cboe BZX
SPYQ,Tradr 2X Long SPY Quarterly ETF,ETF,NASDAQ
REK,ProShares Short Real Estate,ETF,NYSE Arca
EMES,Harbor Emerging Markets Select ETF,ETF,NYSE Arca
EDGE,MRBL Enhanced Equity ETF,ETF,Cboe BZX
EBIT,Harbor AlphaEdge Small Cap Earners ETF,ETF,NYSE Arca
BETH,ProShares Bitcoin & Ether Market Cap Weight ETF,ETF,NYSE Arca
VBCH,Vanguard Target Maturity 2034 Corporate Bond ETF,ETF,NASDAQ
DIVG,Invesco S&P 500 High Dividend Growers ETF,ETF,NYSE Arca
MLPR,ETRACS Quarterly Pay 1.5X Leveraged Alerian MLP Index ETN,ETF,NYSE Arca
VBCI,Vanguard Target Maturity 2035 Corporate Bond ETF,ETF,NASDAQ
AXTU,T-REX 2X Long AXTI Daily Target ETF,ETF,Cboe BZX
SUPP,TCW Transform Supply Chain ETF,ETF,NASDAQ
GDT,WisdomTree Efficient TIPS Plus Gold Fund,ETF,Cboe BZX
CGOV,Corgi 0-3 Month T-Bill ETF,ETF,Cboe BZX
MFIG,Motley Fool Innovative Growth ETF,ETF,NASDAQ
FMKT,The Free Markets ETF,ETF,NYSE Arca
PEX,ProShares Global Listed Private Equity ETF,ETF,Cboe BZX
IPOS,Renaissance Capital Greenwich Fund,ETF,NYSE Arca
ANEL,Defiance Daily Target 2x Long ANET ETF,ETF,NASDAQ
UXJA,FT Vest U.S. Equity Uncapped Accelerator ETF - January,ETF,Cboe BZX
PYPG,Leverage Shares 2X Long PYPL Daily ETF,ETF,NASDAQ
SETH,ProShares Short Ether ETF,ETF,NYSE Arca
KPHO,KraneShares Dragon Capital Growth of Vietnam Index ETF,ETF,NYSE Arca
JHID,John Hancock International High Dividend ETF,ETF,NYSE Arca
ECHX,Leverage Shares 2X Long ECHO Daily ETF,ETF,NASDAQ
TSL,GraniteShares 1.25x Long TSLA Daily ETF,ETF,NASDAQ
YSAU,Y'all Street Physical Gold ETF,ETF,NASDAQ
STAX,Nomura Tax-Free USA Short Term ETF,ETF,NYSE Arca
LAPR,Innovator Premium Income 15 Buffer ETF - April,ETF,Cboe BZX
JHDV,John Hancock U.S. High Dividend ETF,ETF,NYSE Arca
CPII,American Beacon Ionic Inflation Protection ETF,ETF,NYSE Arca
CIFG,Leverage Shares 2X Long CIFR Daily ETF,ETF,NASDAQ
RBLU,T-REX 2X Long RBLX Daily Target ETF,ETF,Cboe BZX
IBMV,iShares iBonds Dec 2033 Term Muni Bond ETF,ETF,Cboe BZX
SKF,ProShares UltraShort Financials,ETF,NYSE Arca
AMZD,Direxion Daily AMZN Bear 1X ETF,ETF,NASDAQ
COIG,Leverage Shares 2X Long COIN Daily ETF,ETF,NASDAQ
MYMK,State Street My2031 Municipal Bond ETF,ETF,NASDAQ
BGEG,Baillie Gifford Emerging Markets ETF,ETF,NASDAQ
RDOG,ALPS REIT Dividend Dogs ETF,ETF,NYSE Arca
TYO,Direxion Daily 10-Yr Treasury Bear 3x Shrs,ETF,NYSE Arca
BESO,GSR Crypto Core3 ETF,ETF,NASDAQ
RIZE,Principal Inflation Protection ETF,ETF,Cboe BZX
UXAP,FT Vest U.S. Equity Uncapped Accelerator ETF - April,ETF,Cboe BZX
DWWN,Principal Long Duration ETF,ETF,Cboe BZX
SPCI,Tuttle Capital Space Industry Income Blast ETF,ETF,Cboe BZX
RSMR,FT Vest U.S. Equity Equal Weight Buffer ETF - March,ETF,NYSE Arca
ENHU,iShares Enhanced Large Cap Core Active ETF,ETF,NASDAQ
HAUG,Corgi U.S. Equities 100% Structured Buffer ETF - August Series,ETF,Cboe BZX
BAGY,Amplify Bitcoin Max Income Covered Call ETF,ETF,Cboe BZX
ALDB,Aptus Laddered Deep Buffer ETF,ETF,Cboe BZX
RGTZ,Defiance Daily Target 2x Short RGTI ETF,ETF,NASDAQ
WRND,NYLIM Global Equity R&D Leaders ETF,ETF,NASDAQ
LOCT,Innovator Premium Income 15 Buffer ETF - October,ETF,Cboe BZX
QBQV,AllianzIM Growth-100 Buffer5 ETF,ETF,Cboe BZX
UTRE,US Treasury 3 Year Note ETF,ETF,NASDAQ
TAPR,Innovator Equity Defined Protection ETF - 2 Yr to April 2027,ETF,Cboe BZX
YFYA,Yields for You Income Strategy A ETF,ETF,NYSE Arca
QOWZ,Invesco Nasdaq Free Cash Flow Achievers ETF,ETF,NASDAQ
YSPC,YieldMax SPCX Option Income Strategy ETF,ETF,NYSE Arca
PST,ProShares UltraShort Lehman 7-10 Year Treasury,ETF,NYSE Arca
IREZ,Tradr 2X Short IREN Daily ETF,ETF,Cboe BZX
XBTY,GraniteShares YieldBOOST Bitcoin ETF,ETF,NASDAQ
GGLS,Direxion Daily GOOGL Bear 1X ETF,ETF,NASDAQ
COSW,Roundhill COST WeeklyPay ETF,ETF,Cboe BZX
JLCO,John Hancock Large Cap Opportunities ETF,ETF,NYSE Arca
TTDU,T-REX 2X Long TTD Daily Target ETF,ETF,Cboe BZX
FIXP,FolioBeyond Enhanced Fixed Income Premium ETF,ETF,NYSE Arca
JPAN,Matthews Japan Active ETF,ETF,NYSE Arca
TJUN,FT Vest Emerging Markets Buffer ETF - June,ETF,Cboe BZX
FDND,FT Vest Dow Jones Internet & Target Income ETF,ETF,Cboe BZX
BRAZ,Global X Brazil Active ETF,ETF,NYSE Arca
PMJN,PGIM S&P 500 Max Buffer ETF - June,ETF,Cboe BZX
BGUS,Baillie Gifford U.S. Equity Growth ETF,ETF,NASDAQ
GEVG,Leverage Shares 2X Long GEV Daily ETF,ETF,NASDAQ
INVN,Alger Russell Innovation ETF,ETF,NYSE Arca
EFZ,ProShares Short MSCI EAFE,ETF,NYSE Arca
UCYB,ProShares Ultra Nasdaq Cybersecurity,ETF,NASDAQ
XCNY,State Street SPDR S&P Emerging Markets ex-China ETF,ETF,NASDAQ
SPAQ,Horizon Kinetics SPAC Active ETF,ETF,NASDAQ
USNG,Amplify Samsung U.S. Natural Gas Infrastructure ETF,ETF,NYSE Arca
UGE,ProShares Ultra Consumer Staples,ETF,NYSE Arca
MULT,Franklin Multisector Income ETF,ETF,NASDAQ
AFSC,abrdn Focused U.S. Small Cap Active ETF,ETF,NASDAQ
DADS,Digital Asset Debt Strategy ETF,ETF,NASDAQ
AVXX,Defiance Daily Target 2x Long AVAV ETF,ETF,NASDAQ
PCOV,Principal Equity Premium Income ETF,ETF,Cboe BZX
RND,First Trust Bloomberg R&D Leaders ETF,ETF,NYSE Arca
SHPU,Direxion Daily SHOP Bull 2X ETF,ETF,NASDAQ
BCGD,Baron Global Durable Advantage ETF,ETF,NYSE
LITZ,Tradr 2X Short LITE Daily ETF,ETF,Cboe BZX
BPAY,iShares FinTech Active ETF,ETF,NYSE Arca
SOUX,Defiance Daily Target 2X Long SOUN ETF,ETF,NASDAQ
EZMO,AlphaDroid Broad Markets Momentum ETF,ETF,NASDAQ
KROP,Global X AgTech & Food Innovation ETF,ETF,NASDAQ
IVSI,Applied Finance IVS International Large ETF,ETF,NASDAQ
HODU,Direxion Daily HOOD Bull 2X ETF,ETF,NASDAQ
QBQF,AllianzIM Growth-100 Buffer15 ETF,ETF,Cboe BZX
SCDS,JPMorgan Fundamental Data Science Small Core ETF,ETF,NASDAQ
LUMA,KraneShares Photonic and Optical ETF,ETF,NYSE Arca
MYCN,State Street My2034 Corporate Bond ETF,ETF,NASDAQ
HSMV,First Trust Horizon Managed Volatility Small/Mid ETF,ETF,NYSE Arca
MUZ,Defiance Daily Target 2X Short MU ETF,ETF,NYSE Arca
USAX,Tradr 2X Long USAR Daily ETF,ETF,Cboe BZX
EPV,ProShares UltraShort FTSE Europe ETF,ETF,NYSE Arca
THRV,Prospera Income ETF,ETF,NASDAQ
MCDS,JPMorgan Fundamental Data Science Mid Core ETF,ETF,NASDAQ
QTR,Global X NASDAQ 100 Tail Risk ETF,ETF,NASDAQ
BGRO,iShares Large Cap Growth Active ETF,ETF,NASDAQ
KTUP,T-REX 2X Long KTOS Daily Target ETF,ETF,Cboe BZX
IBGB,iShares iBonds Dec 2045 Term Treasury ETF,ETF,NASDAQ
CRMX,Tradr 2X Long CRML Daily ETF,ETF,Cboe BZX
BULG,Leverage Shares 2X Long BULL Daily ETF,ETF,NASDAQ
CIEG,Leverage Shares 2X Long CIEN Daily ETF,ETF,Cboe BZX
JDOC,JPMorgan Healthcare Leaders ETF,ETF,NASDAQ
ADVE,Matthews Asia Dividend Active ETF,ETF,NYSE Arca
GASZ,Corgi Natural Gas Power & Turbines ETF,ETF,Cboe BZX
MOTO,Guinness Atkinson Smart Transportation & Technology ETF,ETF,NYSE Arca
WEED,Roundhill Cannabis ETF,ETF,Cboe BZX
CUST,Corgi 1-3 Year Treasury Bond ETF,ETF,Cboe BZX
AMYY,GraniteShares YieldBOOST AMD ETF,ETF,NASDAQ
METD,Direxion Daily META Bear 1X ETF,ETF,NASDAQ
JOUL,Corgi High Voltage Grid Equipment ETF,ETF,Cboe BZX
BCCC,Global X Bitcoin Covered Call ETF,ETF,Cboe BZX
LYLD,Cambria Large Cap Shareholder Yield ETF,ETF,Cboe BZX
PMDE,PGIM S&P 500 Max Buffer ETF - December,ETF,Cboe BZX
PANG,Leverage Shares 2X Long PANW Daily ETF,ETF,NASDAQ
UCC,ProShares Ultra Consumer Discretionary,ETF,NYSE Arca
WTMU,WisdomTree Core Laddered Municipal Fund,ETF,NASDAQ
VSTL,Defiance Daily Target 2X Long VST ETF,ETF,NASDAQ
OSCX,Defiance Daily Target 2x Long OSCR ETF,ETF,NASDAQ
ASGM,Virtus AlphaSimplex Global Macro ETF,ETF,NYSE Arca
XCSH,XFUNDS 1-3 Month BOX ETF,ETF,NASDAQ
LJUL,Innovator Premium Income 15 Buffer ETF - July,ETF,Cboe BZX
ISUL,GraniteShares 2x Long ISRG Daily ETF,ETF,NASDAQ
MPDB,m+ DynaBuffer ETF,ETF,Cboe BZX
GDOG,Grayscale Dogecoin Trust ETF,ETF,NYSE Arca
BETE,ProShares Bitcoin & Ether Equal Weight ETF,ETF,NYSE Arca
AVS,Direxion Daily AVGO Bear 1X ETF,ETF,NASDAQ
VNIE,Vontobel International Equity Active ETF,ETF,NYSE Arca
KMLI,KraneShares 2x Long MELI Daily ETF,ETF,NASDAQ
NFLW,Roundhill NFLX WeeklyPay ETF,ETF,Cboe BZX
KNOW,Fundamentals First ETF,ETF,Cboe BZX
MYMF,State Street My2026 Municipal Bond ETF,ETF,NASDAQ
CRCD,T-REX 2X Inverse CRCL Daily Target ETF,ETF,Cboe BZX
QBUL,TrueShares Quarterly Bull Hedge ETF,ETF,Cboe BZX
MLDR,Global X Intermediate-Term Treasury Ladder ETF,ETF,NYSE Arca
MYMG,State Street My2027 Municipal Bond ETF,ETF,NASDAQ
IBMW,iShares iBonds Dec 2034 Term Muni Bond ETF,ETF,Cboe BZX
SPCK,SPAC and New Issue ETF,ETF,NASDAQ
FLJJ,AllianzIM U.S. Equity 6 Month Floor5 Jan/Jul ETF,ETF,Cboe BZX
FLAO,AllianzIM U.S. Equity 6 Month Floor5 Apr/Oct ETF,ETF,Cboe BZX
EUDV,ProShares MSCI Europe Dividend Growers ETF,ETF,Cboe BZX
TBJL,Innovator 20  Year Treasury Bond 9 Buffer ETF - July,ETF,Cboe BZX
YSPY,GraniteShares YieldBOOST SPY ETF,ETF,NASDAQ
PDDL,GraniteShares 2x Long PDD Daily ETF,ETF,NASDAQ
WTID,MicroSectors Energy 3X Inverse Leveraged ETNs,ETF,NYSE Arca
MYCM,State Street My2033 Corporate Bond ETF,ETF,NASDAQ
USG,USCF Gold Strategy Plus Income Fund,ETF,NYSE Arca
EQQQ,ProShares Ultra QQQ Equal Weight,ETF,NASDAQ
KDVD,Keeley Dividend ETF,ETF,NYSE Arca
RYLG,Global X Russell 2000 Covered Call & Growth ETF,ETF,NYSE Arca
SOFA,Direxion Daily SOFI Bull 2X ETF,ETF,NASDAQ
ABUF,Aptus Laddered Buffer ETF,ETF,Cboe BZX
XPP,ProShares Ultra FTSE China 50,ETF,NYSE Arca
RGTU,Tradr 2X Long RGTI Daily ETF,ETF,Cboe BZX
EPEM,Harbor Emerging Markets Equity ETF,ETF,NYSE Arca
LULG,Leverage Shares 2X Long LULU Daily ETF,ETF,NASDAQ
UTWY,US Treasury 20 Year Bond ETF,ETF,NASDAQ
GGRW,Gabelli Growth Innovators ETF,ETF,NYSE Arca
QBIV,AllianzIM International Equity Buffer5 ETF,ETF,Cboe BZX
QBKV,AllianzIM U.S. Small Cap Buffer5 ETF,ETF,Cboe BZX
SIMS,State Street SPDR S&P Kensho Intelligent Structures ETF,ETF,NYSE Arca
SATO,Invesco Alerian Galaxy Crypto Economy ETF,ETF,Cboe BZX
ANEW,ProShares MSCI Transformational Changes ETF,ETF,NYSE Arca
CHRI,Global X S&P 500 Christian Values ETF,ETF,NASDAQ
ASTY,Defiance Daily Target 2X Long ASTS ETF,ETF,Cboe BZX
BILD,Nomura Global Listed Infrastructure ETF,ETF,NYSE Arca
TSOL,21Shares Solana ETF,ETF,Cboe BZX
AAPX,T-Rex 2X Long Apple Daily Target ETF,ETF,Cboe BZX
ESMV,iShares ESG Optimized MSCI USA Min Vol Factor ETF,ETF,NASDAQ
RHTX,RH Tactical Outlook ETF,ETF,NYSE Arca
RCAX,Defiance Daily Target 2x Long RCAT ETF,ETF,NASDAQ
ORCS,Direxion Daily ORCL Bear 1X ETF,ETF,NASDAQ
WXET,Teucrium 2x Daily Wheat ETF,ETF,NYSE Arca
BBB,CYBER HORNET S&P 500 and Bitcoin 75/25 Strategy ETF,ETF,NASDAQ
BAIG,Leverage Shares 2X Long BBAI Daily ETF,ETF,NASDAQ
PCFI,Polen Floating Rate Income ETF,ETF,NYSE Arca
ALRG,Allspring LT Large Core ETF,ETF,NYSE Arca
EPIN,Harbor International Equity ETF,ETF,NYSE Arca
HAUS,Residential REIT ETF,ETF,Cboe BZX
JUDO,Janus Henderson U.S. Equity Enhanced Income ETF,ETF,Cboe BZX
HWIV,Hotchkis & Wiley International Value Fund,ETF,NASDAQ
IBRN,iShares Neuroscience and Healthcare ETF,ETF,NYSE Arca
DGAP,FT Vest U.S. Equity Buffer & Digital Return ETF - April,ETF,Cboe BZX
ARCX,Tradr 2X Long ACHR Daily ETF,ETF,Cboe BZX
LBO,WHITEWOLF Publicly Listed Private Equity ETF,ETF,Cboe BZX
SAWS,AAM Sawgrass US Small Cap Quality Growth ETF,ETF,NYSE Arca
TCAN,21Shares Canton Network ETF,ETF,NASDAQ
RAMZ,T-REX 2X Inverse DRAM Daily Target ETF,ETF,Cboe BZX
ISBG,IncomeSTKd 1x Bitcoin & 1x Gold Premium ETF,ETF,Cboe BZX
HLTH,Tema Healthcare AI ETF,ETF,NASDAQ
CEFD,ETRACS Monthly Pay 1.5X Leveraged Closed-End Fund Index ETN,ETF,NYSE Arca
COTG,Leverage Shares 2X Long COST Daily ETF,ETF,NASDAQ
TDOT,21shares Polkadot Staking ETF,ETF,NASDAQ
SJCP,SanJac Alpha Core Plus Bond ETF,ETF,NASDAQ
IOPP,Simplify Tara India Opportunities ETF,ETF,NYSE Arca
BDCX,"ETRACS Quarterly Pay 1.5x Leveraged MarketVector BDC Liquid Index ETN due June 10, 2050",ETF,NYSE Arca
SMUP,T-REX 2X Long SMR Daily Target ETF,ETF,Cboe BZX
EMDV,ProShares MSCI Emerging Markets Dividend Growers ETF,ETF,Cboe BZX
AAPY,Kurv Yield Premium Strategy Apple (AAPL) ETF,ETF,Cboe BZX
MYMH,State Street My2028 Municipal Bond ETF,ETF,NASDAQ
ARMY,Tema International Defense ETF,ETF,NASDAQ
PJUS,PGIM Jennison U.S. Core Equity ETF,ETF,Cboe BZX
KMCA,PLUS Korea Manufacturing Core Alliance Index ETF,ETF,NYSE Arca
MFUL,Mindful Conservative ETF,ETF,Cboe BZX
MFVL,Motley Fool Value Factor ETF,ETF,NASDAQ
OPEX,Tradr 2X Long OPEN Daily ETF,ETF,Cboe BZX
QBIF,AllianzIM International Equity Buffer15 ETF,ETF,Cboe BZX
MYCO,State Street My2035 Corporate Bond ETF,ETF,NASDAQ
QBKF,AllianzIM U.S. Small Cap Buffer15 ETF,ETF,Cboe BZX
XOMX,Direxion Daily XOM Bull 2X ETF,ETF,NASDAQ
EVMT,Invesco Electric Vehicle Metals Commodity Strategy No K-1 ETF,ETF,NASDAQ
SPXD,Xtrackers S&P 500 Diversified Sector Weight ETF,ETF,NASDAQ
FLYT,Tradr 2X Long FLY Daily ETF,ETF,Cboe BZX
BERZ,MicroSectors FANG & Innovation -3x Inverse Leveraged ETN,ETF,NYSE Arca
PLU,Defiance Daily Target 2x Long PL ETF,ETF,Cboe BZX
USVN,US Treasury 7 Year Note ETF,ETF,NASDAQ
PMJL,PGIM S&P 500 Max Buffer ETF - July,ETF,Cboe BZX
WEBS,Direxion Daily Dow Jones Internet Bear 3X ETF,ETF,NYSE Arca
AAOZ,Tradr 2X Short AAOI Daily ETF,ETF,Cboe BZX
BBBL,BondBloxx BBB Rated 10+ Year Corporate Bond ETF,ETF,NYSE Arca
FLYU,MicroSectors Travel 3x Leveraged ETN,ETF,NYSE Arca
SQLT,iShares MSCI USA Small-Cap Quality Factor ETF,ETF,Cboe BZX
DIPS,YieldMax Short NVDA Option Income Strategy ETF,ETF,NYSE Arca
RITA,ETFB Green SRI REITs ETF,ETF,NYSE Arca
DESK,VanEck Office and Commercial REIT ETF,ETF,NYSE Arca
AMGR,Amana Growth ETF,ETF,NASDAQ
TERG,Leverage Shares 2X Long TER Daily ETF,ETF,NASDAQ
LITL,Simplify Piper Sandler US Small-Cap PLUS Income ETF,ETF,NYSE Arca
CPHY,F/m Compoundr High Yield Bond ETF,ETF,NASDAQ
ARLI,AllianzIM International Equity Buffer15 Uncapped Apr ETF,ETF,Cboe BZX
USE,USCF Energy Commodity Strategy Absolute Return Fund,ETF,NYSE Arca
TEC,Harbor Transformative Technologies ETF,ETF,NYSE Arca
SKYU,ProShares Ultra Cloud Computing,ETF,NASDAQ
CBXO,Calamos Bitcoin 90 Series Structured Alt Protection ETF - October,ETF,Cboe BZX
GMMA,GammaRoad Market Navigation ETF,ETF,NYSE Arca
FLDZ,TrueShares Patriot Defense ETF,ETF,Cboe BZX
LEUX,Tradr 2X Long LEU Daily ETF,ETF,Cboe BZX
PUR,Defiance Daily Target 2X Long PURR ETF,ETF,NASDAQ
BABU,Direxion Daily BABA Bull 2X ETF,ETF,NASDAQ
AIBD,Direxion Daily AI and Big Data Bear 2X ETF,ETF,NYSE Arca
DAT,ProShares Big Data Refiners ETF,ETF,NYSE Arca
KBUF,KraneShares 90% KWEB Defined Outcome January 2027 ETF,ETF,NYSE Arca
BDIV,AAM Brentview Dividend Growth ETF,ETF,NYSE Arca
NETG,Leverage Shares 2X Long NET Daily ETF,ETF,NASDAQ
GXDW,Global X Dorsey Wright Thematic ETF,ETF,NASDAQ
JULI,AllianzIM International Equity Buffer15 Uncapped Jul ETF,ETF,Cboe BZX
SMYY,GraniteShares YieldBOOST SMCI ETF,ETF,NASDAQ
VERS,ProShares Metaverse ETF,ETF,NYSE Arca
LTCC,Canary Litecoin ETF,ETF,NASDAQ
YSAG,Y'all Street Physical Silver ETF,ETF,NASDAQ
DYLG,Global X Dow 30 Covered Call & Growth ETF,ETF,NYSE Arca
LTL,ProShares Ultra Communication Services,ETF,NYSE Arca
FFF,Founders 100 ETF,ETF,Cboe BZX
MYHD,State Street My2030 High Yield Corporate Bond ETF,ETF,NASDAQ
LMTL,Direxion Daily LMT Bull 2X ETF,ETF,NASDAQ
NUGY,GraniteShares YieldBOOST Gold Miners ETF,ETF,NASDAQ
CLIX,ProShares Long Online/Short Stores ETF,ETF,NYSE Arca
SIJ,ProShares UltraShort Industrials,ETF,NYSE Arca
BEZ,Tradr 2X Short BE Daily ETF,ETF,Cboe BZX
FCXG,Leverage Shares 2x Long FCX Daily ETF,ETF,NASDAQ
MYHE,State Street My2031 High Yield Corporate Bond ETF,ETF,NASDAQ
CBOO,Calamos Bitcoin Structured Alt Protection ETF - October,ETF,Cboe BZX
HOYY,GraniteShares YieldBOOST HOOD ETF,ETF,NASDAQ
LTAX,Nomura Tax-Free USA ETF,ETF,NYSE Arca
RNTY,YieldMax Target 12 Real Estate Option Income ETF,ETF,NYSE Arca
IBMX,iShares iBonds Dec 2035 Term Muni Bond ETF,ETF,Cboe BZX
PMFB,PGIM S&P 500 Max Buffer ETF - February,ETF,Cboe BZX
DRMP,Tuttle Capital Memory Stack Income Blast ETF,ETF,Cboe BZX
EPSV,Harbor SMID Cap Value ETF,ETF,NYSE Arca
APDB,Aptus April Deep Buffer ETF,ETF,Cboe BZX
QSOL,Invesco Galaxy Solana ETF,ETF,Cboe BZX
BEEZ,Honeytree U.S. Equity ETF,ETF,NASDAQ
SBTU,T-REX 2X Long SBET Daily Target ETF,ETF,Cboe BZX
AMKL,Defiance Daily Target 2X Long AMKR ETF,ETF,Cboe BZX
DWSH,AdvisorShares Dorsey Wright Short ETF,ETF,NASDAQ
CBIL,Corgi 3-12 Month T-Bill ETF,ETF,Cboe BZX
PMAU,PGIM S&P 500 Max Buffer ETF - August,ETF,Cboe BZX
FTIF,First Trust Bloomberg Inflation Sensitive Equity ETF,ETF,NYSE Arca
INDH,WisdomTree India Hedged Equity Fund,ETF,NASDAQ
CBTA,Calamos Bitcoin 80 Series Structured Alt Protection ETF - April,ETF,Cboe BZX
CBXY,Calamos Bitcoin 90 Series Structured Alt Protection ETF - July,ETF,Cboe BZX
WDIG,WisdomTree Efficient Rare Earth Plus Strategic Metals Fund,ETF,Cboe BZX
AETH,Bitwise Trendwise Ether and Treasuries Rotation Strategy ETF,ETF,NYSE Arca
ACQQ,ProShares Nasdaq-100 Autocallable Income ETF,ETF,NASDAQ
PWRZ,TrueShares Eagle Global Renewable Energy Income ETF,ETF,Cboe BZX
TQQY,GraniteShares YieldBOOST QQQ ETF,ETF,NASDAQ
IBGL,iShares iBonds Dec 2055 Term Treasury ETF,ETF,NASDAQ
STXU,Leverage Shares 2X Long STX Daily ETF,ETF,Cboe BZX
EFRA,iShares Environmental Infrastructure and Industrials ETF,ETF,NASDAQ
ARVR,First Trust Indxx Metaverse ETF,ETF,NASDAQ
HDLB,"ETRACS Monthly Pay 2xLeveraged US High Dividend Low Volatility ETN Series B due September 30, 2044",ETF,NYSE Arca
WDGF,WisdomTree Global Defense Fund,ETF,NASDAQ
RKNG,Defiance Retail Kings ETF,ETF,NASDAQ
INDZ,VanEck India Select ETF,ETF,NYSE Arca
UNHW,Roundhill UNH WeeklyPay ETF,ETF,Cboe BZX
HAKY,Amplify HACK Cybersecurity Covered Call ETF,ETF,NYSE Arca
UXJL,FT Vest U.S. Equity Uncapped Accelerator ETF - July,ETF,Cboe BZX
IBGK,iShares iBonds Dec 2054 Term Treasury ETF,ETF,NASDAQ
XSHP,Kurv SpaceX Enhanced Income ETF,ETF,Cboe BZX
PMJA,PGIM S&P 500 Max Buffer ETF - January,ETF,Cboe BZX
BRZL,MicroSectors 3x Long Brazil ETNs,ETF,Cboe BZX
SCC,ProShares UltraShort Consumer Discretionary,ETF,NYSE Arca
TXXH,21Shares 2x Long HYPE ETF,ETF,NASDAQ
VCLN,Virtus Duff & Phelps Clean Energy ETF,ETF,NYSE Arca
PMMR,PGIM S&P 500 Max Buffer ETF - March,ETF,Cboe BZX
MPG,Leverage Shares 2X Long MP Daily ETF,ETF,NASDAQ
ISHP,First Trust S-Network E-Commerce ETF,ETF,NASDAQ
PATX,Tradr 2X Long PATH Daily ETF,ETF,Cboe BZX
BUFE,FT Vest Laddered Emerging Markets Buffer ETF,ETF,Cboe BZX
IPAV,Global X Infrastructure Development ex-U.S. ETF,ETF,Cboe BZX
BUYZ,Franklin Disruptive Commerce ETF,ETF,Cboe BZX
SKRE,Tuttle Capital Daily 2X Inverse Regional Banks ETF,ETF,NASDAQ
FXP,ProShares UltraShort FTSE China 50,ETF,NYSE Arca
PMMY,PGIM S&P 500 Max Buffer ETF - May,ETF,Cboe BZX
TAWN,MicroSectors 3x Long Taiwan ETNs,ETF,Cboe BZX
CBTY,Calamos Bitcoin 80 Series Structured Alt Protection ETF - July,ETF,Cboe BZX
QQXL,ProShares Ultra QQQ Top 30,ETF,NASDAQ
SPAM,Themes Cybersecurity ETF,ETF,NASDAQ
UX,Roundhill Uranium ETF,ETF,Cboe BZX
UNX,Tradr 2X Long U Daily ETF,ETF,Cboe BZX
TBXU,Direxion Daily Biotech Top 5 Bull 2X ETF,ETF,NYSE Arca
AEHG,Leverage Shares 2X Long AEHR Daily ETF,ETF,Cboe BZX
NFLP,Kurv Yield Premium Strategy Netflix (NFLX) ETF,ETF,Cboe BZX
THNR,Amplify Weight Loss Drug & Treatment ETF,ETF,NYSE Arca
PSWD,Xtrackers Cybersecurity Select Equity ETF,ETF,NASDAQ
EPAI,Harbor AI Inflection Strategy ETF,ETF,NYSE Arca
AIHY,Defiance AI Hyperscale Leaders ETF,ETF,NYSE Arca
XEML,Xtrackers Europe Market Leaders ETF,ETF,Cboe BZX
KEEX,Defiance Daily Target 2x Long KEEL ETF,ETF,Cboe BZX
HPEL,Leverage Shares 2X Long HPE Daily ETF,ETF,Cboe BZX
EWV,ProShares UltraShort MSCI Japan,ETF,NYSE Arca
PRXI,Praxis Impact International ETF,ETF,NYSE Arca
JPNU,MicroSectors 3x Long Japan ETNs,ETF,Cboe BZX
SNDC,Corgi SNDK 2x Daily ETF,ETF,Cboe BZX
ACSP,ProShares S&P 500 Autocallable Income ETF,ETF,NASDAQ
ZTAX,X-Square Municipal Income ETF,ETF,NYSE Arca
HUTG,Leverage Shares 2X Long HUT Daily ETF,ETF,NASDAQ
LIAM,LifeX 2055 Inflation-Protected Longevity Income ETF,ETF,Cboe BZX
NVIR,Horizon Kinetics Energy and Remediation ETF,ETF,NYSE Arca
ODHY,Obra Defensive High Yield ETF,ETF,NYSE Arca
GENW,Genter Capital International Dividend ETF,ETF,NYSE Arca
FLSA,Franklin FTSE Saudi Arabia ETF,ETF,NYSE Arca
MYHC,State Street My2029 High Yield Corporate Bond ETF,ETF,NASDAQ
CBOY,Calamos Bitcoin Structured Alt Protection ETF - July,ETF,Cboe BZX
HYGU,MicroSectors 3x Long High Yield Corporate Bond (HYG) ETNs,ETF,Cboe BZX
MYHB,State Street My2028 High Yield Corporate Bond ETF,ETF,NASDAQ
GEND,Genter Capital Dividend Income ETF,ETF,NYSE Arca
PMNV,PGIM S&P 500 Max Buffer ETF - November,ETF,Cboe BZX
WTMY,WisdomTree High Income Laddered Municipal Fund,ETF,NASDAQ
MYHA,State Street My2027 High Yield Corporate Bond ETF,ETF,NASDAQ
LQDU,MicroSectors 3x Long Investment Grade Corporate Bond (LQD) ETNs,ETF,Cboe BZX
CBOA,Calamos Bitcoin Structured Alt Protection ETF - April,ETF,Cboe BZX
LQDD,MicroSectors -3x Short Investment Grade Corporate Bond (LQD) ETNs,ETF,Cboe BZX
BSCA,Invesco BulletShares 2036 Corporate Bond ETF,ETF,NASDAQ
IVSX,Applied Finance IVS International SMID ETF,ETF,NASDAQ
GOVM,iShares 1-10 Year Treasury Bond ETF,ETF,Cboe BZX
PMAP,PGIM S&P 500 Max Buffer ETF - April,ETF,Cboe BZX
FPXE,First Trust IPOX Europe Equity Opportunities ETF,ETF,NASDAQ
CONX,Direxion Daily COIN Bull 2X ETF,ETF,NASDAQ
HYGD,MicroSectors -3x Short High Yield Corporate Bond (HYG) ETNs,ETF,Cboe BZX
AMEI,Amana Equity Income ETF,ETF,NASDAQ
DGOC,FT Vest U.S. Equity Buffer & Digital Return ETF - October,ETF,Cboe BZX
XTR,Global X S&P 500 Tail Risk ETF,ETF,NYSE Arca
MAKX,ProShares S&P Kensho Smart Factories ETF,ETF,NYSE Arca
BNGE,First Trust S-Network Streaming and Gaming ETF,ETF,NYSE Arca
EOSU,T-REX 2X Long EOSE Daily Target ETF,ETF,Cboe BZX
ANV,GraniteShares Autocallable NVDA ETF,ETF,NASDAQ
JPND,MicroSectors -3x Short Japan ETNs,ETF,Cboe BZX
DGJA,FT Vest U.S. Equity Buffer & Digital Return ETF - January,ETF,Cboe BZX
FNG,Leverage Shares 2X Long FN Daily ETF,ETF,Cboe BZX
DRMY,XFUNDS Memory Income ETF,ETF,NYSE Arca
LITU,T-REX 2X Long LITE Daily Target ETF,ETF,Cboe BZX
TMDV,ProShares Russell US Dividend Growers ETF,ETF,Cboe BZX
FDRX,Founder-Led 2X Daily ETF,ETF,NASDAQ
CTEX,ProShares S&P Kensho Cleantech ETF,ETF,NYSE Arca
XNDX,Tradr 2X Long XNDU Daily ETF,ETF,Cboe BZX
UCOP,ProShares Ultra Copper K-1 Free ETF,ETF,NYSE Arca
MBBB,VanEck Moody's Analytics BBB Corporate Bond ETF,ETF,Cboe BZX
EPSB,Harbor SMID Cap Core ETF,ETF,NYSE Arca
YXI,ProShares Short FTSE China 50,ETF,NYSE Arca
ASMH,ASML Holding NV ADRhedged,ETF,NYSE Arca
BOEG,Leverage Shares 2X Long BA Daily ETF,ETF,NASDAQ
EPMV,Harbor Mid Cap Value ETF,ETF,NYSE Arca
BEGS,Rareview 2x Bull Cryptocurrency & Precious Metals ETF,ETF,Cboe BZX
IND,Xtrackers Nifty 500 India ETF,ETF,NASDAQ
EPMB,Harbor Mid Cap Core ETF,ETF,NYSE Arca
CBXA,Calamos Bitcoin 90 Series Structured Alt Protection ETF - April,ETF,Cboe BZX
FLYD,MicroSectors Travel -3x Inverse Leveraged ETN,ETF,NYSE Arca
BIDG,Leverage Shares 2X Long BIDU Daily ETF,ETF,NASDAQ
JETD,MAX Airlines -3X Inverse Leveraged ETNs,ETF,NYSE Arca
SDP,ProShares UltraShort Utilities,ETF,NYSE Arca
XDEF,Xtrackers Europe Defense Technologies ETF,ETF,NASDAQ
IONZ,Defiance Daily Target 2x Short IONQ ETF,ETF,NASDAQ
IOYY,GraniteShares YieldBOOST IONQ ETF,ETF,NASDAQ
SZK,ProShares UltraShort Consumer Staples,ETF,NYSE Arca
TPEI,MicroSectors -3x Short Taiwan ETNs,ETF,Cboe BZX
WLDU,Leverage Shares 2x Long World Stock Daily ETF,ETF,Cboe BZX
GAVA,Grayscale Avalanche Staking ETF,ETF,NASDAQ
EHY,Amplify Ethereum Max Income Covered Call ETF,ETF,Cboe BZX
JOJO,ATAC Credit Rotation ETF,ETF,NYSE Arca
AIUP,FINQ FIRST U.S. Large Cap AI-Managed Equity ETF,ETF,NYSE Arca
ULE,ProShares Ultra Euro,ETF,NYSE Arca
ARMH,Arm Holdings PLC ADRhedged,ETF,NYSE Arca
DUOG,Leverage Shares 2X Long DUOL Daily ETF,ETF,NASDAQ
BRZD,MicroSectors -3x Short Brazil ETNs,ETF,Cboe BZX
TXXD,21Shares 2x Long Dogecoin ETF,ETF,NASDAQ
EKG,First Trust Nasdaq Lux Digital Health Solutions ETF,ETF,NASDAQ
VYLD,"Inverse VIX Short-Term Futures ETNs due March 22, 2045",ETF,NYSE Arca
TXUG,Thornburg International Growth Fund ETF,ETF,NASDAQ
USIN,WisdomTree 7-10 Year Laddered Treasury Fund,ETF,NASDAQ
LFAI,LifeX 2050 Longevity Income ETF,ETF,Cboe BZX
MZZ,ProShares UltraShort MidCap400,ETF,NYSE Arca
JETU,MAX Airlines 3X Leveraged ETNs,ETF,NYSE Arca
AMEM,Amana Developing World ETF,ETF,NASDAQ
AXTL,Leverage Shares 2X Long AXTI Daily ETF,ETF,Cboe BZX
OBOR,KraneShares MSCI One Belt One Road Index ETF,ETF,NYSE Arca
TFJL,Innovator 20  Year Treasury Bond 5 Floor ETF - July,ETF,Cboe BZX
SPOG,Leverage Shares 2X Long SPOT Daily ETF,ETF,NASDAQ
VEFA,VanEck MSCI EAFE Analyst Sentiment ETF,ETF,NASDAQ
PLUL,Leverage Shares 2X Long PLUG Daily ETF,ETF,NASDAQ
XA,Corgi AI Cybersecurity ETF,ETF,Cboe BZX
RTOO,VistaShares Robotics Supercycle ETF,ETF,NYSE Arca
SKHZ,Leverage Shares 1X Short SK Hynix Daily ETF,ETF,Cboe BZX
ETEC,iShares Breakthrough Environmental Solutions ETF,ETF,NASDAQ
ODDS,Pacer BlueStar Digital Entertainment ETF,ETF,NASDAQ
ONDU,Tradr 2X Long ONDS Daily ETF,ETF,Cboe BZX
OKTG,Leverage Shares 2X Long OKTA Daily ETF,ETF,NASDAQ
XDAT,Franklin Exponential Data ETF,ETF,Cboe BZX
UBEW,Roundhill UBER WeeklyPay ETF,ETF,Cboe BZX
NLSI,NEOS Long/Short Equity Income ETF,ETF,Cboe BZX
PMSE,PGIM S&P 500 Max Buffer ETF - September,ETF,Cboe BZX
RTYY,GraniteShares YieldBoost RIOT ETF,ETF,NASDAQ
FEMD,First Eagle Mid Cap Equity ETF,ETF,NYSE Arca
NVOH,Novo Nordisk A/S B Shares ADRhedged,ETF,NYSE Arca
BROL,Baron Risk Optimized Large Cap ETF,ETF,NYSE
TLA,GraniteShares Autocallable TSLA ETF,ETF,NASDAQ
XOVL,Defiance Daily Target 2X Long XOVR ETF,ETF,Cboe BZX
CMAG,Corgi Mag 7 ETF,ETF,Cboe BZX
ASTN,Defiance Daily Target 2X Short ASTS ETF,ETF,Cboe BZX
QCLR,Global X NASDAQ 100 Collar 95-110 ETF,ETF,NASDAQ
PQX,PGIM S&P 500 Quarterly Buffer 10 ETF,ETF,Cboe BZX
SMN,ProShares UltraShort Materials,ETF,NYSE Arca
JHAC,John Hancock Fundamental All Cap Core ETF,ETF,NYSE Arca
DUKX,Ocean Park International ETF,ETF,NASDAQ
FGRU,T-REX 2X Long FIGR Daily Target ETF,ETF,Cboe BZX
BFJL,FT Vest Bitcoin Strategy Floor15 ETF July,ETF,NYSE Arca
CARU,MAX Auto Industry 3x Leveraged ETN,ETF,NYSE Arca
OCDB,Aptus October Deep Buffer ETF,ETF,Cboe BZX
PMOC,PGIM S&P 500 Max Buffer ETF - October,ETF,Cboe BZX
JADB,Aptus January Deep Buffer ETF,ETF,Cboe BZX
ORO,Arrow Valtoro ETF,ETF,Cboe BZX
XCLR,Global X S&P 500 Collar 95-110 ETF,ETF,NYSE Arca
PONX,Tradr 2X Long PONY Daily ETF,ETF,Cboe BZX
NVPS,PurePlay Nvidia Ecosystem Picks & Shovels Index ETF,ETF,NASDAQ
DGLO,First Trust RBA Deglobalization ETF,ETF,NASDAQ
BZZ,Corgi Drones & Urban Air Mobility ETF,ETF,Cboe BZX
SMZ,Tradr 2X Short SMR Daily ETF,ETF,Cboe BZX
CXRN,Teucrium 2x Daily Corn ETF,ETF,NYSE Arca
MPIA,m+ Nasdaq-100 Accelerator Autocall ETF,ETF,NASDAQ
UDI,USCF Dividend Income Fund,ETF,NYSE Arca
NIOG,Leverage Shares 2X Long NIO Daily ETF,ETF,NASDAQ
UBR,ProShares Ultra MSCI Brazil Capped,ETF,NYSE Arca
REW,ProShares UltraShort Technology,ETF,NYSE Arca
MAAY,GraniteShares YieldBOOST MARA ETF,ETF,NASDAQ
WDNA,WisdomTree BioRevolution Fund,ETF,Cboe BZX
SBB,ProShares Short SmallCap600,ETF,NYSE Arca
QB,ProShares Nasdaq-100 Dynamic Buffer ETF,ETF,NASDAQ
MIDE,Xtrackers S&P MidCap 400 Scored & Screened ETF,ETF,NYSE Arca
PLA,GraniteShares Autocallable PLTR ETF,ETF,NASDAQ
CABZ,"Roundhill Robotaxi, Autonomous Vehicles & Technology ETF",ETF,Cboe BZX
KCAI,KraneShares China Alpha Index ETF,ETF,NYSE Arca
MMAY,Pacer Swan SOS Moderate (May) ETF,ETF,Cboe BZX
AKAF,The Frontier Economic Fund,ETF,NYSE
ODTE,VegaShares SPX NDX RTY Premium Income ETF,ETF,NASDAQ
LIBD,LifeX 2065 Inflation-Protected Longevity Income ETF,ETF,Cboe BZX
KPRO,KraneShares 100% KWEB Defined Outcome January 2027 ETF,ETF,NYSE Arca
GRPZ,Invesco S&P SmallCap 600 GARP ETF,ETF,NYSE Arca
NFXS,Direxion Daily NFLX Bear 1X ETF,ETF,NASDAQ
COMD,Global X Commodity Strategy ETF,ETF,Cboe BZX
LIAE,LifeX 2050 Inflation-Protected Longevity Income ETF,ETF,Cboe BZX
RTXG,Leverage Shares 2X Long RTX Daily ETF,ETF,NASDAQ
XVTS,FT Vest TSLA & Target Income ETF,ETF,Cboe BZX
CIVG,Corgi 1-5 Year Investment Grade Corporate Bond ETF,ETF,Cboe BZX
WCMG,First Trust WCM Global Equity ETF,ETF,NYSE Arca
LFAO,LifeX 2055 Longevity Income ETF,ETF,Cboe BZX
MDEV,First Trust Indxx Medical Devices ETF,ETF,Cboe BZX
SSMG,Virtus Silvant Small/Mid Growth ETF,ETF,NYSE Arca
UPAL,ProShares Ultra Palladium K-1 Free ETF,ETF,NYSE Arca
AMPU,Defiance Daily Target 2X Long AMPX ETF,ETF,Cboe BZX
ETTY,Amplify Ethereum 3% Monthly Option Income ETF,ETF,Cboe BZX
ZSC,USCF Sustainable Commodity Strategy Fund,ETF,NYSE Arca
QQMY,Corgi Growth & Technology 15% Structured Buffer ETF - May Series,ETF,Cboe BZX
CMCI,VanEck CMCI Commodity Strategy ETF,ETF,Cboe BZX
CMBO,Wayfinder Dynamic U.S. Interest Rate ETF,ETF,NASDAQ
EUVX,Corgi Lithography & Semiconductor Photonics 2x Daily ETF,ETF,Cboe BZX
DVDN,Kingsbarn Dividend Opportunity ETF,ETF,NYSE Arca
TEXX,Horizon Kinetics Texas ETF,ETF,NASDAQ
SNPD,Xtrackers S&P Dividend Aristocrats Screened ETF,ETF,Cboe BZX
SNAG,Leverage Shares 2x Long SNAP Daily ETF,ETF,NASDAQ
EMTY,ProShares Decline of the Retail Store ETF,ETF,NYSE Arca
UMAL,Defiance Daily Target 2X Long UMAC ETF,ETF,Cboe BZX
DGJL,FT Vest U.S. Equity Buffer & Digital Return ETF - July,ETF,Cboe BZX
WYFL,Defiance Daily Target 2X Long WYFI ETF,ETF,Cboe BZX
USFE,First Eagle US Equity ETF,ETF,NYSE Arca
OWN,Inside Ownership 100 ETF,ETF,Cboe BZX
DUTY,U.S. Defense ETF,ETF,NYSE Arca
MYY,ProShares Short MidCap400,ETF,NYSE Arca
AALG,Leverage Shares 2X Long AAL Daily ETF,ETF,NASDAQ
CIEI,Corgi 3-7 Year Treasury Bond ETF,ETF,Cboe BZX
RXD,ProShares UltraShort Health Care,ETF,NYSE Arca
SAWG,AAM Sawgrass US Large Cap Quality Growth ETF,ETF,NYSE Arca
SMCZ,Defiance Daily Target 2X Short SMCI ETF,ETF,NASDAQ
GOOL,Leverage Shares 2X Long GOOGL Daily ETF,ETF,Cboe BZX
MAYC,Corgi U.S. Equities 10% Structured Buffer ETF - May Series,ETF,Cboe BZX
KBAB,KraneShares 2x Long BABA Daily ETF,ETF,NASDAQ
MSST,YieldMax MSTR Performance & Distribution Target 25 ETF,ETF,Cboe BZX
TSYW,Roundhill Treasury Bond WeeklyPay ETF,ETF,Cboe BZX
TEST,YieldMax TSLA Performance & Distribution Target 25 ETF,ETF,Cboe BZX
RKSG,Ruk Strategic Growth ETF,ETF,NYSE Arca
CMAY,Corgi U.S. Equities 15% Structured Buffer ETF - May Series,ETF,Cboe BZX
SCMY,Corgi U.S. Small-Cap 15% Structured Buffer ETF - May Series,ETF,Cboe BZX
HWSM,Hotchkis & Wiley SMID Cap Diversified Value Fund,ETF,NASDAQ
UPLT,ProShares Ultra Platinum K-1 Free ETF,ETF,NYSE Arca
UFOD,Tuttle Capital UFO Disclosure ETF,ETF,Cboe BZX
PLIB,Direxion PLTR Defined Income Boost ETF,ETF,Cboe BZX
CATG,Leverage Shares 2X Long CAT Daily ETF,ETF,Cboe BZX
HMAY,Corgi U.S. Equities 100% Structured Buffer ETF - May Series,ETF,Cboe BZX
ELOL,Leverage Shares 100% TSLA AND 100% SPCX Daily ETF,ETF,NASDAQ
BLSG,Leverage Shares 2X Long BLSH Daily ETF,ETF,NASDAQ
CBRZ,Tradr 2X Short CBRS Daily ETF,ETF,Cboe BZX
PALD,Direxion Daily PANW Bear 1X ETF,ETF,NASDAQ
DVVY,Invesco Diversified Dividend Opportunities ETF,ETF,Cboe BZX
QMY,Corgi Growth & Technology 10% Structured Buffer ETF - May Series,ETF,Cboe BZX
CTMA,Corgi U.S. Equities 30% Structured Buffer ETF - May Series,ETF,Cboe BZX
FB,ProShares S&P 500 Dynamic Buffer ETF,ETF,Cboe BZX
EMOT,First Trust S&P 500 Economic Moat ETF,ETF,NYSE Arca
TEUP,T-REX 2X Long TE Daily Target ETF,ETF,Cboe BZX
OND,ProShares On-Demand ETF,ETF,NYSE Arca
BCOR,Grayscale Bitcoin Adopters ETF,ETF,NYSE Arca
QCMD,Direxion Daily QCOM Bear 1X ETF,ETF,NASDAQ
MUIB,Direxion MU Defined Income Boost ETF,ETF,Cboe BZX
APHU,T-REX 2X Long APH Daily Target ETF,ETF,Cboe BZX
HALX,Tuttle Capital Heavy Assets Low Obsolescence ETF,ETF,Cboe BZX
TSMZ,Direxion Daily TSM Bear 1X ETF,ETF,NASDAQ
RGYY,GraniteShares YieldBoost RGTI ETF,ETF,NASDAQ
YRAM,YieldMax Memory and Storage Portfolio Option Income ETF,ETF,NASDAQ
GLGG,Leverage Shares 2X Long GLXY Daily ETF,ETF,NASDAQ
PCSG,Polen 5Perspectives Small-Mid Growth ETF,ETF,NYSE Arca
CRMU,Leverage Shares 2x Long CRML Daily ETF,ETF,NASDAQ
PEVC,Pacer PE/VC ETF,ETF,NYSE Arca
BFOC,FT Vest Bitcoin Strategy Floor15 ETF - October,ETF,NYSE Arca
EEV,ProShares UltraShort MSCI Emerging Markets,ETF,NYSE Arca
GALX,VistaShares Space Supercycle ETF,ETF,NYSE Arca
TDOG,21shares Dogecoin ETF,ETF,NASDAQ
CHDG,Calamos Active Hedged Equity ETF,ETF,Cboe BZX
DINE,Simplify Tax Aware Diversified Income Strategy ETF,ETF,NASDAQ
FHIL,Federated Hermes International Leaders ETF,ETF,Cboe BZX
BSTS,Invesco BulletShares 2028 Treasury Bond ETF,ETF,NASDAQ
KIQQ,KraneShares InspereX Nasdaq Dynamic Buffered High Income Index ETF,ETF,NASDAQ
BSGT,Invesco BulletShares 2029 Treasury Bond ETF,ETF,NASDAQ
LFAW,LifeX 2060 Longevity Income ETF,ETF,Cboe BZX
NVIB,Direxion NVDA Defined Income Boost ETF,ETF,Cboe BZX
MSFC,Corgi MSFT 2x Daily ETF,ETF,Cboe BZX
BNAV,Amplify Fairlead Tactical Bitcoin ETF,ETF,Cboe BZX
BPI,Grayscale Bitcoin Premium Income ETF,ETF,NYSE Arca
VBNB,VanEck BNB ETF,ETF,NASDAQ
LQ,Simplify Tax Aware Alternatives ETF,ETF,NASDAQ
BCKT,LifeX 2030 Income Bucket ETF,ETF,Cboe BZX
PLYY,GraniteShares YieldBOOST PLTR ETF,ETF,NASDAQ
AHD,GraniteShares Autocallable HOOD ETF,ETF,NASDAQ
CBXL,Calamos Laddered Bitcoin 90 Series Structured Alt Protection ETF,ETF,Cboe BZX
MEIB,Direxion META Defined Income Boost ETF,ETF,Cboe BZX
BZQ,ProShares UltraShort MSCI Brazil Capped,ETF,NYSE Arca
CBTL,Calamos Laddered Bitcoin 80 Series Structured Alt Protection ETF,ETF,Cboe BZX
BFXU,FT Vest Laddered U.S. Equity Uncapped Accelerator ETF,ETF,Cboe BZX
TSIB,Direxion TSLA Defined Income Boost ETF,ETF,Cboe BZX
LQDM,Amplify LQD Investment Grade 12% Target Income ETF,ETF,Cboe BZX
SUPL,ProShares Supply Chain Logistics ETF,ETF,NYSE Arca
EMMY,Corgi Emerging Markets Equities 15% Structured Buffer ETF - May Series,ETF,Cboe BZX
LGHT,Langar Global HealthTech ETF,ETF,Cboe BZX
BFAP,FT Vest Bitcoin Strategy Floor15 ETF April,ETF,NYSE Arca
JULC,Corgi U.S. Equities 10% Structured Buffer ETF - July Series,ETF,Cboe BZX
QQLV,Invesco QQQ Low Volatility ETF,ETF,NASDAQ
QBTZ,Defiance Daily Target 2x Short QBTS ETF,ETF,NASDAQ
EGLE,Global X S&P 500 U.S. Revenue Leaders ETF,ETF,NYSE Arca
AZYY,GraniteShares YieldBoost AMZN ETF,ETF,NASDAQ
PQXV,PGIM S&P 500 Quarterly Buffer 15 ETF,ETF,Cboe BZX
QMID,WisdomTree U.S. MidCap Quality Growth Fund,ETF,NASDAQ
LQAI,LG QRAFT AI-Powered U.S. Large Cap Core ETF,ETF,NYSE Arca
PQXX,PGIM S&P 500 Quarterly Buffer 20 ETF,ETF,Cboe BZX
SJLD,SanJac Alpha Low Duration ETF,ETF,NASDAQ
PSAI,Pacer S&P 500 3AI Top 100 ETF,ETF,Cboe BZX
ISSB,IncomeSTKd 1x US Stocks & 1x Bitcoin Premium ETF,ETF,Cboe BZX
ZSB,USCF Sustainable Battery Metals Strategy Fund,ETF,NYSE Arca
UECG,Leverage Shares 2x Long UEC Daily ETF,ETF,NASDAQ
CGRO,CoreValues Alpha Greater China Growth ETF,ETF,NYSE Arca
BFEW,FT Vest Laddered U.S. Equity Equal Weight Buffer ETF,ETF,Cboe BZX
CLOD,Themes Cloud Computing ETF,ETF,NASDAQ
OUSL,Defiance Daily Target 2X Long OUST ETF,ETF,Cboe BZX
QBY,GraniteShares YieldBoost QBTS ETF,ETF,NASDAQ
AFRU,T-REX 2X Long AFRM Daily Target ETF,ETF,Cboe BZX
SHPP,Pacer Industrials and Logistics ETF,ETF,NYSE Arca
LIFT,LifeX 2028 Income Bucket ETF,ETF,Cboe BZX
FGSI,FT Vest Growth Strength & Target Income ETF,ETF,NASDAQ
SOLC,Canary Marinade Solana ETF,ETF,NASDAQ
APLZ,Tradr 2X Short APLD Daily ETF,ETF,Cboe BZX
CSCS,Direxion Daily CSCO Bear 1X ETF,ETF,NASDAQ
PQV,PGIM S&P 500 Quarterly Buffer 5 ETF,ETF,Cboe BZX
TXXS,21Shares 2x Long Sui ETF,ETF,NASDAQ
DVQQ,WEBs QQQ Defined Volatility ETF,ETF,NASDAQ
TINT,ProShares Smart Materials ETF,ETF,NYSE Arca
BPH,BP plc ADRhedged,ETF,NYSE Arca
XYZG,Leverage Shares 2X Long XYZ Daily ETF,ETF,NASDAQ
LFBE,LifeX 2065 Longevity Income ETF,ETF,Cboe BZX
BSGR,Invesco BulletShares 2027 Treasury Bond ETF,ETF,NASDAQ
BSTU,Invesco BulletShares 2030 Treasury Bond ETF,ETF,NASDAQ
BSTV,Invesco BulletShares 2031 Treasury Bond ETF,ETF,NASDAQ
ARKT,ARK DIET Q4 Buffer ETF,ETF,Cboe BZX
CHNU,2x Chainlink ETF,ETF,Cboe BZX
ALBG,Leverage Shares 2X Long ALB Daily ETF,ETF,NASDAQ
MVAL,VanEck Morningstar Wide Moat Value ETF,ETF,Cboe BZX
EAFG,Pacer Developed Markets Cash Cows Growth Leaders ETF,ETF,NYSE Arca
GOIB,Direxion GOOGL Defined Income Boost ETF,ETF,Cboe BZX
YYYM,Amplify Municipal CEF High Income ETF,ETF,NYSE Arca
CRY,GraniteShares YieldBOOST CRCL ETF,ETF,NASDAQ
GNMX,Corgi Genomics & Precision Medicine ETF,ETF,Cboe BZX
MPWX,Tradr 2X Long MPWR Daily ETF,ETF,Cboe BZX
STHH,STMicroelectronics NV ADRhedged,ETF,NYSE Arca
SOLM,Amplify Solana 3% Monthly Option Income ETF,ETF,Cboe BZX
FSPC,First Trust Bloomberg Space Economy ETF,ETF,NYSE Arca
LIAU,LifeX 2060 Inflation-Protected Longevity Income ETF,ETF,Cboe BZX
HJUN,Corgi U.S. Equities 100% Structured Buffer ETF - June Series,ETF,Cboe BZX
COZX,Tradr 2X Long CORZ Daily ETF,ETF,Cboe BZX
NEMG,Leverage Shares 2x Long NEM Daily ETF,ETF,NASDAQ
BIS,ProShares UltraShort Nasdaq Biotechnology,ETF,NASDAQ
CBOT,Corgi Robots & Humanoids ETF,ETF,Cboe BZX
AMZG,Leverage Shares 2X Long AMZN Daily ETF,ETF,Cboe BZX
BTDL,GraniteShares 2x Long BTDR Daily ETF,ETF,NASDAQ
NUG,Leverage Shares 2X Long NU Daily ETF,ETF,NASDAQ
QFRD,Pacer S&P 500 Quality FCF R&D Leaders,ETF,Cboe BZX
STLU,2x Stellar ETF,ETF,Cboe BZX
SCOW,Pacer S&P SmallCap 600 Quality FCF Aristocrats ETF,ETF,Cboe BZX
GRAG,Leverage Shares 2X Long GRAB Daily ETF,ETF,NASDAQ
PCLC,Polen 5Perspectives Large Growth ETF,ETF,NYSE Arca
FLAG,Global X S&P 500 U.S. Market Leaders Top 50 ETF,ETF,NYSE Arca
QNTU,Tradr 2X Long QNT Daily ETF,ETF,Cboe BZX
YBTY,GraniteShares YieldBoost TopYielders ETF,ETF,NASDAQ
ORCZ,Tradr 2X Short ORCL Daily ETF,ETF,Cboe BZX
MAUG,Pacer Swan SOS Moderate (August) ETF,ETF,Cboe BZX
MFEB,Pacer Swan SOS Moderate (February) ETF,ETF,Cboe BZX
MNVR,Pacer Swan SOS Moderate (November) ETF,ETF,Cboe BZX
PHOX,Aura AI Photonics ETF,ETF,NYSE Arca
MJUN,Pacer Swan SOS Moderate June ETF,ETF,Cboe BZX
MMAR,Pacer Swan SOS Moderate March ETF,ETF,Cboe BZX
MDCR,Pacer Swan SOS Moderate December ETF,ETF,Cboe BZX
DVSP,WEBs SPY Defined Volatility ETF,ETF,NASDAQ
MSEP,Pacer Swan SOS Moderate September ETF,ETF,Cboe BZX
LADM,Pacer Swan SOS Laddered Moderate ETF,ETF,Cboe BZX
HIAI,Ai Funds High Conviction US Equity AI-Managed ETF,ETF,Cboe BZX
BAY,Corgi Bay Area Based ETF,ETF,Cboe BZX
MIC,Corgi MU 2x Daily ETF,ETF,Cboe BZX
CBOL,Calamos Laddered Bitcoin Structured Alt Protection ETF,ETF,Cboe BZX
MHIP,Milliman Healthcare Inflation Plus ETF,ETF,NYSE Arca
ARKE,ARK DIET Q3 Buffer ETF,ETF,Cboe BZX
XVSP,FT Vest SPCX & Target Income ETF,ETF,Cboe BZX
MTYY,GraniteShares YieldBOOST MSTR ETF,ETF,NASDAQ
IDJN,Corgi International Developed Equities 15% Structured Buffer ETF - June Series,ETF,Cboe BZX
SMDD,UltraPro Short MidCap400,ETF,NYSE Arca
AMMO,VistaShares Defense Supercycle ETF,ETF,NYSE Arca
SQBA,FT Vest U.S. Equity Quarterly 15 Buffer ETF,ETF,Cboe BZX
XVAP,FT Vest AAPL & Target Income ETF,ETF,Cboe BZX
FCFY,First Trust S&P 500 Diversified Free Cash Flow ETF,ETF,NYSE Arca
XVNV,FT Vest NVDA & Target Income ETF,ETF,Cboe BZX
GLCR,GlacierShares Nasdaq Iceland ETF,ETF,NASDAQ
LBOX,GraniteShares Short Term Box ETF,ETF,Cboe BZX
SCJL,Corgi U.S. Small-Cap 15% Structured Buffer ETF - July Series,ETF,Cboe BZX
CPNX,Tradr 2X Long CPNG Daily ETF,ETF,Cboe BZX
GXPE,Global X PureCap MSCI Energy ETF,ETF,NYSE Arca
BABW,Roundhill BABA WeeklyPay ETF,ETF,Cboe BZX
ONX,Tradr 2X Long ON Daily ETF,ETF,Cboe BZX
DIPR,Corgi Space & Satellite Communications ETF,ETF,Cboe BZX
CGPT,VegaShares AI Inference ETF,ETF,NASDAQ
TNUK,Tortoise Nuclear Renaissance ETF,ETF,NYSE Arca
CJUN,Corgi U.S. Equities 15% Structured Buffer ETF - June Series,ETF,Cboe BZX
GOGL,Corgi GOOGL 2x Daily ETF,ETF,Cboe BZX
HJLY,Corgi U.S. Equities 100% Structured Buffer ETF - July Series,ETF,Cboe BZX
SDD,ProShares UltraShort SmallCap600,ETF,NYSE Arca
QQJL,Corgi Growth & Technology 15% Structured Buffer ETF - July Series,ETF,Cboe BZX
QJL,Corgi Growth & Technology 10% Structured Buffer ETF - July Series,ETF,Cboe BZX
CARD,MAX Auto Industry -3x Inverse Leveraged ETN,ETF,NYSE Arca
BTCK,7RCC Spot Bitcoin and Carbon Credit Futures ETF,ETF,NYSE Arca
ASD,Defiance Autism Impact ETF,ETF,NASDAQ
WR,Corgi U.S. War Machine ETF,ETF,Cboe BZX
CROB,Defiance China Robotics ETF,ETF,NASDAQ
EHCC,Global X Ethereum Covered Call ETF,ETF,Cboe BZX
AMZO,Tradr 2X Short AMZN Daily ETF,ETF,Cboe BZX
EMJL,Corgi Emerging Markets Equities 15% Structured Buffer ETF - July Series,ETF,Cboe BZX
MRAX,Tradr 2X Long MRAM Daily ETF,ETF,Cboe BZX
IDVY,First Trust International Rising Dividend Achievers ETF,ETF,NASDAQ
EYES,Corgi Data & Surveillance ETF,ETF,Cboe BZX
WSPC,WisdomTree Space Economy Fund,ETF,NASDAQ
TTMX,Tradr 2X Long TTMI Daily ETF,ETF,Cboe BZX
IRVH,Global X Interest Rate Volatility & Inflation Hedge ETF,ETF,NYSE Arca
MSTC,Corgi MSTR 2x Daily ETF,ETF,Cboe BZX
GFSG,Leverage Shares 2X Long GFS Daily ETF,ETF,Cboe BZX
CRWX,Corgi CRWV 2x Daily ETF,ETF,Cboe BZX
CJUL,Corgi U.S. Equities 15% Structured Buffer ETF - July Series,ETF,Cboe BZX
DRVR,Amplify S&P 500 Dividend Drivers ETF,ETF,NYSE Arca
IDMY,Corgi International Developed Equities 15% Structured Buffer ETF - May Series,ETF,Cboe BZX
IDJL,Corgi International Developed Equities 15% Structured Buffer ETF - July Series,ETF,Cboe BZX
SMTG,Leverage Shares 2X Long SMTC Daily ETF,ETF,Cboe BZX
JUNC,Corgi U.S. Equities 10% Structured Buffer ETF - June Series,ETF,Cboe BZX
SCA,GraniteShares Autocallable SMCI ETF,ETF,NASDAQ
VELL,Defiance Daily Target 2X Long VELO ETF,ETF,Cboe BZX
SCAU,Corgi U.S. Small-Cap 15% Structured Buffer ETF - August Series,ETF,Cboe BZX
IDAU,Corgi International Developed Equities 15% Structured Buffer ETF - August Series,ETF,Cboe BZX
IACL,GraniteShares US 100 Autocallable Income ETF,ETF,Cboe BZX
STLR,Stellar ETF,ETF,Cboe BZX
KJD,KraneShares 2x Long JD Daily ETF,ETF,NASDAQ
INT,Corgi INTC 2x Daily ETF,ETF,Cboe BZX
TSEG,Leverage Shares 2X Long TSEM Daily ETF,ETF,Cboe BZX
YBST,GraniteShares YieldBoost Single Stock Universe ETF,ETF,NASDAQ
ACRT,ProShares Russell 2000 Autocallable Income ETF,ETF,NASDAQ
DIME,CoinShares Altcoins ETF,ETF,NASDAQ
PBRG,Leverage Shares 2X Long PBR Daily ETF,ETF,NASDAQ
PIEL,Pacer International Export Leaders ETF,ETF,Cboe BZX
MEMY,Tuttle Capital Meme Stock Income Blast ETF,ETF,Cboe BZX
RB,ProShares Russell 2000 Dynamic Buffer ETF,ETF,Cboe BZX
WDAI,Pacer S&P World 3AI Top 300 ETF,ETF,Cboe BZX
EFU,ProShares UltraShort MSCI EAFE,ETF,NYSE Arca
KDRN,Kingsbarn Tactical Bond ETF,ETF,NYSE Arca
ARKI,ARK DIET Q2 Buffer ETF,ETF,Cboe BZX
SCJN,Corgi U.S. Small-Cap 15% Structured Buffer ETF - June Series,ETF,Cboe BZX
QQAU,Corgi Growth & Technology 15% Structured Buffer ETF - August Series,ETF,Cboe BZX
AUGC,Corgi U.S. Equities 10% Structured Buffer ETF - August Series,ETF,Cboe BZX
SUIL,2x Sui ETF,ETF,Cboe BZX
GLBL,Pacer MSCI World Industry Advantage ETF,ETF,Cboe BZX
SLVY,FT Vest Silver Strategy & Target Income ETF,ETF,Cboe BZX
TMYY,GraniteShares YieldBOOST TSM ETF,ETF,NASDAQ
OPEG,Leverage Shares 2X Long OPEN Daily ETF,ETF,NASDAQ
TGRZ,China AI Tigers LLM ETF,ETF,NASDAQ
XPEG,Leverage Shares 2X Long XPEV Daily ETF,ETF,NASDAQ
PTNT,Corgi IP Licensing & Royalties ETF,ETF,Cboe BZX
METG,Leverage Shares 2X Long META Daily ETF,ETF,Cboe BZX
ODDZ,Corgi Sports Betting & Gambling ETF,ETF,Cboe BZX
MCOW,Pacer S&P MidCap 400 Quality FCF Aristocrats ETF,ETF,Cboe BZX
UUUC,Corgi UUUU 2x Daily ETF,ETF,Cboe BZX
SIMX,Corgi SIMO 2x Daily ETF,ETF,Cboe BZX
REAI,Intelligent Real Estate ETF,ETF,NASDAQ
INDQ,Pacer ActiveAlpha India Quality ETF,ETF,NASDAQ
ARKD,ARK DIET Q1 Buffer ETF,ETF,Cboe BZX
BBUL,GraniteShares 2x Long BB Daily ETF,ETF,NASDAQ
XSPC,VegaShares SpaceX & Beyond Earth ETF,ETF,NASDAQ
GEMG,Leverage Shares 2X Long GEMI Daily ETF,ETF,NASDAQ
TMH,Toyota Motor Corporation ADRhedged,ETF,NYSE Arca
QQDN,ProShares UltraShort QQQ Mega,ETF,NASDAQ
QAU,Corgi Growth & Technology 10% Structured Buffer ETF - August Series,ETF,Cboe BZX
EMAU,Corgi Emerging Markets Equities 15% Structured Buffer ETF - August Series,ETF,Cboe BZX
MHIG,Milliman Healthcare Inflation Guard ETF,ETF,NYSE Arca
GLAM,"Corgi Beauty, Skincare & Aesthetics ETF",ETF,Cboe BZX
CAUG,Corgi U.S. Equities 15% Structured Buffer ETF - August Series,ETF,Cboe BZX
CTAU,Corgi U.S. Equities 30% Structured Buffer ETF - August Series,ETF,Cboe BZX
PLTL,Corgi PLTR 2x Daily ETF,ETF,Cboe BZX
QJN,Corgi Growth & Technology 10% Structured Buffer ETF - June Series,ETF,Cboe BZX
KPO,Kensington Premium Opportunities ETF,ETF,Cboe BZX
ZCBA,Global X Zero Coupon Bond 2030 ETF,ETF,NYSE Arca
LATR,Corgi Buy Now Pay Later ETF,ETF,Cboe BZX
ATC,GraniteShares Autocallable COIN ETF,ETF,NASDAQ
PUL,GraniteShares 2x Long P Daily ETF,ETF,NASDAQ
ZCBB,Global X Zero Coupon Bond 2031 ETF,ETF,NYSE Arca
ZCBC,Global X Zero Coupon Bond 2032 ETF,ETF,NYSE Arca
ZCBE,Global X Zero Coupon Bond 2033 ETF,ETF,NYSE Arca
ZCBF,Global X Zero Coupon Bond 2034 ETF,ETF,NYSE Arca
ZCBG,Global X Zero Coupon Bond 2035 ETF,ETF,NYSE Arca
YUNG,Corgi Longevity Consumer ETF,ETF,Cboe BZX
CRDX,2x Cardano ETF,ETF,Cboe BZX
XTAI,Corgi Taiwan 2x Daily ETF,ETF,Cboe BZX
ONTX,Corgi ONTO 2x Daily ETF,ETF,Cboe BZX
BFJA,FT Vest Bitcoin Strategy Floor15 ETF - January,ETF,NYSE Arca
ETNG,Leverage Shares 2X Long ETN Daily ETF,ETF,Cboe BZX
NTAL,GraniteShares 2x Long NTAP Daily ETF,ETF,NASDAQ
PENU,T-REX 2X Long PENG Daily Target ETF,ETF,Cboe BZX
CRDD,Cardano ETF,ETF,Cboe BZX
KRWX,Corgi South Korea 2x Daily ETF,ETF,Cboe BZX
SITX,Tradr 2X Long SITM Daily ETF,ETF,Cboe BZX
FPSX,Leverage Shares 2X Long FPS Daily ETF,ETF,Cboe BZX
AMDC,Corgi AMD 2x Daily ETF,ETF,Cboe BZX
BNKD,"MicroSectors U.S. Big Banks -3 Inverse Leveraged ETNs due February 17, 2045",ETF,NYSE Arca
CIR,Corgi CRCL 2x Daily ETF,ETF,Cboe BZX
MRA,GraniteShares Autocallable MARA ETF,ETF,NASDAQ
METQ,Tradr 2X Short META Daily ETF,ETF,Cboe BZX
TECY,GraniteShares YieldBOOST Technology ETF,ETF,NASDAQ
HBTC,Fortuna Hedged Bitcoin ETF,ETF,Cboe BZX
BIOY,GraniteShares YieldBOOST Biotech ETF,ETF,NASDAQ
NYNY,Corgi NYC Based ETF,ETF,Cboe BZX
MRVX,Corgi MRVL 2x Daily ETF,ETF,Cboe BZX
NOWX,Corgi NOW 2x Daily ETF,ETF,Cboe BZX
LFDR,LifeX Durable Income ETF,ETF,Cboe BZX
DOCK,"Corgi Ports, Rail & Freight ETF",ETF,Cboe BZX
AV,Corgi Aerospace & Commercial Aviation ETF,ETF,Cboe BZX
SAPH,SAP SE ADRhedged,ETF,NYSE Arca
XSEM,Corgi U.S. Semiconductors 2x Daily ETF,ETF,Cboe BZX
BTRN,Global X Bitcoin Trend Strategy ETF,ETF,NYSE Arca
RAML,Leverage Shares 2X Long Memory Daily ETF,ETF,Cboe BZX
KEO,Kurv Equity Option Income ETF,ETF,Cboe BZX
AMAA,Corgi AMZN 2x Daily ETF,ETF,Cboe BZX
TSEU,Tradr 2X Long TSEM Daily ETF,ETF,Cboe BZX
FINY,GraniteShares YieldBOOST Financials ETF,ETF,NASDAQ
SKHA,Tradr 2X Long SK hynix Daily ETF,ETF,Cboe BZX
KSMH,xETFs Korea AI Semiconductor,ETF,NASDAQ
NBIC,Corgi NBIS 2x Daily ETF,ETF,Cboe BZX
XLEX,Corgi U.S. Energy 2x Daily ETF,ETF,Cboe BZX
FIYY,GraniteShares YieldBOOST 20Y Treasuries ETF,ETF,NASDAQ
HYGM,Amplify HYG High Yield 10% Target Income ETF,ETF,Cboe BZX
ORAC,Corgi ORCL 2x Daily ETF,ETF,Cboe BZX
GSKH,GSK plc ADRhedged,ETF,NYSE Arca
STLL,Leverage Shares 2X Long STRL Daily ETF,ETF,Cboe BZX
BWOW,Bitwise Dogecoin ETF,ETF,NYSE Arca
BREW,Corgi Coffee & Energy Drinks ETF,ETF,Cboe BZX
HULL,Corgi Shipping & Global Logistics ETF,ETF,Cboe BZX
HMYY,GraniteShares YieldBoost HIMS ETF,ETF,NASDAQ
AAPE,Leverage Shares 2X Long AAPL Daily ETF,ETF,Cboe BZX
WNDR,Corgi Travel & Leisure ETF,ETF,Cboe BZX
HFSP,TradersAI Large Cap Equity & Cash ETF,ETF,NASDAQ
BNMC,Corgi BMNR 2x Daily ETF,ETF,Cboe BZX
XLVX,Corgi U.S. Healthcare 2x Daily ETF,ETF,Cboe BZX
ONG,Leverage Shares 2X Long ON Daily ETF,ETF,Cboe BZX
CWY,GraniteShares YieldBOOST CRWV ETF,ETF,NASDAQ
BBYY,GraniteShares YieldBOOST BABA ETF,ETF,NASDAQ
KBDU,KraneShares 2x Long BIDU Daily ETF,ETF,NASDAQ
MWHS,Skylar Electricity Futures ETF,ETF,NYSE Arca
APMI,Corgi AMAT 2x Daily ETF,ETF,Cboe BZX
XLFX,Corgi U.S. Financials 2x Daily ETF,ETF,Cboe BZX
LASC,Corgi LASR 2x Daily ETF,ETF,Cboe BZX
MSR,GraniteShares Autocallable MSTR ETF,ETF,NASDAQ
TRUF,VanEck Financials TruSector ETF,ETF,NASDAQ
OKLC,Corgi OKLO 2x Daily ETF,ETF,Cboe BZX
BOBP,CORE16 Best of Breed Premier Index ETF,ETF,NYSE Arca
XEY,GraniteShares YieldBOOST Ether ETF,ETF,NASDAQ
TRUH,VanEck Healthcare TruSector ETF,ETF,NASDAQ
COIX,Corgi COIN 2x Daily ETF,ETF,Cboe BZX
UPGR,Xtrackers US Green Infrastructure Select Equity ETF,ETF,NASDAQ
XBIX,Corgi U.S. Biotech 2x Daily ETF,ETF,Cboe BZX
AKAL,T-REX 2X Long AKAM Daily Target ETF,ETF,Cboe BZX
EEE,CYBER HORNET S&P 500 and Ethereum 75/25 Strategy ETF,ETF,NASDAQ
SSS,CYBER HORNET S&P 500 and Solana 75/25 Strategy ETF,ETF,NASDAQ
MSIX,Corgi MSI 2x Daily ETF,ETF,Cboe BZX
OCNL,T-REX 2X Long DOCN Daily Target ETF,ETF,Cboe BZX
QFHD,Pacer S&P 500 Quality FCF High Dividend ETF,ETF,Cboe BZX
COHQ,Tradr 2X Short COHR Daily ETF,ETF,Cboe BZX
ADIU,Leverage Shares 2X Long ADI Daily ETF,ETF,Cboe BZX
UCTX,Corgi UCTT 2x Daily ETF,ETF,Cboe BZX
NFX,Corgi NFLX 2x Daily ETF,ETF,Cboe BZX
SMCC,Corgi SMCI 2x Daily ETF,ETF,Cboe BZX
XXX,CYBER HORNET S&P 500 and XRP 75/25 Strategy ETF,ETF,NASDAQ
VIAG,Leverage Shares 2X Long VIAV Daily ETF,ETF,Cboe BZX
COOL,"VegaShares AI Thermal, Cooling & Power Management ETF",ETF,NASDAQ
NVOC,Corgi NVO 2x Daily ETF,ETF,Cboe BZX
CRWC,Corgi CRWD 2x Daily ETF,ETF,Cboe BZX
HONG,Leverage Shares 2X Long HON Daily ETF,ETF,Cboe BZX
UMCX,Corgi UMC 2x Daily ETF,ETF,Cboe BZX
XCOM,Corgi All Commodities 2x Daily ETF,ETF,Cboe BZX
MCHG,Leverage Shares 2X Long MCHP Daily ETF,ETF,Cboe BZX
CAPA,Defiance AI Capacitors & MLCC ETF,ETF,Cboe BZX
TRUO,VanEck Consumer Staples TruSector ETF,ETF,NASDAQ
KEYG,Leverage Shares 2X Long KEYS Daily ETF,ETF,Cboe BZX
SKHN,Tradr 2X Short SK hynix Daily ETF,ETF,Cboe BZX
WATS,Corgi Battery Energy Storage Systems ETF,ETF,Cboe BZX
LCTO,Kurv U.S. Large Cap TaxOptimized ETF,ETF,Cboe BZX
LRCC,Corgi LRCX 2x Daily ETF,ETF,Cboe BZX
USX,Corgi Total U.S. Market 2x Daily ETF,ETF,Cboe BZX
CRD,Corgi CRDO 2x Daily ETF,ETF,Cboe BZX
AXTC,Corgi AXTI 2x Daily ETF,ETF,Cboe BZX
ASUP,T-REX 2X Long ASTS Daily Target ETF,ETF,Cboe BZX
XLIX,Corgi U.S. Industrials 2x Daily ETF,ETF,Cboe BZX
COHC,Corgi COHR 2x Daily ETF,ETF,Cboe BZX
ACHX,Corgi ACHR 2x Daily ETF,ETF,Cboe BZX
BEC,Corgi BE 2x Daily ETF,ETF,Cboe BZX
TPLX,Corgi TPL 2x Daily ETF,ETF,Cboe BZX
MXLL,Leverage Shares 2X Long MXL Daily ETF,ETF,Cboe BZX
WZRD,Opportunistic Trader ETF,ETF,Cboe BZX
EMXX,Corgi Emerging Markets 2x Daily ETF,ETF,Cboe BZX
BLCK,Corgi Crypto Infrastructure ETF,ETF,Cboe BZX
CIEX,Tradr 2X Long CIEN Daily ETF,ETF,Cboe BZX
AINF,Defiance Inference AI Chip ETF,ETF,NASDAQ
IOSX,Corgi AAPL 2x Daily ETF,ETF,Cboe BZX
ABLS,Abacus FCF Small Cap Leaders ETF,ETF,Cboe BZX
XLUX,Corgi U.S. Utilities 2x Daily ETF,ETF,Cboe BZX
NVC,Corgi NVDA 2x Daily ETF,ETF,Cboe BZX
MCHU,Tradr 2X Long MCHP Daily ETF,ETF,Cboe BZX
AVAZ,2x Avalanche ETF,ETF,Cboe BZX
CDNG,Leverage Shares 2X Long CDNS Daily ETF,ETF,Cboe BZX
CARX,Corgi CART 2x Daily ETF,ETF,Cboe BZX
ASTG,Leverage Shares 2X Long ASTS Daily ETF,ETF,Cboe BZX
MPWC,Corgi MPWR 2x Daily ETF,ETF,Cboe BZX
UMCU,Tradr 2X Long UMC Daily ETF,ETF,Cboe BZX
KYC,Corgi Digital Banking & Fintech Infrastructure ETF,ETF,Cboe BZX
XKRE,Corgi U.S. Regional Banks 2x Daily ETF,ETF,Cboe BZX
VRC,Corgi VRT 2x Daily ETF,ETF,Cboe BZX
XLPX,Corgi U.S. Consumer Staples 2x Daily ETF,ETF,Cboe BZX
XEUR,Corgi Europe Equities 2x Daily ETF,ETF,Cboe BZX
FBX,Corgi META 2x Daily ETF,ETF,Cboe BZX
XAGI,Corgi AGIX 2x Daily ETF,ETF,Cboe BZX
TAJX,Corgi India 2x Daily ETF,ETF,Cboe BZX
ASMZ,Corgi ASML 2x Daily ETF,ETF,Cboe BZX
RMBX,Tradr 2X Long RMBS Daily ETF,ETF,Cboe BZX
XLBX,Corgi U.S. Materials 2x Daily ETF,ETF,Cboe BZX
BABC,Corgi BABA 2x Daily ETF,ETF,Cboe BZX
STYL,Corgi Lifestyle Brands ETF,ETF,Cboe BZX
TERC,Corgi TER 2x Daily ETF,ETF,Cboe BZX
WX,Corgi All World 2x Daily ETF,ETF,Cboe BZX
RKX,Corgi RKLB 2x Daily ETF,ETF,Cboe BZX
BRZX,Corgi Brazil 2x Daily ETF,ETF,Cboe BZX
ACMM,Corgi ACMR 2x Daily ETF,ETF,Cboe BZX
XIWC,Corgi U.S. Micro-Cap 2x Daily ETF,ETF,Cboe BZX
XW,Corgi Ex-U.S. Equities 2x Daily ETF,ETF,Cboe BZX
BRKL,Corgi BRKB 2x Daily ETF,ETF,Cboe BZX
XLYX,Corgi U.S. Consumer Discretionary 2x Daily ETF,ETF,Cboe BZX
LITG,Leverage Shares 2X Long LITE Daily ETF,ETF,Cboe BZX
IREC,Corgi IREN 2x Daily ETF,ETF,Cboe BZX
AVGC,Corgi AVGO 2x Daily ETF,ETF,Cboe BZX
RMBC,Corgi RMBS 2x Daily ETF,ETF,Cboe BZX
SMRX,Corgi SMR 2x Daily ETF,ETF,Cboe BZX
CCPX,Corgi China 2x Daily ETF,ETF,Cboe BZX
MNSX,Corgi MNST 2x Daily ETF,ETF,Cboe BZX
MTSG,Leverage Shares 2X Long MTSI Daily ETF,ETF,Cboe BZX
JOBC,Corgi JOBY 2x Daily ETF,ETF,Cboe BZX
XQTM,Corgi Quantum Computing 2x Daily ETF,ETF,Cboe BZX
TESC,Corgi TSLA 2x Daily ETF,ETF,Cboe BZX
TWSC,Corgi TSM 2x Daily ETF,ETF,Cboe BZX
UN,Corgi UNH 2x Daily ETF,ETF,Cboe BZX
XLKX,Corgi U.S. Technology 2x Daily ETF,ETF,Cboe BZX
USMD,CoreValues America First Technology ETF,ETF,NYSE Arca
TDCL,GraniteShares 2x Long TDC Daily ETF,ETF,NASDAQ
GLX,Corgi GLXY 2x Daily ETF,ETF,Cboe BZX
RIVC,Corgi RIVN 2x Daily ETF,ETF,Cboe BZX
NVTC,Corgi NVTS 2x Daily ETF,ETF,Cboe BZX
ONDC,Corgi ONDS 2x Daily ETF,ETF,Cboe BZX
TRUN,VanEck Energy TruSector ETF,ETF,NASDAQ
WEBX,Corgi Chinese Internet 2x Daily ETF,ETF,Cboe BZX
KEYX,Corgi KEYS 2x Daily ETF,ETF,Cboe BZX
RDDC,Corgi RDDT 2x Daily ETF,ETF,Cboe BZX
HOOC,Corgi HOOD 2x Daily ETF,ETF,Cboe BZX
APHG,Leverage Shares 2X Long APH Daily ETF,ETF,Cboe BZX
VALG,Leverage Shares 2X Long VALE Daily ETF,ETF,NASDAQ
FOMG,Leverage Shares 2X Long FORM Daily ETF,ETF,Cboe BZX
ALA,Corgi ALAB 2x Daily ETF,ETF,Cboe BZX
TKNS,21Shares Active Crypto ETF,ETF,NASDAQ
XBNB,Teucrium xETFs 2x Long Daily BNB ETF,ETF,NYSE Arca
NXPX,Tradr 2X Long NXPI Daily ETF,ETF,Cboe BZX
CHNL,Chainlink ETF,ETF,Cboe BZX
APPC,Corgi APP 2x Daily ETF,ETF,Cboe BZX
TRUM,VanEck Materials TruSector ETF,ETF,NASDAQ
XHOA,Corgi U.S. Real Estate 2x Daily ETF,ETF,Cboe BZX
MHX,Corgi MARA 2x Daily ETF,ETF,Cboe BZX
LRNX,Corgi LRN 2x Daily ETF,ETF,Cboe BZX
TRUI,VanEck Industrials TruSector ETF,ETF,NASDAQ
TRUR,VanEck Real Estate TruSector ETF,ETF,NASDAQ
GMEC,Corgi GME 2x Daily ETF,ETF,Cboe BZX
PRAM,Defiance Memory & Photonics ETF,ETF,Cboe BZX
AIX,Defiance US 100 Tech AI Moat ETF,ETF,NASDAQ
HIMC,Corgi HIMS 2x Daily ETF,ETF,Cboe BZX
XIGV,Defiance US 100 Tech Ex Software ETF,ETF,Cboe BZX
TRUU,VanEck Utilities TruSector ETF,ETF,NASDAQ
RGTC,Corgi RGTI 2x Daily ETF,ETF,Cboe BZX
XPAV,Corgi U.S. Infrastructure 2x Daily ETF,ETF,Cboe BZX
ARMA,Corgi ARM 2x Daily ETF,ETF,Cboe BZX
NXPG,Leverage Shares 2X Long NXPI Daily ETF,ETF,Cboe BZX
FBYY,GraniteShares YieldBOOST META ETF,ETF,NASDAQ
CAMC,Corgi CAMT 2x Daily ETF,ETF,Cboe BZX
TELG,Leverage Shares 2X Long TEL Daily ETF,ETF,Cboe BZX
LWLX,Tradr 2X Long LWLG Daily ETF,ETF,Cboe BZX
ACLZ,Corgi ACLS 2x Daily ETF,ETF,Cboe BZX
AMKX,Corgi AMKR 2x Daily ETF,ETF,Cboe BZX
IONC,Corgi IONQ 2x Daily ETF,ETF,Cboe BZX
CRUC,Corgi CRUS 2x Daily ETF,ETF,Cboe BZX
JBLG,Leverage Shares 2X Long JBL Daily ETF,ETF,Cboe BZX
ENTL,Leverage Shares 2X Long ENTG Daily ETF,ETF,Cboe BZX
GEVC,Corgi GEV 2x Daily ETF,ETF,Cboe BZX
ASTT,Corgi ASTS 2x Daily ETF,ETF,Cboe BZX
DSPC,Leverage Shares 1X Short SPCX Daily ETF,ETF,Cboe BZX
CIFC,Corgi CIFR 2x Daily ETF,ETF,Cboe BZX
STMX,Leverage Shares 2X Long STM Daily ETF,ETF,Cboe BZX
SPCQ,Defiance Daily Target 2X Short SPCX ETF,ETF,Cboe BZX
FLEL,Leverage Shares 2X Long FLEX Daily ETF,ETF,Cboe BZX
FIXX,Leverage Shares 2X Long FIX Daily ETF,ETF,Cboe BZX
OSSL,Defiance Daily Target 2X Long OSS ETF,ETF,Cboe BZX
EO,Corgi EOSE 2x Daily ETF,ETF,Cboe BZX
RKLZ,Defiance Daily Target 2x Short RKLB ETF,ETF,NASDAQ
ISRL,Defiance KSM Israel 120 ETF,ETF,NASDAQ
ACBE,Pacer Metaurus Enhanced Core Income Autocallable ETF,ETF,NASDAQ
AICH,China AI ETF,ETF,NASDAQ
AIFR,Defiance Global Foundries ETF,ETF,NASDAQ
AIMG,Defiance AI Magnificent 10 ETF,ETF,NASDAQ
CCML,Roundhill MLCC & Electronic Components ETF,ETF,NASDAQ
CRAM,Defiance China Memory ETF,ETF,NASDAQ
GEMQ,Goldman Sachs Data Enhanced Emerging Markets Equity ETF,ETF,NASDAQ
HQDG,Raub Brock Dividend Growth ETF,ETF,NASDAQ
IQGR,Astoria International Quality Growth Kings ETF,ETF,NASDAQ
JINT,Janus Henderson International Core Alpha ETF,ETF,NASDAQ
NUIB,Nuveen Impact Bond ETF,ETF,NASDAQ
USFI,BrandywineGLOBAL - U.S. Fixed Income ETF,ETF,NASDAQ
VEEM,VanEck MSCI EM Analyst Sentiment ETF,ETF,NASDAQ
WSML,iShares MSCI World Small-Cap ETF,ETF,NASDAQ
XUSM,MarketDesk International Momentum ETF,ETF,NASDAQ
ABLD,Abacus FCF Real Assets Leaders ETF,ETF,Cboe BZX
ABLG,Abacus FCF International Leaders ETF,ETF,Cboe BZX
ABOT,Abacus FCF Innovation Leaders ETF,ETF,Cboe BZX
ABXB,Abacus Flexible Bond Leaders ETF,ETF,Cboe BZX
ACGR,American Century Large Cap Growth ETF,ETF,NYSE Arca
ACLC,American Century Large Cap Equity ETF,ETF,NYSE Arca
ACVU,Hartford Alpha Capture Value ETF,ETF,Cboe BZX
ASSX,T-REX 2X Long ASST Daily Target ETF,ETF,Cboe BZX
AT,Defiance Robotics Actuators ETF,ETF,Cboe BZX
AXTQ,Tradr 2X Short AXTI Daily ETF,ETF,Cboe BZX
BTCI,NEOS Bitcoin High Income ETF,ETF,Cboe BZX
BUIL,Rebuild America ETF,ETF,Cboe BZX
CBRX,Tradr 2X Long CBRS Daily ETF,ETF,Cboe BZX
CGFS,CG Flagship Equity ETF,ETF,Cboe BZX
COHX,Tradr 2X Long COHR Daily ETF,ETF,Cboe BZX
CSEP,Corgi U.S. Equities 15% Structured Buffer ETF - September Series,ETF,Cboe BZX
CTJL,Corgi U.S. Equities 30% Structured Buffer ETF - July Series,ETF,Cboe BZX
CTJN,Corgi U.S. Equities 30% Structured Buffer ETF - June Series,ETF,Cboe BZX
CTSE,Corgi U.S. Equities 30% Structured Buffer ETF - September Series,ETF,Cboe BZX
DDX,Defined Duration 10 ETF,ETF,Cboe BZX
DICE,Tema Trading & Prediction Markets ETF,ETF,Cboe BZX
DOJE,REX-Osprey DOGE ETF,ETF,Cboe BZX
DQSE,FT Vest Nasdaq-100 Dual Directional Buffer ETF - September,ETF,Cboe BZX
EMJN,Corgi Emerging Markets Equities 15% Structured Buffer ETF - June Series,ETF,Cboe BZX
EMSE,Corgi Emerging Markets Equities 15% Structured Buffer ETF - September Series,ETF,Cboe BZX
EUHY,iShares Euro High Yield Corporate Bond USD Hedged ETF,ETF,Cboe BZX
FFLC,Fidelity Fundamental Large Cap Core ETF,ETF,Cboe BZX
FFLG,Fidelity Fundamental Large Cap Growth ETF,ETF,Cboe BZX
FFSM,Fidelity Fundamental Small-Mid Cap ETF,ETF,Cboe BZX
FNGU,MicroSectors FANG+ 3X Leveraged ETNs,ETF,NYSE Arca
FTCA,Franklin California Municipal Income ETF,ETF,NYSE Arca
FTMH,Franklin Municipal High Yield ETF,ETF,NYSE Arca
FTMS,Franklin Short-Term Municipal Income ETF,ETF,NYSE Arca
FTMU,Franklin Municipal Income ETF,ETF,NYSE Arca
FTNY,Franklin New York Municipal Income ETF,ETF,NYSE Arca
FTPA,Franklin Pennsylvania Municipal Income ETF,ETF,NYSE Arca
GARA,Guinness Atkinson Real Assets Income ETF,ETF,NYSE Arca
GARP,iShares MSCI USA Quality GARP ETF,ETF,Cboe BZX
GOLY,Strategy Shares Gold Enhanced Yield ETF,ETF,Cboe BZX
GSWO,Goldman Sachs ActiveBeta World Equity ETF,ETF,Cboe BZX
GTOH,Invesco Short Duration High Yield ETF,ETF,Cboe BZX
GTOS,Invesco Short Duration Total Return Bond ETF,ETF,Cboe BZX
HF,DGA Core Plus Absolute Return ETF,ETF,NYSE
HFSI,Hartford Strategic Income ETF,ETF,Cboe BZX
HSBH,HSBC Holdings plc ADRhedged,ETF,NYSE Arca
HSEP,Corgi U.S. Equities 100% Structured Buffer ETF - September Series,ETF,Cboe BZX
IDSE,Corgi International Developed Equities 15% Structured Buffer ETF - September Series,ETF,Cboe BZX
INFH,Defiance Daily Target 2X Long INFQ ETF,ETF,Cboe BZX
IROC,Invesco Rochester High Yield Municipal ETF,ETF,Cboe BZX
JUDB,Aptus July Deep Buffer ETF,ETF,Cboe BZX
KATT,T-REX 2X Long PURR Daily Target ETF,ETF,Cboe BZX
LITC,Corgi LITE 2x Daily ETF,ETF,Cboe BZX
MAGC,Roundhill China Magnificent Seven ETF,ETF,Cboe BZX
MBCE,Monarch Blue Chips Elite Index ETF,ETF,Cboe BZX
MEGX,Corgi U.S. Mega-Cap Growth 2x Daily ETF,ETF,Cboe BZX
MLCC,Global X MLCC & Electronic Components ETF,ETF,Cboe BZX
MUG,Leverage Shares 2X Long MU Daily ETF,ETF,Cboe BZX
NVDW,Roundhill NVDA WeeklyPay ETF,ETF,Cboe BZX
PCPC,Porter & Company Property & Casualty Index ETF,ETF,Cboe BZX
PJSM,PGIM Jennison Small-Mid Cap Core Equity ETF,ETF,NYSE Arca
PSOX,Tema MLCC & PowerSemi ETF,ETF,Cboe BZX
PWRX,Westwood Salient Enhanced Power & Infrastructure ETF,ETF,Other
QQBF,FT Vest Nasdaq-100 Quarterly 15 Buffer ETF,ETF,Cboe BZX
QQJN,Corgi Growth & Technology 15% Structured Buffer ETF - June Series,ETF,Cboe BZX
QQSE,Corgi Growth & Technology 15% Structured Buffer ETF - September Series,ETF,Cboe BZX
QSE,Corgi Growth & Technology 10% Structured Buffer ETF - September Series,ETF,Cboe BZX
QUA,Corgi QBTS 2x Daily ETF,ETF,Cboe BZX
REGS,Columbia Large Cap Growth ETF,ETF,NYSE Arca
RNMN,RiverNorth Market Neutral ETF,ETF,Cboe BZX
SCSE,Corgi U.S. Small-Cap 15% Structured Buffer ETF - September Series,ETF,Cboe BZX
SECA,Main Active Rotation ETF,ETF,Cboe BZX
SEPC,Corgi U.S. Equities 10% Structured Buffer ETF - September Series,ETF,Cboe BZX
SHEH,Shell plc ADRhedged,ETF,NYSE Arca
SHYM,iShares Short Duration High Yield Muni Active ETF,ETF,Cboe BZX
SKHQ,Leverage Shares 2X Short Sk Hynix Daily ETF,ETF,Cboe BZX
SOFC,Corgi SOFI 2x Daily ETF,ETF,Cboe BZX
SOFR,Amplify Samsung SOFR ETF,ETF,NYSE Arca
SPCL,Defiance Pure Space Daily 2X Strategy ETF,ETF,Cboe BZX
SSK,REX-Osprey SOL + Staking ETF,ETF,Cboe BZX
TEMC,Corgi TEM 2x Daily ETF,ETF,Cboe BZX
TETH,21Shares Ethereum ETF,ETF,Cboe BZX
TOPW,Roundhill Top WeeklyPay ETF,ETF,Cboe BZX
TPAY,Roundhill S&P 500 Target 10 Managed Distribution ETF,ETF,Cboe BZX
TRPA,Hartford AAA CLO ETF,ETF,Cboe BZX
TRXS,Canary Staked TRX ETF,ETF,Cboe BZX
TSLW,Roundhill TSLA WeeklyPay ETF,ETF,Cboe BZX
UPSC,Corgi UPST 2x Daily ETF,ETF,Cboe BZX
UPSD,Aptus Large Cap Upside ETF,ETF,Cboe BZX
USGX,Corgi U.S. Growth 2x Daily ETF,ETF,Cboe BZX
USLX,Corgi U.S. Large-Cap 2x Daily ETF,ETF,Cboe BZX
USMX,Corgi U.S. Mid-Cap 2x Daily ETF,ETF,Cboe BZX
USSX,Corgi U.S. Small-Cap 2x Daily ETF,ETF,Cboe BZX
VEGX,International Vegan Climate ETF,ETF,Cboe BZX
VOXP,Vox Populi ETF,ETF,Cboe BZX
WDCC,Corgi WDC 2x Daily ETF,ETF,Cboe BZX
XLCD,MicroSectors -3x Short Communication Services (XLC) ETNs,ETF,Cboe BZX
XLCU,MicroSectors 3x Long Communication Services (XLC) ETNs,ETF,Cboe BZX
XLPD,MicroSectors -3x Short Consumer Staples (XLP) ETNs,ETF,Cboe BZX
XLPU,MicroSectors 3x Long Consumer Staples (XLP) ETNs,ETF,Cboe BZX
XOEX,Xtrackers S&P 100 Ex Top 20 ETF,ETF,Cboe BZX
XRPR,REX-Osprey XRP ETF,ETF,Cboe BZX
XVAD,FT Vest AMD & Target Income ETF,ETF,Cboe BZX
XVAZ,FT Vest AMZN & Target Income ETF,ETF,Cboe BZX
XVGL,FT Vest GOOG & Target Income ETF,ETF,Cboe BZX
XVMS,FT Vest MSFT & Target Income ETF,ETF,Cboe BZX
XVMT,FT Vest META & Target Income ETF,ETF,Cboe BZX
XVPT,FT Vest PLTR & Target Income ETF,ETF,Cboe BZX
ZVOL,Volatility Premium Plus ETF,ETF,Cboe BZX
